0.007656803,-0.012447922,0.777659535,-0.011479043,-0.012023343,-0.701082931,0.712885962,0.078391835,0.044697333,0.207297534,0.045574464,-0.058213029,-0.187471524,0.090345718,-0.044796526,-0.356685489,0.046498034,-0.103645541,0.184855863,-0.027060471,0.152119741,0.195878059,0.166346803,0.922129691,0.149017483,0.082805604,-0.198597133,-0.013451643,0.998718739,-0.120742381
0.007656796,-0.012447972,0.777659535,-0.011479043,-0.012023343,-0.701082931,0.712885962,0.078392044,0.044697598,0.207297459,0.045572806,-0.058212254,-0.187471628,0.090387277,-0.044779725,-0.356687665,0.046399146,-0.103599273,0.184855253,-0.027061239,0.153283373,0.196585491,0.168207109,0.921003640,0.149871364,0.084684283,-0.199516118,-0.014645496,0.996732354,-0.120952778
0.007656779,-0.012448054,0.777659655,-0.011478942,-0.012022855,-0.701082816,0.712886085,0.078397155,0.044697814,0.207296342,0.045559034,-0.058205593,-0.187471762,0.090847924,-0.044598494,-0.356711924,0.045314636,-0.103094488,0.184848994,-0.027063478,0.154374599,0.197287276,0.170010746,0.919953704,0.150697932,0.086501129,-0.200429976,-0.015813118,0.994812727,-0.121151514
0.007656740,-0.012448203,0.777660012,-0.011478942,-0.012022855,-0.701082816,0.712886085,0.078412086,0.044697933,0.207293123,0.045521036,-0.058187164,-0.187471986,0.092146717,-0.044088397,-0.356780380,0.042258885,-0.101672672,0.184831381,-0.027068656,0.155321002,0.197977751,0.171701103,0.919056118,0.151469797,0.088194311,-0.201333568,-0.016928278,0.993026614,-0.121326946
0.007656727,-0.012448272,0.777660131,-0.011480141,-0.012020538,-0.701079971,0.712888902,0.078424819,0.044696115,0.207292587,0.045490488,-0.058172494,-0.187471986,0.092526868,-0.043938931,-0.356800258,0.041363563,-0.101246476,0.184826463,-0.027070379,0.156294510,0.198654398,0.173283130,0.918136597,0.152149454,0.089701399,-0.202223033,-0.017981103,0.991439283,-0.121485315
0.007656728,-0.012448300,0.777660131,-0.011480141,-0.012020538,-0.701079971,0.712888902,0.078436457,0.044693336,0.207293421,0.045463666,-0.058159709,-0.187471896,0.092447683,-0.043969776,-0.356795847,0.041548453,-0.101318106,0.184827879,-0.027070373,0.157281548,0.199324131,0.174811020,0.917206109,0.152782992,0.091115430,-0.203105435,-0.019002760,0.989951372,-0.121635154
0.007656744,-0.012448275,0.777659893,-0.011479865,-0.012020378,-0.701080275,0.712888610,0.078420088,0.044695355,0.207294717,0.045501508,-0.058177851,-0.187471896,0.091811121,-0.044219315,-0.356762052,0.043044996,-0.102020159,0.184836134,-0.027068436,0.158108503,0.199978068,0.176194936,0.916454077,0.153329238,0.092388153,-0.203972504,-0.019944562,0.988630116,-0.121742010
0.007656756,-0.012448264,0.777659595,-0.011479057,-0.012021091,-0.701081537,0.712887370,0.078410231,0.044696376,0.207295746,0.045524821,-0.058189519,-0.187471896,0.091284305,-0.044425793,-0.356734067,0.044284131,-0.102569021,0.184842512,-0.027067058,0.158880234,0.200627312,0.177534178,0.915753245,0.153864145,0.093623653,-0.204834819,-0.020861305,0.987340629,-0.121837512
0.007656761,-0.012448275,0.777659535,-0.011479057,-0.012021091,-0.701081537,0.712887370,0.078413405,0.044695377,0.207296193,0.045519065,-0.058188226,-0.187471896,0.090977013,-0.044546131,-0.356717616,0.045008443,-0.102811515,0.184845164,-0.027066788,0.159541607,0.201267108,0.178784087,0.915154815,0.154376432,0.094784692,-0.205687642,-0.021727933,0.986114740,-0.121910326
0.007656760,-0.012448306,0.777659595,-0.011479086,-0.012021529,-0.701081954,0.712886952,0.078412414,0.044695646,0.207296073,0.045519866,-0.058188248,-0.187471911,0.091069393,-0.044509739,-0.356722713,0.044789687,-0.102747954,0.184844390,-0.027067278,0.160157382,0.201902717,0.179951370,0.914608419,0.154823899,0.095837325,-0.206537679,-0.022543600,0.985007524,-0.121956155
0.007656756,-0.012448346,0.777659655,-0.011479086,-0.012021529,-0.701081954,0.712886952,0.078409337,0.044696547,0.207295671,0.045523949,-0.058188926,-0.187471926,0.091361605,-0.044394974,-0.356738567,0.044099405,-0.102531366,0.184841916,-0.027068151,0.160750344,0.202536240,0.181077316,0.914088130,0.155238971,0.096835740,-0.207386330,-0.023333790,0.983959794,-0.121988505
0.007656758,-0.012448369,0.777659655,-0.011478702,-0.012020678,-0.701081604,0.712887317,0.078408584,0.044696629,0.207295552,0.045525067,-0.058188628,-0.187471926,0.091383889,-0.044386193,-0.356739581,0.044046156,-0.102492854,0.184841573,-0.027068365,0.161183879,0.203129143,0.182056606,0.913740575,0.155596673,0.097787298,-0.208183825,-0.024034513,0.982981861,-0.121978894
0.007656760,-0.012448389,0.777659655,-0.011478562,-0.012020532,-0.701081607,0.712887319,0.078408629,0.044696555,0.207295477,0.045524392,-0.058187958,-0.187471896,0.091401882,-0.044379093,-0.356740475,0.044003278,-0.102467045,0.184841305,-0.027068602,0.161616176,0.203724384,0.183012307,0.913390934,0.155936524,0.098714083,-0.208985507,-0.024721026,0.982023716,-0.121958055
0.007656761,-0.012448411,0.777659655,-0.011478562,-0.012020532,-0.701081607,0.712887319,0.078410290,0.044696175,0.207295522,0.045520116,-0.058186557,-0.187471867,0.091411263,-0.044375353,-0.356741160,0.043981142,-0.102466665,0.184841171,-0.027068876,0.162046045,0.204324305,0.183920860,0.913037062,0.156240717,0.099591300,-0.209795490,-0.025379116,0.981105208,-0.121914759
0.007656753,-0.012448453,0.777659774,-0.011478447,-0.012020393,-0.701081518,0.712887410,0.078417212,0.044695333,0.207294911,0.045504369,-0.058178131,-0.187471852,0.091644578,-0.044283785,-0.356753081,0.043435059,-0.102175906,0.184837431,-0.027069980,0.162186235,0.204666644,0.184404463,0.912941217,0.156418383,0.100081176,-0.210258156,-0.025732104,0.980596125,-0.121883020
0.007656740,-0.012448504,0.777659833,-0.011478447,-0.012020393,-0.701081518,0.712887410,0.078426763,0.044694260,0.207293987,0.045482881,-0.058166198,-0.187471852,0.091989860,-0.044148307,-0.356770664,0.042627010,-0.101739965,0.184831887,-0.027071502,0.162181601,0.204880148,0.184675589,0.912974417,0.156532824,0.100377396,-0.210547119,-0.025932541,0.980291724,-0.121857040
0.007461519,-0.012309061,0.777167439,-0.011479189,-0.012020124,-0.701080644,0.712888263,0.076493651,0.045148067,0.205440655,0.048429359,-0.057938725,-0.186079755,0.090245262,-0.044755813,-0.354168087,0.046100076,-0.106058821,0.183630869,-0.026672646,0.161809713,0.205060750,0.184710950,0.910818100,0.157491326,0.101252437,-0.210790262,-0.025890598,0.986974061,-0.121306539
0.007237649,-0.012051617,0.776350737,-0.011244679,-0.011694016,-0.701012836,0.712964102,0.072890252,0.046432525,0.203941852,0.054241173,-0.062480170,-0.184370354,0.086495183,-0.045418117,-0.349218547,0.052344229,-0.110700458,0.182315886,-0.026368424,0.162164718,0.205396652,0.185104713,0.903819263,0.154944927,0.103128873,-0.211229265,-0.025626622,0.987813473,-0.125584692
0.006956482,-0.011558170,0.774885654,-0.010857515,-0.011047603,-0.701661171,0.712342380,0.065946311,0.049378261,0.203152105,0.065783620,-0.076559395,-0.182026327,0.078734174,-0.046190016,-0.339575112,0.064130522,-0.115987673,0.180772990,-0.026253473,0.163973466,0.206043199,0.186215252,0.887135446,0.145388752,0.107008092,-0.212059975,-0.024918580,0.976967216,-0.139520079
0.006176214,-0.010775903,0.772604644,-0.010540445,-0.009946954,-0.701457281,0.712564130,0.050993092,0.054785132,0.201375246,0.091413453,-0.088338494,-0.179660350,0.067461587,-0.046631202,-0.333721399,0.082724139,-0.121954866,0.177726373,-0.026112461,0.166316703,0.206536978,0.185814217,0.866599679,0.143724531,0.112861142,-0.212790936,-0.022673674,0.967795134,-0.147667885
0.005146397,-0.009849229,0.769915700,-0.010258405,-0.008619172,-0.700826208,0.713206212,0.032035306,0.061422542,0.199104846,0.124086864,-0.098967485,-0.177283421,0.054433249,-0.046907023,-0.329762518,0.104721330,-0.128262043,0.173927933,-0.025958424,0.168927208,0.206954375,0.184657410,0.844138026,0.146006286,0.119701080,-0.213472024,-0.019660350,0.959460139,-0.152921841
0.003285286,-0.008501898,0.765792608,-0.009995992,-0.006221609,-0.698868470,0.715153293,-0.010147201,0.075472131,0.193772301,0.204520822,-0.139061227,-0.175514489,0.022885950,-0.049767464,-0.326722980,0.166916579,-0.165700182,0.169379979,-0.026544387,0.181654006,0.208262250,0.182338923,0.788779080,0.154334724,0.127522409,-0.215363920,-0.013172407,0.928317249,-0.152339205
0.001196079,-0.007086863,0.761440396,-0.009769464,-0.003537853,-0.696823521,0.717167360,-0.054891132,0.090558894,0.186404780,0.288658619,-0.179353639,-0.173541665,-0.011622720,-0.052658819,-0.324286520,0.234796047,-0.203991473,0.163441718,-0.027261760,0.197001398,0.209985673,0.182282895,0.731431425,0.161225632,0.126951844,-0.217818275,-0.009121223,0.896736264,-0.151665658
-0.001349318,-0.005536416,0.756630063,-0.009614802,-0.000281818,-0.694610481,0.719321733,-0.104757845,0.107719980,0.174967319,0.380203843,-0.220043272,-0.171160966,-0.052054092,-0.055611994,-0.323056221,0.314043820,-0.243988946,0.154722840,-0.028241958,0.217589885,0.212540269,0.186751768,0.670106709,0.165241420,0.109597452,-0.221397534,-0.009943581,0.864278972,-0.150810331
-0.003914758,-0.003864792,0.752263904,-0.009393887,0.003204397,-0.692127069,0.721707425,-0.148068890,0.122084975,0.160196573,0.453369677,-0.250313342,-0.168433607,-0.086254060,-0.055968735,-0.324051976,0.377339125,-0.278157979,0.147874594,-0.029303387,0.232776850,0.214789212,0.189599410,0.629873276,0.141568556,0.100305453,-0.224646837,-0.007114528,0.856789947,-0.127200246
-0.006490217,-0.002132582,0.748119771,-0.009139706,0.006805610,-0.689498165,0.724197783,-0.188102052,0.135051906,0.143759236,0.517345726,-0.275373608,-0.165532917,-0.117338277,-0.055027265,-0.326160759,0.432658166,-0.309412748,0.141961664,-0.030405428,0.245263010,0.216885328,0.191636428,0.600185633,0.104051448,0.095044643,-0.227731124,-0.002459780,0.861784935,-0.092212871
-0.008854511,-0.000724471,0.745758057,-0.008518785,0.010308906,-0.685937414,0.727537642,-0.216742098,0.142175183,0.123246402,0.553721249,-0.280461997,-0.160932660,-0.135256797,-0.051099233,-0.331192434,0.458610356,-0.325857639,0.136225194,-0.030785352,0.254050434,0.218817741,0.192811921,0.617286265,0.064976662,0.088153660,-0.230311304,0.005939896,0.885040045,-0.054260295
-0.011105235,0.000630670,0.744086325,-0.007714475,0.013862296,-0.681923237,0.731251682,-0.242195189,0.147791475,0.102905370,0.580849767,-0.278255790,-0.157862738,-0.149708524,-0.046509489,-0.336913645,0.475685298,-0.336434960,0.130925715,-0.030771937,0.261314809,0.220724091,0.193864852,0.640350282,0.025043866,0.076933801,-0.232829347,0.014817236,0.909746110,-0.020738453
-0.013128825,0.001879876,0.743794680,-0.006543605,0.017515921,-0.677017297,0.735729538,-0.261274368,0.150393799,0.082907833,0.589484215,-0.261460215,-0.157853544,-0.157226592,-0.040596291,-0.344013989,0.475005656,-0.335276991,0.126500219,-0.029971832,0.265533209,0.222578272,0.194672644,0.675341368,-0.016605152,0.057056062,-0.235223085,0.024649957,0.937354207,0.003921966
-0.015052432,0.003015535,0.744761527,-0.004605246,0.021563431,-0.671023256,0.741108359,-0.275373071,0.150196359,0.061164703,0.583617687,-0.231099248,-0.165878415,-0.159663498,-0.033794172,-0.353982061,0.461426705,-0.327129543,0.119980931,-0.028332384,0.266880691,0.224163711,0.193230480,0.712686896,-0.055273153,0.037790868,-0.237253964,0.037245568,0.966892242,0.023690164
-0.016926058,0.004094425,0.746357620,-0.002282912,0.025806382,-0.664442536,0.746890176,-0.286981642,0.148599058,0.038548715,0.570500672,-0.193955570,-0.177920327,-0.159559861,-0.026547575,-0.365384012,0.441398114,-0.315487355,0.112414747,-0.026273265,0.266792774,0.225614771,0.190663353,0.751209855,-0.092450783,0.018831883,-0.239103436,0.051222648,0.997395217,0.041012343
-0.018339707,0.004539987,0.749533892,0.000039522,0.029983730,-0.656027566,0.754141105,-0.306421131,0.146958649,0.007506167,0.564379334,-0.138849422,-0.210379958,-0.147473902,-0.015829593,-0.378844559,0.393364787,-0.292941093,0.105636716,-0.022770980,0.265378714,0.226780176,0.185192421,0.792100668,-0.118929327,-0.008461600,-0.240777433,0.066696212,1.016006827,0.046912134
-0.019565016,0.004807467,0.752952337,0.002173513,0.033957677,-0.647262307,0.761507490,-0.323720694,0.147034615,-0.019781595,0.553265512,-0.087212779,-0.237975731,-0.131966949,-0.003970074,-0.392469674,0.339638799,-0.266764641,0.099501118,-0.018700657,0.263222873,0.227737725,0.178335682,0.832520366,-0.143960714,-0.030057870,-0.242147028,0.084177315,1.030776024,0.049916439
-0.020413661,0.004718792,0.756855249,0.003930299,0.037528268,-0.637886633,0.769205320,-0.336740404,0.150543332,-0.039559897,0.532166898,-0.042514995,-0.255843878,-0.109618105,0.010172506,-0.406423837,0.274527580,-0.233327806,0.094650321,-0.013494264,0.259583473,0.228279546,0.168707311,0.871998250,-0.166097969,-0.040259853,-0.242907912,0.105673492,1.037861109,0.047129918
-0.020730512,0.004034751,0.760669887,0.004965387,0.040590075,-0.628161386,0.777007763,-0.344624996,0.160883099,-0.043066904,0.498001754,-0.017049577,-0.261799961,-0.087565124,0.023629451,-0.420256436,0.216454640,-0.207828850,0.090120740,-0.006464478,0.255982935,0.228380203,0.160725325,0.907331467,-0.184786826,-0.039730933,-0.243135259,0.122757539,1.027977705,0.026467208
-0.020781461,0.003053033,0.764440358,0.005639104,0.043393737,-0.618208446,0.784795197,-0.349941969,0.174638301,-0.038438223,0.457303673,-0.001200588,-0.261799961,-0.065660276,0.036743451,-0.434028089,0.161901399,-0.186299071,0.085751794,0.001476937,0.252401948,0.228260294,0.153566569,0.940591991,-0.201751307,-0.033836566,-0.243095800,0.137635380,1.009610057,-0.003133399
-0.020522868,0.001104479,0.767651320,0.004557011,0.045302017,-0.607651569,0.792897554,-0.356157690,0.195033342,-0.025476158,0.413323402,0.005992228,-0.261799961,-0.044319898,0.049772415,-0.447408885,0.120276526,-0.158255324,0.082528368,0.011195445,0.249425054,0.228207290,0.148882195,0.975124121,-0.237229079,-0.040809594,-0.243518651,0.153064311,0.964591682,-0.055492263
-0.019994540,-0.001054945,0.770357966,0.003087306,0.047059679,-0.596855262,0.800961704,-0.361087382,0.216473594,-0.014328511,0.366324842,0.014676712,-0.260177940,-0.024019506,0.062295422,-0.461662233,0.084460646,-0.140549570,0.080981165,0.021564838,0.246545136,0.228055000,0.144064158,1.006947160,-0.269739747,-0.042682722,-0.243817121,0.170022264,0.921381593,-0.098380335
-0.018926743,-0.003636107,0.772055745,0.000843460,0.048523527,-0.585686204,0.809083696,-0.363445163,0.240004212,-0.006809683,0.313289493,0.026344515,-0.255311847,-0.005799070,0.073806494,-0.477660656,0.060262725,-0.143519685,0.082786396,0.033235997,0.243859202,0.227704197,0.138978794,1.033351898,-0.296316206,-0.034356102,-0.243866816,0.190038234,0.881788194,-0.122326896
-0.016974809,-0.007070594,0.772554040,-0.002440372,0.048667435,-0.574893996,0.816775623,-0.362373531,0.262950629,-0.009432287,0.262056202,0.043647505,-0.242179275,0.011706283,0.082278423,-0.493740588,0.050114110,-0.145652920,0.085992426,0.045027688,0.243605748,0.227529526,0.136193573,1.063098669,-0.329156399,-0.042686567,-0.244440004,0.208675653,0.846999049,-0.152789533
-0.014580821,-0.010931714,0.772452354,-0.006243643,0.048147148,-0.564241641,0.824180951,-0.359587252,0.285604835,-0.017125508,0.211724237,0.063767932,-0.224913567,0.028853988,0.089230746,-0.509861112,0.046990111,-0.147367716,0.089898810,0.056879565,0.244568557,0.227442950,0.134558439,1.094516039,-0.365128309,-0.059345391,-0.245274931,0.226623684,0.814612150,-0.186509982
-0.010629649,-0.015190961,0.770523190,-0.010183586,0.046040849,-0.554795393,0.830649509,-0.353374541,0.304789960,-0.035995014,0.173860848,0.070962563,-0.214609563,0.048339214,0.092099935,-0.525143147,0.049367536,-0.158928916,0.099848263,0.067995280,0.249262810,0.227365971,0.133913159,1.113199472,-0.390462518,-0.081250072,-0.246452659,0.243638918,0.817034721,-0.189784527
-0.006061887,-0.019452663,0.767913043,-0.014181306,0.043299507,-0.545749251,0.836708909,-0.346807420,0.322193623,-0.056170456,0.142517805,0.077660777,-0.205864638,0.066976115,0.092075266,-0.539991021,0.057812862,-0.170729458,0.109460317,0.078765795,0.255642951,0.227325380,0.133511424,1.131042838,-0.411018193,-0.105998531,-0.247698903,0.259915709,0.819064498,-0.183859363
-0.000260819,-0.023719409,0.763940930,-0.018295867,0.039296037,-0.537596271,0.842087485,-0.339531451,0.336034805,-0.078958333,0.124214247,0.083366431,-0.200237617,0.083916955,0.086262941,-0.553970993,0.078394137,-0.183008999,0.118397839,0.088846281,0.265395135,0.227357537,0.133596748,1.147207141,-0.422017664,-0.136435270,-0.249082252,0.274716079,0.820308447,-0.159534931
0.006695174,-0.027932603,0.758351445,-0.021333190,0.034916625,-0.530209676,0.846878636,-0.328586519,0.343483686,-0.096580192,0.109679356,0.093459927,-0.213594049,0.096754529,0.072661042,-0.565770030,0.113435000,-0.200910509,0.128684655,0.097959250,0.278831005,0.227482349,0.134332463,1.155447245,-0.431793332,-0.178678066,-0.250800937,0.287337124,0.829237938,-0.142358571
0.014228632,-0.032119021,0.751953185,-0.023830906,0.030348193,-0.523186748,0.851344056,-0.315807015,0.347736478,-0.111619033,0.097028814,0.105747350,-0.236442253,0.107540466,0.055164341,-0.576478541,0.155705690,-0.221622989,0.139646128,0.106588468,0.294108719,0.227653489,0.135393366,1.159725428,-0.440957129,-0.226823896,-0.252687275,0.298868418,0.842010081,-0.128756270
0.022889543,-0.034779683,0.742206872,-0.024244469,0.025875142,-0.517879967,0.854718095,-0.331715137,0.336580932,-0.120482475,0.154209733,0.101878911,-0.251656890,0.078882553,0.004724914,-0.585408986,0.299273580,-0.286446273,0.155545354,0.115427241,0.329980791,0.228156298,0.139425337,1.136096716,-0.458821386,-0.327348709,-0.257271111,0.319694430,0.904627323,-0.121489927
0.031442031,-0.037037656,0.731556475,-0.024052125,0.021839973,-0.512439107,0.858108777,-0.371288598,0.319312036,-0.134097129,0.257391155,0.063429683,-0.261799961,0.048998468,-0.046649434,-0.590570807,0.442467749,-0.349306405,0.169158280,0.123270310,0.361412227,0.228587523,0.143208086,1.108490467,-0.473756254,-0.423335552,-0.262030780,0.340639234,0.956990480,-0.110333785
0.039777663,-0.038490247,0.719097733,-0.022649503,0.018682407,-0.506762546,0.861585567,-0.458192587,0.289816469,-0.157214165,0.452573180,-0.044180803,-0.261799961,0.016662065,-0.099893622,-0.588195324,0.584914386,-0.408240378,0.178198695,0.129121989,0.383962393,0.228875548,0.146492422,1.072929144,-0.482832313,-0.510246575,-0.267142117,0.361821651,0.988845646,-0.091398098
0.047558948,-0.039620537,0.705855727,-0.021077916,0.015808033,-0.503145515,0.863799987,-0.527323842,0.264290929,-0.172887564,0.613137960,-0.134398490,-0.261799961,-0.011005012,-0.147068575,-0.578912377,0.708692491,-0.458974719,0.189494208,0.135768667,0.409335434,0.229274929,0.150984108,1.044258952,-0.492702425,-0.610437512,-0.272910476,0.384410977,1.036871910,-0.084641002
0.055063035,-0.040589679,0.692222178,-0.019421948,0.013075376,-0.500559691,0.865385358,-0.587568641,0.240750432,-0.184839144,0.756393731,-0.215919584,-0.261799961,-0.036337368,-0.191208795,-0.566175878,0.823135972,-0.505609095,0.201917231,0.142812818,0.436119765,0.229730010,0.156079426,1.019034266,-0.502969444,-0.717267990,-0.279007375,0.407703668,1.092983365,-0.083973132
0.060934670,-0.041226842,0.679742575,-0.018004686,0.011275435,-0.501164502,0.865091231,-0.631380141,0.227220774,-0.187123731,0.862832665,-0.269100875,-0.261799961,-0.056423515,-0.224802181,-0.551909626,0.907998681,-0.545471907,0.211621135,0.150053754,0.452115446,0.230343059,0.162668198,1.007945538,-0.511034489,-0.822062731,-0.285608590,0.438007176,1.144293427,-0.088411570
0.066338763,-0.041748248,0.668411255,-0.016777097,0.010225699,-0.502811336,0.864172856,-0.670051515,0.217368856,-0.186973184,0.956884801,-0.314045459,-0.261799961,-0.076300561,-0.253754228,-0.536166966,0.981550872,-0.582506537,0.220816672,0.156594262,0.460689962,0.230910778,0.169192940,1.000151873,-0.516395867,-0.921435237,-0.292095661,0.468487024,1.184708714,-0.079752639
0.070807815,-0.042038150,0.659376502,-0.015928792,0.010676349,-0.506540182,0.862003093,-0.698443115,0.214872390,-0.181952402,1.026163936,-0.342517078,-0.261799961,-0.095759615,-0.273423821,-0.517471433,1.032482862,-0.613885283,0.228995502,0.161733940,0.454422235,0.231387764,0.175589681,0.998947859,-0.516350210,-1.009964108,-0.298354447,0.499319792,1.203334808,-0.044898778
0.074062854,-0.041945748,0.652882993,-0.014213636,0.011659241,-0.511785237,0.858916705,-0.719528377,0.215651482,-0.175319314,1.075108528,-0.363933861,-0.261799961,-0.117084019,-0.288102478,-0.495234191,1.072738647,-0.636772871,0.231099531,0.164351478,0.442931652,0.231964171,0.183728307,1.014097452,-0.514802992,-1.093321800,-0.304408133,0.532681644,1.238974929,-0.037728008
0.076710902,-0.041662183,0.647660196,-0.012064486,0.012907814,-0.517768419,0.855338355,-0.736960649,0.218068406,-0.167879954,1.113886237,-0.381823391,-0.261799961,-0.139341429,-0.300285757,-0.471225888,1.107656956,-0.655414999,0.230166122,0.165707946,0.428829253,0.232590258,0.192738056,1.037423968,-0.512505054,-1.174094558,-0.310359329,0.567308545,1.283122182,-0.044398718
0.076828651,-0.040531170,0.646073103,-0.009531422,0.015367371,-0.524386247,0.851288470,-0.745939374,0.224728733,-0.158084780,1.126063108,-0.389047801,-0.261799961,-0.163203776,-0.303561300,-0.450363755,1.122330070,-0.664187014,0.226051822,0.162073135,0.402415216,0.233096510,0.203348458,1.051363587,-0.518734217,-1.216312647,-0.315362424,0.598798215,1.270619392,-0.013578225
0.076350376,-0.039296970,0.645798385,-0.006919222,0.017795709,-0.530980440,0.847168938,-0.751492381,0.231873095,-0.148770735,1.129828572,-0.389541864,-0.261799961,-0.185362354,-0.304527700,-0.431327403,1.130618453,-0.668986440,0.220604032,0.157214716,0.374239862,0.233567297,0.214431912,1.063756108,-0.522375107,-1.250930667,-0.320153713,0.629288673,1.263564348,0.008609851
0.074680090,-0.037856389,0.648148417,-0.004149630,0.020162540,-0.537564290,0.842971463,-0.750194073,0.239985436,-0.140418947,1.116771579,-0.376575410,-0.261799961,-0.204113349,-0.300875843,-0.415942580,1.126137257,-0.665840626,0.212489307,0.149909079,0.342541933,0.233967170,0.226461440,1.073054194,-0.520839512,-1.270348668,-0.324521512,0.657780528,1.267404675,0.013533263
0.071845576,-0.036422640,0.652906537,-0.001962301,0.022230167,-0.543916891,0.838842288,-0.739673495,0.249826610,-0.130024835,1.085421205,-0.354091525,-0.261799961,-0.217311591,-0.291369379,-0.403335094,1.106562853,-0.654537082,0.203247085,0.140015244,0.313653708,0.234506965,0.239467353,1.081109881,-0.512537301,-1.271101952,-0.328430802,0.683080673,1.266537428,0.019499384
0.068428993,-0.034992330,0.658868551,-0.000066162,0.024147469,-0.550138443,0.834724259,-0.724541962,0.260532022,-0.118609704,1.044924736,-0.326849312,-0.261799961,-0.227733269,-0.278935730,-0.392116547,1.079441905,-0.639154792,0.193441287,0.128827482,0.286170751,0.235116675,0.252961248,1.088544011,-0.500851989,-1.262523055,-0.332110792,0.706784666,1.263316512,0.025986763
0.063731194,-0.033687349,0.668094158,0.000646060,0.025518170,-0.555495416,0.831127697,-0.697431386,0.272734046,-0.106659874,0.982905507,-0.294759214,-0.261799961,-0.225376382,-0.258846760,-0.388401866,1.030442476,-0.610800743,0.186419681,0.114280984,0.255138308,0.235550642,0.262603074,1.073736072,-0.465185046,-1.219500780,-0.334913015,0.719495416,1.262529016,0.073194019
0.058755871,-0.032449074,0.678136349,0.001070149,0.026546821,-0.560639654,0.827633554,-0.664770067,0.285140514,-0.093328565,0.911601543,-0.257448137,-0.261799961,-0.218799651,-0.237073600,-0.385138988,0.974840045,-0.577042341,0.179133952,0.099111930,0.226721808,0.236015618,0.270825118,1.059910536,-0.426518500,-1.173993349,-0.337524742,0.729665756,1.272804976,0.114065111
0.053225379,-0.031344164,0.689812064,0.000918028,0.026892696,-0.565386890,0.824386806,-0.621006608,0.297956228,-0.077233970,0.821726143,-0.209693998,-0.261799961,-0.203783348,-0.211931631,-0.382779449,0.906030416,-0.532474637,0.171319693,0.082697317,0.203536242,0.236542553,0.276207864,1.048049569,-0.381852001,-1.123515010,-0.339755565,0.734755576,1.305207729,0.142264903
0.047454078,-0.029976394,0.702041149,0.000351383,0.027350296,-0.570325707,0.820963108,-0.569662750,0.311066985,-0.057195127,0.718048036,-0.150694817,-0.261799961,-0.182388052,-0.183472559,-0.381551921,0.819423556,-0.481219918,0.167121723,0.066442087,0.179740414,0.236882448,0.275816888,1.033583403,-0.326565981,-1.046478987,-0.340998948,0.730991721,1.324669361,0.216979921
0.041562352,-0.028477192,0.714546978,-0.000422519,0.027863173,-0.575348221,0.817433722,-0.514528632,0.324325353,-0.035184149,0.607468367,-0.086073019,-0.261799961,-0.157803297,-0.153354913,-0.380890399,0.723918140,-0.426621616,0.164731830,0.050266497,0.155639395,0.237128824,0.272539139,1.017814398,-0.265970141,-0.956164181,-0.341748685,0.722801030,1.337660789,0.314952254
0.035988584,-0.026694782,0.726189137,-0.000787107,0.028046192,-0.580737681,0.813607115,-0.448823571,0.333999574,-0.007950493,0.475684702,0.001221634,-0.261799961,-0.125870377,-0.124072030,-0.379590541,0.616102695,-0.370919406,0.160222739,0.034515504,0.140097469,0.237628043,0.266480923,1.005588174,-0.219732672,-0.892064452,-0.342280447,0.708798885,1.384401560,0.364579588
0.030326571,-0.024809964,0.737210035,-0.001107558,0.028313897,-0.586345285,0.809565503,-0.382532358,0.341428906,0.022095885,0.344023526,0.083303615,-0.261799961,-0.092609711,-0.094554700,-0.376023471,0.505575120,-0.314159989,0.153651625,0.019198166,0.127072960,0.238266423,0.259567797,0.990020573,-0.173720226,-0.831932247,-0.342727333,0.692838192,1.433280945,0.419904053
0.024488131,-0.022720352,0.746988595,-0.001339740,0.028751932,-0.592409023,0.805123022,-0.315069616,0.344368458,0.057767361,0.212609112,0.154959172,-0.261799961,-0.056693949,-0.064568818,-0.367922068,0.389624476,-0.255286723,0.142956525,0.004748338,0.119083524,0.239183143,0.250944912,0.967770398,-0.128158480,-0.779735565,-0.343004405,0.672960401,1.486436963,0.486622125
0.019546140,-0.020378353,0.755083799,-0.000947838,0.029023898,-0.599072290,0.800168174,-0.267371297,0.338071913,0.094070390,0.130934924,0.171807915,-0.249469131,-0.022399005,-0.039247748,-0.356544614,0.277341902,-0.203105152,0.133099258,-0.008976993,0.114677675,0.239868358,0.243660241,0.936685920,-0.078183524,-0.739037752,-0.343104124,0.658641458,1.543112993,0.541337907
0.015052348,-0.017910160,0.762337506,-0.000243871,0.029211523,-0.606008360,0.794921691,-0.229554787,0.327157378,0.130689308,0.074129947,0.161253974,-0.230973020,0.011085653,-0.016258940,-0.343529105,0.166892976,-0.154269159,0.123660840,-0.022340128,0.112063549,0.240437850,0.237044603,0.901184261,-0.026001869,-0.704089165,-0.343115121,0.647101939,1.601549149,0.590052903
0.010721982,-0.015100735,0.767176986,0.000802289,0.029178077,-0.613675618,0.789018525,-0.210262880,0.304044068,0.149362117,0.086944662,0.124443755,-0.236714274,0.020742718,-0.005727838,-0.325668693,0.114914775,-0.125262454,0.110998958,-0.031459931,0.118463904,0.241396338,0.228856876,0.858274579,0.041082948,-0.670528710,-0.343187571,0.635600805,1.624332666,0.589324296
0.006528076,-0.012328454,0.771202743,0.001772335,0.029129063,-0.621258128,0.783062383,-0.194613636,0.278328359,0.162848696,0.114388630,0.084301472,-0.244793400,0.024160245,0.002431592,-0.308327228,0.079101637,-0.109295808,0.099366330,-0.040228859,0.127939716,0.242448181,0.219583765,0.806593657,0.114119053,-0.633071899,-0.343248785,0.624869466,1.635314703,0.576517940
0.002607040,-0.009630422,0.773600996,0.002590158,0.029051715,-0.628729650,0.777076777,-0.186249405,0.247407675,0.165963143,0.171091005,0.037494674,-0.257548302,0.015098942,0.005847856,-0.292023271,0.075617611,-0.119408667,0.089792028,-0.048296168,0.143566459,0.243686795,0.208139792,0.737369776,0.199058443,-0.587821901,-0.343287468,0.615677655,1.622694492,0.539556205
-0.000998579,-0.007043235,0.774599075,0.002770264,0.028849451,-0.636368106,0.770840884,-0.195149064,0.216914803,0.156633407,0.269016743,-0.020434648,-0.261799961,0.004674987,0.008873753,-0.277981192,0.078673705,-0.128947929,0.081473395,-0.054651968,0.162531346,0.245031834,0.194529772,0.664343715,0.269665837,-0.533960521,-0.343236744,0.608233094,1.578592658,0.490181297
-0.004446456,-0.004511495,0.774896979,0.002631355,0.028583217,-0.644056041,0.764439593,-0.212680608,0.186636135,0.141081661,0.387553245,-0.083924681,-0.261799961,-0.006430192,0.011704436,-0.265070200,0.084999830,-0.138200298,0.073782668,-0.060151961,0.183165118,0.246430084,0.179836869,0.589417160,0.333106548,-0.475794017,-0.343141317,0.601662099,1.518750548,0.434600234
-0.007234775,-0.002381818,0.772874475,0.001969391,0.028414613,-0.650649356,0.758843954,-0.217928275,0.157960624,0.130237862,0.460658848,-0.136576414,-0.261799961,-0.009567921,0.017094787,-0.258636177,0.080437899,-0.141154453,0.071951851,-0.066707358,0.207823008,0.248418510,0.167023093,0.522781014,0.374203801,-0.435388207,-0.343440950,0.597608447,1.453086615,0.383020878
-0.010031904,-0.000458057,0.769950330,0.001074060,0.028314232,-0.656582704,0.753721635,-0.220035374,0.133766532,0.122731686,0.517052770,-0.188888192,-0.241234004,-0.022191778,0.020388432,-0.252127379,0.099844731,-0.150986850,0.070468768,-0.073752560,0.236456275,0.251485527,0.153852433,0.458346397,0.409946173,-0.405944496,-0.344319373,0.592871606,1.392698050,0.336924434
-0.012846706,0.001053915,0.765223026,-0.000287782,0.028353109,-0.661259936,0.749620781,-0.215861410,0.118534692,0.121900536,0.540024757,-0.240521029,-0.179536134,-0.053787954,0.019488767,-0.245468974,0.167189002,-0.174575835,0.069681101,-0.081777513,0.273040771,0.256709844,0.139967754,0.398313284,0.434979647,-0.398424149,-0.346355438,0.586768150,1.342859030,0.301792800
-0.015982317,0.002577664,0.758211851,-0.001606128,0.028020551,-0.664478427,0.746780215,-0.215565503,0.111791193,0.117166504,0.554065347,-0.295512795,-0.117305256,-0.105361894,0.013598086,-0.239806861,0.282768935,-0.220638871,0.058431890,-0.090828717,0.305912018,0.262589395,0.132506609,0.356783390,0.468161523,-0.413087070,-0.349076450,0.581549287,1.305326462,0.276049107
-0.019278368,0.004107321,0.750058532,-0.002902724,0.027502357,-0.666969324,0.744571766,-0.217208549,0.109291688,0.110481001,0.563640416,-0.352184683,-0.054807093,-0.166925207,0.005211865,-0.234642789,0.422467798,-0.277939349,0.041951846,-0.100393154,0.336927116,0.268796623,0.128257111,0.324504435,0.505417883,-0.438841671,-0.352139980,0.576772511,1.273946285,0.254998982
-0.023542900,0.006492892,0.740034223,-0.002726974,0.028532293,-0.665341809,0.745988438,-0.263841957,0.118327528,0.090636581,0.652132630,-0.410040259,-0.048524797,-0.223805547,-0.000543267,-0.238162696,0.542948008,-0.343432933,0.024962056,-0.107583262,0.363617808,0.275716543,0.134173229,0.291290760,0.514475822,-0.483920217,-0.356221616,0.569294572,1.256609440,0.263664842
-0.027465839,0.008711698,0.731017649,-0.002400297,0.029586385,-0.663937184,0.747198969,-0.305748910,0.126455262,0.074620806,0.729332924,-0.457968980,-0.047294602,-0.273108572,-0.005287451,-0.241768211,0.644905329,-0.399074942,0.009433346,-0.113220453,0.385047257,0.282546520,0.142844245,0.262608647,0.507774949,-0.532590151,-0.360446930,0.560145140,1.238047957,0.280112028
-0.030705620,0.010596980,0.724016547,-0.001771822,0.030688967,-0.662983131,0.748002952,-0.338202864,0.132766768,0.066262126,0.783949435,-0.486044943,-0.056167401,-0.307257861,-0.008009867,-0.245544806,0.709818780,-0.435014755,-0.003173344,-0.115751997,0.395954847,0.289196670,0.157024622,0.242989346,0.469558448,-0.588442326,-0.364959598,0.547652900,1.217037320,0.312120855
-0.033676881,0.011808980,0.720784783,-0.000914924,0.031116710,-0.664726420,0.746438008,-0.352262020,0.140107572,0.070587821,0.809090853,-0.496997297,-0.064044200,-0.325554848,-0.006817477,-0.244464427,0.741562366,-0.450429946,-0.011630911,-0.115247145,0.393109143,0.295283258,0.178280726,0.246260583,0.397926182,-0.652143717,-0.369461179,0.532752514,1.215791583,0.344786942
-0.036513891,0.012684334,0.719437838,0.000056201,0.031206590,-0.667809039,0.743678178,-0.357123584,0.147963077,0.081255861,0.819494605,-0.499387801,-0.071423002,-0.335925549,-0.003667637,-0.240955546,0.756720603,-0.455582649,-0.018013896,-0.113224059,0.383386731,0.301088065,0.203074843,0.260977328,0.309585482,-0.719770014,-0.373957306,0.516647935,1.224428654,0.377781779
-0.039828155,0.012781420,0.722460628,0.000325006,0.030561729,-0.673594965,0.738468482,-0.339796066,0.157867268,0.101896569,0.791932702,-0.484276175,-0.079613686,-0.326945186,0.006096834,-0.234563127,0.727877498,-0.437840104,-0.016510062,-0.112512261,0.362464666,0.305428624,0.230750024,0.324633539,0.174586251,-0.727590680,-0.377428204,0.497044265,1.222156763,0.438138723
-0.042937148,0.012875530,0.726440668,0.000630477,0.030194597,-0.679435533,0.733113392,-0.319139659,0.166497916,0.123054758,0.756031036,-0.463725209,-0.086488590,-0.313562810,0.016627649,-0.228478372,0.688489020,-0.413921267,-0.013568462,-0.112879343,0.345450759,0.309641600,0.260284334,0.399748862,0.045344777,-0.734600544,-0.380923390,0.475722492,1.231412649,0.482355893
-0.045635454,0.012963688,0.732334912,0.001009264,0.030384692,-0.685423052,0.727510132,-0.291826665,0.172581181,0.145246953,0.703451753,-0.432296813,-0.090731710,-0.291377187,0.028690645,-0.223009244,0.628012300,-0.377651095,-0.007751539,-0.115404099,0.336253643,0.313599169,0.293535471,0.497778565,-0.072375745,-0.739988446,-0.384466976,0.450965673,1.263723254,0.494292468
-0.047936969,0.013098769,0.739096403,0.002151373,0.031844680,-0.690581231,0.722550242,-0.261779845,0.175708219,0.166687027,0.635873556,-0.397889853,-0.093627974,-0.273390859,0.038289636,-0.217885584,0.570812702,-0.328369021,0.003114768,-0.120670043,0.316881329,0.316126347,0.314866126,0.599802136,-0.184047535,-0.675059378,-0.385874510,0.428247452,1.301963568,0.522884190
-0.050040081,0.013257312,0.746291637,0.003675077,0.033938959,-0.695310899,0.717897900,-0.230365992,0.177357122,0.187751085,0.560795546,-0.361993492,-0.095850796,-0.257504165,0.046656627,-0.212934628,0.515251577,-0.272580683,0.016505858,-0.127306640,0.292421252,0.317938298,0.330236554,0.703823149,-0.292695254,-0.574970961,-0.386213988,0.406548440,1.343168736,0.559803784
-0.051903829,0.013588332,0.754002333,0.006044666,0.036914503,-0.699189085,0.713957566,-0.194190547,0.173571676,0.207295373,0.466090679,-0.307478786,-0.097088717,-0.244923219,0.046985976,-0.212655604,0.464779437,-0.218836188,0.037836093,-0.134652391,0.269834220,0.318821937,0.336020827,0.799278080,-0.350248516,-0.485399634,-0.385634899,0.383668989,1.334177017,0.535979390
-0.053832509,0.013958870,0.761267066,0.008664498,0.039763386,-0.703092321,0.709933086,-0.156581908,0.168081388,0.227101579,0.367357939,-0.250262588,-0.098827414,-0.233900055,0.042690773,-0.216194764,0.420605451,-0.171669751,0.057547979,-0.142417639,0.247949630,0.319365203,0.337706387,0.888102412,-0.393940181,-0.392363459,-0.384750366,0.362685233,1.325110435,0.495768517
-0.055891018,0.014408439,0.767639637,0.011784891,0.042360295,-0.707074886,0.705770378,-0.116107613,0.159181535,0.247431204,0.260571301,-0.187644511,-0.101567641,-0.225992694,0.029146560,-0.227370203,0.389028668,-0.137660280,0.074022800,-0.151021719,0.227470249,0.319227636,0.331194431,0.963664114,-0.409907818,-0.292399317,-0.383255005,0.345493257,1.315894604,0.422785699
-0.058060423,0.014742339,0.772527516,0.015066499,0.044246605,-0.711516413,0.701113138,-0.089723662,0.152041793,0.264855325,0.188126937,-0.139671534,-0.105643339,-0.222473860,0.005752737,-0.238404393,0.373194337,-0.119302928,0.082833558,-0.158389628,0.216193557,0.318719804,0.321063161,0.995860040,-0.369683444,-0.202950478,-0.381620109,0.337743372,1.310747385,0.309928447
-0.060285252,0.015018401,0.776673138,0.018428105,0.045776096,-0.716163774,0.696185609,-0.070385136,0.145782158,0.280826479,0.132854372,-0.099021524,-0.110386737,-0.221149340,-0.022565667,-0.249367878,0.365231425,-0.108771786,0.087812193,-0.165139392,0.209518299,0.318026870,0.309122324,1.006372929,-0.301363498,-0.118760139,-0.379915416,0.334714592,1.307634473,0.177135035
-0.062600538,0.014990301,0.778733015,0.021897148,0.045896924,-0.721480419,0.690564980,-0.049069371,0.137439311,0.300661236,0.082237877,-0.069512956,-0.116298221,-0.222578228,-0.061529614,-0.247710854,0.361073226,-0.104621664,0.092574164,-0.171434581,0.215535969,0.317184091,0.290409386,0.962150872,-0.187120676,-0.035251662,-0.378180087,0.335846245,1.288098335,0.051184490
-0.065154590,0.014788909,0.780110955,0.025176557,0.045592218,-0.726962493,0.684699222,-0.036538079,0.131851554,0.319938898,0.055421889,-0.055055395,-0.122840799,-0.222950846,-0.101654552,-0.240913495,0.350815684,-0.097012490,0.099125788,-0.177447975,0.228191614,0.316157341,0.267548054,0.898804009,-0.063593864,0.063550234,-0.376103044,0.339433432,1.259817243,-0.070954390
-0.068186224,0.014240929,0.780125201,0.028077890,0.044439399,-0.732820838,0.678388083,-0.041575335,0.131773889,0.338102698,0.076205954,-0.070699289,-0.130645663,-0.221210986,-0.144102201,-0.223835394,0.328359246,-0.082485154,0.109256819,-0.182897851,0.254123330,0.314762712,0.236389533,0.797206759,0.078503072,0.192940563,-0.373342574,0.347931623,1.214045763,-0.185472339
-0.072012290,0.013170835,0.779041469,0.029943770,0.042307720,-0.738736756,0.671998090,-0.036641650,0.132200807,0.356317222,0.083225004,-0.079089209,-0.140616149,-0.214011610,-0.185299143,-0.200295925,0.290573418,-0.062014554,0.119327255,-0.186557606,0.285360873,0.314019889,0.206885368,0.685135245,0.173947081,0.280977875,-0.371322721,0.355011821,1.176570892,-0.240145609
-0.076235630,0.011839664,0.777408719,0.031290593,0.039684846,-0.744649396,0.665539848,-0.026722446,0.132880017,0.374557436,0.083361745,-0.083852328,-0.151669636,-0.204082340,-0.225871518,-0.173525333,0.245122209,-0.038571961,0.129367590,-0.189322382,0.319251865,0.313602984,0.178207830,0.567824543,0.246066675,0.348340571,-0.369673133,0.361383140,1.143243432,-0.264897853
-0.081765093,0.010048585,0.773796797,0.030656270,0.036791946,-0.749334847,0.660457291,-0.010041289,0.135242909,0.388089746,0.076973021,-0.080492437,-0.162129417,-0.192673594,-0.260543138,-0.141099259,0.199881703,-0.003979960,0.135711342,-0.191418529,0.345570356,0.314134479,0.153218582,0.462288857,0.302592218,0.394678622,-0.368478298,0.367028683,1.135821104,-0.283701241
-0.087734342,0.008192947,0.769337118,0.029501100,0.034096080,-0.753361506,0.656059131,-0.005307312,0.145124108,0.398030728,0.099764049,-0.095138401,-0.174662322,-0.182591483,-0.291509569,-0.108264193,0.162597835,0.027556792,0.149806425,-0.193720520,0.368675500,0.315435410,0.124226391,0.364699900,0.355186403,0.439093351,-0.367292047,0.373370945,1.130791306,-0.295392722
-0.094583273,0.006208158,0.763181984,0.027306605,0.031797141,-0.756127965,0.653080234,-0.024467379,0.170042023,0.400789261,0.180914462,-0.145796016,-0.191341624,-0.175162435,-0.315066397,-0.074610531,0.141226307,0.052983712,0.179404318,-0.196434230,0.385354370,0.318275154,0.087227792,0.283002436,0.399918854,0.479662299,-0.366123080,0.381106675,1.130546689,-0.292860806
-0.102083564,0.004651417,0.754745126,0.023886477,0.030619205,-0.757749730,0.651388707,-0.062353030,0.208321407,0.391350865,0.304013819,-0.212568074,-0.208827078,-0.170142025,-0.325183034,-0.049989730,0.139226213,0.065886557,0.218281865,-0.198609799,0.379437029,0.322250128,0.059494786,0.230127811,0.448287129,0.499133110,-0.365653753,0.387288928,1.149811983,-0.287778437
-0.109909624,0.003308677,0.745167255,0.019853380,0.030001560,-0.758794005,0.650336381,-0.109601803,0.253281921,0.375814080,0.448088914,-0.287398070,-0.226715788,-0.166325882,-0.328579813,-0.029884974,0.146911651,0.072527632,0.261799663,-0.200516343,0.362221658,0.326792777,0.036394142,0.191663712,0.498473912,0.508055210,-0.365534157,0.392694533,1.178832173,-0.281420767
-0.118310891,0.003683398,0.733179033,0.015827849,0.031674245,-0.759520441,0.649518992,-0.162374437,0.303051949,0.350061327,0.591407239,-0.346801698,-0.243576467,-0.236682236,-0.311918408,-0.017987903,0.305950940,-0.043191664,0.261799961,-0.201126635,0.330376923,0.331613034,0.013181057,0.148268431,0.495578706,0.577388406,-0.364388824,0.411409438,1.125463486,-0.325183809
-0.126461983,0.004203989,0.721023500,0.011939428,0.033635588,-0.760282889,0.648610843,-0.213063598,0.352174789,0.322360218,0.727092862,-0.398033559,-0.256213486,-0.309200615,-0.296274334,-0.006047474,0.469361484,-0.144953460,0.261799961,-0.200876012,0.294716299,0.336508214,-0.010168528,0.106432639,0.487416893,0.638219714,-0.363330662,0.431189984,1.083938599,-0.364291340
-0.134112835,0.005016311,0.708533049,0.008325577,0.036174815,-0.761132056,0.647533830,-0.259586304,0.400003672,0.290762216,0.847514749,-0.432922512,-0.260403335,-0.386043131,-0.282665074,0.005979936,0.641514897,-0.218799591,0.261799961,-0.198903576,0.251423448,0.341553330,-0.033791423,0.067715377,0.468722224,0.682047009,-0.362446785,0.453102052,1.066102624,-0.394087493
-0.140924677,0.005062946,0.696360469,0.003742512,0.037979333,-0.761994202,0.646458352,-0.293040514,0.442383051,0.261895716,0.943674684,-0.457779437,-0.261799961,-0.439548731,-0.270935625,0.010710526,0.773824394,-0.274996459,0.261799961,-0.195487976,0.189761251,0.347003073,-0.049993739,0.069908015,0.463504672,0.684579909,-0.362382054,0.469767779,1.106037140,-0.400757968
-0.147316948,0.004726719,0.684346855,-0.001325151,0.039415778,-0.762849416,0.645372302,-0.319959909,0.482037157,0.234395355,1.027702332,-0.477620095,-0.261799961,-0.481384873,-0.260146260,0.011792467,0.886209846,-0.322367877,0.261799961,-0.191350818,0.118914604,0.352655113,-0.062485572,0.092556275,0.465025544,0.666464984,-0.362726957,0.483810127,1.174857020,-0.395865381
-0.151270166,0.004018860,0.674618721,-0.005741122,0.039659119,-0.762217748,0.646079173,-0.337547421,0.507324219,0.215494812,1.086320043,-0.500203907,-0.261799961,-0.501674950,-0.257381141,0.005508971,0.954305172,-0.359108567,0.261799961,-0.188783735,0.058587302,0.357831776,-0.077282473,0.117617503,0.434968650,0.658297062,-0.362912297,0.498914808,1.194326758,-0.405745596
-0.154524028,0.003377136,0.665835500,-0.009614863,0.039944436,-0.761164367,0.647256365,-0.355927348,0.528831244,0.195235759,1.140130520,-0.517997205,-0.261799961,-0.517928839,-0.256145269,-0.002328465,1.012379169,-0.392540932,0.261799961,-0.185830325,0.001442475,0.362683445,-0.093444578,0.143301323,0.397277802,0.653000355,-0.362974584,0.515581191,1.200633645,-0.415870339
-0.156379148,0.002867676,0.658942103,-0.012404253,0.040314632,-0.759285242,0.649389549,-0.375892133,0.542778313,0.172259778,1.184326887,-0.526210010,-0.261799961,-0.526110768,-0.257967889,-0.013273662,1.050411463,-0.419357032,0.261799961,-0.182104260,-0.049337633,0.366885185,-0.112337008,0.170230269,0.344319582,0.653445721,-0.362790644,0.535370827,1.180615783,-0.426483989
-0.156893253,0.002591027,0.654675424,-0.014374166,0.041222413,-0.756655242,0.652354919,-0.394045770,0.552147388,0.153518215,1.219142437,-0.526441932,-0.261799961,-0.528500915,-0.262230992,-0.025739616,1.073470831,-0.434314907,0.261799961,-0.179317161,-0.097987697,0.370684803,-0.130760998,0.225672305,0.293561339,0.608009934,-0.363061309,0.549203277,1.190717936,-0.392162502
-0.156736851,0.002430781,0.651722074,-0.015934111,0.042398361,-0.753638539,0.655726647,-0.411293834,0.559227586,0.136893839,1.249267697,-0.522683501,-0.261799961,-0.527995229,-0.267714292,-0.038965933,1.089043736,-0.443343788,0.261799961,-0.176999539,-0.145572752,0.374283344,-0.148950785,0.295370609,0.243903100,0.539633989,-0.363559246,0.560057044,1.215879917,-0.335373878
-0.154992670,0.002783857,0.652853727,-0.016670763,0.043661535,-0.749600166,0.660238856,-0.425132751,0.559753656,0.128786817,1.258202791,-0.507063627,-0.261799961,-0.517865896,-0.273801327,-0.055811219,1.075349450,-0.442181885,0.261799961,-0.175156295,-0.154247195,0.375604212,-0.178480864,0.322407335,0.104909718,0.532221258,-0.363121569,0.577900112,1.196460843,-0.325675726
-0.152613148,0.003108528,0.655278742,-0.017523890,0.044761879,-0.745321167,0.664970409,-0.435069680,0.557399869,0.123163916,1.259922266,-0.490835100,-0.261799961,-0.503115654,-0.280385882,-0.073626198,1.054681897,-0.434575528,0.261799961,-0.173605040,-0.163721651,0.376633048,-0.206472307,0.374334097,-0.021076856,0.491247892,-0.362865180,0.590483546,1.187592626,-0.278090209
-0.148962900,0.003376390,0.660290837,-0.018610455,0.045537856,-0.740584091,0.670160547,-0.437202394,0.549286067,0.122509345,1.247210026,-0.473388851,-0.261799961,-0.479123235,-0.287965596,-0.093380854,1.020066977,-0.414079905,0.261799961,-0.172637746,-0.174796298,0.377077788,-0.231386721,0.476043016,-0.121050589,0.383150637,-0.362971365,0.592547357,1.199826837,-0.154726833
-0.144190162,0.003453136,0.667425632,-0.019171961,0.045635834,-0.735618235,0.675585390,-0.428753734,0.534844339,0.131003246,1.212253332,-0.462125421,-0.261799961,-0.446939200,-0.296135485,-0.114769064,0.966758370,-0.385010600,0.261799961,-0.173167467,-0.156976789,0.376266420,-0.262711346,0.546652138,-0.205083728,0.319986463,-0.362510562,0.592809021,1.196064830,-0.041192248
-0.138856262,0.003434329,0.675621748,-0.019470347,0.045393444,-0.730515944,0.681107037,-0.415014654,0.517238975,0.144071117,1.166175246,-0.453953296,-0.261799961,-0.410659701,-0.304600328,-0.136973888,0.904103637,-0.351654828,0.261799961,-0.174445674,-0.124710970,0.374827027,-0.297240704,0.601711571,-0.281146437,0.279288292,-0.361766309,0.592169642,1.184305072,0.067427464
-0.132004037,0.002681809,0.686533093,-0.019135705,0.043792795,-0.725820711,0.686221766,-0.383791119,0.489552319,0.167377278,1.086791039,-0.444776297,-0.261799961,-0.365071058,-0.313178748,-0.161712348,0.822652757,-0.297543287,0.261799961,-0.176905543,-0.113221571,0.373192191,-0.313589931,0.743412018,-0.357535034,0.135845751,-0.361867547,0.572060347,1.188881755,0.214306667
-0.125015795,0.002063819,0.697600842,-0.018226518,0.041983923,-0.721767874,0.690620214,-0.349583030,0.459634364,0.191272274,1.002524972,-0.434293360,-0.261799961,-0.319844335,-0.320816159,-0.184739381,0.739920974,-0.243986160,0.261799961,-0.178515851,-0.097992472,0.371282488,-0.329639494,0.858586133,-0.419723868,0.052056666,-0.361320585,0.555930197,1.171008587,0.322780192
-0.117755651,0.001714908,0.708981276,-0.016169631,0.039761710,-0.719049100,0.693632425,-0.309406906,0.425254583,0.216344297,0.908497632,-0.421198636,-0.261799961,-0.275342196,-0.326571435,-0.204343379,0.654628992,-0.191539094,0.261799961,-0.178427055,-0.075283863,0.368823051,-0.345090032,0.920705557,-0.453513205,0.087574288,-0.359477282,0.547758698,1.108236909,0.354442358
-0.110652611,0.001208451,0.720631957,-0.013753049,0.037869335,-0.717805881,0.695076603,-0.268783301,0.390784472,0.238834098,0.813180804,-0.390870482,-0.255178541,-0.235674411,-0.328318506,-0.221038386,0.570336938,-0.135899663,0.261799961,-0.173624188,-0.087101020,0.366693854,-0.340102673,1.036850095,-0.584781468,0.013026919,-0.359056264,0.527448952,1.093419075,0.386408865
-0.103628106,0.000623222,0.732417881,-0.011156648,0.036141898,-0.717300359,0.695736651,-0.227935985,0.356269151,0.260032803,0.717219234,-0.351925790,-0.245246485,-0.198423713,-0.328061432,-0.236278906,0.486544967,-0.078664117,0.261799961,-0.166464373,-0.116180733,0.364729822,-0.324896574,1.180006742,-0.764788210,-0.116551898,-0.359346390,0.501070082,1.102577567,0.418527573
-0.097376049,0.000118675,0.743450403,-0.007350753,0.034952079,-0.717979854,0.695146926,-0.185831353,0.320859611,0.277760386,0.615455806,-0.300504476,-0.227112114,-0.174840808,-0.322684646,-0.256021321,0.423600703,-0.046721280,0.230430961,-0.154671371,-0.143565699,0.363515317,-0.302511990,1.236906648,-0.814897537,-0.164034784,-0.359271675,0.479916841,1.092698097,0.406670213
-0.091572091,-0.000318554,0.753758132,-0.003703530,0.034019326,-0.718443953,0.694742582,-0.144024491,0.286557734,0.292485535,0.512462616,-0.248989537,-0.210747272,-0.154005855,-0.313758194,-0.277133644,0.371520430,-0.024517465,0.201149434,-0.142225802,-0.165534139,0.362679064,-0.279905528,1.281048298,-0.835088730,-0.217574820,-0.359555572,0.458369523,1.086330891,0.388505697
-0.086664125,-0.000621165,0.762616515,-0.000373737,0.033601375,-0.718491838,0.694723173,-0.102812022,0.254470140,0.301206648,0.407007575,-0.197286010,-0.197920829,-0.138666004,-0.297732383,-0.300986290,0.341165751,-0.021790141,0.176041916,-0.128474832,-0.176670641,0.362599254,-0.256854802,1.299676061,-0.795447052,-0.283229887,-0.360556543,0.436033517,1.086987853,0.357727081
-0.082665063,-0.000759942,0.769674301,0.002110636,0.033213899,-0.717088223,0.696187377,-0.065461315,0.226232201,0.300147712,0.308072597,-0.142277300,-0.185655445,-0.128051579,-0.275796503,-0.323916912,0.336645365,-0.028873339,0.164259434,-0.116052300,-0.174943611,0.363473058,-0.236317575,1.305236816,-0.724363208,-0.330563009,-0.362108767,0.417227209,1.085138202,0.313790232
-0.079120450,-0.000816802,0.775831878,0.004172277,0.032841397,-0.714953258,0.698388054,-0.030041469,0.199919000,0.294198811,0.212397665,-0.085616000,-0.173670560,-0.119799808,-0.250905633,-0.346386552,0.345041841,-0.040861707,0.159139320,-0.104293957,-0.166784957,0.364823729,-0.217037097,1.304263949,-0.637558758,-0.368735343,-0.363936603,0.400185704,1.082035303,0.263274372
-0.076129556,-0.000833309,0.779575050,0.004927932,0.032884892,-0.710022026,0.703393930,-0.018596750,0.187891632,0.273131609,0.168433398,-0.057346351,-0.167929322,-0.114147365,-0.217704535,-0.363952905,0.373741627,-0.061609700,0.163428813,-0.095497593,-0.148110211,0.365682364,-0.209645480,1.273558378,-0.544044256,-0.359046757,-0.364854395,0.394602805,1.049757719,0.224666491
-0.073299810,-0.000970634,0.782544851,0.005299757,0.032854486,-0.704335276,0.709086958,-0.009227667,0.177695006,0.249331951,0.130599171,-0.033792671,-0.163094759,-0.108297706,-0.182810709,-0.379892677,0.402621299,-0.084845476,0.167884022,-0.087698698,-0.130491436,0.366716087,-0.202195585,1.242598295,-0.454337001,-0.350543916,-0.365912080,0.389243662,1.020675898,0.180430219
-0.070792355,-0.001349600,0.783967733,0.004903954,0.032676775,-0.697148925,0.716164476,-0.004009941,0.171159983,0.220067248,0.105025239,-0.019671103,-0.160073608,-0.102053583,-0.144531354,-0.392579228,0.431860685,-0.113056898,0.172670603,-0.081894718,-0.114984721,0.368099958,-0.194629133,1.211129189,-0.372244418,-0.344412684,-0.367249340,0.384332091,0.997985542,0.124936916
-0.068693802,-0.001578784,0.783899307,0.003778608,0.031920629,-0.688878931,0.724163389,-0.013465994,0.168791950,0.186012685,0.114381820,-0.025553115,-0.157908365,-0.094768792,-0.105537176,-0.401378453,0.451919854,-0.135995105,0.173545644,-0.078200743,-0.113634005,0.370666265,-0.184799939,1.206082702,-0.299157947,-0.361985505,-0.369527102,0.378769875,1.005108356,0.043973144
-0.066799730,-0.001733072,0.783085227,0.002288193,0.030872322,-0.680003553,0.732555003,-0.030259138,0.168507487,0.149563357,0.141204268,-0.041437298,-0.156171128,-0.086963758,-0.066185914,-0.408233762,0.467388541,-0.156296402,0.172464564,-0.075561821,-0.119361535,0.373823911,-0.173839256,1.214247346,-0.230575457,-0.391410559,-0.372275084,0.372882307,1.027138472,-0.049724981
-0.065227084,-0.001677894,0.779789329,0.000751747,0.029035502,-0.671558167,0.740382336,-0.049105957,0.167004526,0.115111977,0.177260786,-0.065344907,-0.153408378,-0.082668237,-0.035334088,-0.408140749,0.470699966,-0.170973212,0.152073294,-0.073899426,-0.125920504,0.380685627,-0.151040167,1.186970592,-0.186487824,-0.419452488,-0.378032207,0.366927624,1.068964720,-0.082156964
-0.063857488,-0.001334514,0.775488436,-0.000542461,0.027033516,-0.663776672,0.747441920,-0.075678632,0.165278003,0.082072333,0.230874449,-0.101753615,-0.150335595,-0.081398070,-0.010835210,-0.407848358,0.475975454,-0.188078940,0.123395875,-0.072386473,-0.126509562,0.387635767,-0.126814112,1.146460772,-0.150897205,-0.438147724,-0.383881748,0.361676455,1.103847742,-0.105015822
-0.062893957,-0.000414753,0.769177437,-0.001351956,0.024706566,-0.657443385,0.753097572,-0.117702432,0.163104415,0.051856086,0.319601089,-0.163163558,-0.146642789,-0.086178392,0.000958250,-0.407157272,0.485178828,-0.210042298,0.078146771,-0.071172364,-0.115159228,0.394762814,-0.099734195,1.079486251,-0.132300019,-0.438150048,-0.389916003,0.357832313,1.124844551,-0.108729176
-0.062005371,0.000884730,0.761114955,-0.001673039,0.022038423,-0.653648130,0.756475797,-0.162858263,0.158547044,0.027242724,0.419473171,-0.223248094,-0.142358184,-0.096693777,-0.000333660,-0.403551638,0.510415792,-0.255365878,0.040182933,-0.067898162,-0.096665740,0.402075261,-0.070270151,1.017131209,-0.116132334,-0.456022143,-0.396568656,0.353204846,1.159193873,-0.099507563
-0.061154250,0.002374072,0.752176583,-0.001749924,0.019199985,-0.651128547,0.758722553,-0.209580079,0.152797803,0.005430741,0.524917841,-0.282669991,-0.137777716,-0.110076636,-0.008168131,-0.398488700,0.543669343,-0.312369376,0.005861660,-0.063593939,-0.074600756,0.409480363,-0.039614070,0.957086086,-0.101179376,-0.482828885,-0.403530508,0.348185748,1.200219274,-0.083818585
-0.060267732,0.004672027,0.742120862,-0.000736172,0.017354661,-0.651636865,0.758332163,-0.250745118,0.146337822,-0.003680008,0.611913323,-0.339033335,-0.134666324,-0.135318875,-0.022048619,-0.386546791,0.595253825,-0.390332878,-0.006091995,-0.060261156,-0.036941111,0.417620182,-0.004208197,0.908399582,-0.078782745,-0.546382308,-0.411881387,0.344023943,1.247295380,-0.075005956
-0.059309117,0.007102556,0.732984543,0.000500082,0.015833059,-0.652618818,0.757520787,-0.288466215,0.140014902,-0.010796932,0.690699816,-0.387941241,-0.131117970,-0.163336679,-0.036551543,-0.375182807,0.652691662,-0.456006616,-0.013330163,-0.057907447,0.005882681,0.425387472,0.030920716,0.860140800,-0.067868978,-0.603966594,-0.420081586,0.342019618,1.292357206,-0.051944841
-0.058206338,0.009798135,0.725687385,0.002181275,0.014958987,-0.654548870,0.755868539,-0.319298327,0.133966357,-0.013926010,0.753065646,-0.421936601,-0.126695871,-0.196904391,-0.052298769,-0.364974916,0.721833587,-0.497098893,-0.011137264,-0.057511929,0.059032939,0.432409525,0.065494381,0.812739253,-0.079920903,-0.649610400,-0.427980065,0.344330251,1.333388567,-0.000388163
-0.057075165,0.011845082,0.721178293,0.002793062,0.013570751,-0.655826876,0.754784169,-0.337928176,0.127199337,-0.019594304,0.793763936,-0.440777838,-0.119822189,-0.216417372,-0.063024908,-0.357710034,0.763237119,-0.518303692,-0.005450261,-0.059188668,0.116774768,0.438896596,0.099331483,0.789821982,-0.102860481,-0.691783547,-0.435729682,0.347430617,1.377080798,0.055497859
-0.055929802,0.013567720,0.718063116,0.002870152,0.011925442,-0.656778757,0.753983561,-0.350457102,0.120073058,-0.026532188,0.823628604,-0.452042192,-0.111722738,-0.228903085,-0.071240544,-0.351916581,0.790771663,-0.529564977,0.001983761,-0.061901517,0.176812336,0.445116192,0.132800296,0.779146671,-0.131243795,-0.732221305,-0.443404853,0.350925893,1.422103286,0.113548510
-0.054573618,0.014469849,0.717982769,0.002248124,0.010699779,-0.655682920,0.754957197,-0.353415668,0.112472259,-0.037344605,0.834859908,-0.449307561,-0.102878094,-0.225769609,-0.075420849,-0.354261398,0.791625261,-0.529147387,0.009770418,-0.065888263,0.228827015,0.450147718,0.162555024,0.777585745,-0.177525952,-0.752753735,-0.450258553,0.353542715,1.465597630,0.191164851
-0.053197924,0.015317964,0.718704462,0.001766250,0.009675818,-0.654220397,0.756239995,-0.354373097,0.104813755,-0.047896065,0.838971317,-0.442304194,-0.095076293,-0.219966084,-0.078527980,-0.357952535,0.784284651,-0.525389314,0.017773358,-0.069576710,0.278382540,0.454666853,0.189487725,0.778807163,-0.222601950,-0.763133109,-0.456639916,0.354796052,1.505496025,0.271378368
-0.051783174,0.016058059,0.721030593,0.001564691,0.009055280,-0.652024815,0.758141936,-0.351328194,0.097039752,-0.057925753,0.828842402,-0.426763117,-0.089360096,-0.208822191,-0.079488769,-0.364336312,0.760555029,-0.514950156,0.026208980,-0.072668597,0.323020130,0.458161235,0.210776553,0.785593152,-0.265266120,-0.753206134,-0.462076664,0.353322238,1.538202763,0.356787354
-0.049807996,0.016469739,0.724704981,0.002364324,0.008853174,-0.649617205,0.760206234,-0.345493317,0.088068016,-0.066512860,0.809504032,-0.405249774,-0.085077226,-0.194779873,-0.080473453,-0.371491194,0.726468861,-0.497602403,0.035107456,-0.074454017,0.357756138,0.460107028,0.221723497,0.796771765,-0.307542861,-0.701082170,-0.465569854,0.348174214,1.563070059,0.444307297
-0.047552601,0.016717220,0.729053557,0.003664520,0.008860210,-0.647098635,0.762346000,-0.338263541,0.078497387,-0.074378759,0.785560966,-0.380750299,-0.081510969,-0.179288238,-0.081470110,-0.379031599,0.687204421,-0.476800382,0.044237405,-0.075586230,0.387541711,0.461278498,0.227499753,0.810146570,-0.349626154,-0.627860069,-0.468091309,0.341189086,1.584017873,0.532883227
-0.044658665,0.017175689,0.734730124,0.006140160,0.009537640,-0.645150388,0.763971406,-0.332312107,0.067766070,-0.079091266,0.758438826,-0.344223320,-0.078442551,-0.162459016,-0.082083941,-0.385633767,0.635301828,-0.444997549,0.053229615,-0.073368087,0.408620894,0.460683495,0.220988959,0.817128778,-0.374292970,-0.537489057,-0.468130022,0.326900303,1.571846962,0.595456362
-0.041686635,0.017699558,0.740485191,0.008906493,0.010504144,-0.643036119,0.765712013,-0.328494847,0.057329651,-0.088389233,0.732171059,-0.303804487,-0.080306634,-0.145212635,-0.082297921,-0.392555028,0.580967784,-0.410990238,0.061224051,-0.069588944,0.426790893,0.460143387,0.214618355,0.823261201,-0.390729457,-0.467839599,-0.468164772,0.311184883,1.555070758,0.649720430
-0.038558580,0.018354196,0.746396720,0.012254026,0.012048759,-0.640593542,0.767687814,-0.328945935,0.047483526,-0.106857404,0.707613349,-0.255604416,-0.092035308,-0.127132818,-0.081712216,-0.400114059,0.521773756,-0.372575819,0.067222610,-0.062688090,0.439141750,0.459713101,0.208528370,0.827693820,-0.390704960,-0.439635634,-0.468191594,0.292616934,1.529085398,0.687364340
-0.035305001,0.018777102,0.752074122,0.015203235,0.013926814,-0.638105691,0.769672679,-0.329901814,0.045435809,-0.125654206,0.681588709,-0.213224918,-0.111982360,-0.105622217,-0.077864565,-0.407591701,0.453602970,-0.331534207,0.074663997,-0.054386292,0.454987228,0.458236575,0.194298834,0.820451617,-0.389416993,-0.368375778,-0.466309369,0.277973205,1.485599279,0.687834024
-0.031988740,0.019084126,0.757634342,0.017953006,0.015971378,-0.635588565,0.771653925,-0.331110090,0.047287468,-0.144614875,0.654831231,-0.173756912,-0.136038214,-0.082396723,-0.072385997,-0.415028453,0.380945355,-0.289179981,0.082826622,-0.045384210,0.472579628,0.456236899,0.175999746,0.807372093,-0.387497336,-0.275589108,-0.463472664,0.265292048,1.433363676,0.669716120
-0.028875591,0.019238612,0.762165904,0.019298398,0.018480931,-0.632677235,0.773954484,-0.335313618,0.064619564,-0.157004818,0.633349657,-0.149807960,-0.150456339,-0.055173196,-0.061342768,-0.423309922,0.302226454,-0.243850678,0.088946603,-0.033796288,0.485971570,0.453624487,0.153998211,0.792048097,-0.386809587,-0.173302084,-0.459514588,0.262256980,1.322130680,0.623295248
-0.025833977,0.019275511,0.766288221,0.020174394,0.021083441,-0.629380507,0.776549199,-0.341152698,0.085894853,-0.169176027,0.615515351,-0.131525129,-0.160509199,-0.028181218,-0.049345888,-0.432293326,0.226460099,-0.200193152,0.095503688,-0.021786219,0.493570238,0.451040983,0.133607641,0.782836676,-0.388384640,-0.083616659,-0.455765545,0.261237234,1.212305307,0.578063250
-0.022935245,0.019077240,0.769592524,0.020111903,0.023872192,-0.625321357,0.779742798,-0.350263238,0.115057752,-0.180910528,0.604974508,-0.124573171,-0.161832228,-0.001650621,-0.035440974,-0.442681134,0.156593964,-0.159876287,0.102935374,-0.008931092,0.489583105,0.448515117,0.116437644,0.785849690,-0.394485325,-0.019128418,-0.452434480,0.264248043,1.105288863,0.535206020
-0.019571001,0.018503621,0.771844149,0.018964918,0.026254945,-0.620682051,0.783393133,-0.358917147,0.147251129,-0.197771221,0.597536087,-0.117684409,-0.163537323,0.018586062,-0.024948733,-0.453983486,0.110262230,-0.135454446,0.111107782,0.004052246,0.486420035,0.446414888,0.103278548,0.779143631,-0.407295942,0.047518183,-0.449603230,0.271501601,1.004084706,0.503306091
-0.015974104,0.017742345,0.773569405,0.017275217,0.028433848,-0.615735781,0.787249980,-0.367342442,0.180958703,-0.217194483,0.591649234,-0.110827461,-0.165433377,0.035675127,-0.016163168,-0.465742826,0.075699270,-0.118980967,0.119650275,0.017099276,0.483669043,0.444527566,0.092125326,0.767578185,-0.423461139,0.115241848,-0.447022021,0.280876309,0.905790031,0.476885855
-0.011502054,0.016383363,0.773947120,0.014460034,0.029126942,-0.610660603,0.791224467,-0.370590270,0.212658316,-0.239777356,0.585688949,-0.106501035,-0.165189832,0.044007108,-0.015196756,-0.477985561,0.077095270,-0.122916281,0.129932061,0.030311430,0.463952541,0.442875087,0.087331012,0.796514332,-0.450509310,0.124679208,-0.445800573,0.286024451,0.854749024,0.432384789
-0.006581596,0.014727021,0.774004161,0.011313181,0.029445739,-0.605564187,0.795171035,-0.372554332,0.243157357,-0.262064964,0.580845237,-0.101633482,-0.162738085,0.055124946,-0.014237359,-0.489365846,0.075924844,-0.125175670,0.141119063,0.043515764,0.442851961,0.441347539,0.084296465,0.832936347,-0.469236374,0.120327234,-0.444948077,0.289984345,0.812100172,0.376151860
-0.000764438,0.012476010,0.773419738,0.007503917,0.029017309,-0.600453601,0.799097716,-0.371951103,0.271255046,-0.283761561,0.578234553,-0.095683709,-0.155870110,0.071814410,-0.013291805,-0.499021083,0.069620803,-0.124082744,0.154116243,0.056704290,0.418983966,0.440070003,0.084781259,0.884328187,-0.471321195,0.088398971,-0.444833308,0.291567922,0.786234379,0.296457231
0.006146342,0.009929185,0.771928608,0.003668415,0.027594838,-0.595042420,0.803212043,-0.369170904,0.294623405,-0.306867629,0.576677144,-0.084433980,-0.145453408,0.089852750,-0.015536558,-0.508867085,0.067667216,-0.125609487,0.169025689,0.069077238,0.395484388,0.438935220,0.087076485,0.917868257,-0.477416575,0.054468323,-0.445145786,0.293244064,0.779206991,0.217599183
0.013603685,0.007234540,0.769984186,-0.000180107,0.025674432,-0.589459152,0.807390054,-0.365302384,0.315626442,-0.330677658,0.575646281,-0.070534751,-0.133262753,0.108564921,-0.019376311,-0.518808126,0.067888819,-0.128445968,0.184890732,0.081042044,0.372169703,0.437871844,0.090276808,0.942481756,-0.485516936,0.019537609,-0.445671827,0.294966459,0.781598508,0.139161915
0.022746783,0.004551830,0.765835404,-0.003258346,0.023082004,-0.582633393,0.812400722,-0.358331203,0.328405976,-0.355115712,0.572896481,-0.058199905,-0.134055346,0.123450056,-0.031658471,-0.527426422,0.085398808,-0.140691862,0.204019576,0.090482220,0.354818881,0.436993271,0.093887471,0.940320194,-0.467687696,-0.016264521,-0.446733057,0.296602935,0.776684046,0.076169722
0.032218862,0.002212273,0.760605872,-0.005649948,0.020317716,-0.575173632,0.817759477,-0.350858718,0.336565703,-0.379165977,0.567024529,-0.045409638,-0.149691015,0.129964486,-0.051374014,-0.537166059,0.125415742,-0.162586048,0.223318353,0.098407917,0.340682954,0.436125249,0.099499479,0.941678822,-0.443678647,-0.071834609,-0.448945463,0.298588753,0.789171815,0.003419332
0.042348400,0.000559118,0.753215134,-0.006668145,0.017211675,-0.566484655,0.823865541,-0.342384040,0.335485697,-0.402439684,0.554908574,-0.031709213,-0.195011079,0.119737692,-0.085954860,-0.549147725,0.210443109,-0.203775048,0.242955983,0.103304327,0.332977504,0.435278386,0.109113783,0.950077653,-0.407311678,-0.166936517,-0.453460038,0.301273227,0.836462200,-0.088843130
0.052647546,0.000133019,0.742967486,-0.005866743,0.014732787,-0.556817648,0.830483373,-0.341881096,0.326245844,-0.402160168,0.551042855,-0.056809440,-0.230791062,0.082252927,-0.142354220,-0.554842591,0.365174711,-0.268892050,0.254421264,0.106218874,0.335001826,0.434841305,0.116809048,0.932874084,-0.360197216,-0.252064705,-0.459082931,0.306177646,0.863879859,-0.152136132
0.063031249,0.000320477,0.731291473,-0.004155051,0.012566381,-0.546612126,0.837281318,-0.345364213,0.312926143,-0.390103698,0.551302493,-0.101309970,-0.261799961,0.031139690,-0.209661752,-0.557393909,0.554755569,-0.345971793,0.261799961,0.108142368,0.341891199,0.434609175,0.123544574,0.902869403,-0.307710052,-0.332203686,-0.465259850,0.312191963,0.881360054,-0.200942338
0.072694339,0.002685833,0.716028690,-0.000192758,0.011134757,-0.535452903,0.844491663,-0.395580351,0.279052198,-0.372096986,0.634749472,-0.201001570,-0.261799961,-0.019477841,-0.278535724,-0.544009924,0.735270083,-0.390670478,0.261799961,0.108091936,0.351158321,0.434934139,0.128053293,0.857143700,-0.261460602,-0.419400394,-0.473435819,0.322153449,0.904302537,-0.244750917
0.081661098,0.005067915,0.700701594,0.003708632,0.009809759,-0.524896429,0.851101494,-0.449738622,0.245336249,-0.358930290,0.728646994,-0.287863255,-0.261799961,-0.065229930,-0.341986567,-0.527823865,0.900250256,-0.426890135,0.261799961,0.107553758,0.360589743,0.435507536,0.132882833,0.816903591,-0.215538412,-0.515241146,-0.482220888,0.334732682,0.934047103,-0.289441317
0.089235887,0.007483630,0.685244858,0.007487904,0.008700730,-0.515672404,0.856708935,-0.511785209,0.211933702,-0.355442554,0.843452692,-0.349071741,-0.261799961,-0.101254627,-0.394595981,-0.506032407,1.034174442,-0.446154535,0.261799961,0.106040053,0.370350480,0.436577857,0.138354406,0.787631512,-0.170267224,-0.628377318,-0.492224991,0.352548301,0.977397978,-0.335898787
0.095501199,0.008662174,0.671745598,0.009610742,0.007524171,-0.509530547,0.860365993,-0.559720993,0.187689453,-0.353964925,0.943217635,-0.399091363,-0.261799961,-0.124970466,-0.431758225,-0.483078599,1.132967949,-0.463042498,0.261799961,0.107674189,0.373620152,0.437830150,0.142876893,0.759380937,-0.124921508,-0.744567454,-0.502626896,0.375994056,1.028503537,-0.348242104
0.101111658,0.009222142,0.659225345,0.010905396,0.006314077,-0.504939131,0.863062964,-0.600600600,0.168024674,-0.353492349,1.035460114,-0.443515599,-0.261799961,-0.142531663,-0.461196482,-0.459544241,1.214194536,-0.478741825,0.261799961,0.110882103,0.373644441,0.439173341,0.146924764,0.731641710,-0.079539664,-0.862281561,-0.513227403,0.402254075,1.083484888,-0.343529075
0.105539560,0.008672451,0.651365519,0.009814151,0.004488897,-0.505687491,0.862649230,-0.616158724,0.161492676,-0.350109875,1.089611650,-0.472179532,-0.261799961,-0.145455047,-0.474447608,-0.443738014,1.248285770,-0.497294843,0.261799961,0.116129279,0.364804596,0.440726995,0.153032556,0.744740725,-0.051906008,-0.975124002,-0.523539186,0.438036978,1.142746925,-0.341986060
0.109496593,0.007915867,0.645033777,0.008390334,0.002855983,-0.507728948,0.861471277,-0.625949562,0.158628404,-0.345465362,1.135116339,-0.497516990,-0.261799961,-0.147492379,-0.483469516,-0.427570760,1.272577286,-0.514268696,0.261799961,0.121087439,0.352862388,0.442185551,0.158918232,0.760375738,-0.030351276,-1.071139097,-0.533320189,0.475462288,1.200894713,-0.329006910
0.112511680,0.006745548,0.641758561,0.006301375,0.001607656,-0.512349086,0.858752655,-0.624205589,0.163099468,-0.338297129,1.163325787,-0.516200542,-0.261799961,-0.147757575,-0.484032720,-0.410682350,1.277268887,-0.528083205,0.261799961,0.125467360,0.334716141,0.443453908,0.164359376,0.781081676,-0.020955106,-1.133495927,-0.542038858,0.516170382,1.256811142,-0.293156981
0.114635661,0.005533748,0.641402602,0.004426673,0.000611130,-0.518986916,0.854770502,-0.613885045,0.171647891,-0.328562230,1.173991680,-0.526321173,-0.261799961,-0.148047388,-0.481411040,-0.395591944,1.270178080,-0.534677505,0.261799961,0.127632350,0.308899015,0.444347739,0.168981642,0.813934326,-0.027554482,-1.162217975,-0.549586594,0.554327011,1.310714722,-0.247579306
0.116314016,0.004301236,0.642506421,0.002658933,-0.000259480,-0.526603102,0.850107073,-0.599276245,0.182234824,-0.317544252,1.175885320,-0.532159984,-0.261799961,-0.148349509,-0.477196932,-0.381400973,1.257196188,-0.537661433,0.261799961,0.128689781,0.279246897,0.445054352,0.173194319,0.852859616,-0.042151719,-1.174121380,-0.556548655,0.591206849,1.363610268,-0.197138757
0.116959818,0.003374462,0.647405028,0.002373495,-0.001490550,-0.537172127,0.843467991,-0.573773026,0.195298091,-0.294006079,1.151034594,-0.523204327,-0.261799961,-0.152215749,-0.469832718,-0.364239991,1.232025862,-0.524887025,0.261799961,0.124383390,0.252485752,0.445024848,0.176980227,0.915756702,-0.084726252,-1.153955936,-0.561737537,0.622700930,1.387946129,-0.182960153
0.117301583,0.002590294,0.653376937,0.002235383,-0.002636128,-0.548429795,0.836189461,-0.544868886,0.209160462,-0.268174171,1.118933082,-0.511954904,-0.261799961,-0.155775547,-0.461490184,-0.347845525,1.201120138,-0.509403348,0.261799961,0.117904961,0.226202220,0.444679260,0.179704592,0.975357473,-0.128478557,-1.114959359,-0.566254854,0.649302065,1.401212931,-0.154163942
0.117035329,0.002091282,0.661495566,0.002392189,-0.003610707,-0.561120100,0.827723066,-0.509161294,0.224621922,-0.237753212,1.072328091,-0.496117204,-0.261799961,-0.158722669,-0.451190501,-0.332983077,1.158742309,-0.488500118,0.261799961,0.107082084,0.200872198,0.443701476,0.180306047,1.028369188,-0.174589127,-1.038298845,-0.569429100,0.666118979,1.392342806,-0.096131057
0.115880758,0.001548953,0.671147406,0.003027460,-0.004809354,-0.574231841,0.818673010,-0.466493785,0.239796102,-0.203640684,1.013270974,-0.469115287,-0.261799961,-0.158392549,-0.439930737,-0.320462853,1.108395219,-0.460517824,0.261799961,0.091640808,0.179921567,0.442180991,0.179602683,1.083883286,-0.223268718,-0.955606043,-0.571750045,0.674583018,1.376889825,-0.052858129
0.114282064,0.000984984,0.681565523,0.003901432,-0.006119159,-0.587469101,0.809214057,-0.420347571,0.254826188,-0.167683452,0.947989643,-0.436532050,-0.261799961,-0.156423807,-0.428191245,-0.309114218,1.054064989,-0.428996891,0.261799961,0.073890798,0.161161333,0.440389156,0.178246930,1.140646935,-0.273231298,-0.869899750,-0.573644221,0.678870320,1.358146071,-0.016966600
0.111507021,0.000315754,0.693610787,0.004781332,-0.006872917,-0.601317994,0.798965939,-0.365750909,0.267964453,-0.128351837,0.864560187,-0.388454944,-0.261799961,-0.149129704,-0.412370145,-0.303755313,0.986071587,-0.392038524,0.261799961,0.049469836,0.150500268,0.437712967,0.172828913,1.168282747,-0.311416239,-0.760452032,-0.573971748,0.672487020,1.314399719,0.035721481
0.108413324,-0.000434585,0.705728650,0.005655163,-0.007420566,-0.615308322,0.788231326,-0.308136463,0.280133605,-0.088763155,0.775012434,-0.337196708,-0.261799961,-0.139874533,-0.394952357,-0.298243165,0.912799597,-0.353833497,0.261799961,0.023664251,0.145512015,0.434852034,0.165703252,1.182563782,-0.339931160,-0.643913150,-0.573717594,0.663862407,1.265491366,0.086942345
0.104682446,-0.001347128,0.717991650,0.006517842,-0.007557701,-0.629738766,0.776742870,-0.244487554,0.290364474,-0.048660919,0.673230171,-0.279577553,-0.261799961,-0.126697615,-0.374341726,-0.292424530,0.828971922,-0.313135892,0.261799961,-0.004909991,0.151868790,0.431621790,0.155162662,1.170136690,-0.349106610,-0.513194025,-0.572299957,0.650755644,1.206260443,0.135227829
0.100282833,-0.002142724,0.729555130,0.007778854,-0.006887207,-0.644828477,0.764256692,-0.178629875,0.297473818,-0.008583539,0.563739896,-0.208321750,-0.261799961,-0.113064691,-0.351812899,-0.284656107,0.738494396,-0.264658689,0.261799961,-0.033277784,0.169423133,0.428657621,0.143665478,1.139161706,-0.347460508,-0.419897735,-0.570503831,0.634008288,1.172526121,0.170464665
0.095549017,-0.002879824,0.740768433,0.009236990,-0.005811484,-0.660097870,0.751100330,-0.111669973,0.303022236,0.031480137,0.450399339,-0.130250245,-0.261799961,-0.099204205,-0.328325838,-0.275913149,0.644694984,-0.212293491,0.261799961,-0.061541457,0.192575395,0.425826550,0.131690383,1.098914146,-0.340403944,-0.345314771,-0.568518519,0.615441322,1.151540637,0.199176401
0.089916609,-0.003051155,0.750186205,0.012097142,-0.002752478,-0.675405349,0.737342321,-0.054360650,0.305698574,0.064171061,0.349316418,-0.043622237,-0.261799961,-0.082698435,-0.302736759,-0.267178178,0.538706779,-0.169285610,0.261799961,-0.087405637,0.221017629,0.423238933,0.115550995,1.016765833,-0.321189284,-0.210873127,-0.564801037,0.600893617,1.089845777,0.234040409
0.084211044,-0.002967417,0.758669615,0.015097234,0.000591555,-0.689846333,0.723798149,-0.005755818,0.308378965,0.093298450,0.261772633,0.033724379,-0.261799961,-0.063766159,-0.276660234,-0.257649958,0.427914679,-0.125885651,0.261799961,-0.112201862,0.248348475,0.420833528,0.098566905,0.936529219,-0.299569458,-0.070789136,-0.560773909,0.588342667,1.023431540,0.268270224
0.078359477,-0.002373566,0.765284002,0.018381922,0.004502828,-0.702883062,0.711053606,0.025438104,0.311067373,0.115297519,0.201310784,0.092504866,-0.261799961,-0.039981969,-0.249610171,-0.246535659,0.307520866,-0.081703767,0.261799961,-0.134860992,0.273455262,0.418792635,0.079894349,0.860120475,-0.273140579,0.080572069,-0.556127787,0.579785705,0.947582364,0.301229924
0.072741732,-0.001384004,0.769214392,0.021587891,0.008508614,-0.714343777,0.699410133,0.042633310,0.311860830,0.137535065,0.161354333,0.108446136,-0.256374717,-0.023034856,-0.226353914,-0.231060877,0.207383618,-0.049827229,0.261799961,-0.156798914,0.284553885,0.417961508,0.069569238,0.814460874,-0.231892779,0.165740296,-0.553102672,0.574239850,0.913632870,0.321585953
0.067241050,-0.000196605,0.771802664,0.024751717,0.012560028,-0.724942756,0.688249663,0.052828494,0.311706722,0.159891292,0.131651938,0.102966733,-0.248236895,-0.009506826,-0.204995215,-0.213406160,0.117377482,-0.024104381,0.261799961,-0.178375646,0.288647979,0.417735308,0.063418239,0.784177721,-0.183236346,0.217808813,-0.550888121,0.570199609,0.900634885,0.335639387
0.062289886,0.001683877,0.771754622,0.027696905,0.015998847,-0.734068966,0.678321216,0.052059218,0.305565119,0.178247601,0.111479856,0.072273612,-0.238837987,-0.029294899,-0.194716781,-0.189700320,0.109097414,-0.026141834,0.253867149,-0.197183788,0.287227988,0.418095380,0.058803663,0.760982871,-0.132682920,0.279938430,-0.548763096,0.569619179,0.879009664,0.321679115
0.057572562,0.003674082,0.770873845,0.030626298,0.019274839,-0.742737328,0.668604346,0.048222352,0.296937823,0.193806142,0.097045161,0.042890657,-0.233735174,-0.054193020,-0.185855255,-0.165885583,0.114211708,-0.037337892,0.247303471,-0.214858323,0.283965439,0.418625057,0.054641742,0.738721967,-0.084989369,0.340770960,-0.546700716,0.569666147,0.857421458,0.305322051
0.053322628,0.005883854,0.768327534,0.033530124,0.022228481,-0.750656849,0.659466391,0.038250126,0.283338785,0.203770205,0.094084188,0.016126115,-0.237224147,-0.089312680,-0.179826945,-0.141851500,0.146114692,-0.066851638,0.243477583,-0.230266735,0.277017653,0.419494122,0.051384859,0.718327522,-0.043012436,0.399013162,-0.544763446,0.570967972,0.835905612,0.284170449
0.049216509,0.008315353,0.764200807,0.035656734,0.024505799,-0.757758895,0.651098702,0.010911284,0.270484746,0.206730157,0.136545002,-0.016391110,-0.237684026,-0.137690172,-0.174791545,-0.116820335,0.213561386,-0.104149729,0.237545699,-0.242605656,0.248064250,0.421968579,0.052135736,0.714784324,-0.003696737,0.437559187,-0.542317033,0.567917049,0.832597017,0.278957397
0.045182507,0.010857591,0.759284258,0.037392980,0.026443645,-0.764419839,0.643090047,-0.025109367,0.258003801,0.206187949,0.201714292,-0.051782992,-0.236629337,-0.192694038,-0.170252845,-0.091291904,0.298776269,-0.145338058,0.230561152,-0.253409237,0.208109632,0.425245643,0.054890420,0.719666958,0.034286361,0.466255277,-0.539616048,0.562689960,0.838391960,0.281713724
0.041531872,0.013162477,0.751880884,0.038219726,0.027749157,-0.769537970,0.636852062,-0.080910966,0.250889868,0.199901983,0.322134286,-0.106952816,-0.223833770,-0.256804049,-0.164400101,-0.066598326,0.415263116,-0.196950257,0.225544840,-0.261938065,0.175968558,0.428272426,0.054018527,0.693232715,0.050137844,0.519563556,-0.536890805,0.562537253,0.793780744,0.279044122
0.038046431,0.015282177,0.743936419,0.038340741,0.028902297,-0.774370329,0.630908264,-0.133776814,0.247210294,0.196695194,0.441900909,-0.162696123,-0.204873294,-0.316539109,-0.157408342,-0.043686517,0.526892424,-0.248609692,0.221293360,-0.269017041,0.140139878,0.431633472,0.055424541,0.669760048,0.070084170,0.548760295,-0.534476399,0.558835506,0.771858633,0.287720263
0.034891538,0.017031413,0.734910607,0.037053376,0.029752791,-0.778692120,0.625604028,-0.180768669,0.250399411,0.199646696,0.560354710,-0.219583556,-0.173584312,-0.367521644,-0.148138940,-0.024339311,0.628801346,-0.300361037,0.218571782,-0.273196131,0.096937999,0.435662806,0.061386131,0.652211547,0.098218925,0.529734015,-0.532683611,0.548036039,0.795314491,0.319086701
0.032318585,0.018319290,0.725264847,0.035254558,0.030595851,-0.782498504,0.620900234,-0.217327952,0.261704415,0.205285713,0.660258591,-0.279272795,-0.149206817,-0.411142826,-0.138732404,-0.010744646,0.719315529,-0.344965100,0.216744572,-0.276287913,0.054160938,0.439992785,0.069231205,0.626263022,0.124267459,0.506763279,-0.531116843,0.534795284,0.809228063,0.346592665
0.030036675,0.019376449,0.715309262,0.033199584,0.031434720,-0.786035738,0.616488009,-0.248669848,0.277067214,0.212268367,0.750884652,-0.340361446,-0.128285781,-0.451082140,-0.129257545,-0.000026689,0.804129779,-0.385994285,0.215364590,-0.278835982,0.011597370,0.444472998,0.078017846,0.596115112,0.149272189,0.481820822,-0.529663265,0.520334065,0.818370163,0.372167557
0.028285045,0.019939605,0.705507517,0.030964934,0.032295556,-0.787937898,0.614127054,-0.273329556,0.299942732,0.211447209,0.828891039,-0.400594175,-0.129296422,-0.480740845,-0.122328639,0.002631582,0.875554085,-0.425800860,0.215394542,-0.279947817,-0.019501356,0.448289096,0.082283013,0.554479659,0.152847022,0.489846319,-0.527892351,0.508004069,0.798295617,0.394140482
0.026787117,0.020416349,0.696271062,0.028534756,0.033260205,-0.789104958,0.612693146,-0.296368837,0.321365148,0.209316596,0.898842454,-0.455270469,-0.131002754,-0.506411970,-0.116525576,0.002762205,0.939253390,-0.461656362,0.214925766,-0.280335844,-0.049679637,0.452002138,0.085734114,0.513810396,0.161154792,0.489456713,-0.526154041,0.494151413,0.787847877,0.417314112
0.025796484,0.020720296,0.688164532,0.025713980,0.034433132,-0.788816514,0.613124505,-0.316168696,0.339882702,0.204567015,0.952688456,-0.498837531,-0.134100571,-0.524109721,-0.112973787,-0.002162396,0.987507164,-0.489612222,0.213459462,-0.279276133,-0.078018978,0.455509424,0.087557308,0.475071043,0.178928837,0.472237170,-0.524480820,0.477252543,0.796652913,0.442890704
0.025218772,0.021154476,0.681887388,0.022810609,0.035888559,-0.787134748,0.615313396,-0.333747625,0.355310321,0.196324617,0.994152427,-0.527721107,-0.140466481,-0.535211682,-0.111622952,-0.011933334,1.024846315,-0.510295808,0.213365406,-0.277220100,-0.102733865,0.458700180,0.086873040,0.444582582,0.189770997,0.452120721,-0.522653580,0.459072948,0.812708437,0.463251889
0.024847537,0.021653758,0.676525235,0.019865625,0.037484505,-0.784741701,0.618369414,-0.350215465,0.369192481,0.186336026,1.029424071,-0.549262047,-0.148466215,-0.543015420,-0.111372642,-0.024127148,1.056726813,-0.527342558,0.213957474,-0.274665922,-0.125635743,0.461732566,0.084935047,0.418220580,0.197146833,0.430556476,-0.520749271,0.440253466,0.832388699,0.481004775
0.026473884,0.022025185,0.674571574,0.017029958,0.038905430,-0.781151632,0.622895236,-0.361705780,0.374593258,0.176100641,1.046919703,-0.556127191,-0.156302169,-0.539724827,-0.116224565,-0.039617792,1.063677073,-0.531792462,0.216118246,-0.271086097,-0.138254493,0.463976085,0.077242032,0.397620350,0.180598795,0.401079148,-0.518692672,0.420308828,0.859558225,0.489433616
0.028448381,0.022374364,0.673845112,0.014220313,0.039974869,-0.777450948,0.627510809,-0.369350106,0.377960861,0.169100240,1.056205750,-0.559644401,-0.164650485,-0.533030987,-0.121772781,-0.055090599,1.063659668,-0.532340109,0.218155995,-0.266974688,-0.146609873,0.465800732,0.067366101,0.383993149,0.152950436,0.377606928,-0.516460836,0.401357800,0.883574665,0.496992558
0.031119209,0.022679066,0.675572991,0.011463435,0.040342963,-0.773561520,0.632331882,-0.369302869,0.377262414,0.168569699,1.049073100,-0.556466043,-0.174023926,-0.519530714,-0.128713697,-0.070528239,1.049707294,-0.525083363,0.219947696,-0.261799932,-0.146438912,0.466787696,0.053124029,0.384311616,0.103100553,0.366144538,-0.513878405,0.384393275,0.901285648,0.502812147
0.034412760,0.023137940,0.679466963,0.008770046,0.040206647,-0.769613313,0.637182752,-0.363670051,0.372197032,0.169938684,1.028272271,-0.545561850,-0.182230145,-0.499739766,-0.136177123,-0.086242750,1.022558808,-0.509071887,0.221784607,-0.255182385,-0.137832463,0.467154324,0.035545822,0.397413313,0.060345363,0.346006542,-0.511236429,0.367944241,0.914416671,0.506844997
0.038017701,0.023673905,0.684443891,0.006108220,0.039817195,-0.765617662,0.642033392,-0.355244488,0.364948213,0.172257438,1.000637293,-0.530794680,-0.189852878,-0.476803273,-0.143901899,-0.102095895,0.988812268,-0.488682956,0.223644122,-0.247843355,-0.125008255,0.467210740,0.016299360,0.416906625,0.021136887,0.321530581,-0.508564591,0.351752669,0.925257981,0.509984493
0.042529315,0.023892689,0.692369580,0.003887361,0.038790895,-0.761438689,0.647063581,-0.336950421,0.351236552,0.178136796,0.952033699,-0.504021347,-0.193041921,-0.442490041,-0.152195737,-0.119869843,0.929889202,-0.455595672,0.226053327,-0.239327639,-0.104281366,0.466671616,-0.005265771,0.458935499,-0.006514888,0.282287896,-0.506038308,0.336034894,0.933384538,0.509320617
0.047269426,0.024026236,0.701018929,0.001924500,0.037662802,-0.756934182,0.652402065,-0.315880328,0.335932970,0.184679598,0.897795558,-0.475082755,-0.194701031,-0.404721141,-0.160035998,-0.138344496,0.864020824,-0.419339508,0.228141338,-0.231016695,-0.076164968,0.465793312,-0.028711095,0.499703020,-0.034667972,0.248867482,-0.503439605,0.321766317,0.934021890,0.509220719
0.052466504,0.023989309,0.711115479,0.000477895,0.036332646,-0.751807053,0.658381247,-0.289258420,0.317445666,0.192549139,0.832288861,-0.441814125,-0.193300307,-0.360041112,-0.166969061,-0.158220470,0.784262180,-0.376745999,0.229586929,-0.223115370,-0.033269417,0.464236498,-0.055916838,0.537946701,-0.063824289,0.227092862,-0.500696123,0.310396224,0.919680476,0.510249078
0.057842880,0.023832360,0.721977413,-0.000555135,0.035036858,-0.746612132,0.664336085,-0.257141620,0.295840502,0.198692963,0.749746323,-0.399182022,-0.189640045,-0.309903234,-0.171326607,-0.178831980,0.689995944,-0.318676382,0.229178548,-0.214700386,0.008107731,0.462025583,-0.083167359,0.576990604,-0.096604466,0.216964990,-0.497755229,0.301490694,0.902446747,0.509046376
0.063308895,0.023615401,0.733221889,-0.001381300,0.033757199,-0.741359536,0.670257101,-0.222277269,0.272676438,0.203973934,0.658685744,-0.351868272,-0.184849948,-0.257036567,-0.174396351,-0.199811161,0.588476181,-0.252868891,0.227843180,-0.206028566,0.048724789,0.459487617,-0.110439926,0.616435647,-0.131196558,0.212659240,-0.494715720,0.293817252,0.883767307,0.506727755
0.068503045,0.023354637,0.743862510,-0.000914558,0.033640108,-0.736580477,0.675512182,-0.181578636,0.248871148,0.208810940,0.552718401,-0.300906539,-0.176687241,-0.205310255,-0.173549041,-0.217953369,0.483119190,-0.182550937,0.225299448,-0.196615353,0.053369150,0.456987172,-0.124247685,0.697323859,-0.167530134,0.167590678,-0.492391765,0.281966239,0.877910018,0.488229156
0.073599264,0.023271982,0.754000723,-0.000169184,0.033653425,-0.732323834,0.680124415,-0.138305545,0.224550545,0.213652357,0.439359367,-0.242769495,-0.167559579,-0.159519687,-0.172234818,-0.234258041,0.386248410,-0.110335596,0.213589326,-0.186219513,0.050692253,0.454433709,-0.133697957,0.776840568,-0.212137818,0.122266464,-0.490262717,0.270145923,0.876679599,0.460492015
0.078499250,0.023545522,0.763133407,0.001133273,0.033929872,-0.729163335,0.683497118,-0.089887284,0.199201286,0.218502238,0.311226755,-0.170287281,-0.156502873,-0.125603303,-0.169986993,-0.246886671,0.306356281,-0.034331240,0.183548704,-0.173859388,0.033374168,0.451774478,-0.134433180,0.853608489,-0.273289084,0.076434404,-0.488523722,0.258387834,0.884702027,0.414281249
0.083242960,0.024346393,0.770289898,0.003249038,0.034761678,-0.726177987,0.686619692,-0.050588541,0.176714852,0.220713437,0.200452611,-0.114589326,-0.148822859,-0.103575349,-0.166478008,-0.264088273,0.251365811,0.001127377,0.152156666,-0.160302803,0.017301016,0.450252891,-0.131200403,0.907560945,-0.325867534,0.044139381,-0.487605035,0.250459194,0.872289121,0.370572448
0.087908350,0.025410891,0.776457965,0.005771293,0.035870650,-0.723270792,0.689608114,-0.015850879,0.155660629,0.221605241,0.098361582,-0.067285292,-0.142831430,-0.087492220,-0.162338600,-0.283575565,0.208827764,0.016312540,0.120090142,-0.146148533,0.001850915,0.449300200,-0.125983804,0.950103998,-0.374157697,0.018613856,-0.487096518,0.244445533,0.849659383,0.328116238
0.091514088,0.026709553,0.779985547,0.007389282,0.036472372,-0.719882346,0.693097808,-0.016769424,0.146173418,0.213050827,0.079030737,-0.052101210,-0.138782158,-0.073474690,-0.147915810,-0.293170214,0.178391546,0.018278686,0.122126058,-0.132711306,0.002115979,0.448158056,-0.120337151,0.959828615,-0.403658688,0.012247367,-0.486451983,0.240835160,0.827613473,0.295801431
0.094995640,0.028039422,0.782861590,0.008588564,0.036873548,-0.715906473,0.697168918,-0.017710183,0.137355387,0.202693045,0.061159100,-0.037273765,-0.135288134,-0.058148790,-0.129988909,-0.300510347,0.147660106,0.018561417,0.130621433,-0.119957745,0.001193128,0.447257042,-0.113890283,0.967442393,-0.418424964,-0.000627791,-0.486046642,0.236336559,0.810232878,0.256705016
0.098228745,0.029431671,0.784434617,0.008950490,0.036873946,-0.710762209,0.702408202,-0.018695347,0.129875824,0.188729137,0.046206016,-0.023159901,-0.132904604,-0.040206771,-0.105054878,-0.303341717,0.116339013,0.015477656,0.152034223,-0.108571708,-0.002105284,0.446838200,-0.105843328,0.970834315,-0.403724551,-0.026518632,-0.486119688,0.230061799,0.802182674,0.204047769
0.100967787,0.030434821,0.784936666,0.009010399,0.036236066,-0.704356126,0.708864026,-0.023431860,0.124187849,0.171502322,0.043511398,-0.019773204,-0.132053137,-0.024275661,-0.077928171,-0.305473387,0.090237230,0.001266175,0.172764704,-0.098832637,0.004165004,0.446404397,-0.098998040,0.961771786,-0.388633132,-0.038543142,-0.486116439,0.225143254,0.797149003,0.171278521
0.103459708,0.031243395,0.784903228,0.008918706,0.035276722,-0.697273315,0.715881229,-0.030043792,0.119395860,0.152644798,0.046945881,-0.021750012,-0.131967738,-0.009350570,-0.049706198,-0.307255089,0.066745989,-0.018508412,0.193153217,-0.089917399,0.015219220,0.445963025,-0.092753835,0.946482539,-0.373346865,-0.043634292,-0.486075103,0.220903009,0.793623686,0.148454159
0.105124906,0.031833172,0.783270955,0.008512478,0.033617607,-0.689210276,0.723731020,-0.038818635,0.115154460,0.131142825,0.059079252,-0.027970176,-0.131376624,-0.000650044,-0.026047729,-0.313331634,0.054087371,-0.041383319,0.188807935,-0.082202002,0.021811929,0.446082681,-0.085486054,0.925270140,-0.343132913,-0.064748824,-0.486666262,0.213435560,0.798558712,0.120132744
0.106768370,0.032497462,0.781077623,0.008168863,0.031658810,-0.681138338,0.731424333,-0.049861293,0.110495895,0.108662933,0.076778688,-0.039683953,-0.130083874,0.004825319,-0.007252284,-0.323552042,0.049954087,-0.061603047,0.166251212,-0.074627414,0.027705552,0.446325749,-0.078173123,0.908298612,-0.314096779,-0.087632060,-0.487384140,0.205231801,0.809393287,0.097896948
0.108368501,0.033310827,0.777761877,0.007951611,0.029105171,-0.673139883,0.738899424,-0.065440416,0.105002649,0.084225431,0.105611585,-0.062385846,-0.127387732,0.003850774,0.001818541,-0.342060953,0.062871151,-0.076513946,0.107269853,-0.067333870,0.032201454,0.446815580,-0.070769355,0.899807572,-0.287414044,-0.114054471,-0.488355547,0.195554867,0.832027733,0.087830685
0.109705225,0.034418993,0.773333609,0.008144318,0.026537679,-0.665492481,0.745888181,-0.094921619,0.098813951,0.062273681,0.163006544,-0.093706153,-0.124820858,-0.006331364,-0.006104643,-0.364878535,0.102177128,-0.103795320,0.080544651,-0.060908355,0.034902975,0.447929114,-0.058365360,0.888878584,-0.266369700,-0.153179616,-0.490467250,0.178534821,0.866927385,0.082442395
0.110910319,0.035674598,0.768348932,0.008541613,0.023962052,-0.657988973,0.752597749,-0.131354973,0.092277274,0.041563984,0.234684721,-0.129336864,-0.122318521,-0.021117687,-0.022525135,-0.389851302,0.154679045,-0.137262970,0.069946520,-0.054916609,0.036707405,0.449354500,-0.043460779,0.876730204,-0.248143688,-0.198657602,-0.493149161,0.157842562,0.907961071,0.079392895
0.111915678,0.037216280,0.762690365,0.009654755,0.022626638,-0.651618590,0.758147765,-0.175937712,0.086215645,0.027255118,0.320951641,-0.177898169,-0.122057185,-0.060438938,-0.049134925,-0.410361260,0.259741992,-0.194977075,0.073508054,-0.051702652,0.038741715,0.450293064,-0.030824669,0.844336748,-0.256798804,-0.210440144,-0.495556355,0.138193429,0.913925052,0.122296631
0.112719133,0.038741175,0.757452846,0.010269156,0.021477819,-0.645783694,0.763149178,-0.215372220,0.081347130,0.015015176,0.397226870,-0.220669910,-0.122314095,-0.094113074,-0.072375022,-0.429215968,0.351650357,-0.244400993,0.076965407,-0.048940938,0.039352205,0.451066315,-0.018888123,0.819946945,-0.269756794,-0.216267705,-0.497769356,0.118923739,0.922806084,0.170568615
0.113118827,0.040232614,0.753057122,0.009887042,0.020704377,-0.641083711,0.767127924,-0.244513273,0.078864478,0.006912145,0.453524441,-0.251865804,-0.123607472,-0.116495550,-0.088877521,-0.444761604,0.417256713,-0.277248353,0.080214664,-0.047083497,0.037115097,0.451508999,-0.008349799,0.811562717,-0.291321605,-0.210185707,-0.499594182,0.100411437,0.937521935,0.229580730
0.113071904,0.041166667,0.750151634,0.008617538,0.019919392,-0.637491819,0.770151373,-0.261521608,0.078679115,0.000705655,0.490306795,-0.269237339,-0.127335966,-0.127021089,-0.097686447,-0.456226647,0.456374109,-0.297806233,0.080835149,-0.045940187,0.027925404,0.452244252,0.003481601,0.816582799,-0.300028384,-0.208631948,-0.501366556,0.081761569,0.952018678,0.267887861
0.112801671,0.041822050,0.747991204,0.006904327,0.019128570,-0.634451984,0.772694706,-0.272463918,0.079642378,-0.004552666,0.517332315,-0.279697090,-0.132282048,-0.131618455,-0.102648802,-0.465651542,0.482247919,-0.312219799,0.080141276,-0.045153923,0.015259391,0.453125775,0.015959669,0.828305006,-0.302306414,-0.209342211,-0.503112733,0.063042678,0.966406107,0.295843244
0.111942284,0.041513093,0.747639537,0.004083674,0.017223589,-0.633311215,0.773694757,-0.267738909,0.083575651,-0.004556258,0.521861553,-0.285377145,-0.135950640,-0.122472301,-0.099666998,-0.472707093,0.481807828,-0.316921502,0.079965711,-0.044723384,0.010602304,0.453871220,0.026102662,0.851391256,-0.308260918,-0.187889948,-0.504219413,0.050654389,0.991342545,0.295064032
0.111102156,0.040958017,0.747897387,0.001329272,0.015241050,-0.632735605,0.774216764,-0.258970708,0.087557323,-0.003189894,0.519489527,-0.286987245,-0.139206111,-0.110305771,-0.094921023,-0.478218347,0.473527372,-0.317654878,0.080002852,-0.044532701,0.009144492,0.454328328,0.034578763,0.871609211,-0.317474395,-0.155629918,-0.504724979,0.041709907,1.010908604,0.292887837
0.110300601,0.039910749,0.749373853,-0.001292474,0.013103736,-0.633300020,0.773794357,-0.242116615,0.091635659,0.000916218,0.503315449,-0.280457467,-0.141635448,-0.092098922,-0.086646944,-0.480641037,0.449566841,-0.310451806,0.080465429,-0.044821739,0.014085070,0.454208791,0.039721075,0.886089683,-0.333205938,-0.101754650,-0.504028201,0.039652962,1.019732833,0.287919015
0.109739259,0.038547441,0.751890957,-0.003587904,0.010633759,-0.634967711,0.772457155,-0.217329919,0.094412617,0.008217214,0.471632510,-0.263773859,-0.141861022,-0.067934260,-0.075758204,-0.479283869,0.408355534,-0.293106586,0.082688279,-0.045505121,0.020431392,0.453987360,0.044208042,0.913825512,-0.343705356,-0.051908862,-0.502850115,0.041443810,1.018956661,0.271788597
0.109298036,0.037026107,0.754928291,-0.005720089,0.007997345,-0.637179239,0.770652931,-0.188576877,0.096538819,0.017115630,0.432195008,-0.242013365,-0.140984714,-0.040790699,-0.063562170,-0.476036727,0.358518839,-0.270690143,0.085791238,-0.046385683,0.027480612,0.453714997,0.048367240,0.948188305,-0.351589322,-0.004077004,-0.501431406,0.045158718,1.013380408,0.250078171
0.109274983,0.035220273,0.758782387,-0.006437564,0.005511476,-0.640726079,0.767722784,-0.151338369,0.095060885,0.027598402,0.373684317,-0.213172704,-0.138671264,-0.009867860,-0.051238149,-0.468103170,0.294593781,-0.236130267,0.088892207,-0.047938582,0.036663562,0.451967299,0.048300568,0.960948646,-0.379949808,0.073243424,-0.498056233,0.057859160,0.997923136,0.252606153
0.109554790,0.033472471,0.762636840,-0.006940621,0.002971612,-0.644627891,0.764459207,-0.112427920,0.092074826,0.038122546,0.311172903,-0.180781439,-0.135460317,0.020797782,-0.040255230,-0.459330261,0.230353981,-0.200522721,0.092778839,-0.049607411,0.043352261,0.450434983,0.049957179,0.985366225,-0.400240541,0.129794896,-0.495003760,0.069015339,0.981111646,0.250935972
0.110440239,0.031840850,0.766491652,-0.007014923,0.000324159,-0.649250352,0.760542350,-0.070176832,0.086073004,0.048728626,0.240665495,-0.141291991,-0.130454749,0.050946724,-0.031955138,-0.448879480,0.165489659,-0.162822798,0.098236345,-0.051507961,0.045052335,0.449333549,0.055059962,1.033094764,-0.404391587,0.144807309,-0.492596835,0.077082396,0.961593330,0.240870252
0.111572109,0.030389868,0.769984484,-0.006179444,-0.001636718,-0.654135565,0.756350315,-0.034143139,0.078665689,0.059237830,0.178800836,-0.109257638,-0.124749213,0.072473466,-0.028461661,-0.437375665,0.115800150,-0.135259479,0.104832888,-0.053790882,0.048536070,0.448087960,0.057053957,1.060309887,-0.416064322,0.172997132,-0.490367234,0.085367292,0.956459880,0.239793673
0.112827145,0.029029256,0.773296237,-0.004888983,-0.003254160,-0.659135151,0.752001570,-0.001219402,0.070555940,0.069698207,0.121259771,-0.080951899,-0.118693948,0.089688443,-0.027371535,-0.425345898,0.073699646,-0.112765312,0.111998670,-0.056264900,0.052911464,0.446770310,0.057493538,1.077267885,-0.431497365,0.207774341,-0.488226354,0.093760781,0.958518744,0.243211523
0.114118636,0.028596794,0.775653839,-0.003486376,-0.004501723,-0.664186482,0.747545247,0.014642020,0.062693864,0.077568673,0.093857042,-0.063401878,-0.115282923,0.090130553,-0.033255659,-0.414408952,0.065990232,-0.105418973,0.114665516,-0.059327058,0.056241460,0.445384413,0.058665656,1.097323418,-0.441092670,0.226014689,-0.486472398,0.100179583,0.938094556,0.244381994
0.115401134,0.028385192,0.777675986,-0.001917441,-0.005376844,-0.669074893,0.743173063,0.026713807,0.055248652,0.085433938,0.072073810,-0.050236128,-0.112631559,0.089611620,-0.038895324,-0.403985322,0.058112402,-0.097641140,0.117420718,-0.062404059,0.059820421,0.444066107,0.059955176,1.112709284,-0.441000819,0.237053320,-0.484904289,0.105537206,0.916180968,0.244050384
0.116665624,0.028615272,0.779026985,-0.000016179,-0.005507338,-0.673672588,0.739009414,0.031206787,0.048637297,0.093288615,0.061528962,-0.045838345,-0.111499444,0.087170810,-0.044045988,-0.394588381,0.049897961,-0.089000583,0.120352581,-0.065510646,0.063897185,0.442882955,0.061479446,1.118756056,-0.421536535,0.233689681,-0.483707786,0.108772561,0.891289413,0.240714923
0.117955729,0.029200120,0.779814363,0.002043569,-0.005032443,-0.677565837,0.735442068,0.030775327,0.043063186,0.100638658,0.057301085,-0.045538288,-0.110662490,0.081619538,-0.049144585,-0.386940420,0.046097111,-0.086981386,0.123361886,-0.068713747,0.076379336,0.441126645,0.060017809,1.109829307,-0.402421772,0.249961376,-0.482047200,0.114515632,0.868957937,0.248154491
0.119258590,0.029962322,0.780319750,0.004182417,-0.004254844,-0.681100154,0.732165954,0.027881756,0.038007885,0.107736111,0.056231737,-0.047287028,-0.109973148,0.074513309,-0.054216955,-0.380167216,0.044503111,-0.088272832,0.126409799,-0.071964979,0.093063548,0.439083874,0.057063337,1.093416333,-0.383482486,0.276049733,-0.480154693,0.121512301,0.847907364,0.260981023
0.120135501,0.030956589,0.780218482,0.005830606,-0.003265706,-0.683570118,0.729854255,0.023658834,0.034998804,0.114026986,0.056310631,-0.046356164,-0.110648379,0.066470094,-0.057824813,-0.376068830,0.046401344,-0.083903022,0.128384918,-0.074867412,0.104100436,0.438204855,0.057165883,1.068769336,-0.347973764,0.240181923,-0.479906470,0.118132100,0.821923852,0.244939610
0.120949902,0.031961881,0.780014157,0.007379128,-0.002231844,-0.685641089,0.727898938,0.019731093,0.032355901,0.119811922,0.055427372,-0.046104148,-0.111597165,0.058599345,-0.061011754,-0.372946024,0.048732765,-0.080972023,0.130275965,-0.077751420,0.116242744,0.437344968,0.056821026,1.041620374,-0.313297719,0.207297757,-0.479700893,0.114644393,0.802325726,0.231388137
0.121639349,0.032989301,0.779603720,0.008728552,-0.001108534,-0.686928589,0.726671657,0.016393417,0.030445157,0.124585412,0.052619740,-0.047209803,-0.113093130,0.051072933,-0.063357100,-0.371774018,0.051930763,-0.080918439,0.131998986,-0.080598809,0.130596831,0.436523288,0.055581335,1.009465575,-0.280284435,0.180378363,-0.479580671,0.110941410,0.795496702,0.222815543
0.122154973,0.033867933,0.779044151,0.009493425,-0.000218563,-0.687647878,0.725982247,0.011122975,0.029909907,0.128350824,0.057238095,-0.050037354,-0.114767283,0.045299571,-0.064810932,-0.371421039,0.055544622,-0.083978347,0.134172559,-0.082573615,0.146447659,0.435654908,0.053484313,0.975748301,-0.252023101,0.158616453,-0.479466736,0.107148319,0.784843504,0.216555014
0.122583717,0.034672212,0.778409958,0.009966062,0.000554770,-0.688083849,0.725562532,0.004885951,0.030062387,0.131612360,0.065569624,-0.053725962,-0.116530612,0.040402509,-0.065819062,-0.371477485,0.059366547,-0.088595122,0.136571482,-0.084112205,0.163047433,0.434763223,0.050958533,0.941248357,-0.226136684,0.139432460,-0.479355991,0.103310041,0.772277713,0.211450294
0.122794226,0.035433240,0.777680635,0.009987262,0.001119484,-0.687922859,0.725714228,0.001175637,0.031018173,0.134132609,0.070371702,-0.065295994,-0.119905725,0.037132464,-0.065748945,-0.373537779,0.063538812,-0.094632454,0.139057055,-0.084973603,0.174490452,0.434163600,0.049199611,0.908396006,-0.196764797,0.122064039,-0.479461819,0.098633207,0.760393381,0.196961761
0.122945935,0.036171187,0.776897788,0.009584134,0.001432579,-0.687704471,0.725926066,-0.002282833,0.032346368,0.136588469,0.076257281,-0.071388021,-0.122503564,0.034446321,-0.065548420,-0.375263780,0.068326548,-0.098164976,0.140188947,-0.085388385,0.184252858,0.433653384,0.047888905,0.881320477,-0.166720197,0.104715027,-0.479627788,0.093712419,0.753000140,0.182372451
0.122980081,0.036863025,0.776007593,0.008332310,0.001242459,-0.687370889,0.726257730,-0.005237879,0.034419477,0.138915762,0.084310338,-0.066524461,-0.123547062,0.032927752,-0.065087058,-0.376321316,0.074345566,-0.096688181,0.138613552,-0.084909946,0.190654874,0.433321863,0.047474526,0.865796566,-0.135327935,0.087403491,-0.479913890,0.088303335,0.754588485,0.167580485
0.122886106,0.037561186,0.774918556,0.007237042,0.001280089,-0.686793489,0.726815444,-0.007784231,0.036973953,0.140985161,0.091384470,-0.073650137,-0.126163334,0.030836761,-0.064503439,-0.378318608,0.082158983,-0.102742106,0.139255002,-0.083606035,0.193820834,0.433050692,0.047324970,0.842470646,-0.104670025,0.074601345,-0.480174065,0.083456688,0.750868082,0.155451030
0.122728087,0.038262520,0.773729980,0.006220029,0.001431592,-0.686093422,0.727485449,-0.010126273,0.039769147,0.142925650,0.097969249,-0.086770356,-0.129566014,0.028459541,-0.063858673,-0.380785704,0.090869687,-0.112561360,0.141004860,-0.081889376,0.195368856,0.432809681,0.047307819,0.815243602,-0.074378878,0.064053677,-0.480421185,0.078891180,0.744493306,0.144652650
0.122555912,0.038716558,0.772261798,0.004371566,0.000928548,-0.685764956,0.727809352,-0.016582735,0.043881476,0.146028802,0.118696257,-0.093813717,-0.130423471,0.028569169,-0.062582389,-0.382169127,0.098009370,-0.114543170,0.140828788,-0.078770801,0.191771597,0.432957649,0.049469754,0.806392431,-0.042269699,0.051546376,-0.480897069,0.073558100,0.757154167,0.128573969
0.122281253,0.039006710,0.770793676,0.002483060,0.000362120,-0.685539497,0.728031113,-0.022740051,0.048247650,0.149228573,0.140030891,-0.102969818,-0.131793097,0.026824199,-0.062123075,-0.383571506,0.110648625,-0.119465113,0.141214833,-0.075389042,0.186177045,0.433119535,0.052213117,0.799140394,-0.014504313,0.040480848,-0.481416941,0.067538075,0.771721244,0.115399107
0.121801600,0.038969085,0.769325614,0.000514538,-0.000331040,-0.685522162,0.728051503,-0.028298842,0.053121485,0.152621552,0.162580088,-0.116351888,-0.134187222,0.021369766,-0.063297778,-0.385011792,0.134287536,-0.130267948,0.142725244,-0.071480960,0.176588029,0.433309078,0.056119248,0.795085609,0.004573074,0.032299072,-0.482024848,0.060144149,0.790100217,0.108032353
0.121330291,0.038661215,0.767871261,-0.001444436,-0.001068793,-0.685462817,0.728105417,-0.033831123,0.058099568,0.155440718,0.186052606,-0.130363628,-0.137762070,0.018131986,-0.063919187,-0.386963069,0.153882280,-0.143234402,0.144604892,-0.067734376,0.170958325,0.433077395,0.058144487,0.785016477,0.011633094,0.044482626,-0.481940150,0.056565613,0.799456716,0.111787260
0.120863147,0.038218223,0.766423762,-0.003398631,-0.001828845,-0.685380985,0.728174437,-0.039349996,0.063129731,0.157972977,0.209986508,-0.144690186,-0.141927212,0.016002623,-0.064263932,-0.389169842,0.171454772,-0.157282516,0.146669209,-0.064068541,0.167308033,0.432635128,0.059229378,0.771940827,0.012684896,0.066847943,-0.481509119,0.054894656,0.804302573,0.121102251
0.120868869,0.037507616,0.765556157,-0.005460784,-0.002903734,-0.685502682,0.728043832,-0.038938738,0.066292197,0.161150008,0.223966822,-0.157942340,-0.145647690,0.019144688,-0.063723631,-0.391336262,0.179145694,-0.166725397,0.151068166,-0.060086027,0.157927543,0.432660431,0.062879443,0.785082698,0.022971835,0.069607668,-0.481292218,0.051676728,0.823033214,0.109489515
0.120851703,0.036848553,0.765054047,-0.007425315,-0.004027989,-0.685835739,0.727707344,-0.035718895,0.068715304,0.164776027,0.231307462,-0.165297836,-0.149307817,0.023958288,-0.062461238,-0.393103182,0.181779414,-0.170898885,0.154525965,-0.056035843,0.150003880,0.432433903,0.065631919,0.799458623,0.026247071,0.078805640,-0.480710566,0.049917735,0.841849864,0.101319939
0.120788775,0.036292616,0.765282869,-0.009194481,-0.005250889,-0.686594682,0.726963295,-0.026882553,0.069659635,0.169299647,0.225369200,-0.160860300,-0.152846977,0.032114342,-0.059754863,-0.394071043,0.174299270,-0.164534092,0.156101316,-0.051850636,0.144994244,0.431703746,0.066589125,0.816301584,0.015499716,0.100878417,-0.479399562,0.051076517,0.860836744,0.100036807
0.120766014,0.035767656,0.766199470,-0.010473274,-0.006512628,-0.687775401,0.725818775,-0.011928614,0.068328969,0.174092799,0.204888731,-0.150789797,-0.157122225,0.045022607,-0.055612199,-0.392552435,0.153135926,-0.156076774,0.160961509,-0.047431916,0.138784781,0.431251585,0.068233475,0.840081275,0.005955376,0.106994137,-0.478560388,0.050863117,0.879072666,0.089852810
0.120763354,0.035258200,0.767459989,-0.011506798,-0.007793714,-0.689164604,0.724471532,0.006083437,0.065860912,0.179020539,0.177138209,-0.137903288,-0.161765307,0.060306393,-0.050751578,-0.389790744,0.125132099,-0.146573544,0.167463884,-0.042896610,0.131975666,0.430938423,0.070221312,0.867328286,-0.002987115,0.105131403,-0.477957159,0.049963657,0.896932304,0.075218938
0.120718524,0.034948293,0.769227386,-0.011967333,-0.008849178,-0.691055031,0.722648890,0.024135906,0.061911628,0.184137717,0.145342201,-0.119319215,-0.164701581,0.069694445,-0.048165902,-0.384659111,0.105335146,-0.132132232,0.168748230,-0.038613774,0.126198873,0.430304110,0.071283162,0.894631624,-0.015864154,0.112980179,-0.476869822,0.051066536,0.920157373,0.072010636
0.120736867,0.034718178,0.770964503,-0.012273396,-0.009791387,-0.692875713,0.720886079,0.040276900,0.057970945,0.188578531,0.116616704,-0.102750294,-0.167643324,0.077173650,-0.046438023,-0.379719228,0.089073546,-0.121832892,0.170897648,-0.034870442,0.121002212,0.429472774,0.071717337,0.919658899,-0.028888457,0.124181956,-0.475561857,0.052834559,0.939141035,0.073784314
0.120881520,0.034647640,0.772640944,-0.012270656,-0.010507170,-0.694563679,0.719249836,0.052594922,0.054047555,0.191666648,0.094032377,-0.090211704,-0.170595914,0.080835395,-0.046425626,-0.375163049,0.079882354,-0.119816966,0.174776912,-0.032206099,0.116965815,0.428247482,0.070896275,0.940133929,-0.042206917,0.142088771,-0.473812819,0.055932682,0.949642539,0.085520878
0.120807111,0.034509208,0.774066329,-0.012197294,-0.011061900,-0.696296447,0.717565411,0.061668225,0.051113658,0.194556817,0.077546909,-0.078404121,-0.173631728,0.084029198,-0.046249293,-0.370108545,0.070815638,-0.113639578,0.177017659,-0.030396149,0.110139191,0.427217752,0.071668401,0.964299440,-0.046065435,0.142776266,-0.472444355,0.056490943,0.946441352,0.092491083
0.120623194,0.034336843,0.775366187,-0.012088586,-0.011536050,-0.698049395,0.715854613,0.069118872,0.048674602,0.197347909,0.064111382,-0.066962488,-0.176709041,0.086988904,-0.045991004,-0.364805132,0.061811510,-0.105381772,0.178439096,-0.029013451,0.101917759,0.426285774,0.073237054,0.990309298,-0.045194007,0.134854406,-0.471266180,0.055779297,0.936389327,0.097077928
0.120161697,0.034442075,0.775981545,-0.011915224,-0.011880022,-0.699430614,0.714502421,0.072696157,0.047244921,0.199944347,0.057679716,-0.066792101,-0.182077259,0.089419335,-0.044801664,-0.362327278,0.053957522,-0.104557857,0.179991722,-0.028402800,0.096131474,0.425246418,0.074437566,1.003847599,-0.038335629,0.133238673,-0.470003158,0.055768844,0.941729665,0.098236039
0.119944379,0.034483016,0.776644826,-0.011733242,-0.012096630,-0.700495879,0.713457445,0.075754575,0.045959491,0.202797949,0.051809844,-0.064978145,-0.186016887,0.091239095,-0.044047832,-0.359896898,0.047491096,-0.103612632,0.181791171,-0.027808359,0.090801641,0.424179494,0.075545453,1.014221668,-0.031510774,0.132353529,-0.468724847,0.055852219,0.944274485,0.098430902
0.120215371,0.034395363,0.777404070,-0.011534081,-0.012058597,-0.700933685,0.713031222,0.077775478,0.044962458,0.206166103,0.047063112,-0.059876926,-0.187099636,0.091837689,-0.044164967,-0.357561409,0.043799296,-0.102424681,0.184084430,-0.027246296,0.086384341,0.423057407,0.076468185,1.018267870,-0.024752457,0.132929504,-0.467415750,0.056123246,0.941228211,0.096699290
0.120305717,0.034366250,0.777656794,-0.011467694,-0.012045918,-0.701079525,0.712889113,0.078429125,0.044633083,0.207290024,0.045529358,-0.058197796,-0.187460586,0.091111466,-0.044566754,-0.356734157,0.044748187,-0.102973960,0.184859633,-0.027056972,0.082861006,0.421942234,0.077318065,1.021690488,-0.020845585,0.133213192,-0.466117978,0.056341745,0.940173984,0.095768094
0.120305724,0.034366403,0.777656376,-0.011467271,-0.012047924,-0.701082066,0.712886587,0.078399166,0.044637520,0.207291871,0.045602035,-0.058229644,-0.187460661,0.089722916,-0.045110844,-0.356660992,0.048017256,-0.104391791,0.184875831,-0.027054008,0.079784699,0.420830518,0.078131504,1.024801135,-0.018364444,0.133350715,-0.464825898,0.056533970,0.940115750,0.095237114
0.120305702,0.034366399,0.777656555,-0.011467271,-0.012047924,-0.701082066,0.712886587,0.078409180,0.044636652,0.207291156,0.045578163,-0.058217991,-0.187460735,0.090183288,-0.044929840,-0.356684536,0.046933815,-0.103877120,0.184869766,-0.027056374,0.077664673,0.419735849,0.078869112,1.026924849,-0.016359987,0.133184344,-0.463556290,0.056658011,0.940364361,0.094563305
0.120305672,0.034366395,0.777656674,-0.011467833,-0.012047114,-0.701081167,0.712887476,0.078417189,0.044636231,0.207290292,0.045559615,-0.058208205,-0.187460810,0.090550952,-0.044785190,-0.356703311,0.046069656,-0.103436068,0.184864372,-0.027058620,0.075771503,0.418645591,0.079587378,1.028815508,-0.014467636,0.132956073,-0.462292373,0.056765024,0.940674782,0.093859427
0.120305657,0.034366395,0.777656794,-0.011467833,-0.012047114,-0.701081167,0.712887476,0.078421205,0.044636711,0.207289219,0.045551702,-0.058202159,-0.187460899,0.090733245,-0.044713236,-0.356712580,0.045643996,-0.103142232,0.184860274,-0.027060634,0.074331932,0.417564154,0.080267012,1.030240417,-0.012799353,0.132604003,-0.461039901,0.056837998,0.941108882,0.093095325
0.120305642,0.034366425,0.777656853,-0.011468804,-0.012046963,-0.701080439,0.712888179,0.078419939,0.044636980,0.207289636,0.045554146,-0.058204051,-0.187460959,0.090682134,-0.044733007,-0.356709868,0.045763101,-0.103229329,0.184861422,-0.027060743,0.073218822,0.416492820,0.080918163,1.031338811,-0.011278825,0.132176369,-0.459799707,0.056882046,0.941622615,0.092282668
0.120305642,0.034366474,0.777656794,-0.011468162,-0.012046828,-0.701081167,0.712887476,0.078416035,0.044637136,0.207290784,0.045561768,-0.058209911,-0.187460989,0.090514310,-0.044798646,-0.356701136,0.046154592,-0.103506893,0.184865177,-0.027059905,0.072268896,0.415426522,0.081555098,1.032274008,-0.009832115,0.131710932,-0.458565652,0.056911640,0.942176223,0.091445692
0.120305628,0.034366477,0.777656853,-0.011468162,-0.012046828,-0.701081167,0.712887476,0.078417487,0.044637971,0.207289562,0.045560926,-0.058205336,-0.187461048,0.090522319,-0.044795096,-0.356700927,0.046139427,-0.103315532,0.184862703,-0.027061112,0.071664050,0.414373130,0.082159489,1.032850146,-0.008569833,0.131178111,-0.457346946,0.056905791,0.942795157,0.090574875
0.120305628,0.034366503,0.777656794,-0.011469263,-0.012047065,-0.701080645,0.712887967,0.078415416,0.044638686,0.207289428,0.045566812,-0.058206622,-0.187461093,0.090385355,-0.044848524,-0.356693625,0.046462756,-0.103400476,0.184863836,-0.027061256,0.071141884,0.413324654,0.082755700,1.033342242,-0.007347350,0.130633727,-0.456133991,0.056889541,0.943427205,0.089693069
0.120305635,0.034366563,0.777656674,-0.011469263,-0.012047065,-0.701080645,0.712887967,0.078406274,0.044639159,0.207291454,0.045586150,-0.058219649,-0.187461123,0.089958414,-0.045015905,-0.356672138,0.047463089,-0.104038060,0.184872180,-0.027059272,0.070785135,0.412286192,0.083335534,1.033666253,-0.006204536,0.130066216,-0.454932570,0.056852490,0.944085360,0.088789292
0.120305628,0.034366556,0.777656794,-0.011468091,-0.012047186,-0.701082066,0.712886586,0.078409508,0.044639267,0.207290828,0.045579370,-0.058215134,-0.187461197,0.090101331,-0.044959597,-0.356679201,0.047128275,-0.103825063,0.184869319,-0.027060308,0.070542559,0.411257297,0.083902672,1.033872128,-0.005129872,0.129487455,-0.453742176,0.056797158,0.944752455,0.087880537
0.120305590,0.034366515,0.777656913,-0.011469515,-0.012046903,-0.701080645,0.712887966,0.078418911,0.044639200,0.207288861,0.045559529,-0.058201857,-0.187461302,0.090529174,-0.044791441,-0.356700540,0.046125863,-0.103186741,0.184860826,-0.027062858,0.070357062,0.410233170,0.084463514,1.034018874,-0.004089219,0.128903016,-0.452557236,0.056732677,0.945423961,0.086969241
0.120305583,0.034366515,0.777656913,-0.011469515,-0.012046903,-0.701080645,0.712887966,0.078421809,0.044638760,0.207288951,0.045552108,-0.058199421,-0.187461317,0.090667710,-0.044736981,-0.356707871,0.045798991,-0.103079513,0.184859633,-0.027063310,0.070297353,0.409222543,0.085008606,1.034036636,-0.003113241,0.128317356,-0.451387495,0.056644741,0.946099520,0.086043939
0.120305583,0.034366522,0.777656972,-0.011469486,-0.012046581,-0.701080557,0.712888058,0.078423373,0.044638399,0.207289279,0.045547396,-0.058198851,-0.187461302,0.090756118,-0.044702187,-0.356712669,0.045589454,-0.103056341,0.184859470,-0.027063452,0.070266970,0.408216655,0.085549511,1.034024239,-0.002154064,0.127733916,-0.450223148,0.056549739,0.946773410,0.085116409
0.120305583,0.034366541,0.777656972,-0.011469486,-0.012046581,-0.701080557,0.712888058,0.078422293,0.044638187,0.207290128,0.045548100,-0.058202017,-0.187461287,0.090744317,-0.044706725,-0.356712550,0.045614596,-0.103201270,0.184861407,-0.027062962,0.070295215,0.407220423,0.086081967,1.033951163,-0.001228558,0.127154991,-0.449069679,0.056440603,0.947443962,0.084184483
