-1.937837120,-1.538113710,0.117544157,0.694531448,0.054647789,0.716729767,-0.030628870,-0.180000000,0.000000000,0.000000000,0.360000000,-0.180000000,0.000000000,-0.180000000,0.000000000,0.000000000,0.360000000,-0.180000000,0.000000000,0.000000000,0.200000000,0.250000000,0.000000000,0.950000000,0.150000000,0.200000000,-0.250000000,0.000000000,0.950000000,-0.150000000
-1.937837120,-1.538113710,0.117544146,0.694531448,0.054647789,0.716729767,-0.030628870,-0.179993565,0.000007113,0.000010259,0.359990248,-0.179985086,-0.000012159,-0.179994274,-0.000003952,-0.000006660,0.359990248,-0.179991863,0.000006201,0.000000147,0.200001448,0.250007635,-0.000010660,0.950012143,0.150001657,0.200000296,-0.250016830,0.000006847,0.950011175,-0.149998886
-1.937837120,-1.538113710,0.117544113,0.694531448,0.054647789,0.716729767,-0.030628870,-0.179974690,0.000027974,0.000040351,0.359961645,-0.179941342,-0.000047823,-0.179977479,-0.000015543,-0.000026193,0.359961645,-0.179967997,0.000024389,0.000000579,0.200005694,0.250030027,-0.000041928,0.950047760,0.150006517,0.200001163,-0.250066194,0.000026931,0.950043950,-0.149995620
-1.937837120,-1.538113710,0.117544037,0.694531448,0.054647789,0.716729767,-0.030628870,-0.179930937,0.000076332,0.000110105,0.359895343,-0.179839942,-0.000130492,-0.179938548,-0.000042413,-0.000071471,0.359895343,-0.179912674,0.000066549,0.000001581,0.200015537,0.250081935,-0.000114408,0.950130322,0.150017783,0.200003174,-0.250180620,0.000073486,0.950119926,-0.149988049
-1.937837120,-1.538113710,0.117543876,0.694531448,0.054647789,0.716729767,-0.030628870,-0.179839756,0.000177110,0.000255472,0.359757169,-0.179628626,-0.000302773,-0.179857416,-0.000098409,-0.000165830,0.359757169,-0.179797382,0.000154410,0.000003668,0.200036048,0.250190110,-0.000265455,0.950302380,0.150041261,0.200007365,-0.250419083,0.000170505,0.950278257,-0.149972270
-1.937837120,-1.538113710,0.117543672,0.694531448,0.054647789,0.716729767,-0.030628870,-0.179724859,0.000304098,0.000438647,0.359583059,-0.179362348,-0.000519864,-0.179755181,-0.000168968,-0.000284731,0.359583059,-0.179652104,0.000265122,0.000006297,0.200061895,0.250326420,-0.000455789,0.950519189,0.150070846,0.200012646,-0.250719569,0.000292758,0.950477769,-0.149952388
-1.937837120,-1.538113710,0.117543064,0.694531448,0.054647789,0.716729767,-0.030628870,-0.179508705,0.000543002,0.000783255,0.359255504,-0.178861399,-0.000928276,-0.179562848,-0.000301712,-0.000508420,0.359255504,-0.179378792,0.000473406,0.000011245,0.200110521,0.250582860,-0.000813863,0.950927072,0.150126503,0.200022580,-0.251284873,0.000522753,0.950853110,-0.149914984
-1.937837120,-1.538113710,0.117542453,0.694531448,0.054647789,0.716729767,-0.030628870,-0.179249933,0.000829008,0.001195805,0.358863369,-0.178261685,-0.001417210,-0.179332594,-0.000460628,-0.000776210,0.358863369,-0.179051594,0.000722755,0.000017167,0.200168734,0.250889859,-0.001242535,0.951415371,0.150193133,0.200034474,-0.251961632,0.000798094,0.951302454,-0.149870205
-1.937837120,-1.538113710,0.117541834,0.694531448,0.054647789,0.716729767,-0.030628870,-0.178905954,0.001209190,0.001744198,0.358342112,-0.177464497,-0.002067139,-0.179026523,-0.000671871,-0.001132179,0.358342112,-0.178616657,0.001054209,0.000025040,0.200246116,0.251297947,-0.001812358,0.952064458,0.150281704,0.200050284,-0.252861232,0.001164098,0.951899757,-0.149810680
-1.937837120,-1.538113710,0.117541204,0.694531448,0.054647789,0.716729767,-0.030628870,-0.178461326,0.001700613,0.002453053,0.357668334,-0.176434051,-0.002907239,-0.178630895,-0.000944924,-0.001592304,0.357668334,-0.178054457,0.001482647,0.000035217,0.200346139,0.251825441,-0.002548913,0.952903468,0.150396191,0.200070719,-0.254024057,0.001637196,0.952671831,-0.149733739
-1.937837120,-1.538113710,0.117540568,0.694531448,0.054647789,0.716729767,-0.030628870,-0.177966375,0.002247655,0.003242135,0.356918299,-0.175286979,-0.003842420,-0.178190491,-0.001248881,-0.002104506,0.356918299,-0.177428627,0.001959575,0.000046545,0.200457482,0.252412637,-0.003368831,0.953837436,0.150523635,0.200093468,-0.255318490,0.002163839,0.953531288,-0.149648090
-1.937837120,-1.538113710,0.117539454,0.694531448,0.054647789,0.716729767,-0.030628870,-0.177300657,0.002983437,0.004303465,0.355909488,-0.173744146,-0.005100258,-0.177598138,-0.001657709,-0.002793427,0.355909488,-0.176586874,0.002601053,0.000061782,0.200607241,0.253202427,-0.004471637,0.955093642,0.150695050,0.200124065,-0.257059527,0.002872183,0.954687275,-0.149532891
-1.937837120,-1.538113710,0.117538189,0.694531448,0.054647789,0.716729767,-0.030628870,-0.176572435,0.003788302,0.005464445,0.354805959,-0.172056456,-0.006476194,-0.176950169,-0.002104922,-0.003547032,0.354805959,-0.175666089,0.003302759,0.000078449,0.200771061,0.254066371,-0.005677985,0.956467793,0.150882558,0.200157535,-0.258964030,0.003647034,0.955951797,-0.149406876
-1.937837120,-1.538113710,0.117536623,0.694531448,0.054647789,0.716729767,-0.030628870,-0.175719269,0.004731260,0.006824616,0.353513094,-0.170079204,-0.008088203,-0.176191026,-0.002628865,-0.004429934,0.353513094,-0.174587322,0.004124859,0.000097976,0.200962988,0.255078543,-0.007091309,0.958077711,0.151102239,0.200196747,-0.261195293,0.004554828,0.957433277,-0.149259239
-1.937837120,-1.538113710,0.117534725,0.694531448,0.054647789,0.716729767,-0.030628870,-0.174732027,0.005822405,0.008398541,0.352017053,-0.167791224,-0.009953542,-0.175312583,-0.003235146,-0.005451586,0.352017053,-0.173339025,0.005076153,0.000120572,0.201185077,0.256249780,-0.008726740,0.959940630,0.151356442,0.200242123,-0.263777204,0.005605284,0.959147574,-0.149088402
-1.937837120,-1.538113710,0.117532661,0.694531448,0.054647789,0.716729767,-0.030628870,-0.173677755,0.006987635,0.010079329,0.350419438,-0.165347899,-0.011945530,-0.174374497,-0.003882591,-0.006542605,0.350419438,-0.172005974,0.006092036,0.000144701,0.201422245,0.257500540,-0.010473210,0.961930035,0.151627905,0.200290579,-0.266534417,0.006727062,0.960978265,-0.148905965
-1.937837120,-1.538113710,0.117530456,0.694531448,0.054647789,0.716729767,-0.030628870,-0.172411718,0.008386918,0.012097728,0.348500917,-0.162413795,-0.014337639,-0.173247983,-0.004660085,-0.007852770,0.348500917,-0.170405159,0.007311974,0.000173678,0.201707051,0.259002534,-0.012570485,0.964319040,0.151953895,0.200348767,-0.269845457,0.008074165,0.963176678,-0.148686883
-1.937837120,-1.538113710,0.117528170,0.694531448,0.054647789,0.716729767,-0.030628870,-0.171072393,0.009867201,0.014232966,0.346471339,-0.159309846,-0.016868218,-0.172056259,-0.005482585,-0.009238777,0.346471339,-0.168711679,0.008602531,0.000204332,0.202008343,0.260591472,-0.014789163,0.966846337,0.152298756,0.200410324,-0.273348161,0.009499247,0.965502350,-0.148455119
-1.937837120,-1.538113710,0.117525720,0.694531448,0.054647789,0.716729767,-0.030628870,-0.169586605,0.011509363,0.016601705,0.344219815,-0.155866462,-0.019675533,-0.170734212,-0.006395031,-0.010776352,0.344219815,-0.166833006,0.010034218,0.000238338,0.202342585,0.262354171,-0.017250468,0.969650010,0.152681329,0.200478613,-0.277233907,0.011080172,0.968082348,-0.148198011
-1.937837120,-1.538113710,0.117522814,0.694531448,0.054647789,0.716729767,-0.030628870,-0.167950734,0.013317402,0.019209715,0.341740860,-0.152075253,-0.022766420,-0.169278622,-0.007399646,-0.012469240,0.341740860,-0.164764565,0.011610523,0.000275780,0.202710588,0.264294924,-0.019960395,0.972736887,0.153102546,0.200553799,-0.281512162,0.012820788,0.970922957,-0.147914931
-1.937837120,-1.538113710,0.117519680,0.694531448,0.054647789,0.716729767,-0.030628870,-0.166239838,0.015208363,0.021937335,0.339148214,-0.148110171,-0.025999063,-0.167756275,-0.008450334,-0.014239769,0.339148214,-0.162601260,0.013259121,0.000314938,0.203095469,0.266324685,-0.022794605,0.975965337,0.153543083,0.200632435,-0.285986628,0.014641234,0.973893843,-0.147618868
-1.937837120,-1.538113710,0.117516232,0.694531448,0.054647789,0.716729767,-0.030628870,-0.164301121,0.017351122,0.025028163,0.336210333,-0.143617102,-0.029662161,-0.166031213,-0.009640931,-0.016246060,0.336210333,-0.160149890,0.015127244,0.000359311,0.203531601,0.268624727,-0.026006217,0.979623684,0.154042280,0.200721540,-0.291056910,0.016704088,0.977260330,-0.147283383
-1.937837120,-1.538113710,0.117512704,0.694531448,0.054647789,0.716729767,-0.030628870,-0.162286256,0.019578044,0.028240391,0.333157059,-0.138947556,-0.033469137,-0.164238395,-0.010878292,-0.018331153,0.333157059,-0.157602237,0.017068743,0.000405426,0.203984863,0.271015109,-0.029343973,0.983425722,0.154561084,0.200814146,-0.296326339,0.018847967,0.980759044,-0.146934720
-1.937837120,-1.538113710,0.117509016,0.694531448,0.054647789,0.716729767,-0.030628870,-0.160119242,0.021973126,0.031695182,0.329873225,-0.133925400,-0.037563588,-0.162310198,-0.012209089,-0.020573697,0.329873225,-0.154862204,0.019156850,0.000455024,0.204472351,0.273585995,-0.032933771,0.987514862,0.155119065,0.200913745,-0.301993677,0.021153735,0.984521956,-0.146559728
-1.937837120,-1.538113710,0.117504958,0.694531448,0.054647789,0.716729767,-0.030628870,-0.157801189,0.024535145,0.035390772,0.326360508,-0.128553202,-0.041943421,-0.160247605,-0.013632642,-0.022972545,0.326360508,-0.151931192,0.021390497,0.000508079,0.204993818,0.276336071,-0.036773777,0.991889013,0.155715937,0.201020285,-0.308056027,0.023620215,0.988547141,-0.146158600
-1.937837120,-1.538113710,0.117500715,0.694531448,0.054647789,0.716729767,-0.030628870,-0.155407639,0.027180606,0.039206723,0.322733386,-0.123006037,-0.046465901,-0.158117836,-0.015102559,-0.025449521,0.322733386,-0.148904720,0.023696892,0.000562862,0.205532268,0.279175713,-0.040738848,0.996405626,0.156332248,0.201130296,-0.314315821,0.026167025,0.992703422,-0.145744407
-1.937837120,-1.538113710,0.117496109,0.694531448,0.054647789,0.716729767,-0.030628870,-0.152791590,0.030071983,0.043377396,0.318769095,-0.116943220,-0.051408780,-0.155790089,-0.016709116,-0.028156752,0.318769095,-0.145596913,0.026217684,0.000622737,0.206120771,0.282279323,-0.045072504,1.001342095,0.157005851,0.201250533,-0.321157512,0.028950581,0.997246062,-0.145291712
-1.937837120,-1.538113710,0.117491372,0.694531448,0.054647789,0.716729767,-0.030628870,-0.150103268,0.033043240,0.047663293,0.314695281,-0.110712905,-0.056488216,-0.153398033,-0.018360058,-0.030938775,0.314695281,-0.142197721,0.028808118,0.000684267,0.206725533,0.285468677,-0.049525885,1.006414943,0.157698063,0.201374092,-0.328188219,0.031811038,1.001914202,-0.144826511
-1.937837120,-1.538113710,0.117486373,0.694531448,0.054647789,0.716729767,-0.030628870,-0.147270570,0.036174067,0.052179360,0.310402687,-0.104147995,-0.061840440,-0.150877513,-0.020099662,-0.033870205,0.310402687,-0.138615978,0.031537670,0.000749101,0.207362773,0.288829313,-0.054218433,1.011760222,0.158427450,0.201504287,-0.335596505,0.034825115,1.006833039,-0.144336325
-1.937837120,-1.538113710,0.117481120,0.694531448,0.054647789,0.716729767,-0.030628870,-0.144298551,0.039458879,0.056917545,0.305898967,-0.097260199,-0.067455905,-0.148233024,-0.021924826,-0.036945813,0.305898967,-0.134858073,0.034401470,0.000817123,0.208031355,0.292355236,-0.059141776,1.017368403,0.159192710,0.201640885,-0.343369157,0.037987434,1.011993805,-0.143822031
-1.937837120,-1.538113710,0.117475741,0.694531448,0.054647789,0.716729767,-0.030628870,-0.141256901,0.042820652,0.061766741,0.301289729,-0.090211028,-0.073202937,-0.145526577,-0.023792752,-0.040093481,0.301289729,-0.131012122,0.037332368,0.000886739,0.208715601,0.295963768,-0.064180470,1.023107981,0.159975900,0.201780683,-0.351323916,0.041223844,1.017275485,-0.143295688
-1.937837120,-1.538113710,0.117469812,0.694531448,0.054647789,0.716729767,-0.030628870,-0.138015884,0.046402772,0.066933777,0.296378378,-0.082699818,-0.079326657,-0.142642737,-0.025783112,-0.043447462,0.296378378,-0.126914089,0.040455371,0.000960919,0.209444696,0.299808823,-0.069549425,1.029223758,0.160810424,0.201929644,-0.359800069,0.044672385,1.022903349,-0.142734846
-1.937837120,-1.538113710,0.117463838,0.694531448,0.054647789,0.716729767,-0.030628870,-0.134712018,0.050054357,0.072201014,0.291371786,-0.075042951,-0.085569129,-0.139702972,-0.027812069,-0.046866484,0.291371786,-0.122736586,0.043638935,0.001036537,0.210187930,0.303728441,-0.075022495,1.035458133,0.161661132,0.202081493,-0.368440593,0.048187800,1.028640350,-0.142163127
-1.937837120,-1.538113710,0.117457773,0.694531448,0.054647789,0.716729767,-0.030628870,-0.131282630,0.053844673,0.077668364,0.286174983,-0.067095183,-0.092048767,-0.136651520,-0.029918110,-0.050415402,0.286174983,-0.118400370,0.046943450,0.001115027,0.210959401,0.307796974,-0.080703499,1.041929366,0.162544159,0.202239113,-0.377409390,0.051836773,1.034595314,-0.141569688
-1.937837120,-1.538113710,0.117451638,0.694531448,0.054647789,0.716729767,-0.030628870,-0.127735940,0.057764638,0.083322725,0.280800422,-0.058875560,-0.098750041,-0.133495692,-0.032096189,-0.054085711,0.280800422,-0.113915834,0.050360997,0.001196203,0.211757260,0.312004672,-0.086578822,1.048621947,0.163457391,0.202402123,-0.386684965,0.055610560,1.040753965,-0.140955950
-1.937837120,-1.538113710,0.117445467,0.694531448,0.054647789,0.716729767,-0.030628870,-0.124130629,0.061749392,0.089070543,0.275337031,-0.050520082,-0.105562075,-0.130287705,-0.034310267,-0.057816683,0.275337031,-0.109357178,0.053835029,0.001278720,0.212568306,0.316281914,-0.092551254,1.055425144,0.164385717,0.202567827,-0.396113848,0.059446721,1.047014405,-0.140332067
-1.937837120,-1.538113710,0.117438819,0.694531448,0.054647789,0.716729767,-0.030628870,-0.120363335,0.065913179,0.095076606,0.269628172,-0.041789199,-0.112680168,-0.126935584,-0.036623822,-0.061715286,0.269628172,-0.104593703,0.057465147,0.001364945,0.213415792,0.320751331,-0.098792023,1.062534003,0.165355751,0.202740977,-0.405966365,0.063455238,1.053556127,-0.139680155
-1.937837120,-1.538113710,0.117432075,0.694531448,0.054647789,0.716729767,-0.030628870,-0.116546977,0.070131193,0.101160889,0.263844965,-0.032944609,-0.119890964,-0.123539807,-0.038967508,-0.065664662,0.263844965,-0.099768192,0.061142541,0.001452292,0.214274316,0.325278954,-0.105114068,1.069735444,0.166338419,0.202916382,-0.415947195,0.067515959,1.060183044,-0.139019752
-1.937837120,-1.538113710,0.117425136,0.694531448,0.054647789,0.716729767,-0.030628870,-0.112632654,0.074457482,0.107401353,0.257913304,-0.023872981,-0.127286860,-0.120056862,-0.041371356,-0.069715417,0.257913304,-0.094818812,0.064914333,0.001541882,0.215154877,0.329922801,-0.111598398,1.077121746,0.167346312,0.203096289,-0.426184230,0.071680918,1.066980074,-0.138342397
-1.937837120,-1.538113710,0.117418024,0.694531448,0.054647789,0.716729767,-0.030628870,-0.108630976,0.078880320,0.113781086,0.251849265,-0.014598901,-0.134847809,-0.116496188,-0.043828850,-0.073856573,0.251849265,-0.089758975,0.068770301,0.001633471,0.216055089,0.334670285,-0.118227439,1.084672888,0.168376699,0.203280211,-0.436649726,0.075938826,1.073928793,-0.137649925
-1.937837120,-1.538113710,0.117410825,0.694531448,0.054647789,0.716729767,-0.030628870,-0.104585649,0.083351401,0.120230407,0.245719083,-0.005223663,-0.142491230,-0.112896675,-0.046313150,-0.078042899,0.245719083,-0.084643949,0.072668328,0.001726059,0.216965122,0.339469552,-0.124928787,1.092306394,0.169418324,0.203466140,-0.447229374,0.080243178,1.080953304,-0.136949900
-1.937837120,-1.538113710,0.117403506,0.694531448,0.054647789,0.716729767,-0.030628870,-0.100426401,0.087948393,0.126861348,0.239416269,0.004415591,-0.150349898,-0.109195797,-0.048867410,-0.082347116,0.239416269,-0.079384877,0.076676127,0.001821255,0.217900781,0.344403972,-0.131818853,1.100154868,0.170489282,0.203657305,-0.458106957,0.084668745,1.088175630,-0.136230161
-1.937837120,-1.538113710,0.117396103,0.694531448,0.054647789,0.716729767,-0.030628870,-0.096235052,0.092580864,0.133543465,0.233064810,0.014129240,-0.158269219,-0.105466356,-0.051441383,-0.086684553,0.233064810,-0.074085217,0.080714858,0.001917185,0.218843662,0.349376474,-0.138762095,1.108063916,0.171568505,0.203849944,-0.469068492,0.089128469,1.095453698,-0.135504868
-1.937837120,-1.538113710,0.117388536,0.694531448,0.054647789,0.716729767,-0.030628870,-0.091979623,0.097284160,0.140327745,0.226616244,0.023991401,-0.166309617,-0.101679895,-0.054054710,-0.091088305,0.226616244,-0.068704530,0.084815337,0.002014582,0.219800958,0.354425001,-0.145811491,1.116093887,0.172664229,0.204045529,-0.480197618,0.093656376,1.102843042,-0.134768486
-1.937837120,-1.538113710,0.117380922,0.694531448,0.054647789,0.716729767,-0.030628870,-0.087672334,0.102044773,0.147194701,0.220089093,0.033973746,-0.174448000,-0.097847290,-0.056699885,-0.095545723,0.220089093,-0.063258272,0.088965787,0.002113166,0.220769921,0.359535052,-0.152946795,1.124221713,0.173773306,0.204243497,-0.491462368,0.098239463,1.110322437,-0.134023130
-1.937837120,-1.538113710,0.117373283,0.694531448,0.054647789,0.716729767,-0.030628870,-0.083339141,0.106834017,0.154102957,0.213522686,0.044016128,-0.182635328,-0.093991636,-0.059360967,-0.100029949,0.213522686,-0.057779259,0.093141198,0.002212342,0.221744711,0.364675837,-0.160125013,1.132398423,0.174889053,0.204442657,-0.502794866,0.102850113,1.117846816,-0.133273292
-1.937837120,-1.538113710,0.117365507,0.694531448,0.054647789,0.716729767,-0.030628870,-0.078947208,0.111688182,0.161104858,0.206867267,0.054194639,-0.190933641,-0.090083715,-0.062058123,-0.104574960,0.206867267,-0.052225975,0.097373209,0.002312863,0.222732714,0.369886306,-0.167400535,1.140685969,0.176019925,0.204644516,-0.514280983,0.107523264,1.125473192,-0.132513288
-1.937837120,-1.538113710,0.117357705,0.694531448,0.054647789,0.716729767,-0.030628870,-0.074542126,0.116556882,0.168127724,0.200191921,0.064403628,-0.199256800,-0.086164094,-0.064763354,-0.109133581,0.200191921,-0.046656063,0.101617891,0.002413686,0.223723676,0.375112378,-0.174697842,1.148998331,0.177154183,0.204846979,-0.525801492,0.112210407,1.133122402,-0.131751009
-1.937837120,-1.538113710,0.117349853,0.694531448,0.054647789,0.716729767,-0.030628870,-0.070110797,0.121454591,0.175192432,0.193476802,0.074673442,-0.207629550,-0.082221119,-0.067484703,-0.113719363,0.193476802,-0.041052965,0.105887865,0.002515108,0.224720543,0.380369587,-0.182038626,1.157360218,0.178295199,0.205050648,-0.537390642,0.116925476,1.140817185,-0.130984188
-1.937837120,-1.538113710,0.117341879,0.694531448,0.054647789,0.716729767,-0.030628870,-0.065666282,0.126366872,0.182278164,0.186741702,0.084973816,-0.216027213,-0.078266412,-0.070214150,-0.118318790,0.186741702,-0.035433194,0.110170544,0.002616833,0.225720376,0.385642439,-0.189401254,1.165746988,0.179439610,0.205254924,-0.549014277,0.121654576,1.148534864,-0.130215085
-1.937837120,-1.538113710,0.117333844,0.694531448,0.054647789,0.716729767,-0.030628870,-0.061215189,0.131286424,0.189374383,0.179996634,0.095289435,-0.224437306,-0.074305851,-0.072947637,-0.122925025,0.179996634,-0.029805105,0.114459562,0.002718708,0.226721688,0.390923096,-0.196774780,1.174146172,0.180585715,0.205459502,-0.560655116,0.126390675,1.156263968,-0.129444845
-1.937837120,-1.538113710,0.117325973,0.694531448,0.054647789,0.716729767,-0.030628870,-0.056764096,0.136205977,0.196470601,0.173251565,0.105605055,-0.232847400,-0.070345290,-0.075681124,-0.127531259,0.173251565,-0.024177016,0.118748580,0.002820583,0.227723000,0.396203753,-0.204148306,1.182545356,0.181731820,0.205664080,-0.572295955,0.131126774,1.163993071,-0.128674604
-1.937837120,-1.538113710,0.117318149,0.694531448,0.054647789,0.716729767,-0.030628870,-0.052319601,0.141118236,0.203556301,0.166516495,0.115905382,-0.241245027,-0.066390600,-0.078410559,-0.132130666,0.166516495,-0.018557271,0.123031240,0.002922307,0.228722829,0.401476581,-0.211510901,1.190932088,0.182876226,0.205868354,-0.583919537,0.135855853,1.171710716,-0.127905506
-1.937837120,-1.538113710,0.117310421,0.694531448,0.054647789,0.716729767,-0.030628870,-0.047888272,0.146015944,0.210621010,0.159801376,0.126175197,-0.249617776,-0.062447625,-0.081131908,-0.136716448,0.159801376,-0.012954172,0.127301213,0.003023730,0.229719695,0.406733791,-0.218851687,1.199293976,0.184017242,0.206072024,-0.595508687,0.140570922,1.179405499,-0.127138685
-1.937837120,-1.538113710,0.117302582,0.694531448,0.054647789,0.716729767,-0.030628870,-0.043483229,0.150884600,0.217643813,0.153126089,0.136384094,-0.257940861,-0.058528038,-0.083837115,-0.141275028,0.153126089,-0.007384310,0.131545858,0.003124551,0.230710648,0.411959815,-0.226148928,1.207606263,0.185151490,0.206274485,-0.607029093,0.145258023,1.187054641,-0.126376412
-1.937837120,-1.538113710,0.117294687,0.694531448,0.054647789,0.716729767,-0.030628870,-0.039091329,0.155738729,0.224645663,0.146470720,0.146562530,-0.266239112,-0.054620147,-0.086534251,-0.145820007,0.146470720,-0.001831067,0.135777837,0.003225072,0.231698645,0.417170246,-0.233424396,1.215893749,0.186282353,0.206476342,-0.618515126,0.149931139,1.194680961,-0.125616414
-1.937837120,-1.538113710,0.117286982,0.694531448,0.054647789,0.716729767,-0.030628870,-0.034758162,0.160527945,0.231553877,0.139904353,0.156604851,-0.274426391,-0.050764516,-0.089195317,-0.150304205,0.139904353,0.003647913,0.139953223,0.003324248,0.232673429,0.422310999,-0.240602570,1.224070409,0.187398094,0.206675500,-0.629847556,0.154541762,1.202205288,-0.124866580
-1.937837120,-1.538113710,0.117279370,0.694531448,0.054647789,0.716729767,-0.030628870,-0.030450951,0.165288472,0.238420709,0.133377319,0.166587016,-0.282564627,-0.046931981,-0.091840444,-0.154761542,0.133377319,0.009094073,0.144103598,0.003422830,0.233642374,0.427420958,-0.247737745,1.232198089,0.188507150,0.206873465,-0.641112102,0.159124767,1.209684546,-0.124121238
-1.937837120,-1.538113710,0.117271943,0.694531448,0.054647789,0.716729767,-0.030628870,-0.026195521,0.169991768,0.245204989,0.126928753,0.176449177,-0.290605025,-0.043145520,-0.094453771,-0.159165294,0.126928753,0.014474759,0.148204076,0.003520227,0.234599671,0.432469485,-0.254787143,1.240228059,0.189602875,0.207069050,-0.652241228,0.163652674,1.217073896,-0.123384856
-1.937837120,-1.538113710,0.117264533,0.694531448,0.054647789,0.716729767,-0.030628870,-0.022004269,0.174624133,0.251886953,0.120577440,0.186162604,-0.298524164,-0.039416164,-0.097027686,-0.163502632,0.120577440,0.019774298,0.152242715,0.003616155,0.235542530,0.437441874,-0.261730226,1.248136926,0.190682073,0.207261685,-0.663202512,0.168112295,1.224351799,-0.122659579
-1.937837120,-1.538113710,0.117257134,0.694531448,0.054647789,0.716729767,-0.030628870,-0.017845089,0.179221049,0.258517785,0.114274729,0.195801701,-0.306382704,-0.035715346,-0.099581904,-0.167806779,0.114274729,0.025033284,0.156250450,0.003711349,0.236478174,0.442376213,-0.268620178,1.255985272,0.191753014,0.207452846,-0.674079916,0.172537790,1.231574007,-0.121939853
-1.937837120,-1.538113710,0.117249970,0.694531448,0.054647789,0.716729767,-0.030628870,-0.013799807,0.183692080,0.264967032,0.108144616,0.205176832,-0.314026038,-0.032115874,-0.102066175,-0.171993058,0.108144616,0.030148253,0.160148432,0.003803936,0.237388195,0.447175426,-0.275321450,1.263618692,0.192794627,0.207638773,-0.684659446,0.176842093,1.238598439,-0.121239835
-1.937837120,-1.538113710,0.117242884,0.694531448,0.054647789,0.716729767,-0.030628870,-0.009798259,0.188114774,0.271346557,0.102080775,0.214450609,-0.321586741,-0.028555316,-0.104523589,-0.176134078,0.102080775,0.035207924,0.164004274,0.003895522,0.238288379,0.451922754,-0.281950275,1.271169587,0.193824980,0.207822690,-0.695124600,0.181099862,1.245546931,-0.120547386
-1.937837120,-1.538113710,0.117235955,0.694531448,0.054647789,0.716729767,-0.030628870,-0.005883937,0.192441063,0.277587022,0.096149115,0.223522237,-0.328982636,-0.025072371,-0.106927437,-0.180184834,0.096149115,0.040157304,0.167776065,0.003985112,0.239168940,0.456566601,-0.288434605,1.278555889,0.194832873,0.208002597,-0.705361635,0.185264821,1.252343960,-0.119870031
-1.937837120,-1.538113710,0.117229170,0.694531448,0.054647789,0.716729767,-0.030628870,-0.002067726,0.196658914,0.283671071,0.090366130,0.232366487,-0.336193155,-0.021676725,-0.109271033,-0.184134058,0.090366130,0.044982630,0.171453319,0.004072456,0.240027430,0.461094051,-0.294756407,1.285757053,0.195815503,0.208177995,-0.715342081,0.189325386,1.258970623,-0.119209653
-1.937837120,-1.538113710,0.117222457,0.694531448,0.054647789,0.716729767,-0.030628870,0.001699463,0.200822585,0.289676966,0.084657430,0.241097127,-0.343311050,-0.018324698,-0.111584524,-0.188032552,0.084657430,0.049745971,0.175083336,0.004158678,0.240874892,0.465563342,-0.300997002,1.292865714,0.196785510,0.208351140,-0.725194323,0.193333791,1.265512162,-0.118557759
-1.937837120,-1.538113710,0.117215809,0.694531448,0.054647789,0.716729767,-0.030628870,0.005304717,0.204807277,0.295424694,0.079194124,0.249452473,-0.350122977,-0.015116761,-0.113798567,-0.191763465,0.079194124,0.054304557,0.178557313,0.004241194,0.241685926,0.469840518,-0.306969340,1.299668804,0.197713822,0.208516841,-0.734623057,0.197169891,1.271772504,-0.117933887
-1.937837120,-1.538113710,0.117209336,0.694531448,0.054647789,0.716729767,-0.030628870,0.008851232,0.208727047,0.301078775,0.073819829,0.257671689,-0.356823919,-0.011961089,-0.115976537,-0.195433593,0.073819829,0.058788871,0.181974690,0.004322366,0.242483746,0.474048007,-0.312844372,1.306361054,0.198627008,0.208679844,-0.743898173,0.200943492,1.277930851,-0.117320179
-1.937837120,-1.538113710,0.117203213,0.694531448,0.054647789,0.716729767,-0.030628870,0.012280619,0.212517364,0.306546125,0.068623026,0.265619458,-0.363303557,-0.008909636,-0.118082579,-0.198982511,0.068623026,0.063125086,0.185279206,0.004400856,0.243255217,0.478116540,-0.318525376,1.312832286,0.199510036,0.208837463,-0.752866971,0.204592465,1.283885814,-0.116726739
-1.937837120,-1.538113710,0.117197514,0.694531448,0.054647789,0.716729767,-0.030628870,0.015584298,0.216168741,0.311813062,0.063616719,0.273275890,-0.369545673,-0.005970040,-0.120111420,-0.202401338,0.063616719,0.067302351,0.188462589,0.004476470,0.243998409,0.482035935,-0.323998134,1.319066306,0.200360695,0.208989304,-0.761507003,0.208107680,1.289622488,-0.116155053
-1.937837120,-1.538113710,0.117192026,0.694531448,0.054647789,0.716729767,-0.030628870,0.018825175,0.219750707,0.316979876,0.058705579,0.280786776,-0.375669131,-0.003086323,-0.122101694,-0.205755175,0.058705579,0.071400208,0.191585458,0.004550646,0.244727472,0.485880824,-0.329366859,1.325181820,0.201195183,0.209138259,-0.769982792,0.211556072,1.295250110,-0.115594235
-1.937837120,-1.538113710,0.117186791,0.694531448,0.054647789,0.716729767,-0.030628870,0.021866766,0.223112414,0.321828977,0.054096432,0.287835809,-0.381416049,-0.000379929,-0.123969584,-0.208902781,0.054096432,0.075246083,0.194516297,0.004620261,0.245411705,0.489489287,-0.334405453,1.330921286,0.201978358,0.209278054,-0.777937395,0.214792419,1.300531687,-0.115067902
-1.937837120,-1.538113710,0.117181565,0.694531448,0.054647789,0.716729767,-0.030628870,0.024838577,0.226396996,0.326566829,0.049593028,0.294723121,-0.387031121,0.002264373,-0.125794621,-0.211978173,0.049593028,0.079003725,0.197379897,0.004688279,0.246080240,0.493014963,-0.339328452,1.336529074,0.202743565,0.209414642,-0.785709501,0.217954516,1.305692091,-0.114553644
-1.937837120,-1.538113710,0.117176357,0.694531448,0.054647789,0.716729767,-0.030628870,0.027671274,0.229527822,0.331082897,0.045300434,0.301288031,-0.392383345,0.004784894,-0.127534224,-0.214909603,0.045300434,0.082585468,0.200109449,0.004753113,0.246717480,0.496375598,-0.344020999,1.341874353,0.203472951,0.209544837,-0.793117787,0.220968593,1.310610928,-0.114063459
-1.937837120,-1.538113710,0.117171520,0.694531448,0.054647789,0.716729767,-0.030628870,0.030359381,0.232498840,0.335368449,0.041226948,0.307517845,-0.397462373,0.007176758,-0.129185033,-0.217691403,0.041226948,0.085984386,0.202699674,0.004814637,0.247322193,0.499564695,-0.348474022,1.346946790,0.204165108,0.209668386,-0.800147928,0.223828821,1.315278691,-0.113598295
-1.937837120,-1.538113710,0.117166871,0.694531448,0.054647789,0.716729767,-0.030628870,0.032975263,0.235390034,0.339538857,0.037262910,0.313580276,-0.402404937,0.009504357,-0.130791488,-0.220398460,0.037262910,0.089291982,0.205220306,0.004874509,0.247910659,0.502668107,-0.352807401,1.351882941,0.204838667,0.209788615,-0.806989183,0.226612200,1.319821042,-0.113145629
-1.937837120,-1.538113710,0.117165568,0.694531448,0.054647789,0.716729767,-0.030628870,0.035368757,0.238035434,0.343354719,0.033635872,0.319127312,-0.406927311,0.011634076,-0.132261371,-0.222875379,0.033635872,0.092318384,0.207526647,0.004929290,0.248449097,0.505507684,-0.356772381,1.356399450,0.205454964,0.209898623,-0.813248832,0.229158950,1.323977223,-0.112731446
-1.937837120,-1.538113710,0.117167173,0.694531448,0.054647789,0.716729767,-0.030628870,0.037686584,0.240597203,0.347049948,0.030123498,0.324498987,-0.411306717,0.013696468,-0.133684785,-0.225273994,0.030123498,0.095249111,0.209760077,0.004982340,0.248970512,0.508257491,-0.360612013,1.360773177,0.206051778,0.210005154,-0.819310591,0.231625189,1.328002014,-0.112330357
-1.937837120,-1.538113710,0.117174574,0.694531448,0.054647789,0.716729767,-0.030628870,0.039853597,0.242992285,0.350504739,0.026839663,0.329521143,-0.415401168,0.015624666,-0.135015583,-0.227516538,0.026839663,0.097989144,0.211848183,0.005031938,0.249458001,0.510828377,-0.364201811,1.364862320,0.206609759,0.210104752,-0.824977930,0.233930958,1.331764928,-0.111955365
-1.937837120,-1.538113710,0.117191363,0.694531448,0.054647789,0.716729767,-0.030628870,0.041868234,0.245218954,0.353716604,0.023786735,0.334190161,-0.419207713,0.017417280,-0.136252803,-0.229601395,0.023786735,0.100536508,0.213789462,0.005078048,0.249911211,0.513218489,-0.367539189,1.368663927,0.207128505,0.210197347,-0.830246763,0.236074594,1.335263249,-0.111606742
-1.937837120,-1.538113710,0.117212843,0.694531448,0.054647789,0.716729767,-0.030628870,0.043806770,0.247361512,0.356807141,0.020849130,0.338682808,-0.422870468,0.019142180,-0.137443288,-0.231607497,0.020849130,0.102987648,0.215657411,0.005122417,0.250347301,0.515518315,-0.370750499,1.372321928,0.207627655,0.210286445,-0.835316569,0.238137255,1.338629422,-0.111271288
-1.937837120,-1.538113710,0.117252021,0.694531448,0.054647789,0.716729767,-0.030628870,0.045517620,0.249252422,0.359534689,0.018256552,0.342647785,-0.426103025,0.020664486,-0.138493948,-0.233377979,0.018256552,0.105150896,0.217305965,0.005161574,0.250732172,0.517548022,-0.373584635,1.375550290,0.208068179,0.210365078,-0.839790916,0.239957652,1.341600226,-0.110975233
-1.937837120,-1.538113710,0.117297405,0.694531448,0.054647789,0.716729767,-0.030628870,0.047153266,0.251060214,0.362142342,0.015777937,0.346438473,-0.429193488,0.022119876,-0.139498425,-0.235070635,0.015777937,0.107219054,0.218882053,0.005199010,0.251100125,0.519488508,-0.376294189,1.378636745,0.208489339,0.210440255,-0.844068583,0.241698029,1.344440444,-0.110692192
-1.937837120,-1.538113710,0.117355157,0.694531448,0.054647789,0.716729767,-0.030628870,0.048639055,0.252702375,0.364511081,0.013526413,0.349881857,-0.432000802,0.023441923,-0.140410871,-0.236608210,0.013526413,0.109097727,0.220313740,0.005233016,0.251434366,0.521251208,-0.378755494,1.381440423,0.208871912,0.210508543,-0.847954329,0.243278953,1.347020446,-0.110435083
-1.937837120,-1.538113710,0.117423692,0.694531448,0.054647789,0.716729767,-0.030628870,0.049978160,0.254182416,0.366645968,0.011497168,0.352985297,-0.434530967,0.024633453,-0.141233237,-0.237993990,0.011497168,0.110790929,0.221604085,0.005263665,0.251735610,0.522839886,-0.380973809,1.383967305,0.209216716,0.210570090,-0.851456460,0.244703803,1.349345735,-0.110203357
-1.937837120,-1.538113710,0.117497609,0.694531448,0.054647789,0.716729767,-0.030628870,0.051244018,0.255581501,0.368664081,0.009578920,0.355918984,-0.436922737,0.025759807,-0.142010620,-0.239303970,0.009578920,0.112391517,0.222823851,0.005292638,0.252020376,0.524341666,-0.383070786,1.386355968,0.209542660,0.210628270,-0.854767029,0.246050715,1.351543833,-0.109984306
-1.937837120,-1.538113710,0.117582044,0.694531448,0.054647789,0.716729767,-0.030628870,0.052298258,0.256746696,0.370344818,0.007981352,0.358362236,-0.438914665,0.026697865,-0.142658046,-0.240394955,0.007981352,0.113724528,0.223839704,0.005316767,0.252257537,0.525592388,-0.384817203,1.388345312,0.209814115,0.210676725,-0.857524159,0.247172458,1.353374470,-0.109801875
-1.937837120,-1.538113710,0.117667277,0.694531448,0.054647789,0.716729767,-0.030628870,0.053285300,0.257837619,0.371918423,0.006485616,0.360649751,-0.440779625,0.027576130,-0.143264204,-0.241416399,0.006485616,0.114972571,0.224790804,0.005339358,0.252479581,0.526763388,-0.386452302,1.390207852,0.210068267,0.210722091,-0.860105545,0.248222700,1.355088419,-0.109631072
-1.937837120,-1.538113710,0.117754096,0.694531448,0.054647789,0.716729767,-0.030628870,0.054138465,0.258780576,0.373278595,0.005192751,0.362627003,-0.442391634,0.028335272,-0.143788146,-0.242299302,0.005192751,0.116051337,0.225612904,0.005358885,0.252671508,0.527775560,-0.387865626,1.391817770,0.210287947,0.210761303,-0.862336809,0.249130494,1.356569899,-0.109483436
-1.937837120,-1.538113710,0.117836368,0.694531448,0.054647789,0.716729767,-0.030628870,0.054866501,0.259585234,0.374439276,0.004089505,0.364314259,-0.443767216,0.028983074,-0.144235244,-0.243052712,0.004089505,0.116971886,0.226314429,0.005375548,0.252835285,0.528639282,-0.389071664,1.393191570,0.210475407,0.210794764,-0.864240822,0.249905147,1.357834095,-0.109357453
-1.937837120,-1.538113710,0.117916363,0.694531448,0.054647789,0.716729767,-0.030628870,0.055532065,0.260320847,0.375500362,0.003080926,0.365856737,-0.445024763,0.029575291,-0.144643978,-0.243741475,0.003080926,0.117813445,0.226955759,0.005390781,0.252985010,0.529428889,-0.390174216,1.394447489,0.210646782,0.210825354,-0.865981458,0.250613328,1.358989812,-0.109242280
-1.937837120,-1.538113710,0.117981783,0.694531448,0.054647789,0.716729767,-0.030628870,0.056026999,0.260867870,0.376289416,0.002330917,0.367003768,-0.445959913,0.030015680,-0.144947925,-0.244253659,0.002330917,0.118439253,0.227432671,0.005402109,0.253096349,0.530016066,-0.390994105,1.395381422,0.210774223,0.210848102,-0.867275846,0.251139952,1.359849243,-0.109156634
-1.937837120,-1.538113710,0.118041474,0.694531448,0.054647789,0.716729767,-0.030628870,0.056471476,0.261359127,0.376998031,0.001657368,0.368033866,-0.446799728,0.030411174,-0.145220886,-0.244713629,0.001657368,0.119001263,0.227860964,0.005412282,0.253196339,0.530543382,-0.391730411,1.396220146,0.210888670,0.210868531,-0.868438277,0.251612889,1.360621057,-0.109079719
-1.937837120,-1.538113710,0.118089753,0.694531448,0.054647789,0.716729767,-0.030628870,0.056815455,0.261739309,0.377546424,0.001136111,0.368831053,-0.447449657,0.030717245,-0.145432129,-0.245069598,0.001136111,0.119436200,0.228192418,0.005420155,0.253273720,0.530951469,-0.392300235,1.396869233,0.210977241,0.210884341,-0.869337877,0.251978894,1.361218356,-0.109020195
-1.937837120,-1.538113710,0.118126773,0.694531448,0.054647789,0.716729767,-0.030628870,0.057074099,0.262025174,0.377958770,0.000744169,0.369430472,-0.447938350,0.030947385,-0.145590966,-0.245337256,0.000744169,0.119763236,0.228441644,0.005426075,0.253331904,0.531258317,-0.392728695,1.397357293,0.211043839,0.210896229,-0.870014302,0.252254099,1.361667480,-0.108975438
-1.937837120,-1.538113710,0.118158174,0.694531448,0.054647789,0.716729767,-0.030628870,0.057290157,0.262263971,0.378303225,0.000416760,0.369931199,-0.448346581,0.031139633,-0.145723651,-0.245560845,0.000416760,0.120036427,0.228649835,0.005431020,0.253380508,0.531514642,-0.393086610,1.397764996,0.211099471,0.210906159,-0.870579355,0.252483992,1.362042659,-0.108938050
-1.937837120,-1.538113710,0.118174916,0.694531448,0.054647789,0.716729767,-0.030628870,0.057405049,0.262390955,0.378486392,0.000242657,0.370197465,-0.448563662,0.031241862,-0.145794207,-0.245679741,0.000242656,0.120181699,0.228760543,0.005433650,0.253406354,0.531650947,-0.393276935,1.397981796,0.211129054,0.210911440,-0.870879828,0.252606239,1.362242161,-0.108918169
-1.937837120,-1.538113710,0.118188350,0.694531448,0.054647789,0.716729767,-0.030628870,0.057496159,0.262491654,0.378631646,0.000104591,0.370408617,-0.448735809,0.031322932,-0.145850159,-0.245774026,0.000104591,0.120296901,0.228848335,0.005435735,0.253426850,0.531759037,-0.393427865,1.398153720,0.211152514,0.210915627,-0.871118106,0.252703183,1.362400368,-0.108902403
-1.937837120,-1.538113710,0.118195197,0.694531448,0.054647789,0.716729767,-0.030628870,0.057539912,0.262540011,0.378701400,0.000038288,0.370510017,-0.448818479,0.031361863,-0.145877029,-0.245819305,0.000038288,0.120352223,0.228890495,0.005436736,0.253436693,0.531810945,-0.393500344,1.398236281,0.211163780,0.210917638,-0.871232532,0.252749738,1.362476340,-0.108894831
-1.937837120,-1.538113710,0.118198932,0.694531448,0.054647789,0.716729767,-0.030628870,0.057558750,0.262560832,0.378731433,0.000009742,0.370553674,-0.448854072,0.031378625,-0.145888598,-0.245838799,0.000009742,0.120376043,0.228908647,0.005437167,0.253440931,0.531833293,-0.393531550,1.398271828,0.211168630,0.210918503,-0.871281798,0.252769783,1.362509053,-0.108891572
-1.937837171,-1.538113704,0.118201123,0.694531450,0.054647794,0.716729766,-0.030628835,0.057565188,0.262568395,0.378741628,0.000000000,0.370571104,-0.448868107,0.031384346,-0.145892465,-0.245845440,0.000000000,0.120384305,0.228914945,0.005437353,0.253442551,0.531840913,-0.393541840,1.398283863,0.211170896,0.210919134,-0.871298520,0.252776178,1.362520064,-0.108890656
-1.937888604,-1.538107266,0.118207599,0.694533658,0.054652764,0.716728720,-0.030594349,0.057574869,0.263027630,0.378687178,0.000000000,0.373106496,-0.450760568,0.031385697,-0.145811551,-0.245833361,0.000000000,0.120517871,0.229018006,0.005476055,0.253616646,0.531833546,-0.393180829,1.398186728,0.211781856,0.211254708,-0.871207109,0.252330569,1.362363492,-0.109087934
-1.937984229,-1.538117713,0.118214000,0.694540400,0.054628338,0.716727174,-0.030521082,0.057579318,0.263458413,0.378620287,0.000000000,0.375440581,-0.452242575,0.031386370,-0.145687757,-0.245805534,0.000000000,0.120656718,0.229079078,0.005520967,0.253773839,0.531899764,-0.392932067,1.398117073,0.212266250,0.211508737,-0.871116763,0.251981008,1.362248126,-0.109256126
-1.938167837,-1.538161777,0.118220252,0.694556154,0.054545384,0.716724617,-0.030370605,0.057573353,0.263832549,0.378528626,0.000000000,0.377373883,-0.452907412,0.031385697,-0.145478597,-0.245746355,0.000000000,0.120806078,0.229056556,0.005578243,0.253897383,0.532112483,-0.392906783,1.398102127,0.212498666,0.211600416,-0.871028535,0.251822666,1.362214796,-0.109366411
-1.938262663,-1.538177758,0.118218146,0.694557028,0.054494267,0.716731059,-0.030290243,0.057518231,0.264108268,0.378449549,0.000000000,0.378496052,-0.453445726,0.031353033,-0.145313493,-0.245736874,0.000000000,0.120899675,0.229023754,0.005569196,0.253968632,0.532265624,-0.392928146,1.398054702,0.212635058,0.211569076,-0.870944224,0.251814321,1.362215803,-0.109477081
-1.938313246,-1.538179746,0.118211861,0.694550461,0.054458918,0.716742024,-0.030244920,0.057438500,0.264334899,0.378376715,0.000000000,0.379213631,-0.453921155,0.031304392,-0.145170393,-0.245752294,0.000000000,0.120965421,0.228985875,0.005526981,0.254013758,0.532389045,-0.392972825,1.397991084,0.212723739,0.211476437,-0.870861846,0.251880568,1.362233930,-0.109587936
-1.938309808,-1.538166084,0.118186260,0.694505119,0.054350889,0.716790238,-0.030337674,0.057221339,0.264459873,0.378284536,0.000000000,0.379071222,-0.454476449,0.031203904,-0.145101782,-0.245926818,0.000000000,0.120936985,0.228984543,0.005333467,0.253966818,0.532446159,-0.393112855,1.397899745,0.212887222,0.211312338,-0.870764821,0.251892084,1.362281853,-0.109693294
-1.938307520,-1.538156894,0.118165002,0.694470169,0.054272860,0.716827067,-0.030407183,0.057038445,0.264550525,0.378212525,0.000000000,0.378947900,-0.454922850,0.031120295,-0.145054021,-0.246072530,0.000000000,0.120915925,0.229006892,0.005152839,0.253929709,0.532476735,-0.393223239,1.397830338,0.213050070,0.211167660,-0.870693423,0.251891467,1.362313152,-0.109777875
-1.938307520,-1.538156606,0.118152392,0.694455931,0.054254547,0.716841260,-0.030430428,0.056923755,0.264572859,0.378180660,0.000000000,0.378862569,-0.455152503,0.031070283,-0.145047763,-0.246160892,0.000000000,0.120909546,0.229076380,0.004997860,0.253912167,0.532454491,-0.393274613,1.397804586,0.213211657,0.211061640,-0.870673038,0.251866702,1.362311364,-0.109821100
-1.938306566,-1.538159948,0.118145057,0.694448099,0.054228839,0.716849992,-0.030449299,0.056853703,0.264578035,0.378159840,0.000000000,0.378862767,-0.455268388,0.031042922,-0.145050119,-0.246182411,0.000000000,0.120928271,0.229163599,0.004889491,0.253909682,0.532413714,-0.393299551,1.397807877,0.213364665,0.210983573,-0.870683149,0.251850031,1.362286078,-0.109854730
-1.938305138,-1.538165089,0.118140354,0.694443452,0.054199509,0.716856003,-0.030465972,0.056805906,0.264574661,0.378144469,0.000000000,0.378905563,-0.455327611,0.031026831,-0.145056776,-0.246170628,0.000000000,0.120959481,0.229259604,0.004804362,0.253914724,0.532363731,-0.393311377,1.397825596,0.213513392,0.210919395,-0.870708418,0.251837266,1.362249145,-0.109883590
-1.938303278,-1.538164591,0.118141864,0.694437011,0.054223611,0.716860541,-0.030463144,0.056796420,0.264560588,0.378087141,0.000000000,0.378985511,-0.455337321,0.031009598,-0.145076446,-0.246118816,0.000000000,0.120984837,0.229322011,0.004762295,0.253951131,0.532326609,-0.393361338,1.397821876,0.213651607,0.210838741,-0.870719433,0.251712399,1.362254077,-0.109916712
-1.938303284,-1.538162536,0.118145150,0.694432222,0.054240233,0.716863861,-0.030464593,0.056788111,0.264549500,0.378032492,0.000000000,0.379046872,-0.455347921,0.030997297,-0.145082094,-0.246009777,0.000000000,0.121050476,0.229382202,0.004711986,0.253988758,0.532299594,-0.393408715,1.397812128,0.213777985,0.210769569,-0.870727446,0.251593727,1.362287549,-0.109937802
-1.938307004,-1.538157382,0.118151967,0.694430723,0.054241970,0.716864758,-0.030474551,0.056782145,0.264544350,0.377983174,0.000000000,0.379071245,-0.455360295,0.030994810,-0.145059841,-0.245786857,0.000000000,0.121196278,0.229437983,0.004645274,0.254028813,0.532292692,-0.393450952,1.397790383,0.213880804,0.210723246,-0.870729485,0.251487386,1.362377814,-0.109934950
-1.938312872,-1.538156868,0.118160820,0.694435145,0.054222008,0.716861186,-0.030493329,0.056776588,0.264531617,0.377932185,0.000000000,0.379041106,-0.455410046,0.031000853,-0.144987917,-0.245254812,0.000000000,0.121502911,0.229343938,0.004586153,0.254047134,0.532285336,-0.393487862,1.397767541,0.213968499,0.210635458,-0.870723546,0.251428176,1.362499464,-0.109930835
-1.938319817,-1.538158679,0.118170693,0.694442512,0.054191281,0.716855386,-0.030516545,0.056771261,0.264515012,0.377880323,0.000000000,0.378983851,-0.455478437,0.031011132,-0.144891282,-0.244568265,0.000000000,0.121889438,0.229174192,0.004530820,0.254054618,0.532277683,-0.393522128,1.397744192,0.214048706,0.210527068,-0.870713673,0.251392264,1.362636755,-0.109926126
-1.938335052,-1.538174915,0.118187194,0.694450813,0.054186375,0.716844839,-0.030584017,0.056788747,0.264410010,0.377792220,0.000000000,0.378927899,-0.455588283,0.031013678,-0.144791663,-0.243250062,0.000000000,0.122177519,0.227988751,0.004486417,0.254038542,0.532208231,-0.393560413,1.397754776,0.214159581,0.210441075,-0.870732555,0.251226716,1.362798331,-0.109951532
-1.938352058,-1.538189786,0.118204201,0.694461206,0.054210272,0.716831338,-0.030622102,0.056812458,0.264297688,0.377775188,0.000000000,0.378906095,-0.455663737,0.031019929,-0.144636242,-0.241914012,0.000000000,0.122300420,0.227015603,0.004466734,0.254025469,0.532135478,-0.393586752,1.397763542,0.214283262,0.210360101,-0.870759047,0.251045916,1.362975100,-0.109996009
-1.938372590,-1.538201942,0.118222215,0.694475765,0.054291472,0.716811958,-0.030601719,0.056848554,0.264170801,0.377899555,0.000000000,0.378952229,-0.455670765,0.031033552,-0.144369798,-0.240542450,0.000000000,0.122094688,0.226464824,0.004496231,0.254018370,0.532056155,-0.393589327,1.397768690,0.214432421,0.210289111,-0.870800675,0.250834771,1.363182096,-0.110078429
-1.938398420,-1.538217733,0.118233426,0.694469713,0.054244091,0.716816941,-0.030706166,0.056737365,0.264060668,0.377931273,0.000000000,0.379039457,-0.455634227,0.031062571,-0.144087357,-0.239090339,0.000000000,0.121661753,0.226358711,0.004348549,0.253957233,0.531975805,-0.393583960,1.397791133,0.214565423,0.210267921,-0.870875431,0.250597854,1.363339652,-0.110073788
-1.938426879,-1.538235348,0.118241292,0.694453436,0.054132797,0.716833971,-0.030872688,0.056553035,0.263958798,0.377916666,0.000000000,0.379147308,-0.455576285,0.031099367,-0.143796833,-0.237597740,0.000000001,0.121115922,0.226472234,0.004112732,0.253869263,0.531894888,-0.393574751,1.397822193,0.214690453,0.210271516,-0.870966681,0.250348300,1.363472674,-0.110025881
-1.938450987,-1.538267245,0.118282264,0.694476699,0.054052875,0.716810599,-0.031031717,0.056462286,0.263797488,0.377694702,0.000000000,0.379410149,-0.455737524,0.031237018,-0.143400058,-0.235749161,0.000000012,0.120655280,0.225319311,0.003864044,0.253817048,0.531767357,-0.393654664,1.397866756,0.214870226,0.210290792,-0.871072432,0.250249004,1.363650989,-0.110005398
-1.938478275,-1.538302732,0.118343817,0.694514913,0.054007803,0.716770711,-0.031175955,0.056448419,0.263594811,0.377404421,0.000000000,0.379778391,-0.455963795,0.031417942,-0.142971222,-0.233754427,0.000000026,0.120133294,0.223678422,0.003634845,0.253802313,0.531596454,-0.393731801,1.397932399,0.215056301,0.210339636,-0.871224977,0.250178715,1.363813991,-0.109974833
-1.938511887,-1.538345362,0.118446306,0.694582896,0.054032057,0.716698001,-0.031290771,0.056587477,0.263309850,0.376978250,0.000000000,0.380356288,-0.456319423,0.031684941,-0.142478612,-0.231468974,0.000000042,0.119489288,0.221066917,0.003444414,0.253862127,0.531339282,-0.393803416,1.398039974,0.215254911,0.210447291,-0.871470598,0.250166127,1.363946533,-0.109924215
-1.938599868,-1.538387800,0.118587205,0.694663143,0.054094127,0.716610876,-0.031397387,0.056780635,0.262966321,0.376442799,0.000000000,0.381215157,-0.456632976,0.032025754,-0.141810343,-0.228531353,0.000000029,0.118043827,0.218036120,0.003185230,0.254013400,0.530977870,-0.393833637,1.398169762,0.215445747,0.210592079,-0.871857529,0.250203352,1.363970008,-0.109834330
-1.938715144,-1.538430151,0.118747267,0.694749470,0.054175062,0.716516555,-0.031500207,0.057000748,0.262593499,0.375852679,0.000000000,0.382213970,-0.456925660,0.032403505,-0.141054305,-0.225267270,0.000000000,0.116196237,0.214796733,0.002891834,0.254210135,0.530564485,-0.393843648,1.398310730,0.215632951,0.210755422,-0.872315073,0.250265317,1.363939302,-0.109724919
-1.939038799,-1.538479220,0.118957797,0.694832432,0.054306952,0.716411582,-0.031829121,0.057265529,0.262084553,0.374996563,0.000000000,0.383399929,-0.457259992,0.032969380,-0.139957950,-0.220257980,0.000000000,0.111454607,0.211473827,0.002579253,0.254393869,0.530036728,-0.394151765,1.398558784,0.216007910,0.210993587,-0.873050828,0.250303119,1.363948524,-0.109613105
-1.939301786,-1.538518786,0.119207653,0.694945292,0.054474962,0.716279319,-0.032053969,0.057769728,0.261591595,0.374041982,0.000000000,0.384677323,-0.457666145,0.033630198,-0.138661714,-0.214786092,0.000000000,0.107163283,0.206906732,0.002436090,0.254724392,0.529434253,-0.394432952,1.399139979,0.216467488,0.211293031,-0.873701730,0.250428024,1.363997715,-0.109587797
-1.939444126,-1.538539456,0.119535717,0.695117719,0.054714813,0.716092900,-0.032071867,0.058750047,0.261130429,0.372891590,0.000000000,0.386136549,-0.458215127,0.034479823,-0.136967980,-0.208394252,0.000000000,0.103767465,0.199865363,0.002629841,0.255346831,0.528683192,-0.394660585,1.400383677,0.217095345,0.211714338,-0.874183889,0.250726145,1.364126392,-0.109734520
-1.939592962,-1.538544172,0.119992623,0.695507892,0.055168496,0.715687894,-0.031875492,0.060582503,0.260649162,0.371672841,0.000000000,0.387330762,-0.459068119,0.035871045,-0.135072830,-0.199738789,0.000003341,0.100776885,0.192658038,0.003076720,0.256820863,0.527650300,-0.394483759,1.403305931,0.217650375,0.212314148,-0.874600117,0.250994204,1.364338150,-0.109787859
-1.939745106,-1.538540934,0.120513661,0.696005814,0.055728178,0.715173709,-0.031572820,0.062838739,0.260157852,0.370418434,0.000000000,0.388391855,-0.460072312,0.037531935,-0.133077138,-0.189954044,0.000008361,0.097989400,0.185366763,0.003648551,0.258717982,0.526477773,-0.394106163,1.407059970,0.218169689,0.213002291,-0.874983660,0.251247108,1.364591238,-0.109794566
-1.939958181,-1.538521266,0.121097004,0.696507859,0.056086735,0.714661730,-0.031459380,0.065220542,0.259628181,0.367873386,0.000000000,0.388393822,-0.461131079,0.039521338,-0.130764014,-0.177105795,0.000027948,0.096465698,0.176959894,0.003539808,0.260415426,0.525665377,-0.393955564,1.408762943,0.219065234,0.213378135,-0.875436529,0.251338554,1.364866832,-0.109640512
-1.940223270,-1.538500042,0.121688870,0.697032711,0.056385052,0.714126476,-0.031456342,0.067631927,0.259009834,0.364834368,0.000000000,0.387923266,-0.461878666,0.041616071,-0.128353613,-0.163159208,0.000035431,0.095526333,0.168017461,0.003275346,0.262172865,0.524936614,-0.393987407,1.410003349,0.219881069,0.213721916,-0.875995949,0.251558298,1.365161287,-0.109477439
-1.940591775,-1.538475724,0.122297682,0.697603321,0.056563629,0.713545370,-0.031672831,0.070102128,0.258215177,0.360813232,0.000000000,0.386513233,-0.462007557,0.043920223,-0.125749806,-0.147028886,0.000018848,0.095748757,0.158010209,0.002701281,0.264049590,0.524374132,-0.394381981,1.410324070,0.220538422,0.214001950,-0.876767217,0.252033125,1.365493241,-0.109296438
-1.941045568,-1.538450973,0.122955406,0.698230297,0.057090759,0.712897006,-0.031511215,0.073397183,0.257165079,0.355532786,0.000000000,0.382999903,-0.461823456,0.046597824,-0.123013635,-0.128921694,0.000007995,0.097466351,0.146118114,0.002828376,0.266196208,0.523931934,-0.394832303,1.410505087,0.220802641,0.214593154,-0.877588773,0.252666592,1.365835847,-0.109073868
-1.941541855,-1.538426010,0.123637645,0.698885154,0.057791341,0.712213925,-0.031161318,0.077104382,0.255987283,0.349626452,0.000000000,0.378437901,-0.461481459,0.049462858,-0.120211656,-0.109828917,0.000000000,0.099926617,0.133290037,0.003304404,0.268478241,0.523549490,-0.395309823,1.410617022,0.220871003,0.215340380,-0.878435064,0.253379045,1.366183391,-0.108831038
-1.942116780,-1.538403624,0.124471353,0.699961587,0.058695479,0.711107710,-0.030568634,0.082428862,0.254260013,0.343721921,0.000000000,0.371422817,-0.459408127,0.053681300,-0.117394263,-0.088468946,0.000000000,0.102057720,0.121060044,0.004112260,0.271704667,0.523146082,-0.395410872,1.410989818,0.220595976,0.217101366,-0.879090102,0.254195750,1.366265646,-0.108884079
-1.942640619,-1.538391220,0.125251800,0.701064789,0.059465253,0.709973410,-0.030162935,0.087445274,0.252424784,0.337707022,0.000000000,0.364003517,-0.456602725,0.057346327,-0.114565855,-0.066201970,0.000342463,0.103170163,0.107405008,0.004560882,0.274795672,0.522705351,-0.395671449,1.411400294,0.220306785,0.218770334,-0.879704478,0.255160372,1.366592229,-0.109231045
-1.943062910,-1.538398660,0.125926374,0.702223907,0.059968166,0.708786036,-0.030129038,0.091849317,0.250374956,0.331472737,0.000000000,0.355780731,-0.452342137,0.059911291,-0.111715555,-0.042132075,0.001365665,0.102257742,0.090917314,0.004295432,0.277617491,0.522190434,-0.396249130,1.411885669,0.219989441,0.220256391,-0.880238029,0.256419021,1.367404481,-0.110162268
-1.943285754,-1.538442508,0.126202883,0.702601126,0.060023697,0.708392497,-0.030477593,0.093454817,0.248381466,0.324653315,0.000000000,0.348792870,-0.446356787,0.056246331,-0.108716265,-0.017604378,0.011719944,0.097088007,0.072043029,0.002866744,0.278942808,0.521406689,-0.397113916,1.412567768,0.219674647,0.220925281,-0.880520408,0.257637423,1.369009981,-0.111986137
-1.943409366,-1.538504611,0.126281312,0.702590305,0.059856525,0.708393945,-0.031017393,0.093667290,0.246415569,0.317541645,0.000000000,0.342422156,-0.439513793,0.049472692,-0.105642291,0.007148735,0.026731889,0.089798643,0.051981534,0.000857814,0.279522949,0.520488007,-0.398121414,1.413348637,0.219361414,0.221187094,-0.880678594,0.258834937,1.371007061,-0.114253747
-1.943442126,-1.538684571,0.126159340,0.702559809,0.059372695,0.708402865,-0.032403374,0.092141545,0.244164270,0.309364331,0.000000000,0.338560684,-0.432235153,0.033386521,-0.102103604,0.030425038,0.056790246,0.079529529,0.030980241,-0.002744368,0.278985536,0.518599606,-0.399164410,1.414856554,0.219258023,0.220714270,-0.881275087,0.259396079,1.371157764,-0.116654769
-1.943329240,-1.538893719,0.126026390,0.702535564,0.058922886,0.708401256,-0.033756992,0.090580826,0.241874910,0.301385393,0.000000000,0.335441572,-0.425460087,0.015356578,-0.098286262,0.052547094,0.090766806,0.070744280,0.013036237,-0.006334008,0.278183581,0.516468420,-0.400412103,1.416576106,0.219276524,0.219796532,-0.881873771,0.260180569,1.371491013,-0.118654511
-1.942926906,-1.539160871,0.125871624,0.702525399,0.058540830,0.708380398,-0.035046365,0.088950603,0.239509911,0.293800691,0.000000000,0.333797773,-0.419685788,-0.006536277,-0.093915143,0.072375285,0.132530115,0.064907954,0.001168062,-0.009898724,0.276855892,0.513854742,-0.402066596,1.418716243,0.219537264,0.217994606,-0.882476809,0.261408926,1.372187038,-0.119856783
-1.942433155,-1.539473418,0.125717665,0.702550726,0.057876182,0.708330549,-0.036615014,0.087204869,0.237162552,0.287447090,0.000000000,0.333149881,-0.414814690,-0.031534818,-0.089215782,0.090109504,0.181695973,0.059717819,-0.002085989,-0.013774179,0.275218308,0.511079212,-0.404119604,1.421031088,0.219976116,0.216190375,-0.883168539,0.262342320,1.373302148,-0.120044114
-1.941894104,-1.539808579,0.125564127,0.702592066,0.057070571,0.708264579,-0.038322642,0.085401537,0.234824188,0.281708816,0.000000000,0.332998172,-0.410394076,-0.058082900,-0.084352351,0.106799986,0.234554795,0.054847371,-0.001048686,-0.017804639,0.273426311,0.508223407,-0.406370611,1.423432718,0.220503720,0.214385381,-0.883904477,0.263128650,1.374625642,-0.119725918
-1.941434260,-1.540188101,0.125423795,0.702665827,0.055963182,0.708172551,-0.040255389,0.083452151,0.232646167,0.278544529,0.000000000,0.333832759,-0.407204933,-0.089236014,-0.078797651,0.121092015,0.298085204,0.049056518,0.008241091,-0.022272639,0.271316708,0.505459037,-0.408636383,1.425828986,0.221215853,0.212844842,-0.884741622,0.263548873,1.376077878,-0.118499296
-1.941004087,-1.540569011,0.125289812,0.702753689,0.054794892,0.708064080,-0.042190406,0.081517424,0.230648278,0.275902594,0.000000000,0.335031726,-0.404404471,-0.121582153,-0.072947538,0.134752590,0.364266779,0.043403010,0.018270648,-0.026659976,0.269132380,0.502794383,-0.410796086,1.428163976,0.221966826,0.211423386,-0.885599346,0.263863766,1.377477912,-0.117108553
-1.940632870,-1.540952679,0.125168444,0.702872794,0.053505861,0.707926191,-0.044130109,0.079611826,0.229008287,0.274298510,0.000000000,0.336954674,-0.402376272,-0.156298693,-0.066510476,0.147158539,0.435715907,0.038022392,0.029770060,-0.030887043,0.266799581,0.500327853,-0.412745039,1.430377212,0.222794968,0.210238533,-0.886497958,0.263969380,1.378774225,-0.115391722
-1.940330657,-1.541328986,0.125065389,0.703000463,0.052179644,0.707778828,-0.046008297,0.077792500,0.227688431,0.273200259,0.000000000,0.339002284,-0.400936859,-0.192370934,-0.059606201,0.159028682,0.510610535,0.033405676,0.041507210,-0.034893713,0.264360050,0.498136677,-0.414377510,1.432395205,0.223661802,0.209274850,-0.887408466,0.263889258,1.379875748,-0.113535688
-1.940062867,-1.541701610,0.124971362,0.703130638,0.050834553,0.707624874,-0.047855949,0.076015359,0.226528018,0.272352739,0.000000000,0.341111853,-0.399790547,-0.229118052,-0.052469444,0.170631841,0.587219891,0.029171735,0.053363110,-0.038790745,0.261867340,0.496082954,-0.415852022,1.434315706,0.224547867,0.208421378,-0.888324843,0.263716508,1.380880036,-0.111610477
-1.939894206,-1.542055451,0.124832576,0.703302309,0.049306944,0.707428407,-0.049796950,0.073794839,0.225661960,0.271168068,0.000000000,0.343251168,-0.399088946,-0.266888125,-0.045047881,0.181659237,0.666117785,0.027179863,0.065665752,-0.042573131,0.259262663,0.494489313,-0.416813741,1.435889438,0.225443019,0.207807566,-0.889215538,0.263293343,1.381558445,-0.109660139
-1.939757232,-1.542401389,0.124605437,0.703296274,0.047708318,0.707400236,-0.051799356,0.070917101,0.224844611,0.269794517,0.000000000,0.345645747,-0.398459178,-0.304950246,-0.037743450,0.192283308,0.744526229,0.026136107,0.078161376,-0.046433552,0.256634863,0.493051003,-0.417614326,1.437342475,0.226327701,0.207234425,-0.890084139,0.262793854,1.382137533,-0.107739585
-1.939683203,-1.542731626,0.124202789,0.702940770,0.045968882,0.707709927,-0.053923975,0.066733841,0.224124019,0.268045771,0.000000000,0.348547390,-0.397972102,-0.343592502,-0.030671695,0.202106201,0.821962412,0.026975724,0.091040346,-0.050448987,0.253961130,0.491921249,-0.418094829,1.438555759,0.227191587,0.206742072,-0.890908849,0.262142752,1.382519329,-0.105878193
-1.939679480,-1.543042696,0.123626272,0.702253795,0.044301536,0.708341901,-0.055935077,0.061440201,0.223436818,0.266368572,0.000000000,0.351678239,-0.398058705,-0.382327334,-0.024147085,0.211236576,0.897499131,0.029949632,0.103604146,-0.054349722,0.251271543,0.491083483,-0.418301320,1.439539459,0.228012702,0.206252744,-0.891666262,0.261354249,1.382748382,-0.104121384
-1.939710815,-1.543344163,0.122963328,0.701399392,0.042669798,0.709131150,-0.057889493,0.055594577,0.222766514,0.264727104,0.000000000,0.354922720,-0.398431240,-0.421105214,-0.017896140,0.220021557,0.972087259,0.033989449,0.116009065,-0.058193747,0.248574125,0.490391313,-0.418371247,1.440408678,0.228812439,0.205764778,-0.892390059,0.260497235,1.382901367,-0.102416808
-1.939836840,-1.543591719,0.122242659,0.700508980,0.041024156,0.709950456,-0.059787441,0.049355048,0.222301298,0.263217417,0.000000000,0.358048472,-0.399489722,-0.457997311,-0.012917936,0.227829786,1.043199841,0.041964382,0.126878576,-0.062195708,0.245902695,0.490090388,-0.418118644,1.440969996,0.229522525,0.205186643,-0.892985742,0.259458586,1.382912636,-0.100906232
-1.939964186,-1.543827537,0.121524666,0.699646515,0.039201728,0.710732592,-0.061783178,0.043155859,0.221931796,0.261833841,0.000000000,0.361167805,-0.400536430,-0.493949569,-0.008578730,0.235078832,1.112686450,0.050839011,0.137926513,-0.066187061,0.243257754,0.489902297,-0.417787798,1.441442902,0.230196104,0.204558194,-0.893531997,0.258367859,1.382906474,-0.099467430
-1.940094153,-1.544040041,0.120811989,0.698843575,0.037028457,0.711444973,-0.063973447,0.037036786,0.221752381,0.260700722,0.000000000,0.364274389,-0.401559756,-0.528035314,-0.005508570,0.241217343,1.178943894,0.061500429,0.149328804,-0.070157346,0.240665421,0.489938292,-0.417301561,1.441740223,0.230797183,0.203829821,-0.893980088,0.257173705,1.382865698,-0.098171168
-1.940230042,-1.544227305,0.120138925,0.698047979,0.035460064,0.712164210,-0.065526642,0.031578334,0.221693690,0.260759235,0.000000000,0.367178372,-0.402399506,-0.559883599,-0.003296163,0.247675923,1.241797793,0.073306662,0.161369762,-0.073350183,0.238161622,0.490159920,-0.416716131,1.441892736,0.231316942,0.202988880,-0.894322808,0.255896470,1.382843786,-0.097025223
-1.940368919,-1.544401962,0.119485666,0.697256122,0.034191996,0.712886701,-0.066763462,0.026449198,0.221695230,0.261410369,0.000000000,0.369980032,-0.403148220,-0.590615327,-0.001511335,0.254293174,1.302955713,0.085683875,0.173727118,-0.076156502,0.235702068,0.490474055,-0.416081344,1.441973087,0.231796127,0.202091826,-0.894612962,0.254577852,1.382831380,-0.095954273
-1.940537293,-1.544528281,0.118918509,0.696538595,0.032939950,0.713535098,-0.067945631,0.022161775,0.221882549,0.262706730,0.000000006,0.371693892,-0.403960293,-0.617743710,-0.000817302,0.260768592,1.360185688,0.099706827,0.185665266,-0.078618236,0.233424695,0.491005786,-0.415376564,1.441883554,0.232147730,0.201052365,-0.894745106,0.253174080,1.382906783,-0.095114754
-1.940717789,-1.544629730,0.118381786,0.695864152,0.031867244,0.714153829,-0.068861225,0.018264805,0.222192602,0.264212407,0.000000014,0.373074238,-0.405096686,-0.644210961,-0.000301502,0.267019546,1.416190832,0.114918412,0.197533109,-0.080626964,0.231223012,0.491590845,-0.414671737,1.441751729,0.232456683,0.199988351,-0.894827105,0.251758555,1.383022215,-0.094354960
-1.940922355,-1.544681799,0.117905488,0.695279130,0.031150814,0.714717627,-0.069247900,0.015143094,0.222746349,0.266133693,0.000000026,0.373792380,-0.406877029,-0.669365505,-0.000139591,0.272824816,1.469764017,0.132490083,0.209261355,-0.081736230,0.229171612,0.492281787,-0.413966819,1.441535931,0.232680952,0.198875587,-0.894809537,0.250319696,1.383217127,-0.093753465
-1.941141164,-1.544682963,0.117456486,0.694699143,0.030687749,0.715299771,-0.069264709,0.012508945,0.223554923,0.268860099,0.000000018,0.374757509,-0.409155265,-0.693835827,-0.000427654,0.277396431,1.521478376,0.151151974,0.218981316,-0.081923047,0.227294800,0.493041256,-0.413302359,1.441262937,0.232824586,0.197787082,-0.894703082,0.248900538,1.383491434,-0.093315156
-1.941367011,-1.544658786,0.117021054,0.694121450,0.030351127,0.715890921,-0.069097111,0.010117341,0.224490427,0.271987502,0.000000000,0.375845944,-0.411680041,-0.717964929,-0.000940921,0.281353890,1.572264489,0.170354893,0.227694910,-0.081650344,0.225505115,0.493834819,-0.412658163,1.440961474,0.232928021,0.196710914,-0.894552328,0.247491342,1.383805286,-0.092958253
-1.941574295,-1.544589479,0.116598521,0.693524445,0.030436456,0.716528935,-0.068437943,0.008057802,0.225698846,0.275952651,0.000000000,0.377368559,-0.413850632,-0.741115163,-0.002584264,0.284194450,1.619634278,0.189502320,0.230605412,-0.080363863,0.224002622,0.494677099,-0.412125924,1.440611869,0.232923043,0.195814580,-0.894292081,0.246193161,1.384203714,-0.092849504
-1.941769670,-1.544523788,0.116173129,0.692888206,0.030563646,0.717203949,-0.067751698,0.005982412,0.226909065,0.279749335,0.000000000,0.378874067,-0.415571748,-0.763854944,-0.004860948,0.286871019,1.665324105,0.207602188,0.231499691,-0.078888057,0.222602392,0.495519069,-0.411645943,1.440257431,0.232887039,0.195035181,-0.894004422,0.244966008,1.384608405,-0.092823793
-1.941941404,-1.544465276,0.115742061,0.692174697,0.030773962,0.717953045,-0.067011763,0.003875557,0.228122857,0.283211601,0.000000000,0.380345613,-0.416400613,-0.785779933,-0.008394880,0.289222053,1.707679038,0.223622547,0.228391561,-0.077036420,0.221405162,0.496360427,-0.411269701,1.439893402,0.232789442,0.194487908,-0.893662352,0.243879857,1.385025530,-0.092962918
-1.942092105,-1.544435785,0.115374072,0.691575027,0.031184704,0.718595728,-0.066118648,0.002239135,0.229170153,0.286235106,0.000001546,0.380993980,-0.416889875,-0.805932574,-0.013022421,0.292186380,1.744244478,0.235948190,0.222787893,-0.074765252,0.220417779,0.497171419,-0.411023012,1.439539542,0.232642053,0.194295338,-0.893285615,0.243016350,1.385392202,-0.093261674
-1.942232320,-1.544420759,0.115037579,0.691031290,0.031695159,0.719184782,-0.065149228,0.000837571,0.230134239,0.289039869,0.000003874,0.381230500,-0.417209393,-0.825199116,-0.018194857,0.295456536,1.777917695,0.246426393,0.215947569,-0.072285077,0.219535060,0.497967200,-0.410840996,1.439190796,0.232469860,0.194279986,-0.892891638,0.242264129,1.385733514,-0.093640016
-1.942344401,-1.544443649,0.114815249,0.690560311,0.032375166,0.719705824,-0.064045541,0.000268027,0.230751868,0.291245918,0.000015274,0.379489693,-0.416809168,-0.840577626,-0.024669290,0.299606081,1.800231684,0.248659059,0.210108503,-0.069320572,0.218964865,0.498679361,-0.410885768,1.438882051,0.232241968,0.194973191,-0.892475259,0.241984977,1.385883173,-0.094237121
-1.942458424,-1.544475572,0.114653572,0.690183622,0.033151164,0.720134265,-0.062882497,0.000133136,0.231220569,0.293293237,0.000021795,0.376752447,-0.415803919,-0.854171380,-0.031395613,0.303376725,1.818896163,0.249118933,0.205186750,-0.066227203,0.218495540,0.499352933,-0.411016550,1.438593367,0.232001362,0.195957704,-0.892060173,0.241916859,1.385924584,-0.094897026
-1.942576302,-1.544525420,0.114612271,0.689995312,0.034117727,0.720380227,-0.061601771,0.000860885,0.231393699,0.295025533,0.000018631,0.372037614,-0.413597905,-0.864223005,-0.038621852,0.306395385,1.830317619,0.246060424,0.202085549,-0.062878085,0.218226408,0.499949919,-0.411318029,1.438344496,0.231735524,0.197520362,-0.891647651,0.242267572,1.385751159,-0.095681568
-1.942719276,-1.544587464,0.114651964,0.689993085,0.034905329,0.720442380,-0.060447808,0.002221341,0.231239206,0.295609457,0.000010531,0.365863430,-0.410197039,-0.869668597,-0.046070442,0.306616037,1.835931849,0.244688747,0.199634327,-0.059241031,0.218142028,0.500453921,-0.411808089,1.438145527,0.231454658,0.199746504,-0.891251531,0.243147468,1.385270807,-0.096561670
-1.942875005,-1.544655643,0.114732040,0.690083135,0.035604213,0.720412659,-0.059356621,0.003897189,0.230921274,0.295621127,0.000000000,0.358962492,-0.406201528,-0.872812772,-0.053629125,0.305438824,1.838654773,0.244169297,0.197502312,-0.055461328,0.218149724,0.500911522,-0.412392234,1.437971463,0.231166318,0.202303668,-0.890863613,0.244291551,1.384637158,-0.097489331
-1.943203886,-1.544772087,0.114925415,0.690355695,0.036353335,0.720207015,-0.058217739,0.006428486,0.230088252,0.294188420,0.000000000,0.350492331,-0.401143833,-0.866650962,-0.061062752,0.298704625,1.835524853,0.252427883,0.193508526,-0.051797081,0.218395043,0.501214555,-0.413277959,1.437881678,0.230867014,0.205921788,-0.890512837,0.246378643,1.383416457,-0.098502231
-1.943622910,-1.544925082,0.115178046,0.690744677,0.036843830,0.719883650,-0.057287460,0.008921787,0.229166787,0.292174106,0.000089369,0.342334638,-0.395085590,-0.857897945,-0.068892474,0.290297796,1.830748676,0.263727899,0.186636709,-0.048671583,0.218702704,0.501463638,-0.414268987,1.437821550,0.230565997,0.209896635,-0.890175268,0.248824263,1.381963213,-0.099520330
-1.944220798,-1.545150607,0.115548256,0.691366475,0.036821249,0.719328589,-0.056771247,0.011339695,0.228069833,0.289005760,0.000356064,0.334796947,-0.387042047,-0.844003428,-0.077508132,0.278572116,1.822705974,0.281062760,0.174054269,-0.046615080,0.219134066,0.501605674,-0.415468960,1.437820266,0.230261585,0.214579304,-0.889863905,0.251981277,1.380048552,-0.100548746
-1.944995110,-1.545473808,0.116066478,0.692345913,0.036149452,0.718420404,-0.056766858,0.011906543,0.227153463,0.281555402,0.005852145,0.326505341,-0.376952136,-0.830759577,-0.086937035,0.266981169,1.813755666,0.295347461,0.160426545,-0.045780520,0.219647670,0.501643734,-0.416879508,1.437875609,0.229952800,0.219920851,-0.889571922,0.255904708,1.377626611,-0.101534639
-1.945856742,-1.545845757,0.116658258,0.693500977,0.035156518,0.717335041,-0.057016258,0.011546293,0.226326867,0.271968513,0.013962208,0.317835759,-0.365843645,-0.817848288,-0.096769845,0.255463289,1.804365380,0.308095603,0.146291161,-0.045553218,0.220202163,0.501629977,-0.418395043,1.437959165,0.229641818,0.225590679,-0.889289559,0.260210358,1.374951680,-0.102499180
-1.946614850,-1.546383782,0.117329815,0.694692995,0.034705069,0.716179624,-0.057305730,0.006207636,0.225613428,0.255364570,0.033283499,0.306927589,-0.352751580,-0.810397144,-0.106899121,0.247411566,1.800642151,0.307697327,0.138160347,-0.045973701,0.220811216,0.501480342,-0.420210732,1.438112323,0.229314376,0.232079867,-0.889012019,0.265667286,1.371511947,-0.103317769
-1.947362985,-1.546980439,0.117973630,0.695850622,0.034156031,0.715041339,-0.057802770,-0.001312737,0.224722712,0.237505446,0.056729886,0.295465724,-0.339082580,-0.804163193,-0.117399135,0.239985984,1.798523234,0.305332920,0.130991004,-0.046547938,0.221416426,0.501296806,-0.422116588,1.438279080,0.228975247,0.238761321,-0.888723679,0.271483460,1.367836618,-0.104061142
-1.948091338,-1.547693408,0.118562411,0.696941758,0.033413490,0.713938835,-0.058711718,-0.013161128,0.223480318,0.217156333,0.088359503,0.282905458,-0.324269075,-0.800343868,-0.128634610,0.233802518,1.799586901,0.299068165,0.125728994,-0.047427188,0.222014012,0.501046022,-0.424201316,1.438472816,0.228612930,0.245824188,-0.888413913,0.278012295,1.363693919,-0.104655304
-1.948658312,-1.548465195,0.119070537,0.698042780,0.032793952,0.712788967,-0.059939316,-0.027628737,0.221273070,0.196746322,0.124868976,0.266308187,-0.309590277,-0.796860994,-0.140928997,0.227975347,1.800816776,0.293347414,0.122483366,-0.048261590,0.222566367,0.500760741,-0.426433244,1.438664213,0.228210589,0.253059765,-0.888051776,0.285137309,1.359174071,-0.105056275
-1.949145775,-1.549266369,0.119538204,0.699146028,0.032235004,0.711614377,-0.061324664,-0.043400817,0.218585837,0.176309134,0.163806291,0.247701459,-0.294972514,-0.793546746,-0.153748817,0.222324106,1.802128393,0.287899130,0.120236386,-0.049072941,0.223096092,0.500458368,-0.428738458,1.438854342,0.227788238,0.260380802,-0.887663434,0.292559103,1.354466537,-0.105360834
-1.949912181,-1.550186556,0.119755343,0.699849744,0.031504632,0.710838942,-0.062656148,-0.062208621,0.215077518,0.157505257,0.207042403,0.225023335,-0.277238733,-0.791196250,-0.166744089,0.216265731,1.803072178,0.283909268,0.117305753,-0.049446726,0.223517449,0.500164341,-0.431200747,1.438985131,0.227278020,0.267601864,-0.887148786,0.300596497,1.349401821,-0.105336135
-1.950485513,-1.551017195,0.119898503,0.700423274,0.031140216,0.710195911,-0.063712565,-0.082184335,0.211687466,0.138466996,0.252359499,0.204830338,-0.259988655,-0.789265850,-0.178912650,0.210481460,1.803368174,0.280697468,0.113008220,-0.049217327,0.223894391,0.499894366,-0.433691965,1.439075652,0.226729317,0.274666086,-0.886577775,0.308723937,1.344301667,-0.105198362
-1.950675919,-1.551670229,0.119894940,0.700742239,0.031501771,0.709819175,-0.064223763,-0.104476392,0.208531976,0.118963874,0.301803861,0.189566155,-0.243697918,-0.788168636,-0.189441580,0.205240828,1.802379394,0.279028813,0.105999681,-0.047791618,0.224183241,0.499672092,-0.436240560,1.439086308,0.226104286,0.281419246,-0.885894980,0.317029971,1.339131229,-0.104836326
-1.950716362,-1.552067338,0.119824207,0.700888511,0.032221242,0.709661982,-0.064007478,-0.129214062,0.206414856,0.097305024,0.355453605,0.176855912,-0.232670872,-0.788071263,-0.196734805,0.201386542,1.801058658,0.278520658,0.098103977,-0.045486403,0.224377388,0.499536979,-0.438798523,1.438978422,0.225389020,0.287632944,-0.885081777,0.325259088,1.334068219,-0.104270303
-1.950682425,-1.552337110,0.119720014,0.700948269,0.033119665,0.709613615,-0.063428153,-0.155173667,0.204812248,0.074584445,0.411199236,0.165415351,-0.224257854,-0.788472412,-0.202414786,0.198223889,1.799573973,0.278589674,0.089771656,-0.042741565,0.224524317,0.499445413,-0.441361031,1.438811340,0.224628745,0.293577131,-0.884203537,0.333449142,1.329059245,-0.103602702
-1.950632499,-1.552368941,0.119532498,0.700807210,0.034821372,0.709830099,-0.061627565,-0.186102537,0.203055107,0.055569550,0.472699594,0.155808637,-0.218151709,-0.790356844,-0.203337118,0.197327807,1.798420755,0.279615182,0.083135143,-0.038112806,0.224531115,0.499529696,-0.443870243,1.438421276,0.223725401,0.298439851,-0.883123674,0.341150348,1.324459060,-0.102701074
-1.950564708,-1.552306414,0.119325986,0.700639253,0.036533509,0.710071302,-0.059738484,-0.218477510,0.201145585,0.038130929,0.535747140,0.147734846,-0.211637288,-0.792495164,-0.203200884,0.196906275,1.797484643,0.280726433,0.077234471,-0.033197171,0.224493256,0.499682016,-0.446341451,1.437946778,0.222776374,0.302875193,-0.881980832,0.348578991,1.320065710,-0.101753991
-1.950461495,-1.552056787,0.119081809,0.700421675,0.038266501,0.710365279,-0.057674272,-0.253719934,0.198933912,0.023817868,0.601862571,0.142700656,-0.204313309,-0.795136916,-0.200965643,0.197425716,1.796979024,0.282007701,0.072792886,-0.027712697,0.224366850,0.499969241,-0.448737300,1.437304855,0.221736763,0.306463096,-0.880713113,0.355467174,1.316082492,-0.100716777
-1.950394964,-1.551692721,0.118809105,0.700125100,0.040108031,0.710740962,-0.055348670,-0.290025272,0.196310771,0.010483973,0.669530862,0.141538321,-0.198074022,-0.798187309,-0.197036838,0.198830198,1.796902945,0.283228570,0.070037249,-0.021741629,0.224157934,0.500395105,-0.451021039,1.436490690,0.220621801,0.309135124,-0.879341793,0.361652249,1.312612794,-0.099664316
-1.950346749,-1.551271839,0.118522203,0.699785246,0.042003520,0.711153083,-0.052892407,-0.326858496,0.193482005,-0.002364343,0.737970936,0.142307724,-0.192381843,-0.801441332,-0.192263961,0.200676112,1.797040474,0.284420267,0.068120190,-0.015527859,0.223907902,0.500890056,-0.453248779,1.435590685,0.219469346,0.311350518,-0.877918912,0.367486501,1.309399295,-0.098604471
-1.950366988,-1.550803985,0.118205578,0.699413825,0.044104325,0.711598079,-0.050032835,-0.364219877,0.189796578,-0.015091936,0.807475675,0.149524494,-0.191539066,-0.805248712,-0.185121578,0.203929038,1.797535863,0.286005290,0.067692087,-0.008538826,0.223545684,0.501574518,-0.455256357,1.434452864,0.218242569,0.312200642,-0.876387866,0.372134400,1.307038656,-0.097633320
-1.950413224,-1.550355580,0.117849793,0.698943948,0.046265233,0.712119740,-0.047141936,-0.401562072,0.185697332,-0.027622835,0.876600664,0.157993010,-0.191204078,-0.809364495,-0.177407363,0.207605900,1.798075309,0.287784511,0.067408488,-0.001387696,0.223150092,0.502310813,-0.457171636,1.433249617,0.217007241,0.312622384,-0.874838350,0.376371483,1.304971606,-0.096724418
-1.950511001,-1.549945734,0.117416378,0.698286895,0.048545765,0.712801518,-0.044189546,-0.438866232,0.180777718,-0.039763803,0.944972822,0.168943032,-0.191875746,-0.814091667,-0.168559526,0.212123188,1.798702093,0.289948717,0.067411358,0.006084780,0.222688339,0.503149864,-0.458903938,1.431916668,0.215754961,0.312194887,-0.873252215,0.379794149,1.303486579,-0.095938922
-1.950715957,-1.549587252,0.116908518,0.697440401,0.050839275,0.713653071,-0.041128443,-0.475744288,0.175016525,-0.051264217,1.011260587,0.182556813,-0.192556500,-0.819262544,-0.159016217,0.217116999,1.799540125,0.292187102,0.067736042,0.013547139,0.222171275,0.504061151,-0.460414844,1.430494517,0.214522311,0.311022147,-0.871664326,0.382429517,1.302562483,-0.095325039
-1.950973879,-1.549254386,0.116363784,0.696493802,0.053138051,0.714582143,-0.038014375,-0.512412058,0.168833648,-0.062448652,1.076518693,0.197513070,-0.193244285,-0.824652974,-0.149128979,0.222347064,1.800483282,0.294462170,0.068222262,0.021002008,0.221626680,0.505008351,-0.461815269,1.429028040,0.213299559,0.309478300,-0.870075653,0.384672596,1.301917875,-0.094796792
-1.951158705,-1.549001687,0.115827336,0.695590904,0.055093350,0.715440942,-0.035528528,-0.549516355,0.160334340,-0.074360316,1.143416229,0.223680444,-0.195195575,-0.829880152,-0.139600355,0.227630863,1.801646159,0.296699083,0.069737372,0.027218764,0.221022119,0.506013001,-0.462833123,1.427500287,0.212162209,0.307036821,-0.868529529,0.385847619,1.302030646,-0.094564012
-1.951343674,-1.548786381,0.115301837,0.694700248,0.056824978,0.716277536,-0.033301325,-0.586244538,0.151077656,-0.086016611,1.210120630,0.252753085,-0.198193790,-0.834895160,-0.130399230,0.232784651,1.802845061,0.298904274,0.071654127,0.032864881,0.220406983,0.507020983,-0.463708595,1.425976218,0.211071569,0.304375565,-0.867009082,0.386710729,1.302362275,-0.094433110
-1.951528925,-1.548645188,0.114798040,0.693844345,0.058114110,0.717080900,-0.031587301,-0.622227268,0.140319861,-0.097166768,1.276442238,0.287583937,-0.203266998,-0.839489650,-0.121847208,0.237680760,1.804115364,0.301046594,0.074366941,0.037379996,0.219770887,0.508035568,-0.464301869,1.424459451,0.210073509,0.301278714,-0.865539526,0.386955630,1.303127679,-0.094504132
-1.951720589,-1.548577940,0.114310161,0.692979419,0.059332371,0.717882928,-0.030054890,-0.656571196,0.128557826,-0.106588563,1.340861954,0.324336298,-0.208584721,-0.843717984,-0.113931488,0.242360847,1.805353866,0.303005667,0.077334442,0.041158090,0.219134813,0.509030211,-0.464596437,1.422991869,0.209200610,0.297911583,-0.864135161,0.386678614,1.304251815,-0.094765198
-1.951915447,-1.548547462,0.113830237,0.692108794,0.060514176,0.718682611,-0.028613921,-0.690095204,0.116296638,-0.115147041,1.404329874,0.362036430,-0.214004572,-0.847763501,-0.106334040,0.246932232,1.806576705,0.304872890,0.080428949,0.044567606,0.218498806,0.510014855,-0.464742105,1.421548895,0.208390186,0.294410206,-0.862763312,0.386141710,1.305554550,-0.095120922
-1.952119077,-1.548582869,0.113383058,0.691345015,0.061103277,0.719395046,-0.027914646,-0.719727437,0.103252715,-0.120289084,1.463159891,0.397671184,-0.210150253,-0.851124235,-0.100207573,0.250686718,1.807844794,0.306222000,0.083923616,0.046307302,0.217890267,0.510940881,-0.464445925,1.420222060,0.207805492,0.290744651,-0.861497462,0.384968507,1.307279741,-0.095720100
-1.952315609,-1.548608847,0.112938201,0.690596983,0.061503268,0.720098285,-0.027415599,-0.747653237,0.090583836,-0.123969078,1.518729114,0.430051653,-0.201782188,-0.854345386,-0.094367173,0.254161000,1.809091818,0.307495106,0.087601813,0.047626152,0.217300011,0.511840886,-0.464013331,1.418942025,0.207305837,0.287095697,-0.860267243,0.383624695,1.309112433,-0.096383359
-1.952498077,-1.548616143,0.112497945,0.689881893,0.061528681,0.720785110,-0.027313381,-0.772197662,0.078658124,-0.124751950,1.567836916,0.455983598,-0.184469921,-0.857289944,-0.089093629,0.257080041,1.810297104,0.308617603,0.091643683,0.048111075,0.216745985,0.512689328,-0.463310424,1.417754727,0.206974692,0.283479635,-0.859107627,0.381942814,1.311158141,-0.097173597
-1.952652846,-1.548562642,0.112074883,0.689131728,0.061689111,0.721504410,-0.026894271,-0.793421237,0.069119129,-0.123167042,1.607593763,0.472738507,-0.163922945,-0.860011003,-0.083097473,0.260237028,1.811288820,0.309768323,0.095916464,0.049001637,0.216245135,0.513478734,-0.462383385,1.416663400,0.206822001,0.280016505,-0.858016638,0.379998294,1.313357926,-0.098053464
-1.952793840,-1.548478843,0.111660659,0.688364151,0.061917150,0.722238517,-0.026317044,-0.812988655,0.060770425,-0.120408226,1.642690931,0.484921348,-0.141792552,-0.862619527,-0.076740697,0.263513269,1.812174477,0.310932911,0.100302826,0.050095629,0.215770827,0.514238702,-0.461344850,1.415619882,0.206758258,0.276629899,-0.856959855,0.377923086,1.315634347,-0.098977897
-1.952908135,-1.548308754,0.111400375,0.687884030,0.062520205,0.722683575,-0.025203896,-0.827213553,0.056261213,-0.117143744,1.664545285,0.484557422,-0.128634718,-0.864357723,-0.069105936,0.267452365,1.812931510,0.312045127,0.104309894,0.052380914,0.215392597,0.514905932,-0.460079882,1.414704813,0.206958054,0.273610501,-0.856003886,0.375566139,1.318061023,-0.099983196
-1.953002734,-1.548131970,0.111183129,0.687461083,0.063178917,0.723068562,-0.024032015,-0.839387174,0.052666242,-0.114367548,1.682864095,0.483162442,-0.118480625,-0.865818174,-0.061476305,0.271356616,1.813589117,0.313198552,0.107861908,0.054823309,0.215045947,0.515542013,-0.458787187,1.413821337,0.207239555,0.270747510,-0.855083624,0.373153223,1.320512298,-0.101001381
-1.953058312,-1.547941924,0.111051146,0.687152602,0.063947995,0.723335796,-0.022743823,-0.847497003,0.050882477,-0.112558697,1.694178624,0.479724835,-0.114277253,-0.866728382,-0.053856835,0.275191838,1.814049747,0.314433614,0.110512413,0.057576957,0.214761861,0.516116383,-0.457439565,1.413000451,0.207682919,0.268194380,-0.854234104,0.370629425,1.323012307,-0.102045093
-1.953090496,-1.547757428,0.110959967,0.686921707,0.064514977,0.723536671,-0.021704216,-0.851526522,0.050131224,-0.112187417,1.699795351,0.478438089,-0.112304572,-0.867102007,-0.046638358,0.278839026,1.814346202,0.315600916,0.113028608,0.059988912,0.214533819,0.516629706,-0.456157474,1.412214023,0.208262220,0.265992909,-0.853466473,0.368082191,1.325503320,-0.103095208
-1.953111005,-1.547575740,0.110889003,0.686729240,0.064981966,0.723704470,-0.020787852,-0.853525798,0.049892135,-0.112530901,1.702579370,0.478230824,-0.111443897,-0.867209093,-0.039620107,0.282392695,1.814560743,0.316734320,0.115478733,0.062230173,0.214333689,0.517112602,-0.454908510,1.411444679,0.208909143,0.263966771,-0.852739721,0.365523618,1.327989609,-0.104148484
-1.953090047,-1.547422103,0.110821729,0.686583663,0.065494943,0.723820298,-0.019936467,-0.851072733,0.050043010,-0.114196452,1.700240385,0.484683353,-0.113984068,-0.866938687,-0.033366789,0.285760207,1.814492078,0.317708901,0.118135273,0.063783604,0.214206422,0.517505470,-0.453973497,1.410684699,0.209696595,0.262490184,-0.852163679,0.363088566,1.330351508,-0.105197072
-1.953063523,-1.547281399,0.110736216,0.686413522,0.065713662,0.723975875,-0.019419695,-0.847584362,0.049603609,-0.116021485,1.697039006,0.493642953,-0.117138397,-0.866655984,-0.027757924,0.288794144,1.814380746,0.318594562,0.120930493,0.064580025,0.214101650,0.517867802,-0.453228219,1.409915903,0.210502093,0.261196535,-0.851652262,0.360760424,1.332620995,-0.106243745
-1.953025974,-1.547166312,0.110614577,0.686195769,0.065349657,0.724211276,-0.019565708,-0.842045401,0.047995070,-0.118162397,1.692129517,0.507568209,-0.121509163,-0.866348922,-0.023425498,0.291167387,1.814184904,0.319304103,0.124000393,0.063877069,0.214041432,0.518169655,-0.452858742,1.409129643,0.211343335,0.260265223,-0.851268846,0.358644033,1.334707444,-0.107286624
-1.952969432,-1.547108584,0.110520505,0.686079322,0.064591528,0.724370997,-0.020242445,-0.835485104,0.044943235,-0.120481961,1.686320676,0.524794993,-0.126731440,-0.865549155,-0.020727252,0.292878965,1.814088142,0.319712981,0.128059230,0.061604978,0.214027012,0.518408160,-0.453055464,1.408308557,0.212144316,0.259676662,-0.851049927,0.356899805,1.336473470,-0.108331726
-1.952903342,-1.547079464,0.110440230,0.686012288,0.063637484,0.724492007,-0.021183566,-0.828419533,0.041174458,-0.122891143,1.680066741,0.543653640,-0.132382976,-0.864503704,-0.018841697,0.294262614,1.814040508,0.319972052,0.132612498,0.058553807,0.214035435,0.518615075,-0.453535045,1.407470082,0.212924919,0.259258795,-0.850913130,0.355341687,1.338079214,-0.109377967
-1.952772163,-1.547145129,0.110426487,0.686048916,0.062370432,0.724516173,-0.022871997,-0.821537417,0.036338760,-0.125829067,1.673897030,0.561256510,-0.141517026,-0.862667874,-0.018587149,0.295495727,1.814026060,0.319801909,0.139344060,0.054511253,0.214120793,0.518719997,-0.455162347,1.406564847,0.213503506,0.259293372,-0.851083598,0.354623028,1.338941891,-0.110441152
-1.952647152,-1.547209592,0.110419928,0.686074895,0.061474152,0.724526448,-0.024157682,-0.815860046,0.032234415,-0.128335492,1.668598554,0.574949217,-0.149446585,-0.860914954,-0.017984691,0.296936431,1.813927154,0.319726970,0.145236851,0.051266634,0.214236528,0.518786523,-0.457281154,1.405635517,0.213957103,0.259451424,-0.851379504,0.354298540,1.339443650,-0.111513632
-1.952534357,-1.547271674,0.110427593,0.686084704,0.061312530,0.724514407,-0.024646008,-0.812568335,0.029578306,-0.129987454,1.665025314,0.580898953,-0.154990989,-0.859326212,-0.016693292,0.298788211,1.813661004,0.319840553,0.149468695,0.049602099,0.214412415,0.518777018,-0.460373245,1.404658473,0.214163190,0.259853981,-0.851923806,0.354754596,1.339230714,-0.112604517
-1.952452465,-1.547296825,0.110420621,0.686106908,0.061181601,0.724495861,-0.024897185,-0.811128627,0.028159008,-0.130841247,1.663453039,0.582547472,-0.157824370,-0.858011805,-0.014836510,0.300524186,1.813404136,0.320147580,0.152342456,0.048979280,0.214658060,0.518679293,-0.464651087,1.403634657,0.213990007,0.260427279,-0.852760685,0.356251217,1.338036193,-0.113714192
-1.952385879,-1.547303640,0.110406345,0.686135265,0.061065663,0.724474177,-0.025030969,-0.810607776,0.027354303,-0.131298402,1.662873101,0.582065242,-0.159310110,-0.856833828,-0.012699906,0.302201816,1.813151866,0.320550361,0.154542117,0.048872774,0.214938487,0.518537552,-0.469520482,1.402587541,0.213627334,0.261085350,-0.853743489,0.358267364,1.336351506,-0.114833197
-1.952323261,-1.547285982,0.110365991,0.686152861,0.060858855,0.724470364,-0.025162315,-0.811025790,0.027602574,-0.131070068,1.663118278,0.580853089,-0.158272654,-0.855937507,-0.010583749,0.303425674,1.812900975,0.320952292,0.155920828,0.049060723,0.215330609,0.518242212,-0.476431537,1.401475746,0.212488215,0.261857061,-0.855213709,0.362255575,1.332767881,-0.115964159
-1.952257897,-1.547262639,0.110322736,0.686139949,0.060709404,0.724491667,-0.025261873,-0.811388653,0.028131957,-0.130693931,1.663244289,0.580005486,-0.157282431,-0.855162130,-0.008516192,0.304601538,1.812629576,0.321325139,0.157152445,0.049181733,0.215754034,0.517890976,-0.484026141,1.400352046,0.211033512,0.262604239,-0.856840064,0.367004349,1.328443698,-0.117078106
-1.952187679,-1.547228287,0.110274132,0.686067044,0.060674370,0.724562385,-0.025297879,-0.811639612,0.029211183,-0.130029542,1.663134188,0.579884188,-0.156393926,-0.854631979,-0.006562351,0.305672586,1.812320077,0.321637403,0.158083318,0.049169677,0.216235537,0.517432533,-0.492903231,1.399214576,0.208968975,0.263296575,-0.858760301,0.373212091,1.322696331,-0.118148867
-1.952101063,-1.547154782,0.110241502,0.685987404,0.060518532,0.724647523,-0.025392030,-0.811801680,0.030577244,-0.129402059,1.662800398,0.580062525,-0.155791909,-0.854265352,-0.004706106,0.306495374,1.811965475,0.321918078,0.158786886,0.048711859,0.216736691,0.516883344,-0.502709801,1.398085467,0.206333888,0.263817363,-0.860869939,0.380739268,1.315667098,-0.119125092
-1.952007081,-1.547059564,0.110219668,0.685906062,0.060293498,0.724738818,-0.025518890,-0.811904267,0.032076753,-0.128816616,1.662339889,0.580418925,-0.155384060,-0.854010266,-0.002967128,0.307140579,1.811594219,0.322170709,0.159329403,0.047995099,0.217234369,0.516295558,-0.512782242,1.396996438,0.203430810,0.264216921,-0.863030308,0.388841809,1.308070100,-0.120013172
-1.951869784,-1.546936335,0.110219011,0.685795727,0.060105303,0.724856395,-0.025588672,-0.812026669,0.033803610,-0.128099020,1.661818957,0.580506908,-0.154756276,-0.853774708,-0.001303242,0.307728059,1.811208192,0.322310595,0.160211798,0.046833021,0.217700004,0.515625476,-0.523532008,1.395918037,0.199948655,0.264313752,-0.865278382,0.398277411,1.299220241,-0.120740185
-1.951721774,-1.546807652,0.110226491,0.685678988,0.059939257,0.724978985,-0.025633615,-0.812151421,0.035543660,-0.127361515,1.661297170,0.580488359,-0.154071132,-0.853556700,0.000260734,0.308268312,1.810833019,0.322401333,0.161186586,0.045550143,0.218133457,0.514952543,-0.534081366,1.394889824,0.196393710,0.264290536,-0.867463892,0.407819869,1.290269179,-0.121374438
-1.951490813,-1.546678540,0.110242097,0.685478969,0.059840229,0.725174443,-0.025685726,-0.812219903,0.037335226,-0.126434119,1.660648183,0.580216009,-0.153138499,-0.853420591,0.001833309,0.308974519,1.810243251,0.322526355,0.162404918,0.043914487,0.218492562,0.514249955,-0.544704511,1.393865878,0.192559759,0.264003824,-0.869585112,0.418011013,1.280768020,-0.121858331
-1.951186962,-1.546549065,0.110264845,0.685205716,0.059800118,0.725433878,-0.025744129,-0.812238914,0.039171875,-0.125339910,1.659887458,0.579720596,-0.151988425,-0.853356487,0.003413265,0.309826520,1.809464917,0.322681499,0.163837192,0.041968920,0.218786275,0.513521379,-0.555391317,1.392845799,0.188480991,0.263485528,-0.871649579,0.428771210,1.270784390,-0.122210000
-1.950901549,-1.546427447,0.110286212,0.684948953,0.059762432,0.725677474,-0.025798986,-0.812256772,0.040897077,-0.124312097,1.659172893,0.579255244,-0.150908137,-0.853296273,0.004897350,0.310626822,1.808733811,0.322827230,0.165182557,0.040141408,0.219062165,0.512837012,-0.565429654,1.391887617,0.184649720,0.262998681,-0.873588776,0.438878487,1.261406560,-0.122540330
-1.950439314,-1.546242369,0.110295635,0.684575011,0.060034925,0.726022432,-0.025382867,-0.812317649,0.043320228,-0.122825146,1.658011571,0.578955881,-0.149720481,-0.853270421,0.007095238,0.311777505,1.807384262,0.323339416,0.166865848,0.038316883,0.219140750,0.512084362,-0.576008456,1.390802216,0.180199516,0.261967913,-0.875409417,0.450601074,1.250762687,-0.122605891
-1.949983536,-1.546060478,0.110303652,0.684208067,0.060320462,0.726359697,-0.024946990,-0.812379292,0.045690760,-0.121367956,1.656866265,0.578683694,-0.148577856,-0.853248558,0.009252016,0.312904754,1.806045187,0.323858425,0.168500543,0.036575300,0.219199599,0.511360231,-0.586152067,1.389755584,0.175900287,0.260939280,-0.877137816,0.461924735,1.240497477,-0.122646778
-1.949548312,-1.545886790,0.110311306,0.683857340,0.060593093,0.726681401,-0.024530757,-0.812438156,0.047954389,-0.119976480,1.655772608,0.578423781,-0.147486760,-0.853227680,0.011311531,0.313981167,1.804766500,0.324354030,0.170061518,0.034912257,0.219255795,0.510668755,-0.595838236,1.388756152,0.171794938,0.259957034,-0.878788271,0.472737737,1.230695193,-0.122685821
-1.948975330,-1.545685494,0.110258841,0.683390037,0.060668634,0.727125845,-0.024194617,-0.812713292,0.050124008,-0.118664270,1.654456269,0.578193843,-0.146167357,-0.853529265,0.013452885,0.314786067,1.803167552,0.325255137,0.171259995,0.032639490,0.219043568,0.509931083,-0.605894755,1.387557037,0.167168333,0.258369700,-0.880187971,0.485048434,1.219910523,-0.122431100
-1.948404405,-1.545487305,0.110201113,0.682923607,0.060719181,0.727570177,-0.023878134,-0.813004664,0.052215206,-0.117402061,1.653155417,0.577974512,-0.144862891,-0.853858444,0.015536874,0.315534724,1.801581707,0.326174676,0.172379521,0.030367621,0.218807162,0.509211108,-0.615680258,1.386372395,0.162626155,0.256762430,-0.881515267,0.497147184,1.209349349,-0.122150617
-1.947851729,-1.545295452,0.110145231,0.682471751,0.060768081,0.727999947,-0.023571755,-0.813286722,0.054239560,-0.116180197,1.651896147,0.577762193,-0.143600122,-0.854177100,0.017554249,0.316259451,1.800046553,0.327064822,0.173463262,0.028168371,0.218578313,0.508514146,-0.625152974,1.385225619,0.158229166,0.255206535,-0.882800137,0.508859203,1.199125758,-0.121879100
-1.947158802,-1.545092726,0.110001930,0.681877316,0.060892655,0.728553462,-0.023350901,-0.813968200,0.055964035,-0.115067684,1.650400069,0.577463494,-0.142319935,-0.854790354,0.019379955,0.316858350,1.798245794,0.328216886,0.174020906,0.026135610,0.218187783,0.507812420,-0.634607217,1.383959053,0.153676117,0.253322988,-0.883863953,0.521118541,1.188704013,-0.121442179
-1.946288107,-1.544874652,0.109750861,0.681103056,0.061110500,0.729262932,-0.023231674,-0.815142357,0.057342130,-0.114076390,1.648600411,0.577056657,-0.141005113,-0.855768151,0.020991875,0.317310600,1.796103243,0.329699437,0.173944920,0.024283844,0.217596617,0.507097522,-0.644138426,1.382533559,0.148885491,0.251021360,-0.884670257,0.534172089,1.177931809,-0.120799610
-1.945436256,-1.544661297,0.109505226,0.680344785,0.061323561,0.729956225,-0.023115002,-0.816291103,0.058690399,-0.113106550,1.646839700,0.576658624,-0.139718746,-0.856724788,0.022568911,0.317753062,1.794007061,0.331149903,0.173870580,0.022472155,0.217018246,0.506398097,-0.653463361,1.381138915,0.144198544,0.248769543,-0.885459110,0.546943131,1.167392737,-0.120170948
-1.944600344,-1.544451934,0.109264187,0.679599965,0.061532569,0.730635756,-0.023000487,-0.817418354,0.060013440,-0.112154858,1.645111935,0.576268040,-0.138456449,-0.857663524,0.024116438,0.318187245,1.791950102,0.332573228,0.173797630,0.020694366,0.216450696,0.505711759,-0.662613810,1.379770368,0.139599297,0.246559862,-0.886233203,0.559475206,1.157050869,-0.119554049
-1.943687506,-1.544234009,0.108878061,0.678697752,0.061736164,0.731467975,-0.022640883,-0.819600650,0.061138629,-0.111518518,1.643628185,0.574908328,-0.136809820,-0.859446830,0.025547870,0.318267336,1.789658695,0.334120852,0.173104802,0.019649345,0.215607750,0.505015004,-0.671817450,1.378157379,0.134759156,0.243757122,-0.886577454,0.572964879,1.146496568,-0.118651344
-1.942736903,-1.544012415,0.108414544,0.677712917,0.061935786,0.732378710,-0.022149164,-0.822348609,0.062150662,-0.111057197,1.642284434,0.573026046,-0.134961060,-0.861682783,0.026909347,0.318153834,1.787249921,0.335729167,0.172076909,0.019009010,0.214618410,0.504315779,-0.681007662,1.376418442,0.129809886,0.240643684,-0.886685559,0.586914882,1.135875029,-0.117596841
-1.941796909,-1.543793295,0.107956200,0.676737688,0.062133053,0.733277781,-0.021662888,-0.825065897,0.063151400,-0.110601026,1.640955682,0.571164773,-0.133132935,-0.863893779,0.028255628,0.318041599,1.784868033,0.337319530,0.171060488,0.018375821,0.213640114,0.503624358,-0.690095297,1.374698914,0.124915858,0.237564997,-0.886792456,0.600709181,1.125372043,-0.116554108
-1.940865396,-1.543576151,0.107501991,0.675769899,0.062328415,0.734167269,-0.021180957,-0.827758668,0.064143108,-0.110148971,1.639638918,0.569320293,-0.131321305,-0.866084828,0.029589763,0.317930377,1.782507634,0.338895545,0.170053238,0.017748346,0.212670643,0.502939176,-0.699100941,1.372994899,0.120065986,0.234514086,-0.886898389,0.614379023,1.114963819,-0.115520783
-1.939794471,-1.543321058,0.106944201,0.674724132,0.062375352,0.735138223,-0.020699158,-0.831092266,0.064940436,-0.109992552,1.638434133,0.566886033,-0.129052665,-0.868844231,0.030797519,0.317522874,1.779893802,0.340553852,0.168838358,0.017375623,0.211406544,0.502247558,-0.708097029,1.371012056,0.115043900,0.230784798,-0.886449184,0.628943450,1.104630525,-0.114166189
-1.938635318,-1.543041921,0.106320677,0.673628607,0.062327388,0.736159655,-0.020217787,-0.834832619,0.065613013,-0.110025068,1.637301778,0.564076939,-0.126493864,-0.871964538,0.031923643,0.316926452,1.777120089,0.342263461,0.167491790,0.017165887,0.209955230,0.501552355,-0.717080198,1.368852634,0.109915630,0.226625073,-0.885645766,0.644068192,1.094352918,-0.112607434
-1.937480505,-1.542763829,0.105699489,0.672535525,0.062279450,0.737175448,-0.019738169,-0.838558967,0.066283071,-0.110057462,1.636173663,0.561278364,-0.123944645,-0.875073161,0.033045551,0.316332264,1.774356761,0.343966667,0.166150264,0.016956936,0.208509351,0.500859755,-0.726029728,1.366701297,0.104806564,0.222480924,-0.884845356,0.659136298,1.084113797,-0.111054516
-1.936328478,-1.542486408,0.105079799,0.671443433,0.062231476,0.738186985,-0.019259660,-0.842276325,0.066951514,-0.110089778,1.635048270,0.558486540,-0.121401575,-0.878174284,0.034164752,0.315739509,1.771600100,0.345665766,0.164811975,0.016748489,0.207066960,0.500168825,-0.734957668,1.364555151,0.099709824,0.218346772,-0.884046877,0.674168052,1.073899377,-0.109505344
-1.935352481,-1.542274707,0.104444924,0.670271823,0.062184101,0.739261609,-0.019002496,-0.846003657,0.067266230,-0.110226273,1.634380228,0.555814076,-0.118778969,-0.881487565,0.034917370,0.315110864,1.769392652,0.346837927,0.163474178,0.016486275,0.205375633,0.499474241,-0.743821252,1.362168149,0.094536219,0.213592358,-0.882694704,0.689848190,1.064015144,-0.107666905
-1.934578534,-1.542138593,0.103791909,0.669007369,0.062137374,0.740410071,-0.019000356,-0.849746178,0.067173307,-0.110483052,1.634238990,0.553276628,-0.116062040,-0.885048803,0.035247950,0.314440205,1.767816427,0.347403530,0.162135625,0.016161793,0.203395537,0.498774753,-0.752619377,1.359501007,0.089268852,0.208117897,-0.880702620,0.706291606,1.054501944,-0.105493037
-1.933804676,-1.542002495,0.103138969,0.667741106,0.062090470,0.741556241,-0.018998161,-0.853488271,0.067080394,-0.110739802,1.634097767,0.550739469,-0.113345422,-0.888609634,0.035578493,0.313769623,1.766240382,0.347969068,0.160797225,0.015837348,0.201415667,0.498075345,-0.761416498,1.356834170,0.084002086,0.202644060,-0.878710763,0.722733146,1.044989829,-0.103319417
-1.933030819,-1.541866396,0.102486031,0.666472898,0.062043385,0.742700243,-0.018995910,-0.857230355,0.066987481,-0.110996551,1.633956545,0.548202317,-0.110628810,-0.892170456,0.035909034,0.313099042,1.764664342,0.348534605,0.159458829,0.015512904,0.199435802,0.497375939,-0.770213595,1.354167341,0.078735335,0.197170238,-0.876718911,0.739174642,1.035477739,-0.101145803
-1.932372558,-1.541760725,0.101918529,0.665437729,0.061903301,0.743638861,-0.019022477,-0.860217315,0.066807935,-0.111328652,1.633983443,0.546168576,-0.108147805,-0.895166226,0.036125789,0.312382083,1.763479606,0.348690564,0.158175640,0.015401452,0.197285692,0.496674845,-0.778921591,1.351339897,0.073463154,0.191238918,-0.874290075,0.755974121,1.026387843,-0.098760593
-1.931986946,-1.541726820,0.101552539,0.664955877,0.061544205,0.744097123,-0.019117116,-0.861423205,0.066424050,-0.111838483,1.634406880,0.545322206,-0.106222513,-0.896829241,0.036074159,0.311555733,1.763217821,0.347880471,0.157022669,0.015792374,0.194734033,0.495969769,-0.787419430,1.348133624,0.068178169,0.184228523,-0.870830548,0.773617950,1.018293751,-0.095876304
-1.931601335,-1.541692915,0.101186549,0.664473639,0.061185073,0.744554954,-0.019211745,-0.862629095,0.066040165,-0.112348313,1.634830316,0.544475835,-0.104297220,-0.898492256,0.036022530,0.310729383,1.762956036,0.347070379,0.155869697,0.016183296,0.192182374,0.495264692,-0.795917269,1.344927350,0.062893184,0.177218128,-0.867371021,0.791261780,1.010199659,-0.092992015
-1.931215723,-1.541659010,0.100820559,0.663991015,0.060825906,0.745012352,-0.019306363,-0.863834986,0.065656279,-0.112858143,1.635253752,0.543629465,-0.102371927,-0.900155271,0.035970900,0.309903032,1.762694251,0.346260286,0.154716726,0.016574217,0.189630716,0.494559615,-0.804415108,1.341721076,0.057608199,0.170207733,-0.863911494,0.808905610,1.002105567,-0.090107725
-1.930821201,-1.541623845,0.100470904,0.663554486,0.060517644,0.745424483,-0.019375234,-0.864791792,0.065359556,-0.113320231,1.635567536,0.543068154,-0.100649494,-0.901699642,0.035979907,0.309129459,1.762452509,0.345435840,0.153555040,0.017060982,0.187003046,0.493853910,-0.812851401,1.338448606,0.052340286,0.162978815,-0.860231927,0.826666698,0.994290237,-0.087121859
-1.930367638,-1.541580330,0.100229499,0.663425790,0.060546942,0.745539281,-0.019273550,-0.864097930,0.065640451,-0.113465930,1.635154657,0.544395926,-0.100271402,-0.902457763,0.036390745,0.308705637,1.762343589,0.344516269,0.152335603,0.018182896,0.183871652,0.493144043,-0.820879830,1.334737451,0.047185515,0.154301753,-0.855094167,0.845204850,0.988322255,-0.083462847
-1.929914074,-1.541536815,0.099988095,0.663297066,0.060576239,0.745654049,-0.019171865,-0.863404068,0.065921345,-0.113611629,1.634741779,0.545723697,-0.099893311,-0.903215885,0.036801583,0.308281815,1.762234668,0.343596698,0.151116165,0.019304811,0.180740258,0.492434176,-0.828908259,1.331026297,0.042030744,0.145624690,-0.849956407,0.863743001,0.982354273,-0.079803835
-1.929460510,-1.541493300,0.099746690,0.663168316,0.060605532,0.745768786,-0.019070180,-0.862710206,0.066202240,-0.113757328,1.634328900,0.547051468,-0.099515219,-0.903974006,0.037212421,0.307857993,1.762125748,0.342677128,0.149896728,0.020426725,0.177608863,0.491724308,-0.836936688,1.327315142,0.036875973,0.136947628,-0.844818647,0.882281153,0.976386291,-0.076144822
-1.929006947,-1.541449785,0.099505285,0.663039538,0.060634824,0.745883493,-0.018968494,-0.862016344,0.066483134,-0.113903027,1.633916022,0.548379239,-0.099137128,-0.904732127,0.037623259,0.307434171,1.762016828,0.341757557,0.148677291,0.021548640,0.174477469,0.491014441,-0.844965117,1.323603987,0.031721201,0.128270565,-0.839680887,0.900819304,0.970418309,-0.072485810
-1.928479349,-1.541323926,0.098687171,0.661772570,0.060439128,0.747036471,-0.018457766,-0.864472217,0.068710105,-0.114326253,1.632968002,0.551071918,-0.100806479,-0.909517642,0.039573656,0.306911327,1.761546612,0.342015107,0.147715969,0.022898211,0.170814306,0.490298182,-0.852394627,1.319492500,0.026806860,0.117957396,-0.832822060,0.919848182,0.967067139,-0.068044675
-1.927949025,-1.541195035,0.097847823,0.660461452,0.060234944,0.748225145,-0.017931915,-0.867044059,0.071008727,-0.114759697,1.632000278,0.553814851,-0.102551215,-0.914451439,0.041580737,0.306384836,1.761063093,0.342315997,0.146764150,0.024256164,0.167131564,0.489581688,-0.859802085,1.315366273,0.021901371,0.107583988,-0.825899867,0.938895127,0.963812316,-0.063574743
-1.927418701,-1.541066144,0.097008475,0.659148056,0.060030551,0.749411239,-0.017406002,-0.869615901,0.073307349,-0.115193141,1.631032555,0.556557784,-0.104295950,-0.919385237,0.043587819,0.305858345,1.760579575,0.342616886,0.145812332,0.025614116,0.163448822,0.488865194,-0.867209543,1.311240047,0.016995882,0.097210579,-0.818977673,0.957942073,0.960557494,-0.059104811
-1.926888378,-1.540937254,0.096169128,0.657832385,0.059825952,0.750594746,-0.016880029,-0.872187743,0.075605972,-0.115626585,1.630064832,0.559300717,-0.106040686,-0.924319035,0.045594900,0.305331855,1.760096057,0.342917776,0.144860514,0.026972069,0.159766080,0.488148699,-0.874617001,1.307113820,0.012090392,0.086837171,-0.812055480,0.976989019,0.957302672,-0.054634878
-1.926017423,-1.540705663,0.094608133,0.654254878,0.059439402,0.753764704,-0.016008860,-0.880567556,0.080108983,-0.116476860,1.628652846,0.562294271,-0.108598304,-0.935365890,0.048977708,0.303997860,1.758548308,0.344810447,0.144234575,0.026688667,0.155715054,0.487423378,-0.881430994,1.302771540,0.007449106,0.075196343,-0.803737669,0.996070934,0.956516143,-0.049518986
-1.925060171,-1.540448054,0.092864312,0.650085978,0.059005086,0.757416745,-0.015049790,-0.890418800,0.085170469,-0.117432737,1.627128308,0.565351318,-0.111361863,-0.947961469,0.052709052,0.302459287,1.756730940,0.347106391,0.143691198,0.025989433,0.151570725,0.486695820,-0.888094635,1.298374523,0.002874754,0.063234419,-0.795066283,1.015161710,0.956354948,-0.044239441
-1.924102919,-1.540190445,0.091120490,0.645896388,0.058568892,0.761044681,-0.014090241,-0.900270044,0.090231956,-0.118388614,1.625603769,0.568408366,-0.114125422,-0.960557048,0.056440396,0.300920713,1.754913573,0.349402335,0.143147820,0.025290199,0.147426396,0.485968263,-0.894758275,1.293977506,-0.001699598,0.051272495,-0.786394897,1.034252486,0.956193753,-0.038959897
-1.923145667,-1.539932836,0.089376669,0.641686242,0.058130834,0.764648396,-0.013130244,-0.910121288,0.095293442,-0.119344491,1.624079231,0.571465414,-0.116888981,-0.973152627,0.060171740,0.299382140,1.753096205,0.351698279,0.142604442,0.024590964,0.143282067,0.485240705,-0.901421915,1.289580490,-0.006273950,0.039310571,-0.777723510,1.053343261,0.956032558,-0.033680352
-1.922190909,-1.539600043,0.087450284,0.637236591,0.057283426,0.768448304,-0.011633591,-0.922856138,0.101274047,-0.121539683,1.622951849,0.573904745,-0.118949619,-0.987783630,0.063911424,0.295986943,1.751051442,0.354284466,0.141848526,0.022041668,0.138965722,0.484501212,-0.907568232,1.285134425,-0.010610963,0.026512405,-0.768074436,1.072127536,0.957894643,-0.027921873
-1.921237608,-1.539223328,0.085417248,0.632633991,0.056195717,0.772346929,-0.009823220,-0.937275552,0.107791588,-0.124458866,1.622056482,0.575983213,-0.120599620,-1.003603700,0.067655980,0.291507129,1.748873838,0.357040209,0.140968449,0.018411590,0.134548887,0.483754746,-0.913412334,1.280659708,-0.014809326,0.013225718,-0.757854210,1.090732757,0.960938702,-0.021883606
-1.920284306,-1.538846613,0.083384211,0.628005552,0.055105713,0.776214009,-0.008012447,-0.951694965,0.114309130,-0.127378049,1.621161115,0.578061681,-0.122249621,-1.019423770,0.071400536,0.287027316,1.746696234,0.359795952,0.140088371,0.014781511,0.130132052,0.483008280,-0.919256436,1.276184990,-0.019007689,-0.000060968,-0.747633983,1.109337978,0.963982760,-0.015845339
-1.919331005,-1.538469898,0.081351175,0.623351463,0.054013458,0.780049385,-0.006201348,-0.966114379,0.120826671,-0.130297231,1.620265747,0.580140149,-0.123899621,-1.035243840,0.075145091,0.282547503,1.744518630,0.362551696,0.139208293,0.011151433,0.125715217,0.482261815,-0.925100538,1.271710273,-0.023206052,-0.013347655,-0.737413757,1.127943198,0.967026819,-0.009807072
-1.918239258,-1.538092718,0.079469696,0.618619214,0.051420487,0.783986410,-0.005613507,-0.981309356,0.125568421,-0.134830901,1.619443225,0.582364400,-0.124707727,-1.050430188,0.076393418,0.276122902,1.742134974,0.365091138,0.137795160,0.004694980,0.121268345,0.481509076,-0.930551203,1.267288081,-0.027220635,-0.027060651,-0.726644154,1.146064858,0.971475490,-0.003469319
-1.916987976,-1.537715002,0.077762861,0.613792737,0.047097967,0.788034799,-0.006435243,-0.997398035,0.128263880,-0.141224987,1.618704644,0.584756640,-0.124545695,-1.064886281,0.074765274,0.267457270,1.739513879,0.367381331,0.135767772,-0.005018380,0.116786861,0.480749108,-0.935548500,1.262926417,-0.031023445,-0.041264893,-0.715241491,1.163629296,0.977542733,0.003213537
-1.915736695,-1.537337287,0.076056026,0.608930020,0.042772667,0.792036661,-0.007256600,-1.013486714,0.130959340,-0.147619072,1.617966063,0.587148879,-0.124383663,-1.079342374,0.073137130,0.258791639,1.736892784,0.369671524,0.133740385,-0.014731740,0.112305377,0.479989140,-0.940545797,1.258564753,-0.034826254,-0.055469135,-0.703838828,1.181193735,0.983609977,0.009896394
-1.914485414,-1.536959571,0.074349191,0.604031349,0.038444841,0.795991757,-0.008077528,-1.029575393,0.133654799,-0.154013157,1.617227482,0.589541119,-0.124221630,-1.093798467,0.071508986,0.250126007,1.734271689,0.371961717,0.131712997,-0.024445099,0.107823893,0.479229172,-0.945543094,1.254203088,-0.038629064,-0.069673377,-0.692436165,1.198758173,0.989677220,0.016579251
-1.913407279,-1.536640903,0.073114064,0.599964132,0.034727087,0.799224113,-0.008825350,-1.044454967,0.135643588,-0.159816799,1.617130624,0.591609317,-0.123703857,-1.106675404,0.068986983,0.241946380,1.732177493,0.373489890,0.129636518,-0.033800718,0.103366780,0.478475367,-0.950292878,1.249918131,-0.042310574,-0.083999650,-0.680830624,1.215855741,0.996510122,0.023398853
-1.912737048,-1.536461343,0.072990201,0.597922458,0.032450892,0.800841607,-0.009401822,-1.056486090,0.135967581,-0.164229457,1.618545558,0.592914128,-0.122348018,-1.115832113,0.064359196,0.234911698,1.731324585,0.373222867,0.127444388,-0.042313559,0.098967081,0.477736078,-0.954459560,1.245813881,-0.045706322,-0.098613407,-0.668747138,1.231853439,1.005146790,0.030540605
-1.912066818,-1.536281783,0.072866339,0.595873430,0.030174297,0.802449253,-0.009978178,-1.068517214,0.136291574,-0.168642114,1.619960492,0.594218939,-0.120992178,-1.124988821,0.059731409,0.227877017,1.730471676,0.372955845,0.125252257,-0.050826401,0.094567382,0.476996790,-0.958626242,1.241709631,-0.049102070,-0.113227165,-0.656663652,1.247851137,1.013783457,0.037682357
-1.911396587,-1.536102223,0.072742476,0.593817074,0.027897332,0.804047030,-0.010554411,-1.080548337,0.136615566,-0.173054771,1.621375427,0.595523750,-0.119636338,-1.134145529,0.055103623,0.220842335,1.729618767,0.372688823,0.123060127,-0.059339242,0.090167683,0.476257502,-0.962792924,1.237605381,-0.052497818,-0.127840922,-0.644580166,1.263848835,1.022420125,0.044824108
-1.910765936,-1.535929010,0.072757140,0.591225075,0.025639166,0.806022098,-0.011131994,-1.093140157,0.136854924,-0.177245721,1.622809209,0.596708367,-0.118261037,-1.143841320,0.050418561,0.214003469,1.728861322,0.372427184,0.121135314,-0.067128821,0.085778014,0.475530962,-0.966855168,1.233543439,-0.055837412,-0.142436564,-0.632482724,1.279583092,1.031307725,0.051993406
-1.910397004,-1.535797775,0.073687800,0.585115449,0.023506559,0.810524534,-0.011718901,-1.109439567,0.136534640,-0.179970640,1.624367624,0.597098199,-0.116757054,-1.157101779,0.045354766,0.208459435,1.728735121,0.372201140,0.120978131,-0.070135853,0.081454669,0.474888718,-0.970226817,1.229761256,-0.058805689,-0.156912416,-0.620292999,1.293575354,1.041854606,0.059344850
-1.910028072,-1.535666539,0.074618461,0.578969257,0.021372483,0.814976320,-0.012305075,-1.125738977,0.136214356,-0.182695559,1.625926038,0.597488032,-0.115253071,-1.170362238,0.040290970,0.202915400,1.728608921,0.371975095,0.120820949,-0.073142884,0.077131324,0.474246475,-0.973598467,1.225979073,-0.061773965,-0.171388268,-0.608103274,1.307567616,1.052401488,0.066696294
-1.909659141,-1.535535303,0.075549121,0.572786884,0.019237071,0.819377175,-0.012890480,-1.142038387,0.135894072,-0.185420478,1.627484453,0.597877864,-0.113749088,-1.183622696,0.035227175,0.197371365,1.728482720,0.371749051,0.120663766,-0.076149915,0.072807980,0.473604232,-0.976970116,1.222196889,-0.064742242,-0.185864121,-0.595913548,1.321559879,1.062948369,0.074047738
-1.909290209,-1.535404068,0.076479782,0.566568717,0.017100457,0.823726827,-0.013475080,-1.158337797,0.135573788,-0.188145397,1.629042868,0.598267697,-0.112245105,-1.196883155,0.030163380,0.191827331,1.728356520,0.371523007,0.120506584,-0.079156947,0.068484635,0.472961988,-0.980341765,1.218414706,-0.067710519,-0.200339973,-0.583723823,1.335552141,1.073495250,0.081399182
-1.909327574,-1.535458038,0.077565389,0.560100469,0.015839402,0.828141687,-0.014762262,-1.176702116,0.134120380,-0.189223642,1.630959358,0.598088949,-0.111703146,-1.212587106,0.025222926,0.188755759,1.729046860,0.371480969,0.121943214,-0.080051176,0.064162527,0.472501429,-0.982992122,1.214957572,-0.070235747,-0.214177123,-0.571980077,1.347316386,1.085141129,0.088676502
-1.909379789,-1.535518778,0.078656661,0.553588155,0.014609363,0.832507262,-0.016074200,-1.195141908,0.132625555,-0.190241701,1.632888937,0.597889419,-0.111196350,-1.228380368,0.020286980,0.185774558,1.729767045,0.371445656,0.123438099,-0.080868181,0.059840463,0.472047510,-0.985616114,1.211512318,-0.072744782,-0.227990928,-0.560252631,1.358999196,1.096827177,0.095951113
-1.909432004,-1.535579518,0.079747932,0.547040023,0.013378379,0.836818971,-0.017385098,-1.213581700,0.131130731,-0.191259760,1.634818515,0.597689890,-0.110689554,-1.244173629,0.015351034,0.182793356,1.730487230,0.371410344,0.124932984,-0.081685187,0.055518400,0.471593590,-0.988240107,1.208067064,-0.075253816,-0.241804733,-0.548525185,1.370682006,1.108513225,0.103225724
-1.909484219,-1.535640257,0.080839203,0.540456496,0.012146530,0.841076536,-0.018694872,-1.232021492,0.129635907,-0.192277819,1.636748094,0.597490360,-0.110182758,-1.259966891,0.010415088,0.179812155,1.731207414,0.371375031,0.126427870,-0.082502192,0.051196337,0.471139671,-0.990864100,1.204621811,-0.077762851,-0.255618538,-0.536797739,1.382364816,1.120199273,0.110500335
-1.909767744,-1.535827682,0.081930005,0.533976105,0.011903980,0.845200396,-0.019081527,-1.249859253,0.128856354,-0.192242590,1.638911818,0.596635060,-0.110579444,-1.275972422,0.006546513,0.178448131,1.731632577,0.371256424,0.127848146,-0.081902101,0.046812059,0.470900442,-0.992928990,1.201441929,-0.079876318,-0.268545393,-0.525828395,1.392089679,1.132167938,0.117483246
-1.910109781,-1.536047152,0.083020687,0.527499118,0.011911176,0.849254299,-0.019233853,-1.267544727,0.128257733,-0.191940928,1.641134771,0.595613879,-0.111204670,-1.292031647,0.002947934,0.177493180,1.731983113,0.371116748,0.129249550,-0.080943549,0.042412045,0.470715520,-0.994852452,1.198329175,-0.081889725,-0.281247890,-0.515050816,1.401319268,1.144208093,0.124392370
-1.910451818,-1.536266622,0.084111370,0.520991320,0.011917676,0.853258597,-0.019385055,-1.285230201,0.127659111,-0.191639266,1.643357723,0.594592698,-0.111829895,-1.308090872,-0.000650645,0.176538229,1.732333648,0.370977071,0.130650954,-0.079984996,0.038012030,0.470530598,-0.996775915,1.195216421,-0.083903131,-0.293950387,-0.504273237,1.410548858,1.156248247,0.131301494
-1.910793855,-1.536486093,0.085202052,0.514453091,0.011923480,0.857213058,-0.019535126,-1.302915675,0.127060490,-0.191337604,1.645580676,0.593571517,-0.112455121,-1.324150097,-0.004249223,0.175583278,1.732684184,0.370837394,0.132052358,-0.079026444,0.033612015,0.470345676,-0.998699378,1.192103666,-0.085916538,-0.306652884,-0.493495658,1.419778448,1.168288402,0.138210618
-1.911241207,-1.536751816,0.086267905,0.507997524,0.011742660,0.861043273,-0.020127290,-1.319991780,0.126086402,-0.190894449,1.647358053,0.592406422,-0.113179026,-1.339863588,-0.007820944,0.175119228,1.733077774,0.370569594,0.133630586,-0.078456105,0.029145989,0.470361819,-1.000208381,1.189199190,-0.087600209,-0.318438309,-0.483541759,1.427468762,1.180098949,0.144727127
-1.911750017,-1.537044530,0.087319268,0.501579065,0.011452677,0.864781617,-0.020976974,-1.336712282,0.124893206,-0.190368723,1.648875411,0.591157344,-0.113960517,-1.355375322,-0.011376993,0.174941650,1.733496489,0.370227026,0.135312001,-0.078112312,0.024641442,0.470495295,-1.001475523,1.186416257,-0.089091458,-0.329688567,-0.474068528,1.434260815,1.191775508,0.151014521
-1.912258827,-1.537337244,0.088370631,0.495132528,0.011162053,0.868471552,-0.021825484,-1.353432783,0.123700009,-0.189842998,1.650392769,0.589908266,-0.114742008,-1.370887056,-0.014933041,0.174764072,1.733915205,0.369884458,0.136993415,-0.077768519,0.020136896,0.470628771,-1.002742664,1.183633323,-0.090582708,-0.340938825,-0.464595296,1.441052869,1.203452066,0.157301916
-1.912767637,-1.537629958,0.089421993,0.488658275,0.010870805,0.872112872,-0.022672772,-1.370153284,0.122506813,-0.189317272,1.651910126,0.588659188,-0.115523499,-1.386398790,-0.018489090,0.174586494,1.734333920,0.369541890,0.138674830,-0.077424726,0.015632349,0.470762248,-1.004009806,1.180850390,-0.092073957,-0.352189084,-0.455122064,1.447844922,1.215128624,0.163589310
-1.913329607,-1.537950536,0.090421495,0.482309506,0.010651343,0.875620751,-0.023502986,-1.386392019,0.121147765,-0.188640680,1.653218913,0.587643439,-0.116159973,-1.401542395,-0.021941071,0.174719342,1.734864873,0.369498930,0.140476596,-0.077139155,0.011119406,0.471044658,-1.004996335,1.178225263,-0.093322354,-0.362662579,-0.446347512,1.453573395,1.226358116,0.169496462
-1.913952773,-1.538303191,0.091361295,0.476111644,0.010514668,0.878985770,-0.024313786,-1.402076159,0.119597792,-0.187790415,1.654287601,0.586896289,-0.116629509,-1.416262219,-0.025273252,0.175209544,1.735525031,0.369800872,0.142416908,-0.076920606,0.006596799,0.471498515,-1.005659831,1.175781799,-0.094291184,-0.372241887,-0.438377260,1.458077506,1.237072958,0.174965892
-1.914575939,-1.538655846,0.092301094,0.469889779,0.010377463,0.882306478,-0.025123360,-1.417760299,0.118047819,-0.186940150,1.655356288,0.586149140,-0.117099045,-1.430982044,-0.028605433,0.175699745,1.736185189,0.370102813,0.144357220,-0.076702058,0.002074192,0.471952372,-1.006323327,1.173338335,-0.095260015,-0.381821195,-0.430407007,1.462581616,1.247787800,0.180435321
-1.915199106,-1.539008500,0.093240894,0.463644226,0.010239735,0.885582705,-0.025931667,-1.433444438,0.116497846,-0.186089885,1.656424976,0.585401991,-0.117568581,-1.445701868,-0.031937614,0.176189947,1.736845346,0.370404754,0.146297531,-0.076483509,-0.002448415,0.472406229,-1.006986824,1.170894870,-0.096228845,-0.391400503,-0.422436755,1.467085727,1.258502642,0.185904751
-1.915868613,-1.539354712,0.094137709,0.457545431,0.010133973,0.888728745,-0.026658939,-1.448759486,0.115198882,-0.185166955,1.657583369,0.584829810,-0.117891025,-1.460234714,-0.034931889,0.176753318,1.737670281,0.370710162,0.147976376,-0.076134613,-0.006932375,0.472946439,-1.007486289,1.168551668,-0.097051355,-0.400451619,-0.414929283,1.470979938,1.268794845,0.191094162
-1.916647161,-1.539685764,0.094933378,0.451826549,0.010104192,0.891633879,-0.027197423,-1.463206051,0.114490550,-0.184073043,1.658952842,0.584669333,-0.117867355,-1.474327595,-0.037131062,0.177488859,1.738882938,0.371023726,0.149039983,-0.075479007,-0.011325398,0.473689836,-1.007599786,1.166444387,-0.097529570,-0.408259884,-0.408510745,1.473439041,1.278092567,0.195624685
-1.917425710,-1.540016817,0.095729048,0.446088945,0.010073993,0.894502068,-0.027734780,-1.477652616,0.113782218,-0.182979130,1.660322315,0.584508857,-0.117843685,-1.488420475,-0.039330234,0.178224399,1.740095596,0.371337290,0.150103589,-0.074823401,-0.015718421,0.474433234,-1.007713283,1.164337106,-0.098007785,-0.416068149,-0.402092208,1.475898144,1.287390288,0.200155207
-1.918204259,-1.540347869,0.096524717,0.440332858,0.010043376,0.897333191,-0.028270988,-1.492099181,0.113073886,-0.181885218,1.661691788,0.584348381,-0.117820015,-1.502513356,-0.041529406,0.178959940,1.741308254,0.371650854,0.151167196,-0.074167794,-0.020111444,0.475176632,-1.007826781,1.162229825,-0.098485999,-0.423876414,-0.395673671,1.478357247,1.296688010,0.204685729
-1.919001748,-1.540667289,0.097302127,0.434645878,0.010029253,0.900087746,-0.028712770,-1.506389764,0.112573128,-0.180814228,1.663123207,0.584248173,-0.117721022,-1.516508488,-0.043504218,0.179651315,1.742583061,0.371955233,0.152067218,-0.073458107,-0.024464768,0.475951800,-1.007874572,1.160161639,-0.098907593,-0.431451871,-0.389449964,1.480585605,1.305757966,0.209086977
-1.919924235,-1.540909969,0.097959077,0.429519330,0.010126340,0.902549817,-0.028538213,-1.519651537,0.113441975,-0.179894453,1.664963399,0.584545631,-0.117125021,-1.529859041,-0.043998709,0.180051298,1.744267980,0.372199016,0.151887904,-0.072391563,-0.028556275,0.476936613,-1.007488825,1.158351354,-0.098955605,-0.437491424,-0.384511613,1.481291522,1.313325332,0.212635376
-1.920846988,-1.541152720,0.098616217,0.424377385,0.010223127,0.904983359,-0.028362681,-1.532917142,0.114311073,-0.178974412,1.666804124,0.584843174,-0.116528849,-1.543213450,-0.044493343,0.180451396,1.745953386,0.372442869,0.151708538,-0.071324711,-0.032648964,0.477921710,-1.007102966,1.156540546,-0.099003631,-0.443532721,-0.379571836,1.481997643,1.320894885,0.216184799
-1.921770578,-1.541395691,0.099273953,0.419217008,0.010319670,0.907389745,-0.028186070,-1.546194777,0.115180960,-0.178053537,1.668646518,0.585140987,-0.115932136,-1.556579971,-0.044988426,0.180851857,1.747640320,0.372686943,0.151529009,-0.070256892,-0.036745365,0.478907701,-1.006716757,1.154728096,-0.099051700,-0.449579498,-0.374627579,1.482704405,1.328471302,0.219737442
-1.922695871,-1.541639109,0.099932901,0.414033472,0.010416055,0.909771032,-0.028008215,-1.559496890,0.116052450,-0.177130964,1.670492308,0.585439349,-0.115334322,-1.569971133,-0.045484421,0.181253056,1.749330364,0.372931467,0.151349149,-0.069187104,-0.040849318,0.479895509,-1.006329836,1.152912304,-0.099099857,-0.455637422,-0.369674207,1.483412469,1.336061686,0.223296633
-1.923797776,-1.541905187,0.100469549,0.409350335,0.010520900,0.911891674,-0.027842225,-1.571536703,0.117055351,-0.176390727,1.672805884,0.586213061,-0.114451563,-1.582427208,-0.045566932,0.181633288,1.751718423,0.372949144,0.150316794,-0.068570819,-0.044502685,0.481074052,-1.005497632,1.151293535,-0.098804766,-0.460065843,-0.366009435,1.482703930,1.341804427,0.225934874
-1.924910092,-1.542173152,0.101004734,0.404651735,0.010626205,0.913990231,-0.027675161,-1.583590167,0.118066808,-0.175652935,1.675144363,0.587005103,-0.113555963,-1.594909036,-0.045636840,0.182014544,1.754138935,0.372959786,0.149253135,-0.067966032,-0.048158076,0.482263788,-1.004647782,1.149673787,-0.098497604,-0.464462739,-0.362368874,1.481947827,1.347514612,0.228555896
-1.926029304,-1.542442779,0.101543237,0.399913178,0.010731878,0.916077333,-0.027506322,-1.595718352,0.119084536,-0.174910570,1.677497338,0.587802055,-0.112654811,-1.607468241,-0.045707181,0.182398163,1.756574453,0.372970493,0.148182883,-0.067357496,-0.051836126,0.483460899,-1.003792664,1.148043998,-0.098188537,-0.468886892,-0.358705745,1.481187037,1.353260196,0.231193166
-1.927157566,-1.542714586,0.102086094,0.395125434,0.010838115,0.918156416,-0.027335369,-1.607944609,0.120110493,-0.174162201,1.679869340,0.588605452,-0.111746372,-1.620129004,-0.045778090,0.182784885,1.759029664,0.372981286,0.147103976,-0.066744040,-0.055543919,0.484667691,-1.002930631,1.146401030,-0.097876972,-0.473346821,-0.355012994,1.480420095,1.359052240,0.233851762
-1.928434047,-1.542971388,0.102542323,0.391324256,0.010951618,0.919780908,-0.027358165,-1.618757177,0.120695289,-0.173642799,1.682635322,0.589506948,-0.110940762,-1.631711218,-0.045920557,0.183370989,1.762330988,0.372149212,0.145310741,-0.066889065,-0.058718570,0.486030827,-1.001681679,1.144799921,-0.097320770,-0.476452521,-0.352340815,1.478585190,1.363111398,0.235756126
-1.929747720,-1.543228620,0.102989882,0.387632099,0.011067361,0.921340050,-0.027411348,-1.629464864,0.121217036,-0.173153771,1.685493348,0.590433676,-0.110142572,-1.643249641,-0.046075829,0.183994831,1.765801305,0.371175492,0.143385635,-0.067154991,-0.061843853,0.487433375,-1.000358282,1.143187995,-0.096720037,-0.479378929,-0.349800151,1.476562329,1.366942056,0.237562533
-1.931081016,-1.543489695,0.103444125,0.383878419,0.011184651,0.922907332,-0.027464874,-1.640332492,0.121746577,-0.172657440,1.688394064,0.591374246,-0.109332459,-1.654960413,-0.046233421,0.184627991,1.769323459,0.370187229,0.141431774,-0.067424890,-0.065015817,0.488856873,-0.999015117,1.141551992,-0.096110330,-0.482349049,-0.347221536,1.474509252,1.370829932,0.239395922
-1.932437823,-1.543755374,0.103906380,0.380052019,0.011303819,0.924486559,-0.027518877,-1.651391761,0.122285456,-0.172152356,1.691345932,0.592331402,-0.108508061,-1.666877694,-0.046393792,0.185272316,1.772907722,0.369181537,0.139443459,-0.067699548,-0.068243717,0.490305473,-0.997648267,1.139887139,-0.095489872,-0.485371545,-0.344597449,1.472419971,1.374786367,0.241261642
-1.933878315,-1.543962761,0.104408168,0.375994709,0.011258710,0.926138716,-0.027718217,-1.662342689,0.122301797,-0.172213448,1.694571553,0.593468103,-0.108179314,-1.678776238,-0.046539396,0.186003616,1.776879715,0.367953589,0.137241394,-0.068595378,-0.070732362,0.491954902,-0.995840397,1.138063717,-0.094656781,-0.486998952,-0.342984136,1.469302082,1.376752594,0.242394636
-1.935357083,-1.544170421,0.104924062,0.371822925,0.011200157,0.927815745,-0.027932294,-1.673529172,0.122279598,-0.172318050,1.697889312,0.594643459,-0.107880154,-1.690938087,-0.046687140,0.186757660,1.780968937,0.366681777,0.134974427,-0.069557383,-0.073221333,0.493655977,-0.993959476,1.136187926,-0.093789327,-0.488558700,-0.341410184,1.466038251,1.378614393,0.243498285
-1.936876094,-1.544383732,0.105453996,0.367529768,0.011139775,0.929518834,-0.028151607,-1.685020076,0.122256796,-0.172425499,1.701297360,0.595850799,-0.107572853,-1.703430900,-0.046838904,0.187532224,1.785169440,0.365375354,0.132645768,-0.070545567,-0.075778038,0.495403343,-0.992027368,1.134261087,-0.092898265,-0.490160894,-0.339793399,1.462685601,1.380526857,0.244631968
-1.938426441,-1.544566103,0.105996017,0.363133936,0.011061932,0.931240133,-0.028340662,-1.696831607,0.122212728,-0.172749521,1.704720797,0.597027067,-0.107403496,-1.716134952,-0.046795007,0.188380827,1.789437095,0.364113035,0.130654733,-0.071536080,-0.078092434,0.497274956,-0.989895688,1.132150300,-0.091930627,-0.491356667,-0.338456464,1.458948688,1.381792273,0.245584245
-1.939992837,-1.544663268,0.106546497,0.358669538,0.010943679,0.932966867,-0.028446840,-1.708971366,0.122116955,-0.173605158,1.708044337,0.598077555,-0.107587959,-1.728855954,-0.046260749,0.189381300,1.793700864,0.363012759,0.129593524,-0.072492347,-0.079703655,0.499383300,-0.987348338,1.129662296,-0.090809553,-0.491481769,-0.337877552,1.454396559,1.381378958,0.246041686
-1.941621354,-1.544764286,0.107118808,0.354019365,0.010820470,0.934739392,-0.028556538,-1.721592577,0.122017384,-0.174494728,1.711499686,0.599169703,-0.107779739,-1.742081459,-0.045705302,0.190421450,1.798133730,0.361868848,0.128490228,-0.073486539,-0.081378775,0.501575259,-0.984699964,1.127075620,-0.089644018,-0.491611833,-0.337275681,1.449663897,1.380949252,0.246517268
-1.943316791,-1.544866827,0.107714538,0.349162555,0.010691268,0.936562495,-0.028668782,-1.734737879,0.121917657,-0.175443619,1.715096493,0.600268907,-0.108008416,-1.755849605,-0.045107021,0.191509537,1.802739484,0.360693539,0.127399811,-0.074518573,-0.083062063,0.503881199,-0.981906958,1.124333066,-0.088419194,-0.491668363,-0.336706806,1.444675182,1.380371402,0.246982594
-1.944982864,-1.544914899,0.108297968,0.344255688,0.010551082,0.938376203,-0.028754098,-1.747764861,0.121898527,-0.176832296,1.718620399,0.600591091,-0.108814652,-1.769362776,-0.044118092,0.192682864,1.807079734,0.359851379,0.127494930,-0.075472386,-0.083500438,0.506626320,-0.978444806,1.120644304,-0.086987230,-0.490143170,-0.337304650,1.438538875,1.377188589,0.246842680
-1.946741709,-1.544965648,0.108913886,0.339065361,0.010402775,0.940263010,-0.028843309,-1.761517228,0.121878332,-0.178298299,1.722340527,0.600931214,-0.109665781,-1.783628405,-0.043074096,0.193921526,1.811661663,0.358962324,0.127595345,-0.076479312,-0.083963223,0.509524299,-0.974789871,1.116750141,-0.085475530,-0.488533050,-0.337935783,1.432060879,1.373828546,0.246694976
-1.948529440,-1.544997958,0.109565118,0.333502094,0.010229018,0.942250872,-0.028896614,-1.776036198,0.121893662,-0.179829665,1.726052389,0.601332256,-0.110476996,-1.798614237,-0.041823529,0.195208484,1.816190981,0.358193790,0.127878568,-0.077460316,-0.084046053,0.512714702,-0.970749175,1.112278602,-0.083826200,-0.486383291,-0.338959652,1.424949058,1.369532917,0.246402042
-1.950180506,-1.544962663,0.110251728,0.327415303,0.009991480,0.944388008,-0.028821520,-1.791272736,0.122029005,-0.181383492,1.729246080,0.601889640,-0.111044064,-1.814096655,-0.040028382,0.196491528,1.819941935,0.357940659,0.128752380,-0.078222840,-0.082812779,0.516488634,-0.965916531,1.106413754,-0.081921730,-0.482663493,-0.341197498,1.416598406,1.362590287,0.245648884
-1.951951354,-1.544924809,0.110988151,0.320871768,0.009736246,0.946636439,-0.028739644,-1.807614651,0.122174167,-0.183050046,1.732671466,0.602487461,-0.111652272,-1.830702287,-0.038103001,0.197867655,1.823965013,0.357669165,0.129689585,-0.079040683,-0.081490035,0.520536356,-0.960733289,1.100123424,-0.079879096,-0.478673832,-0.343597694,1.407641932,1.355143983,0.244841087
-1.953373041,-1.544882453,0.111804783,0.313105013,0.009495910,0.949234248,-0.028799657,-1.825496589,0.121649919,-0.184317121,1.734576045,0.603130874,-0.111261269,-1.848707547,-0.035825756,0.199147819,1.826024301,0.358151893,0.130505017,-0.079807687,-0.078308299,0.525447917,-0.954430523,1.091528805,-0.077431873,-0.472534545,-0.347751122,1.397072943,1.344104486,0.243544719
-1.954819456,-1.544836637,0.112686953,0.304609895,0.009242693,0.951994171,-0.028887420,-1.844774071,0.120970624,-0.185590093,1.736321222,0.603822705,-0.110663220,-1.868090364,-0.033342315,0.200490189,1.827852835,0.358802588,0.131348983,-0.080613179,-0.074588471,0.530823385,-0.947530433,1.081977478,-0.074758226,-0.465619785,-0.352483839,1.385550727,1.331720320,0.242078266
-1.955905739,-1.544721356,0.113624402,0.295011721,0.008847641,0.955022981,-0.028651503,-1.865402698,0.120147192,-0.186760391,1.736452064,0.604110335,-0.108260023,-1.888504408,-0.030067803,0.200959170,1.827412851,0.361052887,0.131735241,-0.080950885,-0.068756221,0.537228853,-0.939302673,1.069441412,-0.071520076,-0.456189019,-0.359340344,1.372260280,1.315229926,0.240145278
-1.956939109,-1.544584383,0.114610718,0.284734378,0.008400669,0.958151228,-0.028319379,-1.887168901,0.119261087,-0.187947284,1.736167726,0.604291680,-0.105245929,-1.909973056,-0.026468108,0.201216620,1.826364362,0.363770791,0.132027435,-0.081165910,-0.062143559,0.544153328,-0.930405477,1.055625550,-0.068003990,-0.445726471,-0.367026496,1.357993442,1.297017794,0.238015290
-1.957493742,-1.544405661,0.115563759,0.273699031,0.007847187,0.961386664,-0.027621442,-1.909396813,0.118494467,-0.188911585,1.734075287,0.603545058,-0.098438273,-1.931882461,-0.022361408,0.200395819,1.822756232,0.366836605,0.132186645,-0.080312076,-0.053146398,0.552167032,-0.920043839,1.038141204,-0.063728606,-0.432257055,-0.377336414,1.342049916,1.274109310,0.235388553
-1.957940170,-1.544202484,0.116481204,0.262521895,0.007250524,0.964528501,-0.026729280,-1.931517704,0.117972085,-0.189994136,1.731565054,0.602832454,-0.091218862,-1.953667327,-0.018229604,0.199269378,1.818884182,0.369338888,0.132512472,-0.078982984,-0.043371035,0.560573526,-0.909109878,1.019285616,-0.059124732,-0.417655935,-0.388626072,1.325488580,1.249479862,0.232561587
-1.958157033,-1.543956156,0.117301004,0.251419642,0.006585623,0.967520383,-0.025477483,-1.952789076,0.117953941,-0.191282476,1.728290006,0.602208449,-0.083381941,-1.974577229,-0.014166147,0.197563048,1.814594644,0.370640504,0.133162700,-0.076740054,-0.032317514,0.569525455,-0.897343426,0.998224652,-0.053995037,-0.401207112,-0.401554112,1.308165213,1.222110287,0.229414706
-1.958318880,-1.543682908,0.118002473,0.241977500,0.006042271,0.969957495,-0.024348287,-1.971751164,0.117665934,-0.193084070,1.725084446,0.601611330,-0.078796014,-1.992929054,-0.011265784,0.196037022,1.810921657,0.371121174,0.133941637,-0.074674393,-0.020298205,0.578867792,-0.884817931,0.975251357,-0.048338290,-0.383034586,-0.416007727,1.290266092,1.192276410,0.225895285
-1.958453370,-1.543396311,0.118645708,0.233348910,0.005555129,0.972098342,-0.023286047,-1.989574240,0.117238430,-0.195138535,1.721912315,0.601025899,-0.075824304,-2.010017078,-0.008948498,0.194602488,1.807554593,0.371194697,0.134783898,-0.072702077,-0.007799512,0.588403420,-0.871915297,0.951328309,-0.042419553,-0.364005060,-0.431219963,1.272081443,1.161217601,0.222190129
-1.958520030,-1.543087458,0.119358390,0.224267552,0.003769324,0.974208773,-0.024639877,-2.007902065,0.114610760,-0.197026337,1.718409384,0.599880262,-0.076062295,-2.026917165,-0.009720969,0.194025718,1.804701264,0.370620698,0.135555641,-0.072758713,0.005694925,0.598200859,-0.858075730,0.925251787,-0.035831494,-0.342727165,-0.448454794,1.253315187,1.127015747,0.217821886
-1.958578275,-1.542834467,0.120076698,0.215063524,0.002516983,0.976265462,-0.025438039,-2.026478894,0.112714979,-0.198446754,1.715175465,0.598094332,-0.076757823,-2.044079555,-0.010162664,0.193619839,1.801644982,0.370224459,0.136180658,-0.071949478,0.019366815,0.607956079,-0.844025661,0.898766789,-0.029099646,-0.320871003,-0.466260589,1.234458828,1.092007385,0.213198791
-1.958619904,-1.542691774,0.120806113,0.205638066,0.002318391,0.978302373,-0.025141173,-2.045547372,0.112264287,-0.198944336,1.712472702,0.595044165,-0.078356744,-2.061759853,-0.009951251,0.193551379,1.798187976,0.370179201,0.136515973,-0.069430613,0.033389081,0.617627942,-0.829559964,0.871475269,-0.022083891,-0.297873074,-0.485193735,1.215424562,1.055406600,0.208072497
-1.958750033,-1.542677570,0.121471942,0.196546861,0.002309392,0.980165217,-0.025301077,-2.064313379,0.112630782,-0.198387127,1.710477897,0.591276150,-0.079264162,-2.079212290,-0.009873557,0.193679191,1.794982919,0.370699428,0.136530383,-0.065606322,0.047434698,0.626947127,-0.814964579,0.844106848,-0.015004042,-0.274192367,-0.504963181,1.196448158,1.017836476,0.202403785
-1.958923672,-1.542727039,0.122106045,0.187614263,0.002393214,0.981904049,-0.025682672,-2.082926902,0.113406465,-0.197310773,1.708833985,0.587155236,-0.079826335,-2.096547151,-0.009860692,0.193899695,1.791901283,0.371502767,0.136385976,-0.061128763,0.061490526,0.636089688,-0.800306167,0.816703414,-0.007893308,-0.250174028,-0.525147355,1.177501685,0.979786903,0.196465027
-1.959038255,-1.542864722,0.122622037,0.178952973,0.002248732,0.983534563,-0.025110572,-2.100438539,0.116201927,-0.196733511,1.707699079,0.583515228,-0.079026590,-2.112120565,-0.009445621,0.192680914,1.788499489,0.373688897,0.136091994,-0.053561072,0.075093902,0.644350437,-0.785985900,0.790313046,-0.001040344,-0.225933293,-0.546010201,1.159028592,0.941382243,0.189722296
-1.959262967,-1.542982037,0.123085509,0.170928212,0.002079935,0.984980799,-0.024331978,-2.116911345,0.119658834,-0.196425145,1.706905999,0.580669229,-0.078263285,-2.126611138,-0.008906439,0.191024924,1.785400514,0.376274941,0.135747212,-0.045668848,0.088395543,0.652225470,-0.771974341,0.764606929,0.005621498,-0.201890246,-0.566881908,1.140849026,0.903243506,0.182731280
-1.959705075,-1.543059144,0.123445302,0.164177546,0.001863368,0.986157402,-0.023148207,-2.131333473,0.124421447,-0.196647582,1.706787690,0.579390625,-0.077571912,-2.138964157,-0.008122257,0.188505876,1.782899311,0.379650427,0.135302148,-0.037135987,0.101101554,0.659339090,-0.758572178,0.740251539,0.011906060,-0.178237440,-0.587771109,1.123248889,0.865629707,0.175250145
-1.960425202,-1.543167813,0.123732580,0.158254621,0.001727183,0.987144615,-0.022315949,-2.143763614,0.129077276,-0.196496893,1.707153161,0.579907505,-0.077512418,-2.149820501,-0.007848817,0.186307954,1.781444630,0.383436254,0.134834215,-0.029111301,0.112968205,0.665599925,-0.746141923,0.717774761,0.017660709,-0.155474100,-0.608221507,1.106470207,0.829279055,0.167366463
-1.961283575,-1.543292020,0.123983869,0.152741705,0.001631106,0.988027410,-0.021659805,-2.155202564,0.133675866,-0.196156392,1.707757712,0.581317165,-0.077766687,-2.159935847,-0.007830838,0.184274683,1.780513778,0.387425183,0.134355274,-0.021348504,0.124416260,0.671436334,-0.734196624,0.696234452,0.023151197,-0.133155289,-0.628451570,1.090101158,0.793559988,0.159282991
-1.962501023,-1.543404029,0.124165417,0.148275041,0.001689997,0.988700467,-0.021978252,-2.163843226,0.136735045,-0.193887632,1.708484991,0.585034243,-0.078687865,-2.169212666,-0.008977576,0.184338628,1.782099018,0.391624921,0.133969963,-0.017356314,0.134366688,0.676044888,-0.724072519,0.677905490,0.027734536,-0.112742317,-0.647390521,1.075185351,0.760649774,0.150807213
-1.963749261,-1.543521956,0.124333616,0.144081490,0.001852837,0.989295938,-0.023035570,-2.171699441,0.138733309,-0.190503420,1.708826084,0.589985875,-0.079485821,-2.179006978,-0.010613755,0.185593207,1.784616778,0.396070459,0.133438264,-0.014999147,0.143785823,0.680302982,-0.714613960,0.660672378,0.032007771,-0.093089066,-0.665715845,1.060770888,0.728910324,0.142289491
-1.965058264,-1.543651564,0.124475468,0.140430043,0.002220856,0.989758349,-0.025551536,-2.178007484,0.138637768,-0.184917771,1.708405005,0.597374005,-0.080040588,-2.189822608,-0.013215885,0.189197605,1.788974946,0.401001106,0.132617661,-0.015868830,0.152156408,0.683869414,-0.706468911,0.645602018,0.035668990,-0.074935186,-0.682830126,1.047345868,0.699481473,0.133688988
-1.966264191,-1.543722686,0.124612773,0.136697958,0.002635073,0.990196000,-0.028611306,-2.183539211,0.137511713,-0.178411550,1.706854228,0.606453575,-0.080058996,-2.201141449,-0.016451050,0.193881557,1.794128209,0.405838808,0.132294410,-0.018828329,0.159573713,0.686923645,-0.699592949,0.632522524,0.038771089,-0.058335422,-0.698478893,1.034776152,0.672601708,0.125212740
-1.967418649,-1.543764842,0.124747811,0.132924177,0.003071738,0.990606738,-0.031937737,-2.188688639,0.135877113,-0.171454757,1.704744788,0.616364156,-0.079816731,-2.212703371,-0.019999369,0.199096440,1.799672039,0.410626901,0.132220243,-0.022821980,0.166517649,0.689723816,-0.693347818,0.620432525,0.041595380,-0.042508461,-0.713397603,1.022630871,0.646990796,0.116799331
-1.968366803,-1.543768988,0.124874695,0.129173850,0.003408523,0.991002520,-0.034878403,-2.194064843,0.134188726,-0.165687486,1.702186002,0.625133780,-0.080882357,-2.222544819,-0.023833639,0.203763449,1.804657489,0.414164269,0.133385978,-0.027876003,0.172433083,0.692065276,-0.688684767,0.610786689,0.043761581,-0.028716910,-0.725960745,1.011314230,0.625147175,0.108898960
-1.969247716,-1.543747900,0.124994704,0.125534732,0.003702507,0.991370956,-0.037562629,-2.199375754,0.132704813,-0.160629870,1.699922043,0.632929581,-0.082339854,-2.231818749,-0.027500599,0.207953472,1.809009074,0.417625267,0.134768026,-0.032734707,0.178198193,0.694347096,-0.684390685,0.601743397,0.045787466,-0.015400875,-0.737735737,1.000063604,0.604454259,0.101281143
-1.969995953,-1.543677022,0.125101146,0.122118549,0.003912122,0.991711828,-0.039741745,-2.204557831,0.131624354,-0.156972508,1.698239818,0.638803892,-0.084570571,-2.239972884,-0.030837430,0.211202330,1.812109953,0.420935576,0.136576890,-0.037208019,0.183666696,0.696511236,-0.680824631,0.593889009,0.047536483,-0.003023099,-0.747955600,0.988943235,0.586031847,0.094220845
-1.970645752,-1.543589805,0.125189417,0.119152683,0.004055720,0.992003457,-0.041416557,-2.209717013,0.130800016,-0.154275783,1.697236682,0.641774123,-0.086171540,-2.246907663,-0.033693316,0.213618786,1.814376592,0.424220437,0.138315568,-0.040878877,0.189313901,0.698710111,-0.677586232,0.586757601,0.049195226,0.009039482,-0.756738692,0.977445342,0.569476836,0.087925482
-1.971246534,-1.543494564,0.125268656,0.116410440,0.004166621,0.992268043,-0.042841327,-2.214863024,0.130101551,-0.152053876,1.696570736,0.643302562,-0.087454658,-2.253236798,-0.036310199,0.215622747,1.816229285,0.427489901,0.140017386,-0.044150953,0.195052421,0.700926769,-0.674508924,0.579983949,0.050809911,0.020948810,-0.764807665,0.965757062,0.553848809,0.082011678
-1.971694721,-1.543410449,0.125324894,0.114259165,0.004236922,0.992472524,-0.043876883,-2.219393934,0.129256039,-0.150163937,1.696641542,0.641737281,-0.086364441,-2.258179407,-0.038339811,0.216991000,1.817268994,0.429827397,0.140984877,-0.046441656,0.201830593,0.703356125,-0.671263283,0.573593205,0.052577558,0.033580321,-0.771083009,0.952698008,0.540168728,0.077499234
-1.972097070,-1.543325204,0.125373919,0.112359714,0.004301242,0.992646780,-0.044823706,-2.223525089,0.128411005,-0.148286732,1.696723876,0.640045451,-0.084544094,-2.262583289,-0.040235651,0.218084443,1.818158223,0.432056770,0.141719072,-0.048606017,0.209219753,0.705888296,-0.667742915,0.567121052,0.054484570,0.046913059,-0.776905936,0.938912783,0.526826010,0.073531517
-1.972408995,-1.543237729,0.125408716,0.110957924,0.004353797,0.992769059,-0.045595821,-2.226867650,0.127566914,-0.146434648,1.696828949,0.638103978,-0.081283421,-2.265924422,-0.041867599,0.218635767,1.818750603,0.434072846,0.141993045,-0.050521145,0.217814207,0.708623291,-0.663680592,0.560488305,0.056666507,0.061629111,-0.781836383,0.923695039,0.514148810,0.070638386
-1.972621422,-1.543172766,0.125431020,0.110045477,0.004397520,0.992842752,-0.046194431,-2.228990479,0.126890506,-0.144827846,1.696816465,0.637173309,-0.078538115,-2.268046011,-0.043414574,0.218814432,1.818952850,0.436099880,0.142008609,-0.052463123,0.228097697,0.711582256,-0.658677801,0.553351781,0.059263169,0.078690411,-0.786210585,0.906579714,0.501490472,0.068934192
-1.972784409,-1.543118896,0.125447114,0.109376450,0.004436903,0.992892516,-0.046707148,-2.230506213,0.126298137,-0.143343409,1.696745269,0.636745650,-0.076051198,-2.269562345,-0.044920524,0.218808290,1.818962695,0.438129911,0.141895668,-0.054418640,0.239223622,0.714652559,-0.653205440,0.545963385,0.062066639,0.096923163,-0.790309543,0.888518424,0.488838734,0.067822050
-1.972825965,-1.543062820,0.125447212,0.109382201,0.004480724,0.992872723,-0.047108525,-2.230206516,0.126141808,-0.142314333,1.696434700,0.637791650,-0.074936434,-2.269825706,-0.046708726,0.218465519,1.818964273,0.439384696,0.141433733,-0.056470680,0.253428841,0.718011598,-0.645858274,0.537462355,0.065612447,0.119986501,-0.794101009,0.867153514,0.475316633,0.068571161
-1.972825626,-1.542996347,0.125442279,0.109613171,0.004531167,0.992827585,-0.047516396,-2.229300391,0.126119593,-0.141341373,1.696084112,0.639245630,-0.074113684,-2.269704369,-0.048825538,0.218002144,1.819091490,0.440245809,0.140802826,-0.058732343,0.268792302,0.721427166,-0.637771394,0.528521817,0.069417651,0.145056720,-0.797948590,0.844606155,0.461254910,0.069956208
-1.972742657,-1.542909370,0.125427425,0.110288315,0.004594671,0.992732297,-0.047937069,-2.227198234,0.126361889,-0.140479087,1.695654598,0.641504252,-0.073866860,-2.268824310,-0.051590456,0.217300910,1.819466500,0.440330496,0.139838661,-0.061407435,0.286440117,0.724954223,-0.628225603,0.518714455,0.073734452,0.174085030,-0.801906843,0.819726698,0.446128910,0.072595485
-1.972544372,-1.542836624,0.125402760,0.111271276,0.004667708,0.992601622,-0.048362536,-2.224084644,0.126813422,-0.139537527,1.695141629,0.643747422,-0.073779096,-2.266892960,-0.054794687,0.216364088,1.819826756,0.440054951,0.138621380,-0.064278620,0.306440779,0.728465250,-0.617128602,0.508032094,0.078509462,0.207598570,-0.806227851,0.792598007,0.429612139,0.076469562
-1.972288461,-1.542771212,0.125373195,0.112408372,0.004745340,0.992452263,-0.048788786,-2.220466295,0.127370157,-0.138557196,1.694587191,0.645984092,-0.073767330,-2.264436390,-0.058215509,0.215308289,1.820177516,0.439601478,0.137277523,-0.067245986,0.327611593,0.731967540,-0.605259936,0.496914835,0.083511872,0.243344944,-0.810730114,0.764351674,0.412402725,0.080957839
-1.971786130,-1.542806762,0.125323310,0.114336742,0.004791108,0.992234665,-0.048729093,-2.214905554,0.128576385,-0.137675840,1.693929074,0.648574452,-0.072988753,-2.259780313,-0.061640254,0.213354388,1.819823176,0.439041355,0.135365795,-0.070057282,0.352019169,0.735204849,-0.591195621,0.484679215,0.088991507,0.285951161,-0.815998577,0.733321488,0.392974883,0.087173641
-1.971176094,-1.542896223,0.125268053,0.116417833,0.004821018,0.992003619,-0.048502233,-2.208997462,0.129941893,-0.136874051,1.693130402,0.650766027,-0.071714045,-2.254749255,-0.064907647,0.211190720,1.819053996,0.438213168,0.132871828,-0.072567944,0.377310013,0.738267412,-0.576507854,0.472177888,0.094526477,0.330707218,-0.821541666,0.701682619,0.372865604,0.093918292
-1.970353683,-1.543091987,0.125202205,0.118800297,0.004819670,0.991748181,-0.047945856,-2.202404458,0.131621474,-0.136229152,1.692054579,0.652171268,-0.069461056,-2.248978799,-0.067864767,0.208613431,1.817466824,0.436856403,0.129229790,-0.074485809,0.404342498,0.740985408,-0.560590755,0.459152634,0.100170557,0.379702371,-0.827626269,0.668843538,0.351412658,0.101705736
-1.969335077,-1.543333895,0.125128926,0.121430078,0.005023836,0.991460121,-0.047289806,-2.195482012,0.133368999,-0.135720256,1.690945599,0.651804097,-0.066942482,-2.242616253,-0.070792057,0.205854797,1.815605219,0.435070197,0.124243362,-0.075760958,0.432508448,0.743206606,-0.543816964,0.445889287,0.105662300,0.432139771,-0.834164110,0.635695845,0.328953146,0.110414415
-1.968218308,-1.543597957,0.125051914,0.124183065,0.005329144,0.991150860,-0.046584759,-2.188396887,0.135147922,-0.135280073,1.689818477,0.650550263,-0.064293310,-2.235960775,-0.073706268,0.203004846,1.813606803,0.433067876,0.118584708,-0.076719744,0.461234758,0.745180185,-0.526619178,0.432509012,0.111076903,0.486283768,-0.840926541,0.602399616,0.305995129,0.119580854
-1.966646233,-1.543678424,0.124953429,0.127531081,0.005594461,0.990751863,-0.045992070,-2.181217221,0.136274685,-0.135364269,1.688130096,0.645218873,-0.061739317,-2.228962215,-0.077127585,0.199550635,1.811125269,0.429677315,0.109931266,-0.077810896,0.490489898,0.746294088,-0.508876381,0.419260701,0.115850049,0.543538770,-0.848062377,0.570218632,0.282292526,0.129901785
-1.964957337,-1.543580303,0.124852889,0.130590908,0.005578425,0.990376787,-0.045483146,-2.174651240,0.137027071,-0.135674528,1.686374099,0.637711841,-0.059131291,-2.222532615,-0.080711748,0.195892302,1.808545690,0.425360257,0.101274388,-0.079435377,0.519501499,0.747086606,-0.491241197,0.406202509,0.120279004,0.600928392,-0.855189799,0.538950621,0.258620128,0.140537009
-1.963038146,-1.543130119,0.124748298,0.133084469,0.005007821,0.990063545,-0.045140041,-2.169295065,0.137041421,-0.136430445,1.684484807,0.625915797,-0.056416748,-2.217224650,-0.084616945,0.191831567,1.805772828,0.419216721,0.092610740,-0.082111251,0.548032995,0.747245550,-0.473818161,0.393519113,0.124029428,0.658583402,-0.862300635,0.509482424,0.235007275,0.151791823
-1.961256326,-1.542540834,0.124655703,0.135778580,0.005107071,0.989681287,-0.045486751,-2.164981905,0.137185926,-0.136958489,1.683850886,0.608285019,-0.053444775,-2.213274501,-0.087332402,0.188369483,1.803757648,0.410594648,0.085364957,-0.084446069,0.575271374,0.746706623,-0.457219738,0.381436838,0.126895332,0.714446952,-0.869082445,0.482824548,0.212048579,0.163525680
-1.959543790,-1.541883223,0.124569061,0.138573222,0.005538557,0.989260232,-0.046162547,-2.161191005,0.137404654,-0.137387377,1.683849209,0.587752980,-0.050359686,-2.209997149,-0.089446510,0.185195665,1.802123278,0.400736278,0.078830807,-0.086587926,0.601862915,0.745820322,-0.441034270,0.369654584,0.129320436,0.769409258,-0.875698923,0.457569163,0.189418094,0.175497275
-1.958320186,-1.541292343,0.124495364,0.142101130,0.006638586,0.988870113,-0.043578643,-2.159947307,0.140721954,-0.141851271,1.688034778,0.559213919,-0.051495799,-2.207857509,-0.086927810,0.179953325,1.802776102,0.386287843,0.076274225,-0.081079906,0.625497595,0.743864347,-0.426879331,0.359041481,0.130230285,0.818700026,-0.881333086,0.437733737,0.168588575,0.187984311
-1.957192476,-1.540753441,0.124419139,0.145826400,0.007827052,0.988435521,-0.040848735,-2.159671628,0.143893483,-0.147874734,1.693865779,0.528989201,-0.055413055,-2.206595081,-0.084219836,0.174681859,1.805041731,0.370942331,0.076098327,-0.074534823,0.647874018,0.741604043,-0.413580452,0.348943535,0.130591543,0.865228725,-0.886496775,0.420019593,0.148589275,0.200591544
-1.956253767,-1.540316985,0.124337933,0.149942654,0.009189885,0.987927884,-0.037831780,-2.161303854,0.146777709,-0.156972010,1.702939819,0.495442156,-0.064811773,-2.207061579,-0.081138814,0.169352990,1.810486095,0.353828737,0.080614609,-0.065945754,0.667770493,0.738743927,-0.401968815,0.339860930,0.129871559,0.906313559,-0.890733188,0.406486363,0.130226283,0.213435678
-1.955238385,-1.539907320,0.124264079,0.153348599,0.009519033,0.987452314,-0.036490031,-2.165921033,0.146616456,-0.168249805,1.715586529,0.465323460,-0.075572135,-2.211417629,-0.081018689,0.165627591,1.822478490,0.338041075,0.086738859,-0.060400466,0.684840479,0.735541557,-0.392149251,0.332106889,0.128040731,0.940855637,-0.893954304,0.397416214,0.113770752,0.226443824
-1.954186065,-1.539511838,0.124194206,0.156401054,0.009342577,0.986994105,-0.035973083,-2.172023718,0.144945223,-0.180611969,1.730022525,0.436929913,-0.086977295,-2.217718799,-0.082365388,0.162704084,1.837742047,0.322933664,0.093630380,-0.056365032,0.700503237,0.732170263,-0.383221013,0.325014979,0.125657384,0.972141978,-0.896671902,0.390566128,0.098264732,0.239533330
-1.953386263,-1.539413989,0.124232724,0.158344684,0.010270222,0.986699781,-0.035284910,-2.182645372,0.140373030,-0.196033546,1.753284301,0.419468862,-0.090505553,-2.232760775,-0.086163599,0.163388304,1.866681296,0.316000514,0.092983179,-0.055445557,0.711710654,0.728705424,-0.376847208,0.320221953,0.121685919,0.993633488,-0.898385254,0.390153086,0.085717543,0.252791247
-1.952697896,-1.539436462,0.124322715,0.159577149,0.011390908,0.986501120,-0.034941665,-2.194954377,0.134696390,-0.212206617,1.780224612,0.404764285,-0.087199172,-2.251310807,-0.090650166,0.165680218,1.900029128,0.311648525,0.089141208,-0.055278277,0.721369983,0.725326059,-0.371246825,0.316224155,0.117233970,1.012116561,-0.899979641,0.391704995,0.074161644,0.266081170
-1.952229112,-1.539696031,0.124514134,0.159409357,0.012892047,0.986497791,-0.035278341,-2.210588301,0.126843438,-0.229860503,1.814413463,0.395491331,-0.070425158,-2.276773453,-0.096493135,0.171140088,1.942064060,0.312382707,0.079003952,-0.056593196,0.727978807,0.722115120,-0.367170470,0.313793353,0.111835228,1.024671519,-0.901339607,0.397128835,0.064559079,0.279434161
-1.951803936,-1.540087866,0.124797237,0.158223460,0.014795719,0.986661775,-0.035284070,-2.228021036,0.119624838,-0.249190383,1.855812734,0.391540710,-0.052304330,-2.306936783,-0.103180670,0.179099657,1.989460330,0.314543747,0.065363750,-0.058536774,0.731495151,0.719192317,-0.364457221,0.312828312,0.105650910,1.032174336,-0.902803498,0.405863185,0.056880447,0.292782732
-1.951399703,-1.540544648,0.125125792,0.156530000,0.016897707,0.986903724,-0.035126420,-2.246335344,0.112732400,-0.269346832,1.900782798,0.390244879,-0.033587988,-2.339419353,-0.110288808,0.188294186,2.039509978,0.317403155,0.049989768,-0.060792388,0.733473125,0.716412781,-0.362421640,0.312591499,0.099076778,1.037168723,-0.904319829,0.416241172,0.050158887,0.306128606
-1.950835506,-1.540941834,0.125541210,0.153270235,0.019038461,0.987383795,-0.034914381,-2.263328564,0.109926536,-0.289818031,1.951503662,0.398865155,-0.035097504,-2.373069183,-0.118771445,0.198600945,2.093329076,0.318941023,0.032111953,-0.063760693,0.730930468,0.714034279,-0.362254561,0.314222044,0.091645127,1.036203661,-0.906208982,0.430506976,0.046249710,0.319319473
-1.950227573,-1.541256754,0.125954886,0.149710598,0.020910212,0.987897459,-0.034757892,-2.279974128,0.108385647,-0.310394459,2.000990083,0.407571454,-0.040722026,-2.403899148,-0.127309249,0.207367022,2.145187619,0.320503956,0.013908093,-0.066421965,0.726918547,0.711721907,-0.362712508,0.316378971,0.084033596,1.033725714,-0.908186882,0.445722332,0.043297826,0.332389196
-1.949533480,-1.541409606,0.126365131,0.145562165,0.022252215,0.988489566,-0.034711277,-2.295934792,0.109336830,-0.331178191,2.048044581,0.416447223,-0.054453346,-2.429173818,-0.135955736,0.213097870,2.193183760,0.322116266,-0.004938094,-0.068478364,0.720012095,0.709539815,-0.364401788,0.319572897,0.076067692,1.028267298,-0.910339617,0.462808361,0.042231861,0.345220255
-1.948486031,-1.541337252,0.126718304,0.143392295,0.023619520,0.988891938,-0.031201023,-2.311361366,0.114029077,-0.354589562,2.087559064,0.414533179,-0.061272063,-2.439920181,-0.140892497,0.210237852,2.224514103,0.321126435,-0.021037721,-0.066405620,0.710368489,0.707287466,-0.367394740,0.323742505,0.067939588,1.020641033,-0.912392863,0.481081583,0.043149399,0.357635127
-1.947264015,-1.541153360,0.127043323,0.142188120,0.024996670,0.989182807,-0.025982277,-2.326523721,0.120566922,-0.379300535,2.123323255,0.407273839,-0.064674876,-2.443500040,-0.143991083,0.203123051,2.247579581,0.318828256,-0.035756823,-0.062291375,0.699364593,0.704999344,-0.371036560,0.328398731,0.059731495,1.011939483,-0.914394433,0.499942136,0.045054460,0.369841861
-1.945877695,-1.540781998,0.127353561,0.139248860,0.025742541,0.989718918,-0.020088309,-2.341330093,0.128088733,-0.405670793,2.148137301,0.390627723,-0.064593434,-2.443500040,-0.143753830,0.188871858,2.253623123,0.308616091,-0.042250601,-0.055784117,0.684716832,0.702365896,-0.376701864,0.334861907,0.051489468,1.000961730,-0.915608228,0.519597975,0.050121896,0.381111411
-1.944592826,-1.540391294,0.127653958,0.135787123,0.026476335,0.990273840,-0.014784520,-2.355128704,0.135206691,-0.430738497,2.169953356,0.373884576,-0.066315398,-2.443500040,-0.143618792,0.175386334,2.257193992,0.299266115,-0.047243551,-0.049710626,0.669054450,0.699570261,-0.383065539,0.342260232,0.043267113,0.989427253,-0.916295199,0.539224454,0.056352828,0.391936131
-1.943507775,-1.539962494,0.127934973,0.131302977,0.027187518,0.990912239,-0.010644306,-2.366942414,0.141529213,-0.453240667,2.185864519,0.356950316,-0.071589380,-2.443500040,-0.143685079,0.163408881,2.255894643,0.291614322,-0.049280448,-0.044491489,0.651393653,0.696455180,-0.390804735,0.351500441,0.035083501,0.976796244,-0.915944529,0.558793108,0.064875404,0.401884707
-1.942679046,-1.539565710,0.128232535,0.126372682,0.027842436,0.991563786,-0.007483475,-2.376319783,0.146801214,-0.469797300,2.195644660,0.341945715,-0.079240537,-2.443474541,-0.145102770,0.155563547,2.251159436,0.282843883,-0.048619091,-0.041018829,0.632342577,0.692790142,-0.400097398,0.363521782,0.026930409,0.963289274,-0.914012215,0.577764750,0.075912533,0.410649773
-1.941977796,-1.539184470,0.128539729,0.121220126,0.028469694,0.992205600,-0.004817097,-2.384481418,0.151549275,-0.483389599,2.202377307,0.327917975,-0.088062848,-2.443436714,-0.147191753,0.149762610,2.244728935,0.273546446,-0.046629064,-0.038417339,0.612603764,0.688849499,-0.410164244,0.376931626,0.018792180,0.949347005,-0.911290657,0.596436862,0.088201364,0.418824354
-1.941648416,-1.538740147,0.129276848,0.115879517,0.029243138,0.992816220,-0.005720912,-2.387939283,0.154347500,-0.486223095,2.200712464,0.321655974,-0.097117906,-2.443463894,-0.151005392,0.146866287,2.237221108,0.271120149,-0.044568517,-0.039094445,0.591920503,0.683507209,-0.422942102,0.395918676,0.010606950,0.934235914,-0.905514731,0.613487141,0.104459738,0.424738706
-1.941575472,-1.538221292,0.130258378,0.111068442,0.029854395,0.993342251,-0.006609818,-2.388404255,0.157419925,-0.487833291,2.198392961,0.317925139,-0.106119609,-2.443485582,-0.154783170,0.143848719,2.231597473,0.268095075,-0.044383104,-0.038962708,0.571325838,0.677419359,-0.436791589,0.417204274,0.002359266,0.918737453,-0.898536300,0.629760203,0.122076978,0.429709102
-1.942007495,-1.537555670,0.131721195,0.107304777,0.030147420,0.993740924,-0.007469574,-2.382975695,0.161032297,-0.487034593,2.194784315,0.319178620,-0.115016245,-2.443496454,-0.158490333,0.140592395,2.229684144,0.263890903,-0.047890161,-0.037238216,0.550905635,0.669863370,-0.452751302,0.443016116,-0.006011401,0.902476196,-0.889189924,0.644502792,0.142370062,0.432820683
-1.943024727,-1.536669460,0.134165645,0.104108235,0.030718192,0.994058529,-0.008093752,-2.372665843,0.166315035,-0.486056253,2.191625949,0.319510554,-0.123572378,-2.443500040,-0.161601492,0.139381829,2.232158882,0.257258906,-0.050636334,-0.033856011,0.531442025,0.660204077,-0.471096753,0.473901991,-0.014602746,0.885462892,-0.877310685,0.657282213,0.165183330,0.433701013
-1.944332634,-1.535674325,0.137098393,0.101194048,0.031432986,0.994332807,-0.008602336,-2.359936002,0.172427416,-0.484981946,2.188697162,0.319356368,-0.131950330,-2.443500039,-0.164417230,0.139206242,2.236812107,0.249426557,-0.052984900,-0.029658546,0.512457558,0.649495601,-0.490629328,0.507311890,-0.023304251,0.868076051,-0.864172128,0.669083214,0.189247464,0.433469844
-1.946389011,-1.534579398,0.141492156,0.099271851,0.034258183,0.994427692,-0.009221824,-2.342261715,0.180667700,-0.481755288,2.188033687,0.309926450,-0.137310680,-2.443499757,-0.166645819,0.147023332,2.246771996,0.240072411,-0.048748396,-0.025659181,0.495837820,0.634822210,-0.513819644,0.548279608,-0.032444600,0.849729242,-0.847439813,0.677428226,0.216274500,0.429462662
-1.948721595,-1.533457633,0.146253894,0.097437959,0.037240910,0.994493152,-0.010115842,-2.323363591,0.189135734,-0.477824562,2.187972877,0.298196350,-0.142308148,-2.443497690,-0.169021184,0.156736392,2.258191644,0.230042928,-0.044410567,-0.023367097,0.480183469,0.618662111,-0.538114857,0.591475218,-0.041749154,0.831145908,-0.829656158,0.684457808,0.243937891,0.424055887
-1.951597957,-1.532283031,0.151740076,0.095778866,0.040534045,0.994509924,-0.011550410,-2.302056052,0.198052148,-0.472507708,2.189098554,0.281937799,-0.146591195,-2.443492110,-0.171685511,0.170182119,2.272485173,0.218683883,-0.039873257,-0.024436197,0.466429710,0.599575078,-0.564585321,0.639056960,-0.051376984,0.812096919,-0.809802691,0.688897654,0.272854096,0.415893681
-1.954945721,-1.531075685,0.157504354,0.094235511,0.044070288,0.994489624,-0.012956277,-2.279446368,0.207079917,-0.466419857,2.190791229,0.263490936,-0.151123974,-2.443487105,-0.173890002,0.183320578,2.288033293,0.207245456,-0.038787815,-0.030690724,0.454410729,0.577816890,-0.592454122,0.689591744,-0.061309492,0.792798189,-0.788338665,0.690519412,0.302226661,0.404790300
-1.958526860,-1.529851345,0.163403771,0.092747774,0.047726135,0.994441620,-0.014350272,-2.256200342,0.216157245,-0.459954986,2.192762119,0.243964486,-0.155779174,-2.443482438,-0.175862862,0.196295572,2.304197743,0.195778210,-0.039419884,-0.039524933,0.443252202,0.554733911,-0.621012570,0.741584799,-0.071393033,0.773376517,-0.766076641,0.690739049,0.331821992,0.392223783
-1.962500147,-1.528379620,0.168821406,0.091130205,0.051498012,0.994371049,-0.016415175,-2.234206295,0.223760865,-0.454162949,2.194505929,0.223677227,-0.160301505,-2.443493022,-0.176333371,0.205823813,2.320063990,0.187192669,-0.045345423,-0.056204847,0.433994002,0.528754620,-0.649997818,0.795000678,-0.081785959,0.753942797,-0.742286800,0.686649947,0.360907833,0.375223578
-1.966521532,-1.526747412,0.173729105,0.089326598,0.054380069,0.994343433,-0.018566186,-2.214243362,0.230131006,-0.449993037,2.196311233,0.203825262,-0.164586051,-2.443500040,-0.176861724,0.214025590,2.334857740,0.180120409,-0.052754066,-0.074943298,0.425116083,0.502350543,-0.678504014,0.847797768,-0.092197190,0.734625284,-0.718299876,0.681138271,0.389463116,0.356773935
-1.970637585,-1.524799324,0.177633096,0.087159294,0.055512046,0.994427171,-0.020887096,-2.198278264,0.234073293,-0.449015952,2.198237576,0.184830089,-0.168402569,-2.443500040,-0.177503932,0.219616496,2.347540498,0.176026736,-0.063081897,-0.097733558,0.416986670,0.475110362,-0.706067292,0.899376897,-0.102644449,0.715536502,-0.693925030,0.672826548,0.416974102,0.335471367
-1.974455496,-1.522857273,0.180394793,0.084442965,0.055743527,0.994612824,-0.022524980,-2.186671010,0.236388442,-0.451551122,2.200899226,0.167106842,-0.171474901,-2.443500040,-0.177532975,0.222792567,2.353523251,0.177985948,-0.071677700,-0.121158976,0.409219232,0.448517717,-0.731455091,0.947706712,-0.112902306,0.696898083,-0.669805080,0.661919658,0.442859996,0.311539479
-1.978125243,-1.520919718,0.182592980,0.081456252,0.055529386,0.994843610,-0.023823473,-2.177212342,0.237902425,-0.455822375,2.203926923,0.150012102,-0.174184268,-2.443489496,-0.177246348,0.224776564,2.356199980,0.182921946,-0.079402356,-0.144893440,0.401631459,0.422257577,-0.755755033,0.994412777,-0.123064684,0.678484659,-0.645815255,0.649724245,0.467935559,0.286302109
-1.981384842,-1.519405297,0.184372945,0.078513484,0.054679884,0.995117431,-0.024228957,-2.169014718,0.239243775,-0.462331553,2.208140969,0.133673281,-0.177772688,-2.440555347,-0.173079137,0.225655005,2.356199980,0.187524788,-0.081858985,-0.167671835,0.394479932,0.399857459,-0.775193856,1.034158499,-0.132591047,0.661018914,-0.623133666,0.634280680,0.490018096,0.257773745
-1.984529288,-1.518069168,0.186801659,0.075653599,0.055345586,0.995312339,-0.023806435,-2.158579619,0.242396903,-0.467537181,2.212163222,0.116756305,-0.182448485,-2.435248520,-0.166226130,0.227196711,2.356199980,0.189381670,-0.082146888,-0.189616586,0.387629034,0.379837683,-0.792568378,1.071219047,-0.141798877,0.643947450,-0.601184041,0.618030496,0.510995172,0.228418790
-1.987447129,-1.517083892,0.190507021,0.072956815,0.058992924,0.995351134,-0.021754510,-2.143741489,0.249115349,-0.470177609,2.215808055,0.098701604,-0.189264082,-2.425272605,-0.154087859,0.230043627,2.356199980,0.185834896,-0.078167049,-0.209920842,0.381369731,0.364502076,-0.805880654,1.102995556,-0.150379882,0.627651875,-0.580674815,0.600193003,0.529796857,0.197437221
-1.990362046,-1.516374198,0.194740430,0.069808567,0.063176788,0.995375591,-0.019049704,-2.127224663,0.257204551,-0.470579779,2.219083054,0.080218940,-0.196811466,-2.414645423,-0.140222463,0.233824263,2.356188952,0.179746110,-0.073118226,-0.227676214,0.376089780,0.355660586,-0.814567462,1.129421812,-0.158204981,0.612237083,-0.562124054,0.581480866,0.546428040,0.165510572
-1.993276103,-1.515801301,0.199233526,0.066434748,0.067623990,0.995367598,-0.016023867,-2.109883317,0.265967885,-0.469870549,2.222176951,0.061522462,-0.204713827,-2.403706507,-0.125510775,0.238069348,2.356172597,0.172408590,-0.067550503,-0.244169025,0.371296800,0.350052180,-0.820952912,1.153189145,-0.165654100,0.597260460,-0.544549485,0.562338321,0.561981231,0.133118183
-1.996348230,-1.515568337,0.203712423,0.062575994,0.072368985,0.995326101,-0.013150224,-2.092871072,0.274698115,-0.466307324,2.225492908,0.041921830,-0.211255138,-2.395123067,-0.111689093,0.243727739,2.356182755,0.165519840,-0.063873663,-0.258254304,0.367937258,0.355036162,-0.820182908,1.169513015,-0.171965328,0.583631276,-0.530490304,0.543145222,0.574702308,0.100487457
-1.999540442,-1.515439937,0.207997976,0.058651148,0.077224769,0.995234453,-0.010235262,-2.076543474,0.284084163,-0.461898842,2.229100281,0.022228563,-0.217118561,-2.387520270,-0.098106946,0.250058412,2.356191563,0.159149721,-0.060919654,-0.272215218,0.364935907,0.363530925,-0.817049926,1.183615322,-0.177934736,0.570422005,-0.517764123,0.524385551,0.586728444,0.068182778
-2.002968912,-1.515517260,0.211903137,0.054599000,0.082301207,0.995084442,-0.007239687,-2.061562867,0.294760482,-0.455827387,2.233280991,0.002353048,-0.221648294,-2.381846805,-0.084996061,0.257711743,2.356197713,0.153799966,-0.059387758,-0.285931457,0.362639267,0.378932858,-0.809267982,1.193346885,-0.183231644,0.558038882,-0.507660508,0.506478611,0.597387340,0.036519568
-2.006776501,-1.515801423,0.215262567,0.050481001,0.088397771,0.994797984,-0.003804543,-2.048051360,0.308770243,-0.448043390,2.238360234,-0.016447983,-0.225701762,-2.378345826,-0.071570033,0.267604038,2.356199837,0.149230018,-0.056323883,-0.300641328,0.360686909,0.400670293,-0.797145122,1.199374798,-0.187995618,0.546297530,-0.500350291,0.490315736,0.607453250,0.006266180
-2.010772612,-1.516189451,0.218352166,0.046324141,0.094993152,0.994399493,-0.000149507,-2.035271055,0.324436411,-0.439409469,2.243887822,-0.034720612,-0.229515628,-2.375926750,-0.057988847,0.278607945,2.356199980,0.145047168,-0.052492589,-0.315842228,0.358903535,0.425553015,-0.782866515,1.203564988,-0.192495559,0.534873473,-0.494429048,0.475024521,0.617229956,-0.023282580
-2.015329981,-1.517156198,0.221049569,0.041002440,0.101934426,0.993935625,0.004488442,-2.024848249,0.344718495,-0.428686731,2.251160902,-0.052993721,-0.231876102,-2.377158580,-0.044359374,0.292457670,2.356199980,0.141838338,-0.044875263,-0.331686749,0.357032548,0.458436476,-0.762922100,1.203339770,-0.196469354,0.523905177,-0.492623613,0.463503142,0.627656560,-0.049778619
-2.020052824,-1.518371013,0.223584669,0.035398487,0.109470742,0.993314361,0.009470119,-2.014777362,0.365928552,-0.416698834,2.259215400,-0.071699564,-0.233415929,-2.379705325,-0.030412559,0.307303171,2.356199980,0.138642119,-0.036927581,-0.347204596,0.354935150,0.493466768,-0.741373711,1.201954228,-0.200362766,0.512850407,-0.492109746,0.453577532,0.638905106,-0.075003140
-2.025101148,-1.520073770,0.225800523,0.029242700,0.118182830,0.992445889,0.015127488,-2.005398693,0.388963915,-0.402222396,2.268806928,-0.091256586,-0.233341560,-2.384838478,-0.015841540,0.324107343,2.356199980,0.135470706,-0.028330097,-0.362079882,0.352392410,0.532719825,-0.716670343,1.198286356,-0.204098068,0.501625547,-0.494136363,0.446790768,0.651770393,-0.097726615
-2.030438422,-1.522212446,0.228074015,0.022126802,0.127244424,0.991392547,0.021449464,-1.996704374,0.412167933,-0.385626020,2.279615835,-0.111437291,-0.231823466,-2.392232703,-0.001419425,0.341833715,2.356199980,0.131176161,-0.021104641,-0.374710319,0.349041056,0.575066943,-0.689431753,1.192842939,-0.207873276,0.489629280,-0.498358484,0.443617676,0.667504587,-0.117640481
-2.035918567,-1.524566811,0.230377191,0.014530071,0.136461113,0.990140345,0.028095192,-1.988354656,0.435444467,-0.367981119,2.291026550,-0.131921746,-0.229589021,-2.400750822,0.012923732,0.360015607,2.356199980,0.126324436,-0.014556865,-0.386224453,0.345285853,0.618946022,-0.660936176,1.186518682,-0.211669415,0.477245709,-0.503669338,0.442242756,0.684671353,-0.136156775
-2.041613350,-1.527284022,0.233038996,0.005093462,0.145081579,0.988798402,0.034685918,-1.982169207,0.455951787,-0.348677318,2.303307328,-0.151636742,-0.225617595,-2.412519183,0.025736942,0.378759178,2.356199980,0.120147604,-0.008835544,-0.394386336,0.339857708,0.665680250,-0.629641724,1.178098720,-0.215814689,0.462723767,-0.511452223,0.446580848,0.707704298,-0.150363028
-2.047299065,-1.530051891,0.235744156,-0.004953689,0.153088697,0.987358987,0.040762026,-1.977300484,0.474814006,-0.330241363,2.316204239,-0.170942607,-0.221181107,-2.424331234,0.038111298,0.397376606,2.356199980,0.113002169,-0.002409862,-0.401417477,0.333727838,0.712815832,-0.597721459,1.169062033,-0.220164359,0.447151632,-0.519733454,0.452874777,0.733061135,-0.163146198
-2.052966950,-1.532919380,0.238534575,-0.016198399,0.159918040,0.985932682,0.045832074,-1.975021158,0.490441069,-0.313512062,2.330312798,-0.189443901,-0.215830056,-2.436229203,0.049622629,0.415745970,2.356199980,0.103951939,0.005400973,-0.406224974,0.326217999,0.760740691,-0.564570508,1.158812533,-0.224915984,0.429514250,-0.528994700,0.463014933,0.762987994,-0.173130821
-2.058750503,-1.535612267,0.241366316,-0.026089815,0.165480085,0.984520906,0.051519402,-1.972680111,0.504625822,-0.299605279,2.340884439,-0.203665392,-0.212160978,-2.441497776,0.062359212,0.432421419,2.356199980,0.087209289,0.015427273,-0.407164607,0.317101010,0.808426980,-0.530811930,1.147345458,-0.230192068,0.409280681,-0.538442006,0.476962119,0.797507017,-0.180467338
-2.064589720,-1.538217570,0.244216418,-0.035310017,0.170407461,0.983060332,0.057505511,-1.970315169,0.518095288,-0.287099814,2.349698303,-0.215759112,-0.209325728,-2.443500040,0.075703484,0.448257179,2.356199980,0.066661488,0.026556667,-0.406192950,0.307184160,0.855989440,-0.496754904,1.135272230,-0.235729090,0.387754454,-0.547977155,0.492800971,0.834305275,-0.186488720
-2.070115553,-1.540360785,0.246554377,-0.043589412,0.174868181,0.981595286,0.063180510,-1.969642682,0.529905100,-0.278246487,2.353469167,-0.221541377,-0.208342831,-2.443500040,0.090469926,0.462242678,2.356199980,0.039827007,0.041384236,-0.402584431,0.294676480,0.901829165,-0.462758658,1.121188938,-0.242090533,0.361894327,-0.556562661,0.513976058,0.876869167,-0.188975897
-2.075485028,-1.542382075,0.248746278,-0.052083019,0.178067445,0.980282601,0.068010052,-1.970966063,0.540575667,-0.271556552,2.356015493,-0.225989542,-0.207517874,-2.443500040,0.103869815,0.475429502,2.356199980,0.013732562,0.058209702,-0.399496160,0.281270194,0.946691590,-0.429112969,1.106312883,-0.248691669,0.334480017,-0.564461599,0.536766113,0.920766564,-0.190434560
-2.080547087,-1.544163649,0.250651014,-0.061003066,0.178810720,0.979406936,0.071185715,-1.976213517,0.549006364,-0.269120063,2.356154257,-0.227814732,-0.207003439,-2.443500040,0.114582929,0.487046051,2.356199980,-0.010906901,0.078963236,-0.397430749,0.266097156,0.989632547,-0.396156508,1.089878179,-0.255764065,0.304010027,-0.571010680,0.562731357,0.967285764,-0.189871061
-2.085185966,-1.545968339,0.251835644,-0.069023826,0.178641684,0.978691031,0.074072441,-1.983469208,0.557144661,-0.268891422,2.356199980,-0.229498039,-0.206396013,-2.443488245,0.124623859,0.496597833,2.356199980,-0.035233480,0.100127389,-0.395670626,0.249198498,1.029994691,-0.364537771,1.071630370,-0.263128204,0.270410923,-0.575646599,0.591358107,1.014879117,-0.187619795
-2.089613017,-1.547786678,0.252662667,-0.076599549,0.178027459,0.978027685,0.076815240,-1.991710017,0.565136349,-0.269734591,2.356199899,-0.231116655,-0.205748226,-2.443470767,0.134353186,0.505150043,2.356199957,-0.059405620,0.121508662,-0.394059327,0.231442866,1.069071970,-0.333587497,1.052480175,-0.270635843,0.235256712,-0.579329487,0.621304016,1.062996585,-0.184531366
-2.093039267,-1.550198330,0.252526433,-0.083909310,0.179385942,0.976958967,0.079568132,-1.999481630,0.572373057,-0.267152367,2.356178724,-0.234040954,-0.206483838,-2.443482923,0.148939087,0.517625909,2.356193951,-0.083402799,0.146862205,-0.392135234,0.211371128,1.103604415,-0.305502245,1.030387073,-0.278175570,0.195608467,-0.579687108,0.654150485,1.110137501,-0.179440086
-2.096172290,-1.552495760,0.252704586,-0.090830742,0.180387404,0.975961010,0.081916219,-2.007207518,0.578040178,-0.263796185,2.356171830,-0.237456428,-0.207275426,-2.443492813,0.162583817,0.529889257,2.356181770,-0.103182642,0.170861439,-0.391023592,0.190646945,1.136434840,-0.278641407,1.007283314,-0.285565197,0.154571177,-0.578877640,0.687557781,1.156113348,-0.173813154
-2.098728928,-1.554568666,0.253500722,-0.096995007,0.180700867,0.975177498,0.083474626,-2.014843524,0.580622027,-0.258918665,2.356193004,-0.241837386,-0.208177041,-2.443498249,0.174378529,0.541734868,2.356157452,-0.114672634,0.192198562,-0.391508951,0.168640280,1.165919675,-0.254187349,0.982192948,-0.292659777,0.110803492,-0.575774073,0.722067469,1.199799064,-0.167133312
-2.100729787,-1.556400372,0.255512746,-0.105934022,0.178221483,0.974743009,0.083012967,-2.027375623,0.577784232,-0.255064162,2.356199980,-0.247526649,-0.208377742,-2.443500040,0.176978443,0.547389616,2.356161140,-0.129957090,0.208105448,-0.393292891,0.145675844,1.191843081,-0.232565046,0.955247315,-0.299127932,0.064726521,-0.570517951,0.756780982,1.239802268,-0.159585319
-2.102453734,-1.558113568,0.258127718,-0.116235891,0.174345663,0.974392761,0.081557068,-2.042331763,0.572267729,-0.251713924,2.356199980,-0.253867776,-0.208231697,-2.443500017,0.175028736,0.549947777,2.356178570,-0.147142673,0.221307322,-0.395703668,0.122237569,1.215995741,-0.212352090,0.927381409,-0.305282939,0.017504678,-0.564193682,0.791590375,1.277969007,-0.151606266
-2.103194459,-1.559826405,0.262162054,-0.128890317,0.168301287,0.973864912,0.081541994,-2.062009218,0.562687641,-0.248779969,2.356199980,-0.262526301,-0.207480135,-2.443494011,0.164903109,0.538474496,2.356191446,-0.173743934,0.225047030,-0.395250405,0.097965386,1.234796574,-0.196751455,0.897282509,-0.310064693,-0.032340534,-0.555173580,0.825308340,1.309191236,-0.142472626
-2.103612146,-1.561538230,0.266595949,-0.142066027,0.162179713,0.973017152,0.082174244,-2.081917084,0.552598440,-0.245248100,2.355756719,-0.272077415,-0.205898024,-2.443481780,0.154097863,0.523673241,2.356199980,-0.200935502,0.225914297,-0.393624386,0.073624314,1.251822604,-0.182783298,0.866697606,-0.314261155,-0.082779364,-0.545458230,0.858198267,1.337764052,-0.132942733
-2.103394992,-1.563248068,0.271815066,-0.156283257,0.155934293,0.971693728,0.084091248,-2.102277759,0.541508718,-0.240541196,2.354442352,-0.283382664,-0.202683705,-2.443457318,0.141957018,0.502331781,2.356199980,-0.229287155,0.221136582,-0.389693641,0.049147857,1.265360749,-0.172023323,0.835157598,-0.317307386,-0.134384781,-0.534376563,0.889460914,1.361130181,-0.122634112
-2.103016773,-1.564755493,0.278304305,-0.170751477,0.149625919,0.970189748,0.084781307,-2.120410363,0.528982060,-0.234220870,2.346725133,-0.293637239,-0.198733919,-2.443462498,0.128727957,0.478891937,2.355454315,-0.246380236,0.210824322,-0.385177951,0.024954305,1.275531449,-0.164516242,0.803336570,-0.319030828,-0.186551504,-0.522377835,0.918253947,1.379024544,-0.111454260
-2.102557536,-1.566163272,0.285424149,-0.185320474,0.143267035,0.968467899,0.084857576,-2.137431592,0.515752686,-0.227107379,2.335836715,-0.303369141,-0.194434666,-2.443482202,0.114959762,0.454416689,2.354274506,-0.257858806,0.197783510,-0.380369356,0.000903666,1.284029494,-0.158625463,0.771380426,-0.320096333,-0.238993361,-0.509925903,0.945815445,1.394199808,-0.099840675
-2.101618107,-1.567515692,0.294236694,-0.200334830,0.136755425,0.966406846,0.084980688,-2.150181581,0.503314443,-0.219836830,2.318378725,-0.311443135,-0.193117984,-2.443492930,0.100033522,0.428769543,2.335951763,-0.248091588,0.182245550,-0.374153955,-0.022150370,1.287852630,-0.157388940,0.740163089,-0.319100674,-0.291286226,-0.496784848,0.968724395,1.401475745,-0.086769956
-2.100415954,-1.568902200,0.303470103,-0.215222505,0.130141808,0.964048330,0.085750810,-2.161317923,0.491966266,-0.213140026,2.299180671,-0.319320707,-0.192737906,-2.443500040,0.085393963,0.402803063,2.311188527,-0.232158014,0.168049853,-0.367485304,-0.044695943,1.290219471,-0.157614589,0.709601957,-0.317424256,-0.343171061,-0.483616360,0.989841440,1.406304740,-0.073164911
-2.098697609,-1.570355684,0.313530415,-0.229909673,0.123365380,0.961359035,0.087814185,-2.169283801,0.482759831,-0.207570506,2.276563769,-0.326812353,-0.194198052,-2.443500040,0.071317670,0.376209160,2.273771122,-0.204108891,0.156491410,-0.359926120,-0.066242495,1.289725006,-0.160713086,0.680330128,-0.314410293,-0.394254204,-0.470393970,1.007437779,1.406326029,-0.058510031
-2.096762923,-1.571710881,0.324015331,-0.244017726,0.116765958,0.958601275,0.088908133,-2.173571454,0.473721815,-0.202168079,2.251308121,-0.334110937,-0.195350061,-2.442676421,0.057652922,0.351047719,2.232411561,-0.173461405,0.148814958,-0.352876518,-0.086491821,1.286600180,-0.166412122,0.653140661,-0.310171504,-0.443774582,-0.457461405,1.021320983,1.402160440,-0.042792577
-2.094724135,-1.573016582,0.334714667,-0.257796539,0.110240248,0.955706631,0.089514618,-2.176007557,0.464767654,-0.196847351,2.224739700,-0.341307928,-0.196346944,-2.441379274,0.044194589,0.326603612,2.189119954,-0.141603474,0.143056240,-0.346069587,-0.106094960,1.282169498,-0.173401638,0.626990445,-0.305325133,-0.492513635,-0.444674472,1.033359237,1.395918617,-0.026547599
-2.093220082,-1.574016450,0.346884441,-0.267663835,0.103462035,0.953722630,0.089804357,-2.167180923,0.456099204,-0.191436226,2.193964079,-0.346813914,-0.196396888,-2.422859255,0.031809521,0.305612543,2.146819453,-0.126116589,0.140106844,-0.337369576,-0.123425522,1.274229697,-0.183718413,0.604977802,-0.298966598,-0.537800467,-0.432710442,1.040058106,1.384680157,-0.008884616
-2.092004366,-1.574916641,0.359595436,-0.276057813,0.096361412,0.951995988,0.090610162,-2.154658568,0.448326901,-0.186476878,2.162175336,-0.351722277,-0.196156913,-2.398121323,0.020326922,0.284812254,2.104581880,-0.116714378,0.137652926,-0.326898036,-0.139895235,1.265233864,-0.194964390,0.584667346,-0.292226898,-0.581551521,-0.421114029,1.045107296,1.372194333,0.009153263
-2.091355046,-1.575621030,0.373369574,-0.281604246,0.088646540,0.950944091,0.092445529,-2.134876544,0.442314938,-0.182404976,2.128396475,-0.355456700,-0.195347441,-2.361169270,0.010617083,0.264386725,2.062467915,-0.119264564,0.136172296,-0.312946601,-0.154673947,1.254163621,-0.208035638,0.567700571,-0.284738458,-0.622285778,-0.410239744,1.046915948,1.357258258,0.027927565
-2.091076173,-1.576267997,0.387619478,-0.285964746,0.080863701,0.950083886,0.095004400,-2.111013145,0.438410404,-0.178745886,2.093772058,-0.359062846,-0.193773023,-2.319281363,0.002482141,0.243163850,2.019592585,-0.126176722,0.133757588,-0.296368990,-0.167610249,1.241247178,-0.222542081,0.554586928,-0.276782698,-0.659313234,-0.400189353,1.045867960,1.340711016,0.047160219
-2.090981431,-1.576886280,0.402103898,-0.289722292,0.073045877,0.949283005,0.097913581,-2.085125371,0.435549580,-0.175286973,2.058730214,-0.362605206,-0.191818249,-2.274957263,-0.004870784,0.221549147,1.976339547,-0.135222324,0.130883508,-0.278496032,-0.179630331,1.227414556,-0.237759305,0.543390323,-0.268596480,-0.694495044,-0.390548594,1.043402918,1.323367737,0.066618644
-2.091439199,-1.577383529,0.416814081,-0.291207561,0.065527047,0.949100962,0.100557079,-2.054203126,0.434899156,-0.171208884,2.023131223,-0.365950008,-0.188688133,-2.227501859,-0.010068216,0.199851853,1.932130511,-0.142231175,0.127826027,-0.259168091,-0.188791742,1.211191744,-0.254480769,0.538393308,-0.260162577,-0.723364016,-0.382164959,1.037376607,1.304802694,0.086254594
-2.092013141,-1.577796870,0.431493015,-0.292030878,0.057944476,0.949034334,0.103412945,-2.021939696,0.434682108,-0.166800557,1.987297352,-0.368890856,-0.185311517,-2.179352068,-0.013779720,0.178742871,1.887799171,-0.148133636,0.125456867,-0.239729283,-0.196966751,1.194266450,-0.271498063,0.535578322,-0.251791814,-0.749888170,-0.374192340,1.030371175,1.286158471,0.105765091
-2.092815235,-1.578045422,0.446110578,-0.291571693,0.050241203,0.949251622,0.106691743,-1.987042304,0.435316170,-0.161743676,1.951002197,-0.371038379,-0.181450797,-2.129838566,-0.014573000,0.158789282,1.843227637,-0.151863249,0.124439504,-0.220072741,-0.203204559,1.175961545,-0.289096335,0.537048635,-0.243545050,-0.771807321,-0.367026918,1.021442840,1.267358748,0.125029211
-2.093863447,-1.578196155,0.460686873,-0.289894988,0.044052714,0.949966918,0.107624855,-1.947991463,0.433701143,-0.153079121,1.912876911,-0.372047750,-0.177798122,-2.079684686,-0.016427711,0.142562932,1.799742031,-0.155445361,0.122992695,-0.204009918,-0.207492916,1.156444144,-0.306863527,0.542855876,-0.235688851,-0.788806270,-0.360615962,1.010997475,1.248924368,0.143665459
-2.095034522,-1.578298219,0.475242747,-0.287612537,0.038612808,0.950922662,0.107397258,-1.906880244,0.430970080,-0.142630629,1.873843044,-0.372492678,-0.174249521,-2.029210662,-0.018816796,0.128179324,1.756796560,-0.158956516,0.121329850,-0.189732818,-0.210812795,1.136325070,-0.324712214,0.550817530,-0.228028096,-0.803359340,-0.354579490,0.999800637,1.230673868,0.161987448
-2.096703943,-1.578241782,0.489759436,-0.283829732,0.034413749,0.952475186,0.105106603,-1.860534071,0.425321167,-0.129022521,1.832327610,-0.371540574,-0.171174472,-1.977327136,-0.024450505,0.116982460,1.715570953,-0.162820250,0.118394782,-0.180717323,-0.211328855,1.114629741,-0.342214273,0.564979878,-0.221272755,-0.810459534,-0.349547566,0.986952477,1.213527707,0.178838082
-2.098527352,-1.578134565,0.504264858,-0.279583152,0.030402353,0.954136884,0.102624388,-1.813021718,0.419274407,-0.115391481,1.790295834,-0.370128015,-0.168072249,-1.924691894,-0.030361087,0.106018470,1.674376240,-0.166681989,0.115172481,-0.172655294,-0.210951322,1.092458883,-0.359411831,0.581087827,-0.214904428,-0.815064184,-0.344816959,0.973737084,1.196879016,0.195029402
-2.100653114,-1.577927641,0.518748158,-0.274434739,0.026760662,0.956041588,0.099769345,-1.763219607,0.412446490,-0.101715413,1.747250241,-0.367811368,-0.164916670,-1.870580684,-0.036815303,0.095511718,1.633242187,-0.170539813,0.111386205,-0.166465364,-0.208819248,1.069354339,-0.376011507,0.601015899,-0.209295987,-0.814768913,-0.340677978,0.959800636,1.181207094,0.209926180
-2.103074331,-1.577598275,0.533149035,-0.268668437,0.023239635,0.958068633,0.096859100,-1.711914738,0.405778956,-0.088742767,1.703428920,-0.364768854,-0.161869387,-1.815027937,-0.042589511,0.084994681,1.591602914,-0.174124011,0.107683837,-0.160983807,-0.205070939,1.045389884,-0.391679727,0.624371064,-0.204548456,-0.809721896,-0.337072340,0.945496816,1.166655421,0.223260521
-2.105642290,-1.577208402,0.547508375,-0.262584851,0.019777886,0.960123663,0.093917960,-1.659863497,0.399192538,-0.076118312,1.659223545,-0.361365222,-0.158877045,-1.758759269,-0.048025801,0.074472919,1.549712764,-0.177570720,0.104024012,-0.155852696,-0.200520667,1.020998491,-0.406883419,0.649425897,-0.200228869,-0.802315638,-0.333731452,0.931012561,1.152660722,0.235817369
-2.108628514,-1.576718731,0.561606774,-0.255320668,0.016501027,0.962437328,0.090848571,-1.605682908,0.393184276,-0.064208128,1.614213267,-0.356788040,-0.156315724,-1.700458547,-0.052455406,0.064028628,1.507118789,-0.180248137,0.100692237,-0.151393514,-0.193865246,0.995424787,-0.420310056,0.678745592,-0.197215472,-0.788368461,-0.331111574,0.916495587,1.140393282,0.245804009
-2.111734807,-1.576246080,0.575587749,-0.247688804,0.013343435,0.964757517,0.087835884,-1.550916546,0.387291335,-0.052343603,1.569074013,-0.351607774,-0.153693320,-1.641573938,-0.056585002,0.053785811,1.464168754,-0.182580910,0.097499250,-0.147070939,-0.186607642,0.969477918,-0.433037588,0.709183540,-0.194616515,-0.772439604,-0.328720582,0.902132119,1.128703994,0.254879313
-2.115076798,-1.575806839,0.589338217,-0.239352737,0.010421339,0.967153932,0.084940777,-1.495000296,0.381624772,-0.040568706,1.523681574,-0.345243633,-0.150951012,-1.581543140,-0.060125672,0.043938492,1.420519765,-0.184237137,0.094578706,-0.143016525,-0.178167935,0.942798517,-0.444392754,0.741816652,-0.192831119,-0.752620653,-0.326778900,0.888069988,1.118149636,0.262165637
-2.118600647,-1.575374071,0.602784738,-0.230490197,0.007737014,0.969578148,0.082052561,-1.438061245,0.376088470,-0.028694660,1.477922014,-0.338429773,-0.147731879,-1.520766497,-0.063005866,0.034671955,1.376114371,-0.185185424,0.091743821,-0.138895361,-0.168757693,0.915437453,-0.454247626,0.775945947,-0.191740828,-0.729434799,-0.325270744,0.874615820,1.108706757,0.267647479
-2.122214774,-1.574944745,0.616079658,-0.221354458,0.005170714,0.971961236,0.079163275,-1.380615379,0.370615480,-0.016772009,1.431978253,-0.331395500,-0.144279890,-1.459622506,-0.065558971,0.025694048,1.331333940,-0.185779897,0.088950466,-0.134737532,-0.158866529,0.887738159,-0.463356841,0.810813830,-0.190994730,-0.704580012,-0.323977856,0.861465397,1.099816013,0.272233214
-2.126077481,-1.574578676,0.628788976,-0.211677191,0.003001743,0.974353332,0.076284609,-1.321990144,0.364999218,-0.004860072,1.385068027,-0.324420185,-0.141089844,-1.398148526,-0.067394912,0.017585810,1.285627644,-0.184841088,0.086038510,-0.129650252,-0.147855033,0.859145136,-0.470205487,0.846742626,-0.190992145,-0.675706756,-0.323291485,0.849607322,1.092534484,0.274273520
-2.130045017,-1.574249689,0.641282901,-0.201783925,0.000960507,0.976672980,0.073431701,-1.263059596,0.359213272,0.006947985,1.338008327,-0.317218811,-0.138251534,-1.336558875,-0.069016745,0.009916223,1.239723517,-0.183580261,0.083462159,-0.124146372,-0.136561216,0.830305563,-0.476322687,0.882622689,-0.191116253,-0.645837119,-0.322788486,0.838284368,1.085804065,0.275536592
-2.134218293,-1.573993480,0.653354098,-0.191489440,-0.000829486,0.978949160,0.070637441,-1.203529846,0.353094306,0.018552168,1.290655272,-0.309573777,-0.136103537,-1.274742208,-0.070218374,0.003107528,1.193431129,-0.181687442,0.081544463,-0.117824879,-0.124713317,0.800982113,-0.481004359,0.918407107,-0.191489006,-0.614011993,-0.322645373,0.828011640,1.080155249,0.275274269
-2.138531781,-1.573824993,0.664996380,-0.180922664,-0.002287584,0.981138962,0.068030092,-1.143687363,0.346287046,0.029797934,1.243052744,-0.301108547,-0.134064697,-1.212816517,-0.070922419,-0.002255987,1.146465159,-0.178930934,0.079809410,-0.111154647,-0.112469316,0.771324551,-0.484394053,0.953282519,-0.191827035,-0.580974739,-0.322786669,0.818881301,1.075672227,0.273720739
-2.142914811,-1.573700176,0.676425246,-0.170209696,-0.003580528,0.983221381,0.065509971,-1.083691161,0.339136401,0.040864819,1.195325572,-0.292238137,-0.132077896,-1.150838650,-0.071382466,-0.006902066,1.099165928,-0.175745993,0.078165804,-0.104315973,-0.100029346,0.741502306,-0.487143397,0.987701359,-0.192145939,-0.547340126,-0.323068434,0.810317977,1.071769372,0.271527837
-2.147476182,-1.573725136,0.687147190,-0.159181353,-0.004380205,0.985230224,0.062956468,-1.023622812,0.330638237,0.051213810,1.147067211,-0.282703111,-0.129736930,-1.089167250,-0.071864356,-0.009553005,1.051201185,-0.171446441,0.076956907,-0.098095032,-0.087199869,0.711496045,-0.488351275,1.019618313,-0.191974045,-0.513060469,-0.323573726,0.803307131,1.069811025,0.267934551
-2.152050981,-1.573830965,0.697577893,-0.148239484,-0.005032272,0.987093062,0.060390555,-0.964034935,0.321652038,0.061051889,1.098783448,-0.272944256,-0.127442487,-1.028002922,-0.072595740,-0.011919157,1.003131766,-0.166746961,0.075979017,-0.092344294,-0.074289207,0.681565907,-0.489209391,1.050336709,-0.191501954,-0.478938706,-0.324049884,0.796644786,1.068628778,0.264098521
-2.156652127,-1.574095472,0.707437136,-0.137489819,-0.005395207,0.988800062,0.057808979,-0.905389816,0.311708239,0.069887480,1.050449846,-0.262746217,-0.125239330,-0.967833545,-0.073816667,-0.013726515,0.954856957,-0.161262763,0.075454399,-0.087516167,-0.061219244,0.651785131,-0.489381218,1.078703348,-0.190440827,-0.445126755,-0.324468874,0.790666253,1.068969359,0.259786187
-2.161269396,-1.574507883,0.716643866,-0.126918564,-0.005596875,0.990353050,0.055328010,-0.848210960,0.301368379,0.077498544,1.002839909,-0.252224413,-0.123135851,-0.908868380,-0.075467782,-0.015684106,0.906716857,-0.155189530,0.075351771,-0.083494827,-0.048054701,0.622510182,-0.489292421,1.104128851,-0.188596736,-0.412302528,-0.324519453,0.784659940,1.071191501,0.255597030
-2.165894591,-1.574993721,0.725526449,-0.116429185,-0.005719211,0.991772954,0.052895584,-0.791760731,0.290836462,0.084502148,0.955593141,-0.241543733,-0.121079152,-0.850500636,-0.077327576,-0.017714706,0.858643595,-0.148823464,0.075457139,-0.079871034,-0.034843347,0.593489458,-0.489077547,1.128090847,-0.186363336,-0.379972530,-0.324384114,0.778631925,1.074351513,0.251474162
-2.170524057,-1.575685954,0.733451151,-0.106173822,-0.005863394,0.993022645,0.050978107,-0.737517019,0.280812393,0.089904631,0.910260817,-0.230842471,-0.118533934,-0.793716560,-0.078652985,-0.019589583,0.810749486,-0.141541936,0.075802124,-0.076679996,-0.021533677,0.565894151,-0.489266894,1.147168842,-0.182897879,-0.349917828,-0.323034824,0.770730201,1.081008393,0.248715465
-2.175129616,-1.576404147,0.740998525,-0.095994383,-0.006025979,0.994145714,0.049224635,-0.684188554,0.271083023,0.094733739,0.865925743,-0.220490201,-0.116153175,-0.737754560,-0.079977303,-0.021487572,0.763406257,-0.134033895,0.076306478,-0.073412147,-0.008511180,0.538985678,-0.489134047,1.164734447,-0.179573350,-0.320606163,-0.321321245,0.762186804,1.088635270,0.246682604
-2.179688275,-1.577173264,0.747805687,-0.085976727,-0.006225298,0.995130408,0.047798730,-0.632655545,0.261931771,0.098438045,0.823546990,-0.210822556,-0.114095037,-0.683405239,-0.081299479,-0.023430897,0.717143697,-0.126081499,0.077123469,-0.069993620,0.003947965,0.513424579,-0.488369145,1.179333174,-0.176525285,-0.292752129,-0.318893034,0.752384627,1.098165003,0.246073630
-2.184125410,-1.577964126,0.753906645,-0.076344666,-0.006427506,0.995979111,0.046430489,-0.583320905,0.253288100,0.101259056,0.783077854,-0.201673979,-0.112476164,-0.631006641,-0.082665099,-0.025499731,0.672066603,-0.117852552,0.078310610,-0.066474963,0.014882263,0.488658805,-0.484227942,1.192535820,-0.176060119,-0.266900709,-0.316404244,0.742879818,1.108655568,0.245283971
-2.188502077,-1.578765742,0.759657307,-0.066900489,-0.006630781,0.996718242,0.045089947,-0.535077120,0.244896638,0.103642808,0.743557111,-0.192783531,-0.111074761,-0.579576890,-0.084051945,-0.027632398,0.627579981,-0.109487380,0.079677752,-0.062907289,0.025053089,0.464291897,-0.478418577,1.205052540,-0.176869205,-0.242042951,-0.313885604,0.733524401,1.119618153,0.244399103
-2.192676781,-1.579588296,0.764485613,-0.057818804,-0.006818673,0.997331298,0.044054212,-0.489797385,0.237268449,0.105074165,0.706799716,-0.184721714,-0.110151755,-0.530978711,-0.085421396,-0.030290702,0.585203122,-0.100978881,0.080701910,-0.059357815,0.031602542,0.441964252,-0.469705959,1.217251489,-0.179461639,-0.219872162,-0.311333475,0.724990708,1.130786124,0.241997465
-2.196764047,-1.580407130,0.769046520,-0.048919124,-0.007046391,0.997853042,0.042971774,-0.445563489,0.230010946,0.106418260,0.670802998,-0.176856700,-0.109351848,-0.483474008,-0.086645505,-0.032869217,0.543779062,-0.092778316,0.081491565,-0.056257464,0.037121196,0.420829288,-0.462007490,1.229045379,-0.181879755,-0.198701075,-0.308585934,0.716680099,1.141932357,0.239313115
-2.200679824,-1.581218668,0.773082985,-0.040382113,-0.007352798,0.998282446,0.041801655,-0.403380772,0.223480461,0.107591211,0.636298181,-0.169377670,-0.108793375,-0.438113914,-0.087584556,-0.035291245,0.504223702,-0.085181697,0.081821292,-0.054037970,0.040618165,0.402033502,-0.456298047,1.240044833,-0.183955985,-0.179490679,-0.305455140,0.708807021,1.153035954,0.236074289
-2.204444990,-1.581975106,0.776619060,-0.032368050,-0.007729316,0.998621293,0.040596560,-0.363610211,0.217538729,0.107863369,0.603590473,-0.162582539,-0.108524889,-0.395067283,-0.087988792,-0.036912272,0.466821661,-0.078383579,0.081578104,-0.053108710,0.042795870,0.385782742,-0.454216637,1.249101411,-0.184841549,-0.162299379,-0.301662548,0.700503698,1.164053110,0.232618095
-2.208135398,-1.582704223,0.779906926,-0.024611901,-0.008140916,0.998888377,0.039369915,-0.325038520,0.211889304,0.107684100,0.571776974,-0.156127847,-0.108400774,-0.353167317,-0.088127616,-0.038134068,0.430488555,-0.071980424,0.081052146,-0.052822797,0.044321771,0.370794697,-0.453934683,1.257189233,-0.185139798,-0.146112028,-0.297542480,0.691988757,1.175026962,0.229054451
-2.211616297,-1.583362904,0.782535406,-0.017343753,-0.008764857,0.999111948,0.037385663,-0.290180792,0.207076586,0.105273964,0.542962931,-0.150846990,-0.108778164,-0.314114840,-0.087532875,-0.037867596,0.397178101,-0.066375553,0.080091843,-0.054996291,0.044697427,0.359228396,-0.458395885,1.261577443,-0.184615743,-0.133131915,-0.292731140,0.683314585,1.185790092,0.225288458
-2.215008489,-1.583975664,0.784967317,-0.010330468,-0.009462420,0.999278997,0.035287809,-0.256682245,0.202693822,0.102141221,0.515330452,-0.145994667,-0.109339996,-0.276166914,-0.086638333,-0.037352881,0.364988020,-0.061040576,0.079008891,-0.057762859,0.044540788,0.348777600,-0.463848387,1.265005926,-0.184150499,-0.121185547,-0.287703451,0.674926884,1.196308146,0.222065316
-2.218226741,-1.584498383,0.787013790,-0.003818333,-0.010304840,0.999395936,0.032969580,-0.225848836,0.199154129,0.097591564,0.490014831,-0.141982633,-0.110263490,-0.240384833,-0.085155928,-0.036351399,0.334994813,-0.056234821,0.077685445,-0.061692353,0.043340402,0.340514132,-0.471244670,1.266552537,-0.183800575,-0.111266188,-0.282251539,0.667100906,1.206345646,0.219906616
-2.221186752,-1.584934362,0.788737753,0.002225319,-0.011249326,0.999457742,0.030866220,-0.197464970,0.196707671,0.093361669,0.466976185,-0.138666291,-0.111175370,-0.207217753,-0.083300033,-0.036053917,0.308118076,-0.052094777,0.076356541,-0.065967085,0.040816118,0.334447309,-0.479973249,1.266645114,-0.183394255,-0.103410295,-0.276794082,0.661042196,1.215148037,0.217873667
-2.224019301,-1.585327207,0.790301923,0.008037556,-0.012243400,0.999475941,0.028867622,-0.170289994,0.194802512,0.089297604,0.445060711,-0.135695452,-0.112082909,-0.175346408,-0.081262047,-0.036109449,0.282777145,-0.048277650,0.075027266,-0.070411647,0.037637050,0.329467768,-0.489354928,1.266019050,-0.182967504,-0.096575551,-0.271335352,0.655860783,1.223335994,0.215901742
-2.226651324,-1.585580835,0.791479057,0.013483950,-0.013186415,0.999461572,0.026848977,-0.144986122,0.194129109,0.087275708,0.424760817,-0.133741774,-0.113293077,-0.146635059,-0.079439428,-0.037953272,0.259318231,-0.043708683,0.074214021,-0.074996146,0.033129074,0.326883524,-0.498765713,1.264046999,-0.184156253,-0.091942910,-0.266200283,0.653177295,1.229485114,0.213793827
-2.229223475,-1.585794721,0.792565987,0.018811937,-0.014128586,0.999412526,0.024921831,-0.119845890,0.193712611,0.086057849,0.404327712,-0.131948340,-0.114608489,-0.118661511,-0.077663530,-0.040287222,0.236350437,-0.039070956,0.073718700,-0.079325329,0.028230006,0.324702713,-0.506968255,1.262038753,-0.185677349,-0.087850656,-0.261306987,0.651341351,1.234720921,0.211641120
-2.231678256,-1.585930694,0.793476084,0.023908124,-0.015069552,0.999331889,0.023175097,-0.095026460,0.193799748,0.086416227,0.383633458,-0.130469052,-0.116130224,-0.092134352,-0.075979224,-0.043582020,0.214345437,-0.034298431,0.073846638,-0.083153988,0.022564242,0.323312796,-0.512802153,1.259959552,-0.187849977,-0.084817781,-0.256887664,0.651166934,1.238166269,0.209400603
-2.233972609,-1.586022263,0.794254426,0.028790544,-0.015839897,0.999218743,0.021956916,-0.070207353,0.193971637,0.088434243,0.362236481,-0.128870185,-0.117474886,-0.066518130,-0.074590919,-0.047257914,0.194463097,-0.030630761,0.074187502,-0.085706313,0.016184603,0.322502100,-0.516368737,1.258210287,-0.190007083,-0.082417320,-0.253273661,0.652536048,1.239250333,0.208255545
-2.236186800,-1.586091811,0.794967272,0.033564964,-0.016526312,0.999079100,0.021005400,-0.045388478,0.194184344,0.091275139,0.340488906,-0.127211490,-0.118733718,-0.041349199,-0.073350783,-0.051118620,0.175647137,-0.027525962,0.074632219,-0.087621185,0.009452239,0.321979481,-0.518816033,1.256622741,-0.192155162,-0.080331148,-0.250060833,0.654672945,1.239160126,0.207654315
-2.238056784,-1.586103181,0.795472727,0.037699817,-0.017179183,0.998903542,0.021801685,-0.020586044,0.194239858,0.096257392,0.317352727,-0.125279274,-0.120199720,-0.016387036,-0.072804085,-0.054553011,0.162655844,-0.029185260,0.074970373,-0.086865533,0.002071126,0.322401414,-0.519421861,1.255046880,-0.193988551,-0.079221825,-0.248304013,0.659349226,1.235247643,0.208616933
-2.239958134,-1.586133255,0.795865369,0.041810951,-0.017678519,0.998716649,0.022458162,0.004235022,0.193906445,0.100835260,0.294006178,-0.123602986,-0.121829095,0.007366991,-0.072391721,-0.057972900,0.148602594,-0.029919574,0.075516360,-0.086056642,-0.004964246,0.322848739,-0.519481666,1.253447455,-0.195840745,-0.078106532,-0.247168413,0.664577149,1.230077753,0.210215274
-2.241920958,-1.586199988,0.796036903,0.045876218,-0.017877239,0.998525946,0.022841008,0.029092606,0.192810752,0.104620547,0.270247309,-0.122428305,-0.123778674,0.028753113,-0.072242647,-0.061364368,0.132467945,-0.028840950,0.076469694,-0.085143408,-0.011321977,0.323345829,-0.518471285,1.251801849,-0.197729800,-0.076979542,-0.247250382,0.670886268,1.222443391,0.213059606
-2.243857761,-1.586330668,0.796049416,0.049725703,-0.018007884,0.998323232,0.023532862,0.053351770,0.191232075,0.106943488,0.246821008,-0.121414813,-0.126040706,0.048551981,-0.072312155,-0.064383299,0.115800225,-0.026755763,0.077437715,-0.084390109,-0.016721335,0.324259723,-0.518840651,1.249889989,-0.200380948,-0.076089977,-0.248468859,0.678086725,1.212970906,0.216229210
-2.245781379,-1.586492755,0.795983229,0.053467770,-0.018104805,0.998107867,0.024374167,0.077306587,0.189416414,0.108537005,0.223568691,-0.120482206,-0.128455938,0.067567758,-0.072488853,-0.067214675,0.098874614,-0.024178247,0.078412434,-0.083719145,-0.021641656,0.325378831,-0.519890040,1.247845367,-0.203408069,-0.075317814,-0.250245920,0.685716291,1.202596022,0.219560316
-2.247608589,-1.586672289,0.795742227,0.056916550,-0.018146567,0.997905152,0.024829723,0.098808852,0.187517981,0.107272469,0.202741112,-0.119970292,-0.130900367,0.085374835,-0.072689175,-0.068938821,0.082662041,-0.021770170,0.079278089,-0.083921587,-0.024470947,0.326723006,-0.521838737,1.245290740,-0.207011849,-0.074784429,-0.252422662,0.691691955,1.191798914,0.223364174
-2.249342992,-1.586859290,0.795507572,0.060184086,-0.018223551,0.997703986,0.025150226,0.118797291,0.185794441,0.105340905,0.183579157,-0.119387111,-0.133321597,0.102803166,-0.072784678,-0.070201680,0.066436371,-0.019324245,0.079988903,-0.084368276,-0.026843946,0.327906059,-0.523049014,1.243064820,-0.209993536,-0.074533471,-0.254353088,0.696700397,1.181831958,0.227226711
-2.250895538,-1.587060922,0.795285356,0.063097240,-0.018369808,0.997519886,0.025206439,0.135819349,0.184413608,0.102102279,0.167681035,-0.118664280,-0.135697369,0.119489333,-0.072674782,-0.070560635,0.050185037,-0.016804156,0.080396299,-0.085293576,-0.028322829,0.328773387,-0.522812334,1.241483012,-0.211756212,-0.074835938,-0.255800852,0.699813544,1.173491707,0.231204234
-2.252235206,-1.587214397,0.795120613,0.065616303,-0.018525836,0.997361753,0.024916410,0.149232371,0.183548142,0.098549932,0.156196136,-0.118249355,-0.137294792,0.135170038,-0.072317166,-0.070525785,0.034230551,-0.014353723,0.080607667,-0.086654309,-0.029141325,0.329803581,-0.523577460,1.241228436,-0.213278801,-0.075463769,-0.256402582,0.700887764,1.167396568,0.235190874
-2.253468951,-1.587344156,0.794984151,0.067940273,-0.018686656,0.997214510,0.024457106,0.160857222,0.182937522,0.094852567,0.146899277,-0.117989816,-0.138508044,0.150341264,-0.071838354,-0.070297764,0.018448066,-0.011952334,0.080722504,-0.088226044,-0.029632529,0.330912310,-0.524833960,1.241631447,-0.214671669,-0.076252045,-0.256584788,0.700953396,1.162416639,0.239179836
-2.254342427,-1.587445725,0.794875908,0.069843846,-0.018857119,0.997089104,0.024074149,0.168027231,0.182854194,0.093027293,0.143357402,-0.118723309,-0.139080764,0.161821162,-0.071388391,-0.070005955,0.008434872,-0.012786888,0.080724351,-0.089307088,-0.029288808,0.331753423,-0.526245174,1.243669157,-0.213434765,-0.077276351,-0.255649045,0.698857497,1.160819957,0.242704455
-2.255101428,-1.587545094,0.794764289,0.071572370,-0.018986835,0.996967849,0.023916620,0.174296482,0.182759197,0.092337831,0.140806607,-0.119576523,-0.139588637,0.171549674,-0.071104088,-0.069660679,0.001439447,-0.015150783,0.080636408,-0.089760409,-0.028774554,0.332473521,-0.528151884,1.246245897,-0.211773819,-0.078177021,-0.254509414,0.696721449,1.159920507,0.246218097
-2.255636159,-1.587640153,0.794646060,0.072958293,-0.019036812,0.996859572,0.024200840,0.178801064,0.182641340,0.093873532,0.140197427,-0.120664282,-0.139969470,0.177847063,-0.071144326,-0.069210658,0.000356104,-0.020510795,0.080372561,-0.088983965,-0.027926210,0.332956537,-0.531029314,1.249878645,-0.209282139,-0.078835479,-0.252970347,0.694506745,1.160387000,0.249710233
-2.256013787,-1.587726951,0.794508403,0.074055316,-0.018980020,0.996756969,0.025121995,0.182438910,0.182252384,0.097141221,0.140254695,-0.121814270,-0.140225092,0.182147178,-0.071500193,-0.068904259,0.000000000,-0.025856187,0.080196635,-0.086450537,-0.026652814,0.332686259,-0.532277933,1.254248185,-0.205884961,-0.079299773,-0.252081440,0.694889988,1.160925566,0.252138664
-2.256313694,-1.587809716,0.794361281,0.075008672,-0.018870597,0.996655832,0.026358165,0.185647725,0.181728620,0.101256534,0.140640693,-0.122994881,-0.140417915,0.185459766,-0.072012590,-0.068667812,0.000000000,-0.031184813,0.080066514,-0.083047220,-0.025168650,0.332039979,-0.532709855,1.258986348,-0.202037958,-0.079666200,-0.251517096,0.696563384,1.161495380,0.254038155
-2.256443872,-1.587895121,0.794224675,0.075511954,-0.018691934,0.996568702,0.028273281,0.187866015,0.180763123,0.105270925,0.141539966,-0.124207645,-0.140291787,0.186728508,-0.072948825,-0.068351080,0.000000000,-0.034453395,0.080526499,-0.077594686,-0.023119274,0.329862791,-0.529041093,1.265406190,-0.196811049,-0.079434035,-0.252282981,0.702102559,1.161198047,0.254205169
-2.256523571,-1.587992130,0.794105342,0.075926129,-0.018478297,0.996479443,0.030372606,0.189819480,0.179645859,0.108845026,0.142554428,-0.125328927,-0.140094043,0.187439520,-0.073991377,-0.067981679,0.000005337,-0.036915218,0.081071813,-0.071951565,-0.020779794,0.327522117,-0.525469358,1.272285508,-0.191980978,-0.078959267,-0.253348229,0.707999092,1.160747827,0.253938751
-2.256504400,-1.588111867,0.794019841,0.076165944,-0.018196205,0.996388305,0.032832788,0.191254244,0.178231337,0.111556753,0.143794506,-0.126271027,-0.139756027,0.187058133,-0.075242171,-0.067509118,0.000021129,-0.037796883,0.081784255,-0.065935149,-0.017872098,0.324861232,-0.522087667,1.280064777,-0.187928173,-0.078009327,-0.254999825,0.714595568,1.159998156,0.252823387
-2.256424918,-1.588231073,0.793976120,0.076301858,-0.017928931,0.996301452,0.035213572,0.192271588,0.176739451,0.113179734,0.145031937,-0.126958256,-0.139278908,0.186038255,-0.076451291,-0.066713024,0.000018322,-0.037567003,0.082313140,-0.060656037,-0.013890993,0.322029508,-0.519278981,1.288069926,-0.185549188,-0.076371646,-0.256551038,0.719154881,1.159479072,0.251881083
-2.256315807,-1.588349998,0.793953040,0.076386010,-0.017668878,0.996214213,0.037553036,0.193082594,0.175210100,0.114262861,0.146265973,-0.127519073,-0.138732857,0.184704439,-0.077639466,-0.065757845,0.000006447,-0.036788767,0.082751485,-0.055746059,-0.009379613,0.319110737,-0.516747475,1.296188267,-0.183988672,-0.074393883,-0.258052377,0.722697999,1.159077359,0.251027196
-2.256185059,-1.588464581,0.793970175,0.076322148,-0.017411447,0.996152543,0.039393932,0.193471714,0.173767298,0.113892261,0.147054541,-0.127732212,-0.138009985,0.183081731,-0.078712606,-0.064654990,0.000002568,-0.035120893,0.083045811,-0.052571990,-0.003853801,0.315467742,-0.513507691,1.304860760,-0.182225120,-0.071695589,-0.259398627,0.722233256,1.159627042,0.250957243
-2.256053876,-1.588591206,0.793986311,0.076274407,-0.017176149,0.996097926,0.040940403,0.193777983,0.172434108,0.113168183,0.147702253,-0.127939174,-0.137301174,0.181616515,-0.079726954,-0.063648489,0.000000000,-0.033440373,0.083373054,-0.050153965,0.001875995,0.311773482,-0.510832665,1.313456653,-0.179929430,-0.068758227,-0.260625947,0.720622533,1.160544388,0.250977291
-2.255921839,-1.588741411,0.794000494,0.076258615,-0.016984281,0.996062080,0.041910517,0.193922010,0.171315563,0.111751918,0.148074136,-0.128134038,-0.136619895,0.180459703,-0.080626174,-0.062830671,0.000000000,-0.031735091,0.083764754,-0.049216437,0.008005237,0.307978834,-0.509263557,1.321902547,-0.176591701,-0.065352718,-0.261620377,0.716767731,1.162181696,0.251173577
-2.255821686,-1.588885953,0.793992500,0.076323911,-0.016856816,0.996043364,0.042286241,0.194037308,0.170553551,0.110356053,0.148270756,-0.128435932,-0.136165515,0.179901882,-0.081275720,-0.062335293,0.000000000,-0.030550130,0.084170732,-0.049667641,0.014347526,0.304403695,-0.509605275,1.329652747,-0.172521706,-0.061628661,-0.262425816,0.711648842,1.164764222,0.251010165
-2.255737233,-1.589027531,0.793973518,0.076429165,-0.016761267,0.996033391,0.042368928,0.194140170,0.169968360,0.108975055,0.148378693,-0.128789939,-0.135823786,0.179641203,-0.081801172,-0.061999578,0.000000000,-0.029624644,0.084583672,-0.050803256,0.020792450,0.300936952,-0.510882205,1.337057126,-0.168084358,-0.057748369,-0.263136072,0.705906486,1.167818129,0.250665847
-2.255672577,-1.589129028,0.793926312,0.076586059,-0.016747315,0.996036998,0.042004791,0.194584205,0.169869439,0.108618899,0.147877679,-0.129086916,-0.135817375,0.180213404,-0.081929258,-0.062051405,0.000000016,-0.029708165,0.084991113,-0.052926409,0.026893255,0.297671455,-0.512153120,1.343345501,-0.161768265,-0.053800008,-0.263283345,0.699163309,1.172708958,0.249302529
-2.255618704,-1.589230065,0.793879379,0.076847933,-0.016773913,0.996035884,0.041539731,0.195380376,0.169859663,0.108690149,0.146941169,-0.129231910,-0.135873062,0.181073337,-0.081979008,-0.062165587,0.000000024,-0.030000983,0.085421632,-0.055079093,0.032711291,0.294469074,-0.512826463,1.349358777,-0.154787572,-0.049890564,-0.263195153,0.692113367,1.178344749,0.247595920
-2.255585944,-1.589330200,0.793832984,0.077315324,-0.016879898,0.996025338,0.040877078,0.196865950,0.170024415,0.109598166,0.145152055,-0.129079353,-0.136050322,0.182496585,-0.081875393,-0.062401845,0.000000017,-0.030703555,0.085897336,-0.057289593,0.037975730,0.291390261,-0.512329892,1.354833472,-0.146505740,-0.046057312,-0.262645974,0.684462843,1.185439009,0.245217224
-2.255538680,-1.589426685,0.793797108,0.077700393,-0.016973251,0.996012648,0.040414872,0.198616176,0.170111342,0.110630402,0.142764241,-0.128668274,-0.136118852,0.183713635,-0.081784274,-0.062501194,0.000000009,-0.031341757,0.086211045,-0.058876377,0.042578841,0.288820712,-0.511612138,1.359153053,-0.139376836,-0.042404701,-0.261934396,0.677023778,1.193285209,0.242049424
-2.255483771,-1.589521398,0.793766470,0.078043818,-0.017060069,0.995998952,0.040052505,0.200492562,0.170158744,0.111719463,0.140084543,-0.128130055,-0.136133511,0.184824716,-0.081700202,-0.062532576,0.000000001,-0.031945986,0.086444549,-0.060152194,0.046851589,0.286503334,-0.510782724,1.362898821,-0.132826277,-0.038842213,-0.261143885,0.669693337,1.201499043,0.238494950
-2.255314972,-1.589619031,0.793754555,0.078104452,-0.017073317,0.995993892,0.040054504,0.201674722,0.169906864,0.111986234,0.137629206,-0.127459576,-0.136009994,0.184883028,-0.081809897,-0.062361858,0.000000000,-0.032036462,0.086483410,-0.060231159,0.049721816,0.284803029,-0.509241118,1.364863073,-0.129220413,-0.035638984,-0.260464404,0.663432998,1.209647821,0.234828655
-2.255105006,-1.589726701,0.793748323,0.078080475,-0.017046358,0.995995411,0.040074958,0.202431937,0.169568359,0.111986040,0.135506720,-0.126807343,-0.135853363,0.184619863,-0.082003571,-0.062142743,0.000000000,-0.031958014,0.086502350,-0.060077751,0.052023596,0.283333494,-0.507618633,1.366325007,-0.126447748,-0.032568512,-0.259944816,0.657717171,1.217545716,0.231545406
-2.254814465,-1.589854016,0.793753214,0.077890885,-0.016940702,0.996009780,0.040131533,0.202357389,0.169060299,0.111463303,0.134035738,-0.126190822,-0.135631918,0.183727456,-0.082361623,-0.061828897,0.000000000,-0.031548922,0.086482296,-0.059469509,0.053212732,0.282315657,-0.505837843,1.366803734,-0.125305938,-0.029757891,-0.259738194,0.653067140,1.224952550,0.229011910
-2.254457164,-1.589972737,0.793767545,0.077556364,-0.016837001,0.996035172,0.040192815,0.201517650,0.168589918,0.110683442,0.133164574,-0.125642509,-0.135442124,0.182338967,-0.082705197,-0.061465933,0.000000000,-0.030958946,0.086481231,-0.058701069,0.053259786,0.281741179,-0.504431946,1.366636513,-0.124919752,-0.027229693,-0.259714864,0.649398995,1.231472906,0.226768570
-2.254066730,-1.590087324,0.793786548,0.077149694,-0.016734264,0.996065925,0.040256213,0.200298388,0.168138511,0.109778395,0.132589992,-0.125128059,-0.135267595,0.180704619,-0.083041389,-0.061078435,0.000000000,-0.030280047,0.086488788,-0.057854693,0.052740803,0.281386066,-0.503213073,1.366149234,-0.124903814,-0.024843611,-0.259782329,0.646218313,1.237553045,0.224666889
-2.253579352,-1.590216284,0.793816701,0.076489031,-0.016633601,0.996117503,0.040282400,0.198015421,0.167798359,0.108997744,0.132660016,-0.124715317,-0.135047920,0.178419837,-0.083316256,-0.060587211,0.000000000,-0.029512747,0.086359013,-0.057098316,0.050720552,0.281537666,-0.502738031,1.364830223,-0.125007039,-0.023269282,-0.260080862,0.644497175,1.242290519,0.222505338
-2.253075717,-1.590350446,0.793849144,0.075757941,-0.016535850,0.996177171,0.040228638,0.195492399,0.167501512,0.108390683,0.132824365,-0.124309176,-0.134807950,0.176017787,-0.083561678,-0.060095907,0.000000000,-0.028760120,0.086190091,-0.056583310,0.048438701,0.281913195,-0.502945292,1.363140988,-0.125329624,-0.021987320,-0.260412728,0.643084769,1.246549232,0.220441858
-2.252540272,-1.590494789,0.793886069,0.074889047,-0.016443801,0.996252858,0.040018430,0.192499615,0.167289410,0.108123322,0.133173297,-0.123915957,-0.134528264,0.173386254,-0.083749479,-0.059604450,0.000000000,-0.028036208,0.085944564,-0.056540642,0.045644922,0.282726932,-0.504487756,1.360727260,-0.126081473,-0.021277494,-0.260809824,0.642276522,1.249871057,0.218570292
-2.252011644,-1.590632166,0.793909879,0.074052066,-0.016375105,0.996325572,0.039793245,0.189611487,0.167150696,0.108292520,0.133320623,-0.123586911,-0.134221860,0.170786345,-0.083858936,-0.059243665,0.000000000,-0.027397627,0.085683321,-0.056910863,0.042761877,0.283926721,-0.506850333,1.357391688,-0.127909113,-0.021098920,-0.261159764,0.641646117,1.252092351,0.216734306
-2.251486451,-1.590766096,0.793927118,0.073230705,-0.016318105,0.996396452,0.039561271,0.186777867,0.167047787,0.108678396,0.133364922,-0.123289461,-0.133901710,0.168202424,-0.083929704,-0.058948213,0.000000000,-0.026801841,0.085414691,-0.057485408,0.039837021,0.285317827,-0.509614349,1.353599214,-0.130269989,-0.021184096,-0.261485612,0.641101100,1.253767550,0.214914422
-2.250981618,-1.590892049,0.793912705,0.072416877,-0.016317559,0.996460685,0.039441545,0.184619293,0.166926622,0.109705813,0.132510174,-0.123034126,-0.133443718,0.165724324,-0.083925507,-0.058941641,0.000000000,-0.026421698,0.085207261,-0.058543022,0.037288425,0.287216492,-0.512441676,1.348582786,-0.134065880,-0.022064522,-0.261602575,0.640231268,1.253853453,0.212829573
-2.250491833,-1.591021585,0.793898531,0.071668824,-0.016297373,0.996515436,0.039432999,0.182856694,0.166712681,0.110506479,0.131254458,-0.122655150,-0.132957009,0.163354528,-0.083987482,-0.059066586,0.000000000,-0.026108284,0.085052815,-0.059517879,0.034654039,0.289108963,-0.515292350,1.343649487,-0.137581503,-0.023141921,-0.261784116,0.639713979,1.253410639,0.211205371
-2.250031491,-1.591158128,0.793884827,0.071049518,-0.016238773,0.996552447,0.039642005,0.181868809,0.166317230,0.110863511,0.129214260,-0.122034275,-0.132414116,0.161196625,-0.084178922,-0.059448838,0.000000000,-0.025925426,0.085002031,-0.060330825,0.031851808,0.290989318,-0.518188699,1.338878827,-0.140548789,-0.024604690,-0.262092002,0.639886429,1.251933406,0.210482410
-2.249596224,-1.591309516,0.793859544,0.070497970,-0.016151765,0.996581087,0.039941129,0.181371519,0.165762365,0.110682824,0.126680362,-0.121365838,-0.131929365,0.159138535,-0.084500904,-0.059509766,0.000000000,-0.025768369,0.085011467,-0.061190942,0.029111612,0.292792922,-0.521788254,1.334345611,-0.144283655,-0.026361530,-0.262525238,0.640931124,1.249354170,0.210765284
-2.249173301,-1.591468206,0.793828486,0.069979214,-0.016051037,0.996605425,0.040285243,0.181114775,0.165129119,0.110238254,0.123903940,-0.120675074,-0.131473338,0.157128417,-0.084886900,-0.059411567,0.000000000,-0.025623247,0.085050527,-0.062073590,0.026401730,0.294555561,-0.525724233,1.329932058,-0.148390133,-0.028263984,-0.263018643,0.642406372,1.246231312,0.211542623
-2.248766743,-1.591635434,0.793774498,0.069394439,-0.015985521,0.996625748,0.040816585,0.180987575,0.164410047,0.109604974,0.120905227,-0.120171734,-0.131076287,0.154949708,-0.085308973,-0.058910988,0.000000000,-0.025340919,0.085125102,-0.062848168,0.023687847,0.295626327,-0.528161098,1.326234077,-0.151744564,-0.030531816,-0.263284971,0.644691995,1.242153671,0.212845877
-2.248363285,-1.591803315,0.793731659,0.068797013,-0.015902034,0.996646072,0.041360659,0.180764080,0.163682776,0.109018031,0.118057742,-0.119579948,-0.130726573,0.152712244,-0.085753679,-0.058266364,0.000000000,-0.024967794,0.085201198,-0.063593998,0.020913518,0.296560969,-0.530181102,1.322833522,-0.154616782,-0.032868586,-0.263461607,0.647039065,1.237948610,0.214413192
-2.247965889,-1.591972475,0.793710625,0.068174875,-0.015783406,0.996666933,0.041929656,0.180352232,0.162939466,0.108521723,0.115506064,-0.118815158,-0.130469453,0.150359852,-0.086242660,-0.057339982,0.000000000,-0.024417067,0.085280271,-0.064283597,0.018020952,0.297229346,-0.531385712,1.320014742,-0.156545775,-0.035340204,-0.263462806,0.649506329,1.233494310,0.216497021
-2.247835400,-1.592028020,0.793703719,0.067970580,-0.015744451,0.996673625,0.042116485,0.180216998,0.162695393,0.108358756,0.114668198,-0.118564032,-0.130385026,0.149587423,-0.086403221,-0.057035796,0.000000000,-0.024236230,0.085306235,-0.064510032,0.017071152,0.297448814,-0.531781256,1.319089170,-0.157179177,-0.036151782,-0.263463199,0.650316477,1.232031700,0.217181265
