time_s,root_x_m,root_y_m,root_z_m,root_qw,root_qx,root_qy,root_qz,left_hip_pitch_joint,left_hip_roll_joint,left_hip_yaw_joint,left_knee_joint,left_ankle_pitch_joint,left_ankle_roll_joint,right_hip_pitch_joint,right_hip_roll_joint,right_hip_yaw_joint,right_knee_joint,right_ankle_pitch_joint,right_ankle_roll_joint,waist_yaw_joint,left_shoulder_pitch_joint,left_shoulder_roll_joint,left_shoulder_yaw_joint,left_elbow_joint,left_wrist_roll_joint,right_shoulder_pitch_joint,right_shoulder_roll_joint,right_shoulder_yaw_joint,right_elbow_joint,right_wrist_roll_joint
0,-1.56595819,-2.11942246,0.762016553,0.0221063992,0,0,-0.999755624,-0.312,0,0,0.669,-0.363,0,-0.312,0,0,0.669,-0.363,0,0,0.2,0.2,0,0.6,0,0.2,-0.2,0,0.6,0
0.0333330006,-1.56595819,-2.11942246,0.762016553,0.0221063992,0,0,-0.999755624,-0.312,0,0,0.669,-0.363,0,-0.312,0,0,0.669,-0.363,0,0,0.2,0.2,0,0.6,0,0.2,-0.2,0,0.6,0
0.0666660012,-1.56595819,-2.11942246,0.762016553,0.0221063992,0,0,-0.999755624,-0.312,0,0,0.669,-0.363,0,-0.312,0,0,0.669,-0.363,0,0,0.2,0.2,0,0.6,0,0.2,-0.2,0,0.6,0
0.0999990018,-1.56595819,-2.11942246,0.762016553,0.0221063992,0,0,-0.999755624,-0.312,0,0,0.669,-0.363,0,-0.312,0,0,0.669,-0.363,0,0,0.2,0.2,0,0.6,0,0.2,-0.2,0,0.6,0
0.133332002,-1.56595819,-2.11942246,0.762016553,0.0221063992,0,0,-0.999755624,-0.312,0,0,0.669,-0.363,0,-0.312,0,0,0.669,-0.363,0,0,0.2,0.2,0,0.6,0,0.2,-0.2,0,0.6,0
0.166665003,-1.56595819,-2.11942246,0.762016553,0.0221063992,0,0,-0.999755624,-0.312,0,0,0.669,-0.363,0,-0.312,0,0,0.669,-0.363,0,0,0.2,0.2,0,0.6,0,0.2,-0.2,0,0.6,0
0.199998004,-1.56595819,-2.11942246,0.762016553,0.0221063992,0,0,-0.999755624,-0.312,0,0,0.669,-0.363,0,-0.312,0,0,0.669,-0.363,0,0,0.2,0.2,0,0.6,0,0.2,-0.2,0,0.6,0
0.233331004,-1.56595819,-2.11942246,0.762016553,0.0221063992,0,0,-0.999755624,-0.312,0,0,0.669,-0.363,0,-0.312,0,0,0.669,-0.363,0,0,0.2,0.2,0,0.6,0,0.2,-0.2,0,0.6,0
0.266664005,-1.56595819,-2.11942246,0.762016553,0.0221063992,0,0,-0.999755624,-0.312,0,0,0.669,-0.363,0,-0.312,0,0,0.669,-0.363,0,0,0.2,0.2,0,0.6,0,0.2,-0.2,0,0.6,0
0.299997005,-1.56595819,-2.11942246,0.762016553,0.0221063992,0,0,-0.999755624,-0.312,0,0,0.669,-0.363,0,-0.312,0,0,0.669,-0.363,0,0,0.2,0.2,0,0.6,0,0.2,-0.2,0,0.6,0
0.333330006,-1.56595819,-2.11942246,0.762016553,0.0221063992,0,0,-0.999755624,-0.312,0,0,0.669,-0.363,0,-0.312,0,0,0.669,-0.363,0,0,0.2,0.2,0,0.6,0,0.2,-0.2,0,0.6,0
0.366663007,-1.56595819,-2.11942246,0.762016553,0.0221063992,0,0,-0.999755624,-0.312,0,0,0.669,-0.363,0,-0.312,0,0,0.669,-0.363,0,0,0.2,0.2,0,0.6,0,0.2,-0.2,0,0.6,0
0.399996007,-1.56595819,-2.11942246,0.762016553,0.0221063992,0,0,-0.999755624,-0.312,0,0,0.669,-0.363,0,-0.312,0,0,0.669,-0.363,0,0,0.2,0.2,0,0.6,0,0.2,-0.2,0,0.6,0
0.433329008,-1.56595819,-2.11942246,0.762016553,0.0221063992,0,0,-0.999755624,-0.312,0,0,0.669,-0.363,0,-0.312,0,0,0.669,-0.363,0,0,0.2,0.2,0,0.6,0,0.2,-0.2,0,0.6,0
0.466662009,-1.56595819,-2.11942246,0.762016553,0.0221063992,0,0,-0.999755624,-0.312,0,0,0.669,-0.363,0,-0.312,0,0,0.669,-0.363,0,0,0.2,0.2,0,0.6,0,0.2,-0.2,0,0.6,0
0.499995009,-1.56595819,-2.11942246,0.762016553,0.0221063992,0,0,-0.999755624,-0.312,0,0,0.669,-0.363,0,-0.312,0,0,0.669,-0.363,0,0,0.2,0.2,0,0.6,0,0.2,-0.2,0,0.6,0
0.53332801,-1.56595819,-2.11942246,0.762016553,0.0221063992,0,0,-0.999755624,-0.312,0,0,0.669,-0.363,0,-0.312,0,0,0.669,-0.363,0,0,0.2,0.2,0,0.6,0,0.2,-0.2,0,0.6,0
0.56666101,-1.56595819,-2.11942246,0.762016553,0.0221063992,0,0,-0.999755624,-0.312,0,0,0.669,-0.363,0,-0.312,0,0,0.669,-0.363,0,0,0.2,0.2,0,0.6,0,0.2,-0.2,0,0.6,0
0.599994011,-1.56595819,-2.11942246,0.762016553,0.0221063992,0,0,-0.999755624,-0.312,0,0,0.669,-0.363,0,-0.312,0,0,0.669,-0.363,0,0,0.2,0.2,0,0.6,0,0.2,-0.2,0,0.6,0
0.633327012,-1.56595819,-2.11942246,0.762016553,0.0221063992,0,0,-0.999755624,-0.312,0,0,0.669,-0.363,0,-0.312,0,0,0.669,-0.363,0,0,0.2,0.2,0,0.6,0,0.2,-0.2,0,0.6,0
0.666660012,-1.56595819,-2.11942246,0.762016553,0.0221063992,0,0,-0.999755624,-0.312,0,0,0.669,-0.363,0,-0.312,0,0,0.669,-0.363,0,0,0.2,0.2,0,0.6,0,0.2,-0.2,0,0.6,0
0.699993013,-1.56595819,-2.11942246,0.762016553,0.0221063992,0,0,-0.999755624,-0.312,0,0,0.669,-0.363,0,-0.312,0,0,0.669,-0.363,0,0,0.2,0.2,0,0.6,0,0.2,-0.2,0,0.6,0
0.733326013,-1.56595819,-2.11942246,0.762016553,0.0221063992,0,0,-0.999755624,-0.312,0,0,0.669,-0.363,0,-0.312,0,0,0.669,-0.363,0,0,0.2,0.2,0,0.6,0,0.2,-0.2,0,0.6,0
0.766659014,-1.56595819,-2.11942246,0.762016553,0.0221063992,0,0,-0.999755624,-0.312,0,0,0.669,-0.363,0,-0.312,0,0,0.669,-0.363,0,0,0.2,0.2,0,0.6,0,0.2,-0.2,0,0.6,0
0.799992015,-1.56595819,-2.11942246,0.762016553,0.0221063992,0,0,-0.999755624,-0.312,0,0,0.669,-0.363,0,-0.312,0,0,0.669,-0.363,0,0,0.2,0.2,0,0.6,0,0.2,-0.2,0,0.6,0
0.833325015,-1.56595819,-2.11942246,0.762016553,0.0221063992,0,0,-0.999755624,-0.312,0,0,0.669,-0.363,0,-0.312,0,0,0.669,-0.363,0,0,0.2,0.2,0,0.6,0,0.2,-0.2,0,0.6,0
0.866658016,-1.56595819,-2.11942246,0.762016553,0.0221063992,0,0,-0.999755624,-0.312,0,0,0.669,-0.363,0,-0.312,0,0,0.669,-0.363,0,0,0.2,0.2,0,0.6,0,0.2,-0.2,0,0.6,0
0.899991016,-1.56595819,-2.11942246,0.762016553,0.0221063992,0,0,-0.999755624,-0.312,0,0,0.669,-0.363,0,-0.312,0,0,0.669,-0.363,0,0,0.2,0.2,0,0.6,0,0.2,-0.2,0,0.6,0
0.933324017,-1.56595819,-2.11942246,0.762016553,0.0221063992,0,0,-0.999755624,-0.312,0,0,0.669,-0.363,0,-0.312,0,0,0.669,-0.363,0,0,0.2,0.2,0,0.6,0,0.2,-0.2,0,0.6,0
0.966657018,-1.56595819,-2.11942246,0.762016553,0.0221063992,0,0,-0.999755624,-0.312,0,0,0.669,-0.363,0,-0.312,0,0,0.669,-0.363,0,0,0.2,0.2,0,0.6,0,0.2,-0.2,0,0.6,0
0.999990018,-1.56595819,-2.11942246,0.762016553,0.0221063992,0,0,-0.999755624,-0.312,0,0,0.669,-0.363,0,-0.312,0,0,0.669,-0.363,0,0,0.199684061,0.200085131,-0.000655805462,0.601342337,-0.000602072615,0.199827077,-0.199954905,-0.000110007588,0.601361664,0.0006047971
1.03332302,-1.56596082,-2.11942254,0.76201875,0.0221063993,1.36889289e-06,3.07332205e-08,-0.999755624,-0.311989646,6.48450311e-08,-2.0523003e-08,0.668979486,-0.362992578,-6.70865722e-08,-0.311989645,6.48448843e-08,-2.05229552e-08,0.668979483,-0.362992577,-6.70864202e-08,-4.99830688e-06,0.198944521,0.200284404,-0.00219089659,0.604484442,-0.00201138718,0.199422305,-0.199849349,-0.000367510136,0.60454901,0.00202048908
1.06665602,-1.56597911,-2.11941853,0.762030846,0.0221063994,1.06760075e-05,2.39688654e-07,-0.999755624,-0.311930902,7.87045662e-06,-2.48594897e-06,0.668866903,-0.362957358,-8.24648569e-06,-0.311930895,7.87045662e-06,-2.4859489e-06,0.668866886,-0.362957349,-8.24648567e-06,-3.89818389e-05,0.197783584,0.200597224,-0.00460069768,0.609416947,-0.00422374251,0.19878689,-0.199683646,-0.000771739823,0.609552536,0.00424285575
1.09998902,-1.56602698,-2.11940952,0.762063557,0.0221063996,3.51155768e-05,7.88385107e-07,-0.999755623,-0.311772707,2.58884473e-05,-8.17118571e-06,0.668562175,-0.362859717,-2.7123553e-05,-0.311772681,2.58884473e-05,-8.17118497e-06,0.668562118,-0.362859686,-2.71235528e-05,-0.000128219257,0.196250762,0.20101025,-0.00778243435,0.615929489,-0.0071447843,0.197947931,-0.199464863,-0.00130545643,0.616158848,0.00717711592
1.13332202,-1.56611705,-2.11939258,0.762125069,0.0221064,8.10957319e-05,1.8206925e-06,-0.99975562,-0.311475016,5.97906438e-05,-1.88461417e-05,0.667988705,-0.362675921,-6.26354801e-05,-0.311474957,5.97906436e-05,-1.88461377e-05,0.667988574,-0.36267585,-6.26354787e-05,-0.000296108892,0.194405719,0.201507407,-0.0116122616,0.623768573,-0.0106608138,0.196938084,-0.199201516,-0.00194788512,0.624110801,0.0107090564
1.16665502,-1.56626041,-2.11936561,0.762222872,0.0221064006,0.000154266577,3.46346217e-06,-0.999755612,-0.311001111,0.000113750525,-3.577687e-05,0.667075678,-0.362383181,-0.000119139493,-0.311000999,0.000113750524,-3.57768558e-05,0.667075431,-0.362383045,-0.000119139488,-0.000563281251,0.192298704,0.202075154,-0.0159858738,0.632720698,-0.0146760704,0.195784852,-0.198900778,-0.0026815285,0.633191824,0.0147424836
1.19998802,-1.5664667,-2.1193268,0.762363417,0.0221064012,0.000259548265,5.8271572e-06,-0.99975559,-0.31031886,0.000191410717,-6.00148531e-05,0.665761046,-0.361961419,-0.000200422642,-0.310318671,0.000191410715,-6.00148127e-05,0.665760628,-0.36196119,-0.000200422628,-0.000947701538,0.189962647,0.202704618,-0.0208349161,0.642645951,-0.0191277984,0.194506258,-0.19856735,-0.00349491949,0.643259985,0.0192143578
1.23332102,-1.56674425,-2.11927459,0.762552122,0.0221064016,0.000401159068,9.00648269e-06,-0.999755543,-0.309400493,0.000295906031,-9.23879336e-05,0.663991054,-0.361393096,-0.000309721262,-0.309400199,0.000295906026,-9.23878368e-05,0.663990407,-0.361392741,-0.000309721228,-0.00146477216,0.18741244,0.203391789,-0.0261284814,0.653481065,-0.023987621,0.193110453,-0.198203356,-0.00438287228,0.654251109,0.0240961744
1.26665402,-1.56710006,-2.11920766,0.762793396,0.0221064015,0.000582643453,1.3081016e-05,-0.999755454,-0.308222374,0.000429886041,-0.000133492551,0.661719793,-0.360663028,-0.00044974058,-0.308221947,0.000429886031,-0.000133492347,0.661718849,-0.360662511,-0.000449740509,-0.00212743523,0.184648122,0.204136654,-0.0318664857,0.665225865,-0.0292554584,0.191597458,-0.197808804,-0.00534537098,0.666165018,0.0293878537
1.29998702,-1.56753988,-2.11912494,0.763090649,0.0221064003,0.000806900153,1.81158369e-05,-0.999755298,-0.306764791,0.000595536999,-0.000183688336,0.658908758,-0.359758229,-0.000622674665,-0.306764197,0.000595536979,-0.000183687943,0.658907446,-0.359757511,-0.00062267453,-0.0029462751,0.181659711,0.204941906,-0.0380696515,0.677922759,-0.0349503315,0.189961808,-0.197382269,-0.00638588912,0.679044732,0.0351085036
1.33332002,-1.56806829,-2.11902556,0.763446319,0.0221063975,0.00107621023,2.41621581e-05,-0.999755044,-0.305011744,0.000794602892,-0.00024309581,0.655526445,-0.358667761,-0.000830226802,-0.305010948,0.000794602857,-0.000243095107,0.655524686,-0.358666798,-0.000830226563,-0.00392962086,0.178432188,0.205811591,-0.0447691554,0.691635553,-0.0411008573,0.188195284,-0.196921608,-0.00750965272,0.692954977,0.0412868718
1.36665303,-1.56868874,-2.11890888,0.763861894,0.0221063921,0.00139226515,3.12579548e-05,-0.999754654,-0.302950756,0.00102840548,-0.000311597699,0.651547969,-0.357382605,-0.00107363031,-0.30294972,0.00102840542,-0.000311596518,0.65154568,-0.357381352,-0.00107362991,-0.00508364885,0.1749498,0.206749957,-0.051997697,0.706431166,-0.0477370492,0.186289263,-0.196424573,-0.00872214169,0.707963635,0.0479531092
1.39998603,-1.56940362,-2.11877446,0.764337949,0.0221063832,0.00175619485,3.94285953e-05,-0.999754081,-0.300572658,0.00129786764,-0.000388845405,0.646954706,-0.355895576,-0.00135367439,-0.300571342,0.00129786754,-0.000388843515,0.646951798,-0.355893985,-0.00135367375,-0.00641248517,0.171199295,0.207760577,-0.0597827906,0.722365897,-0.0548841572,0.18423649,-0.195889274,-0.0100279638,0.724127819,0.0551325822
1.43331903,-1.57021423,-2.11862205,0.764874169,0.0221063696,0.00216859579,4.86874709e-05,-0.999753271,-0.297871557,0.00160351477,-0.000474263645,0.64173403,-0.35420114,-0.0016707088,-0.29786992,0.00160351461,-0.000474260745,0.641730411,-0.354199159,-0.00167070783,-0.0079183082,0.167172007,0.208845789,-0.0681424306,0.739476553,-0.0625586874,0.182032221,-0.195314474,-0.011430127,0.741484869,0.0628418748
1.46665203,-1.57112094,-2.11845161,0.765469403,0.0221063498,0.00262955902,5.90366258e-05,-0.999752165,-0.294844498,0.00194551558,-0.00056707063,0.635878968,-0.352295471,-0.00202469096,-0.294842495,0.00194551535,-0.000567066336,0.635874542,-0.352293047,-0.00202468954,-0.00960145109,0.162864917,0.210006411,-0.077082889,0.757775936,-0.070766379,0.179674803,-0.194699747,-0.0129296687,0.760047776,0.0710867561
1.49998503,-1.5721232,-2.11826325,0.7661217,0.0221063226,0.00313869825,7.04673874e-05,-0.999750696,-0.291491439,0.00232368333,-0.000666291069,0.629388,-0.350176323,-0.0024151933,-0.291489026,0.002323683,-0.000666284904,0.629382663,-0.3501734,-0.00241519128,-0.0114605043,0.158280906,0.211241675,-0.0865982001,0.777251788,-0.0795017297,0.177165809,-0.194045505,-0.0145255686,0.779804109,0.0798617039
1.53331803,-1.57321957,-2.11805724,0.766828365,0.0221062863,0.00369517791,8.29609961e-05,-0.999748794,-0.287815104,0.0027374953,-0.000770778282,0.622264828,-0.347843014,-0.00284143066,-0.287812232,0.00273749482,-0.000770769661,0.622258476,-0.347839534,-0.00284142786,-0.0134924182,0.153428428,0.212549311,-0.0966708322,0.797868161,-0.0887486106,0.174509865,-0.193352961,-0.01621486,0.800717411,0.0891505227
1.56665103,-1.57440775,-2.11783405,0.767586013,0.0221062392,0.0042977412,9.64892354e-05,-0.999746385,-0.283820863,0.00318610759,-0.000879238403,0.614518198,-0.34529641,-0.00330228372,-0.283817483,0.00318610692,-0.000879226628,0.614510719,-0.345292312,-0.00330227994,-0.0156926052,0.14832084,0.213925734,-0.107273076,0.819568257,-0.0984815399,0.171714277,-0.192624026,-0.0179928622,0.822730075,0.098927623
1.59998403,-1.5756847,-2.11759426,0.768390629,0.0221061797,0.00494473819,0.000111015062,-0.999743394,-0.279516629,0.00366837127,-0.000990257913,0.606161723,-0.342538919,-0.00379632432,-0.279512688,0.00366837036,-0.000990242159,0.606153004,-0.34253414,-0.00379631933,-0.0180550428,0.14297558,0.215366258,-0.118368765,0.842277946,-0.108667259,0.168788586,-0.191861198,-0.0198534678,0.845766913,0.109159605
1.63331703,-1.57704661,-2.1173386,0.769237639,0.0221061062,0.00563415385,0.000126493237,-0.999739746,-0.274912758,0.00418284708,-0.00110233315,0.597213747,-0.339574501,-0.00432183942,-0.274908204,0.00418284585,-0.00110231246,0.597203668,-0.339568975,-0.00432183296,-0.0205723759,0.137413309,0.216865337,-0.129915037,0.865909375,-0.119266354,0.165744096,-0.191067438,-0.0217894385,0.869738819,0.119806887
1.66665003,-1.57848898,-2.11706796,0.770121973,0.0221060169,0.00636363614,0.000142870954,-0.999735369,-0.270021955,0.00472782158,-0.00121390197,0.587697196,-0.336408676,-0.00487685642,-0.270016733,0.00472781995,-0.00121387523,0.587685633,-0.336402335,-0.0048768482,-0.023236019,0.131657133,0.218416767,-0.141863964,0.890364296,-0.130234744,0.162593446,-0.190246057,-0.0237926778,0.894546146,0.1308252
1.69998303,-1.58000668,-2.11678332,0.771038149,0.0221059103,0.00713052411,0.000160088471,-0.999730193,-0.264859184,0.00530132388,-0.00132337666,0.577639455,-0.333048541,-0.00545916848,-0.264853235,0.00530132176,-0.00132334263,0.577626278,-0.333041314,-0.00545915819,-0.0260362591,0.12573193,0.220013869,-0.154163936,0.915536907,-0.141524957,0.159350247,-0.189400623,-0.0258544644,0.920081582,0.142166871
1.73331603,-1.58159397,-2.11648579,0.771980347,0.0221057851,0.00793187595,0.000178079742,-0.999724156,-0.259441569,0.00590114338,-0.00142917752,0.567072228,-0.329502791,-0.00606636006,-0.259434833,0.00590114066,-0.00142913478,0.567057304,-0.329494603,-0.00606634735,-0.0289623582,0.119663816,0.221649635,-0.166760781,0.941316141,-0.153087155,0.156028785,-0.188534885,-0.0279656405,0.946232479,0.153781853
1.76664903,-1.58324457,-2.11617657,0.772942497,0.0221056399,0.00876449711,0.000196773045,-0.999717203,-0.253788303,0.00652484847,-0.00152976626,0.556031395,-0.325781719,-0.00669583215,-0.253780718,0.00652484501,-0.00152971324,0.556014586,-0.325772495,-0.00669581668,-0.0320026555,0.113479722,0.22331684,-0.179598626,0.967587436,-0.164869931,0.15264379,-0.187652709,-0.0301167577,0.97288264,0.16561852
1.79998203,-1.58495169,-2.11585698,0.773918361,0.0221054738,0.00962496838,0.000216091615,-0.999709288,-0.247920533,0.00716980764,-0.00162367907,0.544556849,-0.321897222,-0.00734482872,-0.247912035,0.00716980329,-0.00162361404,0.544538011,-0.321886882,-0.00734481012,-0.0351446701,0.107207086,0.225008121,-0.192620544,0.994234057,-0.176820895,0.149210271,-0.186758038,-0.0322981855,0.999913667,0.177624265
1.83331503,-1.58670814,-2.11552841,0.774901626,0.0221052859,0.010509674,0.000235954274,-0.999700379,-0.241861254,0.00783320996,-0.00170955763,0.532692312,-0.317862786,-0.0080104607,-0.241851775,0.00783320457,-0.00170947867,0.532671295,-0.317851247,-0.00801043858,-0.0383752037,0.100873618,0.226716045,-0.205769035,1.02113808,-0.18888712,0.145743382,-0.185854856,-0.0345001913,1.02720596,0.189745946
1.86664803,-1.58850629,-2.1151923,0.775885993,0.0221050757,0.0114148297,0.000256276062,-0.999690453,-0.235635168,0.00851208989,-0.00178617867,0.520485107,-0.313693449,-0.00868973266,-0.23562464,0.00851208324,-0.00178608372,0.520461756,-0.313680627,-0.00868970666,-0.0416804429,0.0945071212,0.228433155,-0.218986403,1.04818117,-0.201015481,0.142258327,-0.18494716,-0.0367129989,1.05463949,0.201930226
1.89998103,-1.59033822,-2.11485018,0.776865265,0.0221048431,0.0123365111,0.000276968869,-0.999679503,-0.229268547,0.00920335197,-0.00185248038,0.50798591,-0.309405754,-0.00937956773,-0.229256897,0.00920334387,-0.0018523672,0.507960067,-0.30939156,-0.00937953746,-0.0450460615,0.0881353463,0.23015201,-0.232215065,1.07524516,-0.21315293,0.138770277,-0.18403894,-0.0389268317,1.08209442,0.214123856
1.93331404,-1.59219574,-2.11450362,0.777833436,0.0221045881,0.0132706812,0.000297942064,-0.999667538,-0.222789052,0.00990379667,-0.00190758516,0.495248433,-0.305017659,-0.0100768316,-0.222776208,0.00990378688,-0.00190745136,0.495219932,-0.305002002,-0.0100767967,-0.0484573235,0.081785854,0.231865229,-0.245397844,1.10221264,-0.225246742,0.135294294,-0.183134162,-0.0411319446,1.1094517,0.226273928
1.96664704,-1.59407045,-2.11415422,0.778784776,0.0221043113,0.0142132194,0.00031910313,-0.999654581,-0.21622556,0.0106101487,-0.00195081878,0.482329085,-0.300548435,-0.0107783574,-0.216211446,0.010610137,-0.00195066181,0.482297759,-0.300531223,-0.0107783175,-0.0518991853,0.0754858839,0.233565535,-0.258478262,1.12896751,-0.237244758,0.131845256,-0.182236747,-0.0433186479,1.1365936,0.238328125
1.99998004,-1.59595381,-2.11380359,0.779713912,0.0221040135,0.0151599486,0.000340358291,-0.999640672,-0.209607949,0.0113190847,-0.00198172443,0.469286562,-0.29601853,-0.0114809688,-0.209592487,0.0113190708,-0.00198154161,0.469252238,-0.295999667,-0.0114809235,-0.0553563982,0.0692622135,0.235245804,-0.271400863,1.15539549,-0.249095633,0.128437777,-0.181350558,-0.0454773219,1.16340429,0.250234981
2.03331304,-1.59783721,-2.11345337,0.780615896,0.0221036959,0.0161066643,0.000361613147,-0.999625866,-0.202966863,0.0120272644,-0.0020000724,0.456181391,-0.291449398,-0.0121815044,-0.202949975,0.0120272479,-0.00199986094,0.456143895,-0.291428789,-0.0121814535,-0.0588136112,0.063141007,0.236899127,-0.284111563,1.1813848,-0.260749099,0.125086121,-0.180479383,-0.0475984248,1.18977051,0.261944151
2.06664604,-1.59971202,-2.11310518,0.781486272,0.02210336,0.0170491619,0.000382773302,-0.999610235,-0.196333467,0.0127313588,-0.00200586399,0.443075435,-0.286863309,-0.0128768395,-0.196315074,0.0127313395,-0.00200562099,0.443034592,-0.286840857,-0.0128767826,-0.062255473,0.0571476495,0.238518881,-0.296558049,1.20682672,-0.272156236,0.1218041,-0.179626929,-0.0496724906,1.21558218,0.273406711
2.09997904,-1.6015697,-2.11276062,0.782321127,0.0221030076,0.0179832652,0.000403744998,-0.999593866,-0.189739171,0.0134280803,-0.00199933002,0.430031337,-0.282283126,-0.0135639076,-0.189719195,0.0134280578,-0.0019990525,0.42998697,-0.282258734,-0.0135638445,-0.065666735,0.0513065696,0.240098809,-0.308690204,1.23161632,-0.28326977,0.118604976,-0.178796806,-0.0516901209,1.24073312,0.284575455
2.13331204,-1.6034018,-2.11242126,0.78311713,0.0221026411,0.0189048547,0.000424435742,-0.99957686,-0.183215374,0.0141142099,-0.0019809243,0.41711196,-0.27773206,-0.01423972,-0.183193737,0.0141141839,-0.00198060926,0.417063897,-0.277705633,-0.0142396505,-0.0690323536,0.045641049,0.24163311,-0.320460565,1.25565311,-0.294044364,0.115501344,-0.177992532,-0.0536419704,1.26512182,0.295405213
2.16664504,-1.60520012,-2.11208863,0.783871562,0.0221022628,0.0198098952,0.000444754942,-0.999559333,-0.17679308,0.0147866298,-0.00195131091,0.404379713,-0.273233431,-0.0149013901,-0.176769705,0.0147866001,-0.00195095535,0.404327786,-0.273204877,-0.0149013141,-0.0723375927,0.0401730215,0.243116538,-0.331824801,1.27884182,-0.30443693,0.112505017,-0.177217527,-0.0555187338,1.28865213,0.305853172
2.19997804,-1.60695665,-2.11176418,0.784582324,0.0221018756,0.0206944641,0.000464614532,-0.99954141,-0.170502714,0.0154423482,-0.00191134849,0.391895992,-0.268810356,-0.0155461506,-0.17047753,0.0154423142,-0.00191094946,0.391840043,-0.268779587,-0.0155460679,-0.0755681263,0.0349228623,0.244544501,-0.342742196,1.30109311,-0.314406935,0.109626902,-0.176475126,-0.0573111403,1.31123409,0.315879193
2.23331104,-1.60866377,-2.11144933,0.785247936,0.0221014824,0.0215547796,0.000483929606,-0.999523227,-0.164373755,0.0160785204,-0.0018620674,0.379720527,-0.26448551,-0.0161713681,-0.164346696,0.0160784819,-0.00186162207,0.379660407,-0.264452446,-0.0161712786,-0.078710141,0.0299091687,0.245913155,-0.353176121,1.32232436,-0.323916722,0.106876869,-0.175768583,-0.0590099681,1.33278471,0.325446138
2.26664404,-1.61031421,-2.11114537,0.785867521,0.0221010864,0.0223872287,0.000502619046,-0.999504928,-0.158434437,0.0166924771,-0.00180464488,0.367910722,-0.260280837,-0.0167745647,-0.158405444,0.0166924338,-0.0018041506,0.367846301,-0.260245405,-0.0167744685,-0.0817504382,0.0251485332,0.247219491,-0.363094481,1.34246044,-0.332931838,0.104263629,-0.17510108,-0.0606060911,1.35322874,0.334520191
2.29997704,-1.61190116,-2.11085353,0.786440775,0.0221006907,0.0231883951,0.000520606153,-0.999486662,-0.152711473,0.0172817444,-0.00174037658,0.356521075,-0.256217283,-0.0173534345,-0.152680495,0.0172816959,-0.00173983096,0.356452241,-0.256179422,-0.0173533315,-0.0846765373,0.0206553095,0.248461395,-0.372470117,1.3614346,-0.341421367,0.101794599,-0.174475727,-0.0620905691,1.37249955,0.343071186
2.33331004,-1.61341831,-2.11057494,0.786967922,0.0221002988,0.0239550874,0.000537819276,-0.999468579,-0.14722978,0.0178440599,-0.00167064533,0.345602581,-0.252314548,-0.0179058556,-0.147196779,0.0178440059,-0.00167004628,0.345529249,-0.252274212,-0.0179057461,-0.0874767774,0.0164413757,0.249637688,-0.381281147,1.37918928,-0.349358289,0.0994757715,-0.173895552,-0.0634547911,1.39053992,0.35107295
2.36664304,-1.61485991,-2.1103106,0.787449668,0.0220999139,0.0246843669,0.000554192441,-0.999450834,-0.142012199,0.0183773947,-0.00159688878,0.335202157,-0.248590832,-0.018429911,-0.141977149,0.0183773351,-0.00159623467,0.335124272,-0.248547991,-0.0184297951,-0.0901404205,0.0125158957,0.250748129,-0.389511241,1.39567705,-0.356719846,0.097311594,-0.173363469,-0.0646906686,1.40730294,0.358503653
2.39997604,-1.61622082,-2.1100614,0.787887132,0.0220995394,0.0253735761,0.000569665981,-0.999433573,-0.137079289,0.018879964,-0.00152056633,0.325362177,-0.24506264,-0.018923898,-0.137042183,0.0188798986,-0.001519856,0.325279719,-0.245017283,-0.0189237758,-0.0926577536,0.00888508712,0.251793377,-0.397149829,1.41086151,-0.363487908,0.0953048396,-0.172882218,-0.0657908643,1.42275286,0.365346171
2.43330904,-1.61749655,-2.10982812,0.788281792,0.0220991783,0.0260203663,0.000584187164,-0.999416943,-0.132449076,0.0193502449,-0.00144312592,0.316119945,-0.241744565,-0.0193863478,-0.13240992,0.0193501735,-0.00144235878,0.316032936,-0.241696704,-0.0193862196,-0.0950201913,0.00555200113,0.252774941,-0.404192271,1.42471818,-0.369649325,0.0934564885,-0.172454283,-0.0667490145,1.43686591,0.371588466
2.46664205,-1.61868334,-2.10961138,0.788635409,0.0220988337,0.0266227255,0.000597710822,-0.999401078,-0.12813686,0.0197869849,-0.0013659717,0.307507296,-0.238649124,-0.019816035,-0.128095685,0.0197869075,-0.00136514783,0.3074158,-0.238598795,-0.0198159011,-0.0972203783,0.00251632526,0.253695109,-0.41064003,1.43723525,-0.375196229,0.0917656088,-0.172081772,-0.0675598771,1.44963112,0.377223949
2.49997505,-1.61977816,-2.10941168,0.788949964,0.0220985083,0.0271790069,0.00061019998,-0.999386104,-0.124155032,0.0201892179,-0.00129043373,0.299550185,-0.2357866,-0.0202119975,-0.124111889,0.0201891346,-0.0012895539,0.299454318,-0.235733866,-0.0202118583,-0.0992522921,-0.000225780412,0.254556925,-0.416500933,1.44841415,-0.380126212,0.0902292343,-0.171766284,-0.0682192985,1.46105088,0.382251816
2.53330805,-1.62077876,-2.10922938,0.789227598,0.0220982046,0.0276879566,0.000621626485,-0.999372133,-0.12051291,0.0205562691,-0.00121773939,0.292268348,-0.233164914,-0.0205735442,-0.120467872,0.0205561799,-0.00121680513,0.29216827,-0.233109865,-0.0205734,-0.101111345,-0.00268180315,0.255364256,-0.421789656,1.45826972,-0.384442325,0.0888422335,-0.171508785,-0.0687238528,1.47114132,0.386677291
2.56664105,-1.62168377,-2.10906467,0.789470548,0.0220979247,0.0281487413,0.000631971634,-0.99935926,-0.117216559,0.020887772,-0.00114898778,0.285674927,-0.23078949,-0.0209002762,-0.117169721,0.0208876772,-0.00114800137,0.285570853,-0.230732243,-0.0209001274,-0.102794488,-0.00486294585,0.256122035,-0.42652856,1.46682981,-0.388152764,0.0875971547,-0.171309518,-0.069069973,1.47993228,0.39051172
2.59997405,-1.62249266,-2.10891759,0.789681101,0.0220976703,0.0285609772,0.000641226802,-0.999347563,-0.114268664,0.0211836756,-0.00108512761,0.279776197,-0.228663161,-0.0211920983,-0.114220145,0.0211835756,-0.00108409207,0.279668389,-0.22860386,-0.0211919454,-0.104300311,-0.00678414235,0.2568368,-0.430749115,1.47413412,-0.391270141,0.0864840334,-0.171168026,-0.0692523639,1.48746671,0.393772412
2.63330705,-1.62320586,-2.10878803,0.789861555,0.0220974427,0.0289247569,0.000649394075,-0.9993371,-0.111668363,0.0214442579,-0.00102693801,0.274571226,-0.226786052,-0.0214492358,-0.1116183,0.0214441529,-0.00102585706,0.274459988,-0.226724866,-0.0214490793,-0.105629148,-0.0084640293,0.257517633,-0.434494093,1.48023197,-0.393810197,0.0854901346,-0.171083348,-0.0692614876,1.49379932,0.39648212
2.66664005,-1.62382474,-2.10867568,0.79001419,0.0220972427,0.0292406783,0.000656486875,-0.999327906,-0.109411104,0.0216701425,-0.000975013931,0.270051579,-0.225155488,-0.0216722554,-0.109359651,0.021670033,-0.000973891873,0.269937257,-0.225092606,-0.0216720956,-0.106783176,-0.00992489973,0.258177632,-0.437820746,1.4851789,-0.395789816,0.0845996053,-0.17105449,-0.0690799416,1.49899439,0.398668025
2.69997305,-1.62435173,-2.10858009,0.790141251,0.0220970705,0.0295098722,0.000662530588,-0.999319993,-0.107488485,0.0218623045,-0.000929754485,0.266201009,-0.223765891,-0.0218620734,-0.107435812,0.021862191,-0.000928596126,0.266083976,-0.223701519,-0.0218619109,-0.107766521,-0.0111926841,0.25883603,-0.440805119,1.48903191,-0.397224251,0.0837930005,-0.171081278,-0.0686776326,1.50312245,0.400360104
2.73330605,-1.62479029,-2.10850058,0.790244948,0.0220969258,0.0297340305,0.000667563199,-0.999313348,-0.105888113,0.0220220971,-0.00089135671,0.262995149,-0.222608682,-0.0220199852,-0.105834396,0.0220219802,-0.000890167189,0.262875798,-0.222543035,-0.0220198203,-0.108585361,-0.0122970292,0.259521007,-0.443547521,1.49184339,-0.398123519,0.0830466519,-0.171165687,-0.0680057944,1.50625608,0.401588759
2.76663905,-1.62514503,-2.10843629,0.790327461,0.022096808,0.0299154341,0.00067163592,-0.999307934,-0.10459341,0.0221512621,-0.000859811702,0.260401159,-0.221672164,-0.0221476767,-0.104538829,0.0221511423,-0.000858596316,0.260279891,-0.221605464,-0.02214751,-0.109248024,-0.0132715707,0.260273176,-0.446179024,1.49365391,-0.398488015,0.0823318471,-0.171313729,-0.0669901109,1.50846452,0.402381658
2.79997205,-1.62542171,-2.10838617,0.790390972,0.0220967155,0.0300569812,0.000674813815,-0.999303686,-0.103583446,0.0222519526,-0.000834905578,0.258377378,-0.220941406,-0.0222472486,-0.103528179,0.0222518306,-0.000833669598,0.258254588,-0.220873869,-0.0222470803,-0.109765095,-0.0141545181,0.261149593,-0.448868568,1.49448445,-0.39830354,0.0816138008,-0.171537921,-0.0655234878,1.50980779,0.402759802
2.83330505,-1.62562735,-2.10834894,0.790437694,0.0220966465,0.0301622152,0.000677176438,-0.999300516,-0.102832747,0.0223267546,-0.000816223415,0.25687296,-0.220398126,-0.0223212367,-0.102776963,0.0223266308,-0.000814971883,0.256749022,-0.220329958,-0.0223210674,-0.110149515,-0.0149896844,0.262227964,-0.451829943,1.49432883,-0.397536111,0.0808504169,-0.171860278,-0.0634593502,1.51033052,0.402732959
2.86663805,-1.62577024,-2.10832307,0.790469915,0.0220965984,0.0302353526,0.000678818458,-0.999298305,-0.102311095,0.0223787072,-0.000803156019,0.255827485,-0.220020557,-0.0223726329,-0.102254948,0.0223785822,-0.000801893557,0.255702742,-0.219951946,-0.0223724628,-0.110416688,-0.0158280893,0.263610525,-0.455327544,1.4931475,-0.396127096,0.0799908683,-0.172315654,-0.0606066899,1.51005632,0.402294766
2.89997105,-1.62586002,-2.10830685,0.790490058,0.0220965681,0.0302813117,0.000679850292,-0.999296914,-0.101983331,0.0224113088,-0.000794908659,0.255170579,-0.219783319,-0.0224048887,-0.101926955,0.0224111831,-0.000793639279,0.255045326,-0.219714428,-0.0224047181,-0.110584577,-0.0167302334,0.265426859,-0.45967942,1.49086413,-0.393989418,0.0789740607,-0.172955086,-0.0567283878,1.50898376,0.401417977
2.93330405,-1.62590775,-2.10829817,0.790500732,0.022096552,0.0303057401,0.000680398737,-0.999296173,-0.101809095,0.0224287149,-0.00079051619,0.254821376,-0.219657201,-0.0224221123,-0.101752596,0.0224285888,-0.000789243111,0.254695851,-0.219588161,-0.0224219414,-0.110673815,-0.0177690775,0.267834714,-0.465255844,1.48736663,-0.391005677,0.0777270895,-0.173848651,-0.0515445085,1.50708486,0.400050519
2.96663705,-1.62592592,-2.10829488,0.79050479,0.0220965458,0.0303150429,0.000680607596,-0.999295891,-0.101742758,0.0224353338,-0.000788841428,0.254688405,-0.21960917,-0.0224286618,-0.101686213,0.0224352075,-0.000787566939,0.254562777,-0.219540073,-0.0224284908,-0.110707798,-0.0190336471,0.271017767,-0.472471493,1.48251411,-0.387029128,0.0761638489,-0.175087131,-0.0447421969,1.50430739,0.39811317
2.99997005,-1.62592859,-2.10829431,0.790505319,-0.0220965449,-0.0303164112,-0.000680638315,0.999295849,-0.101733721,0.0224364465,-0.00078861606,0.254670459,-0.219602997,-0.022429765,-0.101677169,0.0224363202,-0.000787341362,0.254544816,-0.219533892,-0.0224295941,-0.110712796,-0.0206330292,0.275179306,-0.481769516,1.47615083,-0.381888304,0.0741839987,-0.176781676,-0.0359933939,1.50058174,0.395499755
3.03330306,-1.62592816,-2.10829415,0.790505228,-0.022095489,-0.0303181352,-0.000680973258,0.99929582,-0.101739869,0.0224375519,-0.000786627425,0.254674983,-0.219604792,-0.0224301302,-0.101682764,0.0224374199,-0.000785340058,0.254546283,-0.219533181,-0.0224299533,-0.110710397,-0.0227003269,0.280530979,-0.493596294,1.46812751,-0.375395818,0.0716725264,-0.179060573,-0.0249807271,1.49583283,0.392080738
3.06663606,-1.62591538,-2.10829014,0.790502344,-0.0220698193,-0.0303600483,-0.000689116165,0.999295109,-0.10190194,0.0224644199,-0.000738566846,0.254805233,-0.219656076,-0.022439008,-0.101831408,0.0224641494,-0.00073697119,0.254602211,-0.219523569,-0.0224386853,-0.110651974,-0.0253959159,0.287276264,-0.508366784,1.45832883,-0.36736141,0.068500162,-0.182062319,-0.0114305989,1.48999651,0.387710835
3.09996906,-1.62586297,-2.10827334,0.79049028,-0.02196338,-0.030533839,-0.000722880509,0.999292135,-0.102573324,0.0225763517,-0.000539345817,0.255345917,-0.219869955,-0.0224762169,-0.102447151,0.0225754783,-0.000536464242,0.254834817,-0.219484996,-0.0224752751,-0.110408064,-0.0289091348,0.295589038,-0.526421815,1.44670454,-0.357608721,0.0645248921,-0.185924472,0.00484923244,1.48303906,0.382240946
3.13330206,-1.62573629,-2.10823294,0.790461214,-0.021703307,-0.0309584658,-0.000805378587,0.99928469,-0.104203722,0.0228497579,-5.2732472e-05,0.256649577,-0.220385023,-0.0225661887,-0.103941826,0.0228472192,-4.66568139e-05,0.255386296,-0.21938357,-0.0225636353,-0.109800965,-0.0334573962,0.305588599,-0.547980616,1.4332999,-0.34599483,0.0595947962,-0.190768277,0.0239320961,1.47497702,0.375534148
3.16663506,-1.62550352,-2.10815978,0.790408389,-0.0212142381,-0.0317569334,-0.000960511477,0.999269999,-0.107228395,0.0233630627,0.000861843142,0.259028892,-0.221322166,-0.0227313152,-0.106711866,0.0233566554,0.000874131361,0.256352707,-0.219162375,-0.0227253519,-0.108617546,-0.0392816976,0.317313507,-0.573093542,1.41828014,-0.332431603,0.0535524169,-0.196679844,0.0457406793,1.46589412,0.367484993
3.19996806,-1.62514633,-2.10804957,0.79032993,-0.0204296758,-0.0330377069,-0.00120936055,0.999244553,-0.11195386,0.0241847203,0.00232813255,0.262621837,-0.222726889,-0.0229859866,-0.111028904,0.0241701026,0.00235098478,0.257679937,-0.218709706,-0.0229735226,-0.106610197,-0.0466376832,0.330697498,-0.601601159,1.40194379,-0.316908515,0.0462408949,-0.203689657,0.0700272062,1.4559517,0.358040799
3.23330106,-1.6246713,-2.10790926,0.790234843,-0.0193005101,-0.0348807644,-0.0015674803,0.999203866,-0.118437781,0.0253574208,0.00443860767,0.267225824,-0.224495689,-0.0233258589,-0.116918866,0.0253266401,0.00447810429,0.259011176,-0.217799591,-0.023301827,-0.103502555,-0.0557818225,0.345551252,-0.633106354,1.38472066,-0.299517216,0.0375120916,-0.211753236,0.096370779,1.44538939,0.347223116
3.26663406,-1.62412226,-2.10776203,0.790151937,-0.0178007066,-0.0373282953,-0.0020430924,0.999142412,-0.126362668,0.026883244,0.00724768307,0.272099682,-0.226285965,-0.0237193528,-0.124023806,0.0268228806,0.00731241739,0.259472936,-0.215997616,-0.0236759686,-0.099019823,-0.0669529847,0.361553911,-0.666965936,1.36715195,-0.280477869,0.0272367936,-0.220736688,0.124195328,1.43451383,0.33514681
3.29996706,-1.62358705,-2.10761283,0.790146245,-0.0126149247,-0.040006719,-0.00205050152,0.999117672,-0.13085979,0.0280616525,0.0175791824,0.271854755,-0.226631615,-0.024041536,-0.133493558,0.0280038827,0.0175102013,0.261356316,-0.213501861,-0.0239374744,-0.0916662742,-0.080350709,0.378257582,-0.702307319,1.34985207,-0.260164995,0.0153167405,-0.230411239,0.152809033,1.42367462,0.322033489
3.33330006,-1.62308987,-2.10749195,0.790198785,-0.00499600397,-0.0430099937,-0.00179821676,0.999060532,-0.133518827,0.0290832934,0.0328722192,0.268425153,-0.226131788,-0.0243141213,-0.144439503,0.0291830273,0.0325664087,0.26323815,-0.210031324,-0.0240564067,-0.0815531017,-0.0961127369,0.395106666,-0.738074202,1.33345428,-0.239125554,0.00169759577,-0.240460381,0.181462967,1.41322834,0.308215249
3.36663306,-1.62233549,-2.10732489,0.790228387,-0.0029683007,-0.0476612638,-0.0016455267,0.99885779,-0.143798579,0.0293341009,0.0368884923,0.267346776,-0.22396589,-0.024491912,-0.157177012,0.0295150971,0.0365104112,0.264148859,-0.207397694,-0.0241817388,-0.0803911906,-0.114295647,0.411471521,-0.773102498,1.31854434,-0.218075028,-0.0136188635,-0.250501597,0.209423312,1.40349387,0.294124411
3.39996606,-1.62115491,-2.10709801,0.790251235,-0.007722796,-0.054052378,-0.00161944388,0.998506923,-0.162412898,0.0284676571,0.0272538449,0.267973902,-0.219035904,-0.0245397568,-0.171811877,0.028538815,0.0269958391,0.264141569,-0.205809936,-0.0243558131,-0.0861514002,-0.134863273,0.426692958,-0.806223884,1.30558889,-0.197854081,-0.0305659056,-0.260121197,0.236048223,1.39470436,0.280265562
3.43329906,-1.62021714,-2.10683473,0.790286341,-0.00916280543,-0.060116196,-0.00117065652,0.998148644,-0.176613434,0.027325998,0.0243530986,0.264468266,-0.213529634,-0.0246692762,-0.187278987,0.0273509911,0.024100166,0.266052893,-0.204462703,-0.0242369175,-0.0914794547,-0.15768697,0.440131818,-0.836388751,1.294869,-0.179338941,-0.0490090572,-0.268916278,0.26085767,1.38696361,0.267169398
3.46663206,-1.61939057,-2.10654338,0.790341184,-0.00910726051,-0.0661382894,-0.000528404219,0.997768763,-0.188898579,0.0263241327,0.0241137217,0.258440262,-0.207183862,-0.0250651329,-0.20302381,0.0258610294,0.0239974848,0.268351808,-0.203058148,-0.0228090928,-0.0948089876,-0.182558508,0.451218495,-0.862792959,1.28643406,-0.163321844,-0.0687507106,-0.276536695,0.28358325,1.38021551,0.255334828
3.49996506,-1.61861598,-2.10620375,0.790392736,-0.00752867663,-0.0727706128,0.000301283502,0.997320243,-0.201219422,0.0257038366,0.0262318944,0.250539518,-0.199900063,-0.0259056909,-0.220704058,0.0240077817,0.0265420383,0.271452791,-0.201663464,-0.0192347888,-0.0952280442,-0.209212119,0.459497048,-0.88498707,1.28008922,-0.150399434,-0.089541993,-0.282719326,0.30418621,1.37423488,0.24517224
3.53329806,-1.61780019,-2.10581721,0.790388596,-0.00592757013,-0.0795674476,0.0011893049,0.996811151,-0.21463719,0.0255275053,0.0274961496,0.243521274,-0.192385883,-0.0272764749,-0.239330958,0.0216153258,0.0286564515,0.276278676,-0.201389909,-0.013105899,-0.0949262759,-0.237351726,0.464657294,-0.902945382,1.27541556,-0.140890699,-0.111100803,-0.287309309,0.32283738,1.36864352,0.236961985
3.56663107,-1.6169521,-2.10537781,0.7902925,-0.00430333433,-0.0865351652,0.00213859134,0.996237207,-0.22987643,0.0258992493,0.0280066,0.239139008,-0.185460111,-0.0291666485,-0.259326348,0.0187022358,0.0303376595,0.28375374,-0.202754742,-0.00435404211,-0.092825165,-0.266678334,0.466549494,-0.917076293,1.271818,-0.134798204,-0.13313368,-0.290265578,0.33986078,1.36295043,0.230839923
3.59996407,-1.616115,-2.10486816,0.790044349,-0.00245554809,-0.0934990709,0.00308770262,0.995611551,-0.247636829,0.0270707732,0.0280133703,0.240351397,-0.180725896,-0.0315613546,-0.280722742,0.015573285,0.0318802761,0.29473767,-0.206216811,0.00672053281,-0.0896376165,-0.296912533,0.46517936,-0.928165394,1.26859431,-0.131819867,-0.15535816,-0.29165103,0.355651679,1.35661075,0.226814943
3.63329707,-1.61526576,-2.10433452,0.789704149,-0.000520458885,-0.100402266,0.00408082711,0.994938421,-0.26756571,0.028704499,0.0271510303,0.246087462,-0.177583395,-0.0341912179,-0.303079392,0.012078766,0.0331730115,0.308319566,-0.21123664,0.0197485309,-0.0851168466,-0.327809063,0.460686194,-0.937259474,1.26501544,-0.131407175,-0.177522756,-0.291611076,0.370588093,1.34909308,0.224810896
3.66663007,-1.61432665,-2.10384516,0.789328275,0.00156253239,-0.107157243,0.00518689738,0.994227328,-0.288927023,0.0302881762,0.0254035446,0.255239639,-0.174834243,-0.0366242997,-0.325939123,0.00805724614,0.0345085807,0.32349731,-0.216853095,0.0342473752,-0.0792221631,-0.359162499,0.453309738,-0.94551255,1.26040803,-0.132856485,-0.199422406,-0.290345676,0.38495571,1.33994675,0.224717775
3.69996307,-1.6132686,-2.1035218,0.789102612,0.00332509091,-0.113639299,0.00658456727,0.993494689,-0.309760363,0.0310825739,0.0215979122,0.263762799,-0.170520133,-0.038374144,-0.347946208,0.00295946271,0.0357644054,0.337560824,-0.221939615,0.0495549703,-0.07287911,-0.390805351,0.443352912,-0.954025702,1.2542287,-0.135411932,-0.220908564,-0.288080242,0.398903047,1.32886048,0.226433505
3.73329607,-1.61209376,-2.10334226,0.789127153,0.00488010742,-0.119960901,0.00815171126,0.992733155,-0.329505567,0.0312855671,0.0164710902,0.271206537,-0.163679006,-0.038975468,-0.368115611,-0.00237865088,0.0375199025,0.348132879,-0.224234128,0.0646821377,-0.066103456,-0.422600971,0.431147175,-0.963707952,1.24612156,-0.138361084,-0.241893923,-0.285040281,0.412435961,1.315705,0.229882034
3.76662907,-1.61091605,-2.10318455,0.789311957,0.00575623045,-0.125931241,0.0101016269,0.991970839,-0.348991269,0.0309906383,0.00982716007,0.28118452,-0.157414788,-0.0375970675,-0.386396531,-0.00700261604,0.0401263904,0.356244826,-0.225133456,0.0780235894,-0.0590831571,-0.454434041,0.417024128,-0.975183382,1.23595366,-0.141105441,-0.262352308,-0.281432592,0.425452514,1.30055524,0.2349988
3.79996207,-1.60970557,-2.10297396,0.789437036,0.00775594416,-0.131390297,0.0108477385,0.991241021,-0.371748239,0.0324382456,0.00327509693,0.302060271,-0.156110559,-0.0338522005,-0.403680333,-0.00895476315,0.0451100433,0.362775957,-0.224645057,0.0878766799,-0.0508281952,-0.486200961,0.401294439,-0.988755195,1.22382845,-0.143197612,-0.282314726,-0.277434349,0.437810031,1.28369106,0.241684451
3.83329507,-1.6084253,-2.10263907,0.78915639,0.0110094987,-0.136279696,0.0102505359,0.990556188,-0.400035573,0.0345194338,-0.00314023553,0.338687812,-0.162996238,-0.0270086868,-0.422955113,-0.00706505362,0.0522168107,0.373111718,-0.225663539,0.0938090274,-0.0420027888,-0.517801967,0.38423459,-1.00442303,1.21007944,-0.144345098,-0.301862584,-0.273191102,0.449409062,1.2655754,0.24973652
3.86662807,-1.60655593,-2.10314158,0.788081564,0.00995480756,-0.143933816,0.0144022083,0.989432431,-0.437701744,0.0278214201,-0.0133015049,0.380072449,-0.165244869,-0.0161693676,-0.45733323,-0.015524986,0.0571098245,0.405350388,-0.236738324,0.103160283,-0.0384593182,-0.549136196,0.366080143,-1.02194002,1.19524817,-0.144387623,-0.321118888,-0.268823808,0.4602747,1.24681178,0.258777078
3.89996107,-1.60435492,-2.10410722,0.785904943,0.00892303645,-0.151704819,0.0187145243,0.988208376,-0.480660565,0.0166536114,-0.0235986457,0.427715427,-0.171043723,-0.00652275734,-0.501945608,-0.0266156336,0.0628268517,0.455551867,-0.25518835,0.111860993,-0.0351786631,-0.580100217,0.347024128,-1.04089385,1.18004862,-0.143259042,-0.340237581,-0.264443885,0.470615705,1.22808412,0.268198707
3.93329407,-1.60208566,-2.10503626,0.78206631,0.00972413495,-0.158684262,0.0215204603,0.987046917,-0.524031485,0.00714523305,-0.0310684622,0.477835398,-0.18665876,-0.000353163418,-0.553346892,-0.0341572373,0.0707085774,0.519941765,-0.27684092,0.12017359,-0.0302374138,-0.610589304,0.327220883,-1.06079033,1.16532013,-0.14094508,-0.35939012,-0.260172881,0.48084514,1.21008367,0.277151877
3.96662707,-1.59940389,-2.10593612,0.776565487,0.0124392463,-0.16673968,0.0238836205,0.985633155,-0.570429877,0.000965653911,-0.0326417915,0.533445217,-0.212232908,-0.00159719279,-0.614528261,-0.0370515417,0.0782582088,0.598802722,-0.298707015,0.128324401,-0.0230624966,-0.640499213,0.306798837,-1.08112558,1.15196914,-0.137447094,-0.378747069,-0.256159832,0.491554179,1.19343003,0.284589763
3.99996007,-1.59635048,-2.10673047,0.769187378,0.0161393473,-0.175357977,0.0259921265,0.984029223,-0.620515158,-0.00216724858,-0.0327359596,0.595558828,-0.248427652,-0.00840133545,-0.683375576,-0.038002522,0.0841574753,0.687921901,-0.320135678,0.136980951,-0.0140796531,-0.669726695,0.285884546,-1.10143798,1.14090022,-0.132758144,-0.39845532,-0.25259154,0.503443182,1.17859445,0.289371707
4.03329307,-1.59307624,-2.1073137,0.760109392,0.020126123,-0.184406687,0.0276489873,0.982254879,-0.675674012,-0.0024944804,-0.0296988191,0.665993223,-0.290251803,-0.0209133726,-0.754418651,-0.0373339961,0.0868216413,0.775914904,-0.339880887,0.146218948,-0.00520768235,-0.698168295,0.264636754,-1.12133792,1.13293797,-0.126853996,-0.418614695,-0.249694076,0.517224633,1.16583432,0.290409576
4.06662607,-1.58980332,-2.10771042,0.749877861,0.0225944571,-0.193674417,0.0290711517,0.980374713,-0.735791318,-0.00236622411,-0.0269286561,0.743803308,-0.331369043,-0.0326610695,-0.824416904,-0.036351675,0.0894622887,0.861131068,-0.360312446,0.155419109,0.00148544206,-0.725718252,0.243285726,-1.14051926,1.12874543,-0.119698408,-0.439258454,-0.247726894,0.533521643,1.15514744,0.286825573
4.09995908,-1.58664486,-2.10798945,0.738655601,0.0232726287,-0.20320388,0.0302171036,0.978393323,-0.800287715,-0.00167063473,-0.0253825002,0.828055786,-0.36971882,-0.04178778,-0.892138359,-0.0351766323,0.092713009,0.942990725,-0.381928389,0.164217481,0.00615847409,-0.752267219,0.22217028,-1.15875921,1.12874879,-0.111259921,-0.460340927,-0.246973354,0.552782479,1.14625282,0.278080272
4.13329208,-1.58392754,-2.10830545,0.726829544,0.0214624574,-0.211896682,0.0313269613,0.976554034,-0.862786818,-0.00223506533,-0.0258628563,0.909897192,-0.404139631,-0.0481395156,-0.956542339,-0.0338198059,0.0989494106,1.02382716,-0.404382868,0.172121472,0.00898933603,-0.777703924,0.201763275,-1.17591217,1.13308181,-0.10153592,-0.481732761,-0.24773193,0.575222999,1.13860205,0.264040867
4.16662508,-1.58155578,-2.10857435,0.714306457,0.0191666441,-0.2200565,0.0323784123,0.974761209,-0.922924804,-0.00350811924,-0.0271918838,0.990271976,-0.437451975,-0.0534658256,-1.01844726,-0.0319148671,0.107336368,1.10435056,-0.426459984,0.178841102,0.0117508305,-0.801920796,0.182677289,-1.19189945,1.14156311,-0.0905787513,-0.503222139,-0.250310311,0.600797434,1.13142205,0.244983051
4.19995808,-1.5794946,-2.1087811,0.701047494,0.0166745692,-0.227087842,0.0332797435,0.973162643,-0.979784158,-0.00524418249,-0.0296976685,1.06882681,-0.471422893,-0.0584797755,-1.07826705,-0.0287310796,0.116728539,1.18538643,-0.447276585,0.184202711,0.015540755,-0.824823363,0.165645492,-1.20669347,1.15371438,-0.0785180638,-0.524519604,-0.255022138,0.629194329,1.1237871,0.221538662
4.23329108,-1.57758544,-2.10878336,0.687000729,0.0150750353,-0.233471221,0.0336401245,0.971664692,-1.03507008,-0.00531153619,-0.0330669635,1.14827515,-0.506406581,-0.0637914917,-1.13672815,-0.0240931771,0.124988884,1.26558616,-0.4663953,0.189383697,0.021318374,-0.846341958,0.151478619,-1.22029458,1.16881774,-0.0655737027,-0.545265417,-0.262183828,0.659853423,1.1147127,0.194614983
4.26662408,-1.57584347,-2.10870734,0.672215998,0.0140529164,-0.239462398,0.0336667665,0.970219987,-1.08887372,-0.00465892499,-0.0375802976,1.22866556,-0.54169727,-0.0693531517,-1.1937701,-0.0178207756,0.131706843,1.34449946,-0.483839788,0.194561636,0.0294327533,-0.866443701,0.14100377,-1.23270087,1.18599989,-0.0520548765,-0.565040156,-0.272108934,0.692000129,1.10326056,0.165302435
4.29995708,-1.57426897,-2.10853641,0.656811849,0.0149839266,-0.244621585,0.0328396476,0.9689465,-1.1415336,-0.00214241059,-0.0436443656,1.31045644,-0.576073016,-0.0750540988,-1.24950401,-0.0104635267,0.136275488,1.42125223,-0.499416582,0.200002017,0.0393712202,-0.885142409,0.134994604,-1.24387486,1.20432763,-0.0383443454,-0.583380741,-0.285098755,0.724696931,1.08864166,0.134783237
4.33329008,-1.57303912,-2.1083723,0.641130003,0.0161466141,-0.249232793,0.031969509,0.967781097,-1.19167407,0.00105227067,-0.0503746066,1.39120607,-0.608111651,-0.080675282,-1.30255173,-0.00310030009,0.13949027,1.49600716,-0.513729374,0.20606121,0.0490956286,-0.902504278,0.134103241,-1.25371531,1.22289842,-0.0248697184,-0.599804226,-0.301430063,0.756912525,1.07030382,0.104240451
4.36662308,-1.57215117,-2.10824559,0.625319838,0.017598205,-0.253164659,0.0310462653,0.966764753,-1.23892144,0.00436766321,-0.0573450867,1.47001835,-0.637495503,-0.0861179085,-1.35229507,0.00390726695,0.141916305,1.5687571,-0.527212781,0.212936318,0.0576665351,-0.918647298,0.138803324,-1.26204216,1.24090858,-0.0120665204,-0.613840465,-0.321341934,0.787606501,1.04798952,0.0747629947
4.39995608,-1.57187731,-2.10814434,0.609837423,0.0185286241,-0.255787511,0.0302711695,0.966081309,-1.28186792,0.00747615837,-0.0633951707,1.54440035,-0.663576006,-0.0910353578,-1.39490026,0.0105902009,0.14550634,1.63872718,-0.543293022,0.220417798,0.0628709991,-0.933732684,0.14935093,-1.26860044,1.25768944,-0.000337818675,-0.625072206,-0.345023584,0.815820564,1.02175514,0.0472466478
4.43328908,-1.57182284,-2.10801462,0.594434596,0.0191143355,-0.25781692,0.0294841958,0.965554639,-1.32163977,0.0109760247,-0.0689890108,1.61598307,-0.687729745,-0.0957550355,-1.43409118,0.0172446221,0.149445154,1.70783908,-0.556428583,0.229146589,0.0661197541,-0.947947287,0.165766481,-1.27308199,1.27271119,0.00998503054,-0.633178001,-0.372603548,0.840760857,0.9919542,0.0223012248
4.46662208,-1.57220888,-2.10775741,0.578986001,0.0189161093,-0.258743326,0.0285720164,0.965338133,-1.35875478,0.0154528104,-0.0743669809,1.68547971,-0.710918265,-0.100435963,-1.47158155,0.023996023,0.153086025,1.77752458,-0.564966916,0.239964544,0.0678672548,-0.96147734,0.18783828,-1.27515888,1.28556083,0.0186754866,-0.637969672,-0.404138231,0.861852789,0.959191538,0.000183249508
4.49995508,-1.57268028,-2.10749705,0.563086502,0.0216792106,-0.260015741,0.0271637664,0.964978734,-1.39583674,0.0236026458,-0.0789131829,1.75652965,-0.73245911,-0.105785669,-1.51387924,0.0336120527,0.15652629,1.8479449,-0.561069375,0.25289415,0.0725564496,-0.974476122,0.215145206,-1.27451837,1.29590678,0.0256326634,-0.639413084,-0.439596797,0.878755042,0.924263028,-0.0192257818
4.53328808,-1.57335719,-2.10719847,0.546804411,0.026084977,-0.261345322,0.0254886794,0.964556128,-1.43134929,0.0346406138,-0.0833147199,1.82916575,-0.750327988,-0.111823729,-1.55835093,0.0431877696,0.159522537,1.91928068,-0.54424672,0.268080768,0.0777107021,-0.98702894,0.247093292,-1.27088883,1.30346382,0.0308851906,-0.637623256,-0.478840435,0.891329071,0.888097073,-0.0363820279
4.56662108,-1.57490274,-2.10671841,0.530318266,0.0292344166,-0.258865981,0.024275587,0.965165503,-1.46215842,0.0436798413,-0.0892033134,1.90302964,-0.762934036,-0.118562709,-1.59861925,0.0474066621,0.161712879,1.99191288,-0.522545068,0.285336272,0.0768357653,-0.999118845,0.28296158,-1.26404774,1.30797035,0.034575925,-0.632830037,-0.521597358,0.899570799,0.851703828,-0.0519802021
4.59995408,-1.57731585,-2.10597794,0.51360389,0.0270884333,-0.253270217,0.0237086765,0.966725562,-1.48828168,0.0468696265,-0.0971785875,1.9786289,-0.76541774,-0.125084293,-1.6317248,0.0452540575,0.163078946,2.06617549,-0.500047665,0.303884443,0.0721346095,-1.01059517,0.321953236,-1.2538069,1.30918585,0.0369283582,-0.625318068,-0.567436866,0.903519399,0.816128345,-0.0668030407
4.63328708,-1.58073793,-2.1049696,0.496696795,0.0179631093,-0.243540134,0.0239903853,0.969427662,-1.51074588,0.0475675156,-0.107354169,2.05634385,-0.762743533,-0.131085212,-1.65874105,0.0318705635,0.163933814,2.14145439,-0.478338748,0.322944019,0.0588520359,-1.02114836,0.363244291,-1.23997821,1.30691039,0.0381988351,-0.615356228,-0.615747382,0.903162545,0.782403337,-0.0815425635
4.66662009,-1.5836211,-2.10458922,0.479429427,0.0248424602,-0.238522541,0.0224389973,0.970559808,-1.53761804,0.0611384233,-0.11339182,2.1400105,-0.759543015,-0.137018874,-1.69133922,0.0379548491,0.165306792,2.21141442,-0.448466732,0.338505625,0.0674154395,-1.03029732,0.406023255,-1.22233175,1.30102182,0.0386222789,-0.603141371,-0.665724545,0.898359747,0.751504609,-0.0966270018
4.69995309,-1.58671908,-2.10433563,0.462997465,0.0330049399,-0.233217166,0.0206603649,0.971644779,-1.56221887,0.0838197347,-0.118053881,2.22234043,-0.755057168,-0.139825112,-1.72147601,0.0439305488,0.165919764,2.27457542,-0.415529962,0.349821742,0.0838959326,-1.0373957,0.449516724,-1.20056382,1.29152158,0.0383637419,-0.588778338,-0.716375804,0.888804671,0.724321622,-0.112090308
4.73328609,-1.59071247,-2.10406849,0.447665032,0.0342428583,-0.223640807,0.0194050836,0.973876614,-1.58209072,0.100650722,-0.122700102,2.3013746,-0.748500947,-0.140076599,-1.74449137,0.0438852029,0.16412829,2.33377311,-0.385228595,0.357631619,0.0965475362,-1.04166085,0.492999511,-1.17429321,1.2785782,0.0374868038,-0.572308691,-0.766544666,0.874041656,0.701653578,-0.127517451
4.76661909,-1.59482361,-2.10405517,0.439533102,0.038355079,-0.216109835,0.0166602868,0.975473148,-1.58595926,0.11878381,-0.122715901,2.34013285,-0.7326086,-0.137699337,-1.7610814,0.0406221783,0.161547011,2.35135213,-0.348464405,0.356953729,0.111349017,-1.04222114,0.535793989,-1.14309709,1.262559,0.03594678,-0.553762826,-0.81494996,0.853543693,0.684216117,-0.142075314
4.79995209,-1.59902237,-2.10414852,0.43554968,0.0440673832,-0.209801983,0.0130963771,0.97666252,-1.58658941,0.135278897,-0.120136979,2.35619998,-0.707165077,-0.130225506,-1.7728704,0.0279916233,0.15846602,2.35619998,-0.305505752,0.350291758,0.125853457,-1.03817611,0.577263674,-1.10658777,1.24404376,0.0336108553,-0.533215869,-0.860238035,0.82684383,0.672643974,-0.154624952
4.83328509,-1.60331014,-2.10447882,0.434324188,0.043306886,-0.203146774,0.0134159929,0.97809811,-1.57988953,0.144978165,-0.111103266,2.35619998,-0.689304053,-0.12394947,-1.78098182,0.00569305837,0.155630338,2.35619998,-0.259820868,0.334844872,0.134380354,-1.02866521,0.616804617,-1.06452015,1.22381622,0.0303002469,-0.510835614,-0.901051318,0.793694496,0.667481597,-0.16389405
4.86661809,-1.60766777,-2.10490469,0.434104536,0.0421999538,-0.196294016,0.0140714256,0.979535511,-1.56915312,0.149716165,-0.102549972,2.35619998,-0.678100842,-0.119481347,-1.78458508,-0.0184602012,0.154931103,2.35619998,-0.215252613,0.317782655,0.141171468,-1.01294033,0.653838366,-1.01691075,1.20283361,0.0258437462,-0.486911223,-0.936114808,0.75422208,0.669158184,-0.16868109
4.89995109,-1.61207766,-2.10533334,0.434206545,0.0406108523,-0.189168736,0.0151949193,0.98098678,-1.55582135,0.151945045,-0.0971523878,2.35619998,-0.671543989,-0.116737057,-1.78596788,-0.0398839927,0.155328807,2.35619998,-0.173257326,0.303142349,0.147183266,-0.990437382,0.687809883,-0.964146738,1.18217776,0.0201293211,-0.461853205,-0.964337221,0.70904289,0.677947993,-0.168057081
4.93328409,-1.6164693,-2.10566009,0.434410913,0.0410969349,-0.181396835,0.0163443816,0.982414928,-1.53940795,0.154762782,-0.0988973998,2.35614105,-0.667688673,-0.119658454,-1.78488156,-0.0532974404,0.157201406,2.35613481,-0.13383271,0.295946964,0.155664665,-0.960841714,0.718193083,-0.907065512,1.16299425,0.0131431666,-0.436159555,-0.984917004,0.659313952,0.693920944,-0.161533246
4.96661709,-1.62071232,-2.10590017,0.434655382,0.0425207354,-0.173365011,0.0175643955,0.983782523,-1.51970842,0.158436224,-0.102489501,2.35608642,-0.666306586,-0.125695234,-1.78181668,-0.0590212988,0.159059076,2.35607649,-0.0971531381,0.290757589,0.166084084,-0.924141909,0.744504904,-0.84698997,1.14642586,0.0049927628,-0.410350764,-0.997439222,0.60670674,0.71689199,-0.14917144
4.99995009,-1.6247028,-2.1060569,0.435120518,0.0456812946,-0.164935144,0.0190261844,0.985062243,-1.49672865,0.16408822,-0.105566312,2.3561159,-0.666328006,-0.131514074,-1.77624949,-0.0598877906,0.159512979,2.35614321,-0.0630380322,0.286037362,0.178199458,-0.880665295,0.766326658,-0.785710845,1.13354577,-0.00408499823,-0.384886801,-1.00194654,0.553305335,0.74638105,-0.131624112
5.03328309,-1.62830728,-2.10623337,0.435856411,0.0496694659,-0.156406416,0.0206371352,0.986227198,-1.47031003,0.17032793,-0.105001699,2.35615677,-0.667337206,-0.134304929,-1.76758329,-0.058613665,0.158135459,2.35618318,-0.034178051,0.278579069,0.189947897,-0.831089423,0.783329393,-0.725410027,1.12529381,-0.0137267694,-0.360088416,-0.998968263,0.501442853,0.781596713,-0.110102651
5.06661609,-1.6316175,-2.10638226,0.43712084,0.054184761,-0.147803593,0.0223351833,0.987278709,-1.44008707,0.176262149,-0.100927476,2.35619288,-0.670065,-0.135428124,-1.75380026,-0.0539379677,0.153160595,2.35619998,-0.0108716973,0.26825838,0.199896654,-0.776420831,0.795298839,-0.668523738,1.12241776,-0.0234544701,-0.336088152,-0.989494194,0.453499673,0.821455097,-0.0862826779
5.09994909,-1.63475296,-2.10642424,0.439062327,0.0586011205,-0.138491898,0.0229449122,0.988361995,-1.40602728,0.180737575,-0.0935022497,2.35619886,-0.671530415,-0.132871895,-1.73131181,-0.0488556867,0.147272915,2.35619998,0.00558293505,0.256270419,0.206446596,-0.717939797,0.80215507,-0.617550896,1.12542113,-0.0326968659,-0.312831196,-0.974885484,0.411688134,0.864643116,-0.0621542919
5.13328209,-1.63798212,-2.10639531,0.441588516,0.0617963839,-0.128381263,0.0227170739,0.989536959,-1.36822778,0.181625984,-0.0844800958,2.35619998,-0.671603392,-0.127881924,-1.69982877,-0.0459493751,0.144690002,2.35619998,0.0168820571,0.25301081,0.207441997,-0.657113327,0.803962782,-0.574819541,1.13451931,-0.0408248029,-0.290130879,-0.956727984,0.377843155,0.909727982,-0.0398243237
5.16661509,-1.64142584,-2.10613518,0.444694508,0.0631925984,-0.117098455,0.0212549808,0.990879848,-1.32678411,0.179384012,-0.0752979088,2.35619998,-0.669100604,-0.120073515,-1.65734919,-0.044761129,0.144109481,2.35619998,0.0246918154,0.255407765,0.202420911,-0.595486004,0.800929235,-0.542233766,1.14960816,-0.0472040059,-0.267766127,-0.93664561,0.353234591,0.955300739,-0.0212865224
5.1999481,-1.64522069,-2.10584627,0.447967411,0.0611029681,-0.104723614,0.0186075953,0.992448059,-1.28465715,0.173224637,-0.0686173904,2.35619998,-0.663056262,-0.111867711,-1.60797805,-0.0473830294,0.147640281,2.35619998,0.0306931296,0.266389728,0.192225079,-0.53456389,0.79338904,-0.521032241,1.1702511,-0.0512663117,-0.245591846,-0.916105781,0.338414177,1.00013136,-0.00817832167
5.2332811,-1.64935422,-2.10566769,0.451185501,0.0573473409,-0.0923797098,0.0157368905,0.993946488,-1.24489186,0.161831234,-0.0659100366,2.35619998,-0.652309044,-0.103763792,-1.55561876,-0.0550202602,0.156046623,2.35619998,0.0371563052,0.285190273,0.176233126,-0.475709268,0.781778438,-0.511595801,1.19568984,-0.052593052,-0.223624982,-0.89625111,0.33311401,1.04330539,-0.00155315407
5.2666141,-1.65387603,-2.10563088,0.454113196,0.050380666,-0.0812943372,0.0131579738,0.995329035,-1.20980361,0.145578205,-0.0663373244,2.35619998,-0.63707896,-0.0964772121,-1.50498623,-0.0701223149,0.16673928,2.35619998,0.0471787396,0.30357772,0.156759776,-0.420063405,0.766603912,-0.513343031,1.22488199,-0.0509955108,-0.202078451,-0.877796231,0.336220378,1.08430922,-0.00170932807
5.2999471,-1.65827507,-2.10566215,0.456438686,0.0388027726,-0.0725699367,0.0116310148,0.99654035,-1.18352173,0.125018547,-0.0687163047,2.35619998,-0.618164189,-0.090486839,-1.46316448,-0.0925454459,0.175735592,2.35619998,0.0620147426,0.313345764,0.13318256,-0.368506851,0.748412765,-0.524742799,1.25656274,-0.0465705265,-0.181332695,-0.861009891,0.345851316,1.12303955,-0.00812306238
5.3332801,-1.6624794,-2.10578795,0.458297068,0.024094269,-0.0654384508,0.0108161527,0.997507036,-1.16282274,0.105165501,-0.0726642317,2.35619998,-0.596911564,-0.085704614,-1.42801689,-0.11735364,0.183237374,2.35619998,0.0814728663,0.318878589,0.109264621,-0.321657618,0.727768294,-0.543450793,1.28932945,-0.039712539,-0.161853269,-0.845779802,0.359553024,1.15972762,-0.0195231274
5.3666131,-1.66639648,-2.10590352,0.459852301,0.0209427594,-0.0592582635,0.0106128241,0.997966546,-1.14363272,0.0967551696,-0.0717536891,2.35619998,-0.577562523,-0.082328607,-1.39541639,-0.128430983,0.190412622,2.35619998,0.0992729025,0.32357264,0.0955948602,-0.279898352,0.705231495,-0.566554555,1.32174285,-0.0310765203,-0.144083371,-0.831736656,0.374605164,1.19479051,-0.0341146237
5.3999461,-1.67004687,-2.10604782,0.461032325,0.0175648445,-0.0541135289,0.0105581667,0.99832446,-1.12579725,0.0933820603,-0.0699800822,2.35619998,-0.563581462,-0.0795172501,-1.36781146,-0.136632512,0.196248123,2.35619998,0.116556871,0.326876851,0.0836740124,-0.243417717,0.681347055,-0.590882897,1.35243922,-0.0215121354,-0.128341671,-0.81839971,0.38838006,1.22864686,-0.049893156
5.4332791,-1.67344298,-2.10622299,0.461918418,0.0137098841,-0.0505777832,0.0107294778,0.998568378,-1.10888088,0.0921438668,-0.0673144839,2.35619998,-0.554550033,-0.0770070544,-1.34497663,-0.143576013,0.200638451,2.35619998,0.133308003,0.329098624,0.0719589003,-0.212252525,0.65663068,-0.613344952,1.38024456,-0.0119879678,-0.114751823,-0.80531089,0.398690978,1.26154593,-0.0649848097
5.4666121,-1.67658836,-2.10629733,0.462542865,0.0105613734,-0.0480791433,0.0106565551,0.99873084,-1.09087979,0.0930934345,-0.0650052099,2.35619998,-0.555847728,-0.0742565864,-1.32612839,-0.150413913,0.200832895,2.35619998,0.149903078,0.328517678,0.0601483705,-0.186322752,0.631556832,-0.631261465,1.40427617,-0.00351986686,-0.103219352,-0.792133028,0.404059329,1.29345699,-0.0779245425
5.4999451,-1.67946869,-2.10631828,0.462985156,0.00780788447,-0.0459566702,0.0104125929,0.998858648,-1.07166907,0.0959886496,-0.0626436656,2.35619998,-0.561388709,-0.0710824823,-1.3090424,-0.156172999,0.200702298,2.35619998,0.165913787,0.326441013,0.0487850092,-0.165456739,0.606547016,-0.642655073,1.42401423,0.00289734214,-0.0934584995,-0.7787015,0.403855255,1.324041,-0.0878133809
5.5332781,-1.68204936,-2.10620643,0.463315445,0.00595628593,-0.0442610745,0.00970522386,0.998955098,-1.05083063,0.101600757,-0.0598326438,2.35619998,-0.576333972,-0.0670684175,-1.29236592,-0.16060599,0.197393268,2.35619998,0.181176618,0.321801976,0.0381900416,-0.149407998,0.581960083,-0.646471055,1.43932572,0.00636729592,-0.0850612604,-0.765029182,0.398299348,1.35270181,-0.0943423291
5.5666111,-1.68452995,-2.10602984,0.463540073,0.00448763356,-0.0422471665,0.00851844099,0.999060796,-1.02842808,0.108847602,-0.0569233663,2.35619998,-0.596056306,-0.0624322189,-1.27243163,-0.162232361,0.192875029,2.35619998,0.19392205,0.315772802,0.0293545161,-0.137867233,0.558086997,-0.642703287,1.45043143,0.00619243693,-0.0775930444,-0.751273553,0.388343033,1.37869512,-0.0977106502
5.5999441,-1.6870085,-2.10575233,0.463739382,0.00329379316,-0.0400046851,0.00698758445,0.99916963,-1.00466725,0.11706588,-0.0548108827,2.35619998,-0.620356111,-0.0574938051,-1.24785424,-0.162827865,0.188033908,2.35619998,0.204397826,0.308483401,0.0220997336,-0.130473896,0.535152228,-0.632398253,1.45782124,0.00199493523,-0.0706944013,-0.737680675,0.375460815,1.40126352,-0.0984781088
5.6332771,-1.68968572,-2.10529468,0.463793511,0.00206419962,-0.0373012944,0.00496694117,0.999289589,-0.98055762,0.125046595,-0.0550899849,2.35619998,-0.646629631,-0.0535086099,-1.21634842,-0.162940865,0.184749303,2.35619998,0.212007087,0.299100534,0.016890393,-0.126831187,0.513322282,-0.6175128,1.46213788,-0.00616848064,-0.0641677986,-0.724522011,0.361391821,1.41976701,-0.0973897216
5.6666101,-1.69286342,-2.10470601,0.463654237,-0.000621313418,-0.0343618695,0.0034949642,0.999403152,-0.955802501,0.127122408,-0.0562578248,2.35619998,-0.674462346,-0.0494727836,-1.17871728,-0.164151541,0.184512788,2.35619998,0.220820728,0.296194734,0.01072253,-0.126527347,0.492719492,-0.600621555,1.4640656,-0.0177459024,-0.0580310171,-0.712038531,0.347870405,1.43378244,-0.0952069881
5.6999431,-1.69683488,-2.10401421,0.463016146,-0.00571438982,-0.0310476934,0.00294778349,0.999497222,-0.930263141,0.124003225,-0.0605687982,2.35619998,-0.703322071,-0.0449667607,-1.1348101,-0.173602574,0.18970889,2.35619998,0.233284966,0.29784607,0.00177768175,-0.129162597,0.473437893,-0.584509105,1.46424707,-0.0317341562,-0.0525242561,-0.700403056,0.336391041,1.44315329,-0.092572365
5.7332761,-1.70191764,-2.10325615,0.461942237,-0.0167512424,-0.0254097401,0.00449853461,0.99952664,-0.90125727,0.114419595,-0.0651834595,2.35619998,-0.733478057,-0.0366694135,-1.08687931,-0.189617488,0.196398179,2.35619998,0.255590105,0.315338233,-0.0119500926,-0.134376414,0.455557445,-0.571734323,1.463238,-0.0468408866,-0.048070211,-0.689705471,0.328044125,1.44798407,-0.0899255126
5.76660911,-1.7075009,-2.10274591,0.460582828,-0.0288549308,-0.0192791545,0.00697101811,0.99937336,-0.872367066,0.0977627574,-0.06759037,2.35619998,-0.759599843,-0.0249613839,-1.03896237,-0.210607608,0.200242092,2.35619998,0.2804034,0.339143879,-0.0277142216,-0.141868609,0.439153163,-0.564255911,1.46149133,-0.0617227841,-0.0451976008,-0.679958222,0.323442656,1.44858847,-0.0874777056
5.79994211,-1.71264339,-2.10257857,0.459284316,-0.0377321751,-0.0140668515,0.0109423428,0.999128957,-0.847427124,0.0794203787,-0.0666838599,2.35619998,-0.77944749,-0.0112436973,-0.995847328,-0.230739587,0.199168608,2.35619998,0.298012621,0.347524868,-0.0413001839,-0.15141088,0.424297066,-0.563199188,1.45935312,-0.0752289672,-0.0444502918,-0.671114889,0.322739926,1.44540926,-0.08523806
5.83327511,-1.71767212,-2.10255927,0.458333379,-0.0440283589,-0.00941341743,0.014885931,0.998875017,-0.825445047,0.0627376856,-0.0645810425,2.35619998,-0.784391385,-5.26252334e-05,-0.957448004,-0.246366062,0.196096101,2.35619998,0.306076794,0.346918888,-0.0514435948,-0.162849523,0.411053666,-0.568797667,1.45706205,-0.0865827897,-0.0463044698,-0.663093334,0.325718107,1.43893171,-0.0830735215
5.86660811,-1.72266249,-2.10256266,0.457625202,-0.0483659842,-0.00518482123,0.0188085089,0.998639119,-0.805616391,0.049727952,-0.0602492891,2.35619998,-0.785398766,0.00857850853,-0.923309507,-0.256326074,0.189868785,2.35619998,0.309403151,0.342188719,-0.0576379797,-0.176101742,0.399471549,-0.580497006,1.45475002,-0.0954584343,-0.0511112147,-0.655796244,0.331915333,1.42960958,-0.0807832272
5.89994111,-1.72786295,-2.10246932,0.457051936,-0.0488546083,-0.001773022,0.0217788917,0.998566855,-0.786037584,0.0434686935,-0.054302381,2.35619998,-0.784830699,0.0148895118,-0.892694169,-0.25794627,0.184385737,2.35619998,0.308491468,0.341129342,-0.0581515656,-0.19114762,0.389574334,-0.597174855,1.45244524,-0.101949245,-0.0590715544,-0.649124532,0.340759175,1.41781591,-0.078166721
5.93327411,-1.73307424,-2.10226688,0.456531789,-0.0461163362,0.000263813756,0.0242646333,0.998641298,-0.768463563,0.0427249876,-0.0460585799,2.35619998,-0.782607953,0.0191624128,-0.866992361,-0.256725166,0.180971096,2.35619998,0.30631011,0.341782651,-0.0570778594,-0.208019791,0.381352744,-0.617409659,1.45008098,-0.106459845,-0.070241768,-0.64298277,0.35168312,1.40382219,-0.0750728647
5.96660711,-1.73823373,-2.10194083,0.456008158,-0.0379544746,-6.12570096e-05,0.0259586264,0.998942242,-0.753127476,0.0477562666,-0.0353950102,2.35619998,-0.77435007,0.0219738215,-0.845909335,-0.247143053,0.179330915,2.35619998,0.302334703,0.347277455,-0.0498330067,-0.226792024,0.374758497,-0.639740698,1.44751344,-0.109564172,-0.084561251,-0.637278726,0.364209666,1.38780377,-0.0714246442
5.99994011,-1.74362264,-2.10177969,0.455343349,-0.0387718755,0.000885300826,0.028747956,0.998834077,-0.734170904,0.041675097,-0.0320532995,2.35619998,-0.765514302,0.0257137476,-0.825050828,-0.248258627,0.173802689,2.35619998,0.300285465,0.347234251,-0.0531517252,-0.247567199,0.36970021,-0.662874477,1.44454859,-0.111872059,-0.101892487,-0.631920737,0.377996415,1.3698636,-0.067222938
6.03327311,-1.74909122,-2.10168197,0.454567704,-0.0415850911,0.00168085723,0.0317713312,0.998628278,-0.714095051,0.0289661225,-0.0297757933,2.35619998,-0.755104421,0.0285316477,-0.808094954,-0.251505687,0.166823787,2.35619998,0.299541665,0.345898805,-0.0602451085,-0.270464328,0.366041562,-0.685814428,1.44097395,-0.113929908,-0.122064731,-0.626816591,0.392849211,1.35006532,-0.0625359308
6.06660611,-1.75445178,-2.10161943,0.453698906,-0.0399312175,-0.000475312309,0.03420031,0.998616849,-0.695937854,0.0203355221,-0.0260189537,2.35619998,-0.742314743,0.0295609186,-0.796899672,-0.253247012,0.162690709,2.35619998,0.300494069,0.343531703,-0.0644788254,-0.295604108,0.36360226,-0.707913121,1.43659074,-0.116163823,-0.144912858,-0.62187606,0.408710365,1.3284682,-0.0574823011
6.09993911,-1.75987634,-2.10152531,0.45269282,-0.037461767,-0.0039099592,0.0362611135,0.998632295,-0.678756057,0.0164795229,-0.0209836716,2.35619998,-0.727605079,0.0296399573,-0.791210776,-0.252967472,0.162060202,2.35619998,0.302347801,0.340856165,-0.0649618238,-0.323094082,0.362162338,-0.728861202,1.43124208,-0.118857976,-0.170307847,-0.617016397,0.425630597,1.30515888,-0.052213998
6.13327211,-1.76539136,-2.10137841,0.451516635,-0.0343372086,-0.0083704288,0.0380257971,0.998651556,-0.663181731,0.0149380044,-0.0145967893,2.35619998,-0.710148599,0.0294890529,-0.788574818,-0.250917758,0.162058313,2.35619998,0.304902705,0.337930841,-0.0642084921,-0.353014042,0.361469553,-0.748633807,1.42483354,-0.122157802,-0.198176954,-0.612169013,0.443732841,1.28027673,-0.0469019049
6.16660511,-1.77110431,-2.10118838,0.450153172,-0.0314125527,-0.0146887404,0.0392066647,0.998629225,-0.649404009,0.0149114786,-0.0076537275,2.35619998,-0.687557915,0.0298001125,-0.788756555,-0.249098524,0.162633165,2.35619998,0.306230221,0.334220956,-0.0630663294,-0.385401233,0.361248691,-0.767415814,1.41734442,-0.126087021,-0.228511951,-0.607285224,0.463174878,1.25403114,-0.0417249922
6.19993811,-1.77668014,-2.10093837,0.448863307,-0.0295245755,-0.0221235604,0.0407067552,0.998489763,-0.64598012,0.0146181734,-0.0018329125,2.35619998,-0.655559373,0.0298443117,-0.789762181,-0.248858049,0.162802588,2.35619998,0.306121251,0.331379203,-0.0629958862,-0.420235674,0.361210607,-0.785522221,1.40883077,-0.130571292,-0.261365307,-0.602339378,0.484115552,1.22671039,-0.0368624327
6.23327111,-1.78197401,-2.10060291,0.447741764,-0.0295494353,-0.0314634296,0.0428565998,0.998148383,-0.654755599,0.0118807119,0.0024542667,2.35619998,-0.607130392,0.0284747472,-0.795410042,-0.252607176,0.161059935,2.35619998,0.302778811,0.32964223,-0.0669570443,-0.457427213,0.361059863,-0.803324745,1.39942224,-0.135464585,-0.296835597,-0.597327943,0.506687186,1.19868273,-0.0324875512
6.26660411,-1.78687791,-2.10011288,0.446696948,-0.0333234461,-0.0433573499,0.0447887537,0.9974987,-0.673187704,0.00707685016,0.000549482447,2.35619998,-0.546294398,0.0259847711,-0.805367912,-0.259442872,0.156502609,2.35619998,0.301839294,0.329771238,-0.0750695814,-0.496807332,0.360500983,-0.821191358,1.38931517,-0.140576013,-0.335045041,-0.592263267,0.530974663,1.17039124,-0.0287621612
6.29993712,-1.79135398,-2.09946436,0.445584707,-0.0392930627,-0.0564845124,0.0464567248,0.996547705,-0.704105999,-0.000231494636,-0.00597308532,2.35619998,-0.473234729,0.0220869395,-0.821738384,-0.270333124,0.147889664,2.35619998,0.301729223,0.330023429,-0.0881968882,-0.53812874,0.359245263,-0.839442047,1.37876333,-0.14569552,-0.376112866,-0.587160861,0.557000643,1.14234431,-0.0258294665
6.33327012,-1.7954092,-2.09867737,0.44419977,-0.0507747794,-0.071815805,0.0470183994,0.995014413,-0.743059614,-0.0104388263,-0.0191043198,2.35619998,-0.390287928,0.0172936311,-0.845644493,-0.287041088,0.135707634,2.35619998,0.307954214,0.328434967,-0.106658629,-0.581074833,0.357020623,-0.858321147,1.36806615,-0.15061687,-0.420128705,-0.582019854,0.584716442,1.11510376,-0.0238038748
6.36660312,-1.7986685,-2.09788757,0.442652753,-0.0566593026,-0.0902718209,0.0462815997,0.993226427,-0.790095298,-0.0136943998,-0.0215976462,2.35619998,-0.306701308,0.0111430559,-0.87919698,-0.289840091,0.124159942,2.35619998,0.31795432,0.324605205,-0.10968902,-0.625279194,0.35358577,-0.877983513,1.35755316,-0.155156924,-0.467130523,-0.576798662,0.613999704,1.08927219,-0.0227570932
6.39993612,-1.80127899,-2.09721757,0.441153241,-0.0577880946,-0.111361001,0.0444381983,0.991102674,-0.845201169,-0.0143879123,-0.0197098336,2.35619998,-0.227141868,0.00346201259,-0.92470214,-0.286797112,0.112004193,2.35619998,0.331189733,0.315142733,-0.106198847,-0.670353559,0.348747831,-0.898490603,1.34756415,-0.159170468,-0.517090763,-0.571390323,0.644660193,1.06548017,-0.0227020575
6.43326912,-1.80323041,-2.09698881,0.440378789,-0.0504935201,-0.135709395,0.0406975009,0.98862383,-0.905720223,-0.0114619301,-0.00498792899,2.35619998,-0.16031299,-0.0053236944,-0.97885569,-0.274711563,0.08099037,2.35619998,0.343509225,0.288930714,-0.0892171767,-0.715920756,0.34237989,-0.919812656,1.33842563,-0.162560099,-0.569912548,-0.565604109,0.676453996,1.04437312,-0.0235786794
6.46660212,-1.80553426,-2.09672719,0.439550123,-0.0436288962,-0.159581913,0.037548401,0.985505074,-0.963318432,-0.00653712021,0.012620516,2.35619998,-0.112796953,-0.0133568648,-1.0323452,-0.259536377,0.0465499441,2.35619998,0.349285035,0.259648252,-0.0661497007,-0.761647262,0.334433783,-0.941834764,1.33042608,-0.165281014,-0.625434652,-0.559159776,0.709104203,1.02659725,-0.0252462254
6.49993512,-1.80895337,-2.09625503,0.438152759,-0.038749128,-0.182170039,0.0358467682,0.981849067,-1.01387461,-0.00129902783,0.0243738431,2.35619998,-0.0816064855,-0.0198383272,-1.07975792,-0.24715465,0.0189167723,2.35619998,0.35078052,0.237522652,-0.0455292746,-0.807269184,0.324944053,-0.964366248,1.32379373,-0.167340745,-0.683441635,-0.551698812,0.742324347,1.01278338,-0.0274867628
6.53326812,-1.81308183,-2.09580884,0.436823703,-0.0334547501,-0.204088643,0.0346129326,0.977768147,-1.05876601,0.00476339323,0.0321357865,2.35619998,-0.0710991612,-0.0252499232,-1.12353815,-0.236097277,-0.0018356942,2.35619998,0.347416864,0.223595326,-0.0253199628,-0.8526071,0.314021586,-0.987153868,1.31867998,-0.168794078,-0.743674657,-0.542813102,0.77584022,1.00352757,-0.0300220512
6.56660112,-1.81793239,-2.09539948,0.43554748,-0.0279253098,-0.225549194,0.0335668294,0.973252797,-1.09918971,0.011928088,0.0374729567,2.35619998,-0.0678869057,-0.0300264902,-1.16441282,-0.225690279,-0.0186582848,2.35619998,0.337329864,0.214114195,-0.00528470268,-0.897568768,0.30183804,-1.00989881,1.31515034,-0.16973351,-0.805839162,-0.532086883,0.809405335,0.999367358,-0.03254105
6.59993412,-1.82336561,-2.09505993,0.434392571,-0.0218860169,-0.245936344,0.0326920918,0.968487245,-1.13619163,0.0207791384,0.0412045749,2.35619998,-0.0755035789,-0.0346178665,-1.20322187,-0.215086172,-0.0335017039,2.35619998,0.322412851,0.207525318,0.015084342,-0.942141724,0.288604906,-1.03227634,1.31318217,-0.170275673,-0.869607006,-0.519146057,0.842805519,1.00075313,-0.03473277
6.63326712,-1.82931853,-2.09471896,0.433202831,-0.0162041374,-0.265543067,0.0316904851,0.963441757,-1.17000844,0.0303689675,0.0435982408,2.35619998,-0.0871984588,-0.0387470976,-1.23957503,-0.20495062,-0.0469733526,2.35619998,0.304140523,0.201463146,0.0343641697,-0.986378568,0.274551341,-1.05395655,1.31266819,-0.170544775,-0.934612484,-0.503708029,0.87584959,1.00801566,-0.0363168395
6.66660012,-1.83578058,-2.09436405,0.43196569,-0.0108448685,-0.284441355,0.0305755053,0.958144375,-1.20103674,0.040296167,0.0453080568,2.35619998,-0.102954166,-0.0421545527,-1.27347126,-0.195578573,-0.0589796028,2.35619998,0.28276175,0.195541182,0.0520878369,-1.03037767,0.259905263,-1.07462466,1.31342429,-0.170654816,-1.00044317,-0.485625761,0.908346236,1.02133183,-0.0370632687
6.69993312,-1.84263825,-2.09397809,0.430631477,-0.00713907288,-0.302136846,0.0292404884,0.952789249,-1.22953462,0.0495035612,0.0472263533,2.35619998,-0.120406555,-0.0441039347,-1.30447234,-0.187861335,-0.0687813539,2.35619998,0.259566624,0.189188331,0.0671190725,-1.07426146,0.244881358,-1.09399974,1.31520017,-0.170692875,-1.06662786,-0.464921167,0.94007145,1.04069169,-0.0367972117
6.73326612,-1.84979882,-2.09355852,0.429223081,-0.00406393464,-0.319361016,0.0278647023,0.947214645,-1.25645449,0.0576120013,0.0495881935,2.35619998,-0.139455952,-0.0445191176,-1.33288856,-0.181628521,-0.0749401835,2.35619998,0.234526098,0.183561256,0.079324512,-1.1181538,0.229678182,-1.11185028,1.31769202,-0.170706101,-1.13262518,-0.441804352,0.970735307,1.06586953,-0.035390713
6.76659912,-1.85719388,-2.09309987,0.427742772,-0.00203662069,-0.335900681,0.0264514281,0.941523716,-1.2822958,0.0644852064,0.0527772556,2.35619998,-0.159678548,-0.0429186854,-1.35894205,-0.176662606,-0.0783601004,2.35619998,0.207760104,0.179004069,0.0889524678,-1.16215737,0.214485238,-1.12800543,1.32055655,-0.170695013,-1.19781748,-0.416677121,0.999958445,1.09640232,-0.0327476905
6.79993212,-1.86470906,-2.09269133,0.426167414,-0.000472349565,-0.352240158,0.0252799522,0.935568048,-1.308033,0.0701418844,0.0559363,2.35619998,-0.180970485,-0.0407698425,-1.38302202,-0.173525156,-0.0775990889,2.35619998,0.178705241,0.17598691,0.0966469897,-1.20633168,0.199499482,-1.14236099,1.32342608,-0.170614256,-1.26151378,-0.390119289,1.0272673,1.13157795,-0.0287904628
6.83326513,-1.87238876,-2.09231155,0.424465441,0.000970357018,-0.368382732,0.0241964991,0.929358785,-1.33297068,0.0753112634,0.0576788088,2.35619998,-0.20359012,-0.038053985,-1.40571388,-0.170865485,-0.0742932379,2.35619998,0.14795179,0.174670662,0.103722792,-1.25067228,0.184949323,-1.15488071,1.32592459,-0.170379587,-1.32296463,-0.362856951,1.05211326,1.17043809,-0.0234536066
6.86659813,-1.88029355,-2.09194476,0.422612541,0.00286312436,-0.384020658,0.0230914581,0.923031268,-1.35623293,0.0807862092,0.0576168682,2.35619998,-0.228047466,-0.0349360998,-1.42768952,-0.16746422,-0.0675485026,2.35619998,0.116441315,0.177150163,0.11159971,-1.29509188,0.17112299,-1.16559379,1.32768336,-0.169878908,-1.38138876,-0.335712985,1.07391648,1.21179708,-0.0166885203
6.89993113,-1.88840351,-2.09155731,0.420602356,0.00498139686,-0.39929864,0.0221133373,0.916540661,-1.3778683,0.0866089393,0.0568598242,2.35619998,-0.253536763,-0.0328086608,-1.44909239,-0.163141574,-0.0594798853,2.35619998,0.0850752969,0.181613406,0.12102316,-1.33940433,0.158397191,-1.17459027,1.32835504,-0.168984771,-1.43601007,-0.30954142,1.0921304,1.25427882,-0.00847931585
6.93326413,-1.89674488,-2.09113569,0.418412805,0.00731255593,-0.414230418,0.0212555621,0.909894438,-1.39807443,0.0928556479,0.0537272666,2.35619998,-0.279720738,-0.03162546,-1.46990532,-0.157562672,-0.0507168493,2.35619998,0.0539824744,0.188671757,0.132440763,-1.38331352,0.147261353,-1.18201502,1.32762547,-0.167565843,-1.48610105,-0.285149291,1.10631904,1.29637067,0.00113287867
6.96659713,-1.90542903,-2.09065828,0.416000531,0.00986194201,-0.428884931,0.0206574023,0.903069061,-1.41726722,0.0999935566,0.050132907,2.35619998,-0.305695932,-0.0323177862,-1.48981774,-0.150379074,-0.0420607839,2.35619489,0.0228453944,0.196721067,0.145887865,-1.42640931,0.138332508,-1.18805953,1.32522265,-0.165496287,-1.53102788,-0.263211601,1.1162343,1.33649201,0.0120235341
6.99993013,-1.91446617,-2.09008008,0.413419145,0.0123355523,-0.443340195,0.0201196421,0.896042692,-1.43611525,0.106443366,0.0465002271,2.35619896,-0.330686831,-0.0335342984,-1.50860546,-0.142292462,-0.0340672883,2.35617906,-0.00833900402,0.205748057,0.160278219,-1.46817329,0.132356069,-1.19294925,1.32092296,-0.162663329,-1.57015335,-0.244238828,1.12208421,1.37245331,0.023748427
7.03326313,-1.92388279,-2.08934292,0.410729246,0.0145934849,-0.45752629,0.0196663756,0.888858795,-1.4550105,0.11173093,0.0432928688,2.35618549,-0.354246874,-0.0347674389,-1.52611932,-0.133703672,-0.0270828728,2.35613978,-0.0396051979,0.215501666,0.174892374,-1.50799695,0.130188279,-1.19692489,1.31455485,-0.158973723,-1.6032796,-0.228131912,1.12438577,1.40290172,0.0358701815
7.06659613,-1.93358803,-2.08851373,0.408490373,0.0127361913,-0.471911905,0.0213610876,0.88129487,-1.47572365,0.109830965,0.0422781652,2.35614869,-0.374778097,-0.0372457393,-1.5442327,-0.132858974,-0.0202698962,2.35615192,-0.0704651748,0.224512654,0.184532534,-1.54521468,0.132757089,-1.20021895,1.30600088,-0.154359533,-1.63048594,-0.214424892,1.12382575,1.42699224,0.0479479772
7.09992913,-1.94363691,-2.08761353,0.406918932,0.00896240796,-0.486410712,0.0241538372,0.87335038,-1.49601015,0.102680743,0.0419969916,2.35611516,-0.393487517,-0.0414742281,-1.56409415,-0.132875596,-0.0132686324,2.35618353,-0.10047064,0.233303294,0.192093381,-1.57915277,0.140999605,-1.20303057,1.29519962,-0.148783679,-1.65201899,-0.202455105,1.12116169,1.44418654,0.0595385292
7.13326213,-1.95409262,-2.08669205,0.406060613,0.00347042156,-0.501749817,0.0287309673,0.864528547,-1.51276888,0.0913722186,0.0437855135,2.35618013,-0.411667665,-0.0476297674,-1.58918992,-0.136305442,-0.00514717079,2.35619753,-0.129136463,0.242676375,0.199215152,-1.60919259,0.155776726,-1.20550228,1.28214909,-0.142245517,-1.66821535,-0.191487882,1.11714705,1.45413982,0.0702079726
7.16659513,-1.96506201,-2.08576853,0.406058951,-0.000249857189,-0.516880631,0.032412094,0.855443632,-1.52694461,0.083658192,0.0441609393,2.35619998,-0.429470066,-0.0551261571,-1.61415058,-0.136602056,0.00244821667,2.35619998,-0.155464602,0.252246425,0.210079275,-1.63484193,0.177769457,-1.20770214,1.26691296,-0.134786918,-1.67944292,-0.180813861,1.1124711,1.45664119,0.0795517832
7.19992813,-1.97664198,-2.08486057,0.406556052,-0.00219709173,-0.531814334,0.0351969332,0.846126387,-1.53800931,0.0796730226,0.0429730945,2.35619998,-0.446902749,-0.0637745717,-1.63494602,-0.132243229,0.00903055995,2.35619998,-0.179243704,0.261545507,0.227263002,-1.65580397,0.207366165,-1.20961385,1.24962986,-0.126499225,-1.68605267,-0.169828674,1.10770958,1.45158296,0.0872187313
7.23326113,-1.98908283,-2.08403246,0.407898215,-0.000930296758,-0.545457157,0.035977069,0.837365676,-1.54253949,0.0830696621,0.0373238545,2.35619998,-0.463206303,-0.0721435154,-1.64060707,-0.124250602,0.0135716096,2.3552696,-0.200025697,0.268476217,0.248773388,-1.67202928,0.244555097,-1.21113693,1.23052429,-0.117530383,-1.68833716,-0.158098037,1.10328716,1.43894329,0.0929343116
7.26659413,-2.00251195,-2.0832464,0.410325647,0.00193374287,-0.557154429,0.0354647896,0.829648993,-1.54263061,0.0910481503,0.0265695073,2.35599961,-0.480269879,-0.0817498153,-1.6399199,-0.112561377,0.0163576698,2.35070155,-0.216307959,0.274277976,0.269201437,-1.68373543,0.28883991,-1.2120965,1.20991475,-0.108091571,-1.68649635,-0.145406765,1.09945456,1.41877563,0.0965190697
7.29992713,-2.01708901,-2.08249037,0.414263134,0.00774149862,-0.564746743,0.0324200468,0.824590884,-1.52695078,0.10396822,0.0106834878,2.35270114,-0.49945708,-0.0938819283,-1.61350647,-0.0977661599,0.0177846035,2.32437813,-0.228436717,0.279330778,0.285935999,-1.69138267,0.339197333,-1.21226034,1.18821305,-0.0984626789,-1.68061312,-0.13178816,1.09628316,1.39120482,0.0978980555
7.33326013,-2.03313903,-2.0815513,0.41874282,0.0111855528,-0.571996219,0.0315016321,0.819574802,-1.50039623,0.105202819,-0.00646247277,2.33546776,-0.518845599,-0.113222271,-1.58031705,-0.0865909364,0.0203473736,2.28553522,-0.233387165,0.285446569,0.284747148,-1.69560483,0.39409346,-1.21136011,1.16590795,-0.0889954835,-1.6706423,-0.117530666,1.09367818,1.35643478,0.0970990679
7.36659313,-2.05058922,-2.08072691,0.423057522,0.0139593725,-0.579210343,0.0315914851,0.814446126,-1.46171984,0.104825156,-0.0202334625,2.29344189,-0.532542924,-0.135531346,-1.54078774,-0.0770107325,0.0249117261,2.23364461,-0.23665072,0.291177536,0.274428133,-1.69711215,0.45157213,-1.20911384,1.14352964,-0.0801120661,-1.65641616,-0.103160974,1.09140833,1.31477424,0.0942392009
7.39992614,-2.06927188,-2.08031117,0.426468385,0.0206543155,-0.587744025,0.0323100586,0.808137625,-1.41981974,0.102860485,-0.0267794929,2.2376789,-0.53678279,-0.150930408,-1.50029981,-0.0665627204,0.0346530704,2.17787841,-0.241241971,0.294555162,0.244540543,-1.69658871,0.50941178,-1.20524892,1.12159679,-0.0722940089,-1.63766767,-0.0894061086,1.08914736,1.26668571,0.0895011216
7.43325914,-2.0885725,-2.080302,0.427543189,0.0280142268,-0.596951764,0.0330470247,0.80110654,-1.37786533,0.0998026638,-0.0267056887,2.17695247,-0.537231137,-0.162134756,-1.46040222,-0.0566228267,0.0472788242,2.12013154,-0.248350909,0.297246446,0.200148651,-1.69460342,0.565335859,-1.19952588,1.10055128,-0.0660548415,-1.61407013,-0.0771403101,1.08652104,1.21285794,0.0831020926
7.46659214,-2.10815906,-2.08073502,0.427859192,0.0360741329,-0.606845634,0.0338019459,0.793280821,-1.33746411,0.0952400669,-0.0195001308,2.11573937,-0.535627261,-0.169460357,-1.42160636,-0.0482235424,0.0619075897,2.06184171,-0.258468134,0.299215863,0.14290041,-1.69154182,0.617246215,-1.19176396,1.08068714,-0.0618914569,-1.58528884,-0.0673246907,1.0831529,1.15429393,0.0752598735
7.49992514,-2.12695705,-2.08199574,0.427056555,0.0443319777,-0.614089609,0.0344562663,0.787236555,-1.30130169,0.0870627389,-0.00735469672,2.0617621,-0.530072938,-0.168943955,-1.38368406,-0.0450539961,0.0761341763,2.00560817,-0.26550666,0.297537126,0.0929849181,-1.68755843,0.663438158,-1.1818674,1.06208024,-0.0602175465,-1.55103753,-0.0609480698,1.07870271,1.09239446,0.0661606347
7.53325814,-2.14497251,-2.0836621,0.425329668,0.0508891489,-0.620271885,0.0352385296,0.781940745,-1.26670475,0.0756919399,0.00657611345,2.01134792,-0.522154388,-0.167179577,-1.34478329,-0.0443583554,0.0852204811,1.95195217,-0.271376584,0.2939569,0.0494710305,-1.68254703,0.702752717,-1.16984821,1.04453204,-0.061288469,-1.5111301,-0.0589759218,1.07289263,1.02900131,0.0559350775
7.56659114,-2.16206242,-2.08512407,0.423239514,0.0530349069,-0.624777109,0.0363906777,0.77814946,-1.23286679,0.0613284704,0.0182958631,1.96356266,-0.514506752,-0.162982942,-1.30367356,-0.0462001394,0.0894755065,1.90159035,-0.276854441,0.289189049,0.0127659141,-1.67612659,0.734632469,-1.15584017,1.02754294,-0.0651340561,-1.46551644,-0.0623114819,1.06551657,0.966343572,0.0446507519
7.59992414,-2.1797546,-2.0856582,0.420807586,0.0553486259,-0.626018707,0.0347877514,0.777063009,-1.18252372,0.0619278958,0.0294995567,1.906186,-0.514835092,-0.158590016,-1.25516756,-0.0444467672,0.089316686,1.84929933,-0.277489721,0.284656884,-0.0141707506,-1.66764259,0.759080079,-1.14010303,1.01032517,-0.0715216265,-1.41429126,-0.0717696667,1.05642775,0.906802868,0.0323315662
7.63325714,-2.19772149,-2.08596522,0.417913728,0.0577221243,-0.625579636,0.0317881173,0.777372363,-1.11799358,0.0662362139,0.0404422744,1.84233721,-0.51693304,-0.153225258,-1.2007767,-0.0395761403,0.0874377792,1.79704704,-0.277510798,0.280003316,-0.0345062911,-1.65618655,0.776541035,-1.12301922,0.99186224,-0.0799593932,-1.35768764,-0.0880314053,1.04552117,0.852546201,0.0189958996
7.66659014,-2.21531625,-2.08637886,0.414355025,0.0598493871,-0.623510731,0.0276981203,0.779028391,-1.05388876,0.0678587691,0.0520801917,1.78041257,-0.517498836,-0.144220615,-1.14543431,-0.0360626434,0.0834841276,1.74858633,-0.274642829,0.274270719,-0.0499068091,-1.64063905,0.787745584,-1.10509115,0.971015234,-0.0897338475,-1.29608403,-0.111526991,1.03273038,0.805126776,0.00469473136
7.69992314,-2.23288238,-2.08695478,0.410737294,0.0608052151,-0.619775932,0.0254784187,0.782004712,-0.986169592,0.0659671276,0.0616234187,1.71723666,-0.517080163,-0.132855262,-1.08656454,-0.0369324756,0.0774250252,1.70165865,-0.270787276,0.268718847,-0.0635866806,-1.61974314,0.793552149,-1.08694054,0.946659302,-0.0999593498,-1.23004346,-0.142208323,1.01803478,0.765013805,-0.0104416979
7.73325614,-2.25044903,-2.0878035,0.407166929,0.0604529328,-0.614173785,0.0253455811,0.786443645,-0.9144879,0.0536840068,0.0686277621,1.65259117,-0.514114635,-0.119504394,-1.02365885,-0.0463780953,0.0685257799,1.65573895,-0.266647954,0.263851344,-0.0758414087,-1.59221443,0.794828322,-1.06929558,0.917824225,-0.109623123,-1.160414,-0.179155656,1.00147017,0.730989793,-0.0261427071
7.76658914,-2.26790063,-2.08902109,0.403002787,0.0607891062,-0.606196169,0.0251705526,0.792589006,-0.838627323,0.0392606365,0.0710400785,1.58718058,-0.510593375,-0.107112842,-0.956878482,-0.0587411598,0.0571600172,1.60979165,-0.262360957,0.26115135,-0.0853787175,-1.55689027,0.792392414,-1.0529367,0.883804985,-0.117624725,-1.08815946,-0.220885294,0.983165452,0.700607375,-0.0420522897
7.79992214,-2.28510775,-2.09059578,0.398256722,0.0609196401,-0.597911777,0.024509515,0.798867691,-0.761671733,0.0243874088,0.0723540445,1.52256131,-0.505594251,-0.0943398045,-0.888239673,-0.0731761535,0.0423606937,1.56380386,-0.257310067,0.259134627,-0.0885753004,-1.51291263,0.787019325,-1.03858103,0.844210468,-0.122826753,-1.0142243,-0.265713329,0.963351924,0.670907039,-0.0578192721
7.83325514,-2.30189895,-2.09250923,0.392792832,0.0602133802,-0.589860918,0.0225365936,0.804941332,-0.686396342,0.0119155007,0.0731747572,1.4602676,-0.498024149,-0.0804320757,-0.819773868,-0.0874448249,0.0226496988,1.51793443,-0.250723572,0.257242368,-0.0842837126,-1.45992818,0.779493904,-1.0267058,0.79892434,-0.124129662,-0.939480896,-0.31196653,0.942344517,0.639057955,-0.073183388
7.86658814,-2.3199325,-2.09483414,0.38587592,0.0606143643,-0.579968379,0.0208040163,0.812114383,-0.602587442,-0.00222582919,0.0744995612,1.39153123,-0.490853958,-0.0663555167,-0.741380024,-0.102782262,0.00531042288,1.46528284,-0.245495798,0.257662195,-0.0697644099,-1.39833425,0.770725771,-1.01731846,0.747960813,-0.120562454,-0.864725844,-0.358104269,0.920500741,0.602832313,-0.0880393784
7.89992114,-2.33861341,-2.09747929,0.377291042,0.0614775894,-0.569199432,0.0193546029,0.819669392,-0.514616716,-0.0178460142,0.0764599538,1.3197581,-0.482980679,-0.0519392631,-0.655999175,-0.118454734,-0.0101060206,1.4075912,-0.241470603,0.259038438,-0.0398977392,-1.32962708,0.76194761,-1.00967824,0.691215058,-0.111368792,-0.790686753,-0.402807539,0.898176808,0.560807106,-0.102458619
7.93325415,-2.35672345,-2.10009705,0.367233433,0.0609596243,-0.560166339,0.0203990919,0.82588224,-0.432502706,-0.0344738798,0.0791754597,1.25210219,-0.470647332,-0.0362026709,-0.571796537,-0.133218637,-0.0242658701,1.34987993,-0.238450186,0.259494832,-0.00873062083,-1.25579787,0.754447772,-1.00259694,0.628593226,-0.0960499249,-0.718030336,-0.4450439,0.875687026,0.512372495,-0.116677471
7.96658715,-2.37398598,-2.10284493,0.355858644,0.0605520843,-0.551167945,0.0216101693,0.831913662,-0.353865947,-0.0509946442,0.0819142044,1.18961215,-0.456437877,-0.0223284218,-0.487312619,-0.146020181,-0.0371932265,1.29164436,-0.236719772,0.260259815,0.0227032086,-1.17885758,0.749372845,-0.994714944,0.560113164,-0.0743820211,-0.64736355,-0.484108159,0.853270764,0.45762823,-0.131062891
7.99992015,-2.39029314,-2.1057426,0.343144904,0.0602763643,-0.542225941,0.0230180552,0.837751728,-0.278057966,-0.0668299103,0.0841706856,1.13214452,-0.441067019,-0.0111974014,-0.402350352,-0.156688285,-0.0489813621,1.23289523,-0.235695178,0.26189912,0.0525102197,-1.10051087,0.747595563,-0.984733609,0.486000517,-0.0464155647,-0.579219436,-0.519637335,0.831071596,0.397225527,-0.14606313
8.03325315,-2.40552566,-2.10884899,0.329477748,0.0587759853,-0.532422659,0.0245243603,0.844079411,-0.201473468,-0.0808279915,0.0844097329,1.07718222,-0.425716661,-0.00529996689,-0.314497045,-0.164972253,-0.0594629867,1.17233936,-0.234220084,0.264835871,0.076933989,-1.02196564,0.749641703,-0.971596189,0.406780755,-0.0124641403,-0.514021024,-0.551598791,0.809134408,0.332185977,-0.16214867
8.06658615,-2.41965412,-2.11162301,0.315225724,0.0566230942,-0.522202072,0.0259810442,0.850543242,-0.125198414,-0.0907910515,0.0842709852,1.0242631,-0.409961457,-0.00366050964,-0.226155251,-0.168617471,-0.0689880203,1.11162706,-0.231646836,0.267933983,0.0939247669,-0.943871157,0.755680983,-0.954604105,0.323335897,0.0269112756,-0.452019177,-0.580250701,0.787428185,0.263705927,-0.179746488
8.09991915,-2.4326846,-2.11379075,0.300789516,0.0531659912,-0.511284997,0.027247539,0.857332258,-0.0494305598,-0.0970695398,0.081081873,0.97266019,-0.393651197,-0.00816923559,-0.13860951,-0.169228677,-0.0777796591,1.05164708,-0.225438222,0.26999942,0.104532742,-0.86638877,0.765593801,-0.933449258,0.236865517,0.0709186333,-0.393199892,-0.606073621,0.765904874,0.192934545,-0.199169313
8.13325215,-2.44443821,-2.1152642,0.28684029,0.0503877652,-0.501778416,0.0275600047,0.863087447,0.0206235997,-0.0975945171,0.0761605326,0.925927212,-0.3757658,-0.0151026664,-0.0589677549,-0.16788367,-0.0854959558,0.997612915,-0.217126026,0.272727971,0.107267916,-0.789323403,0.779082708,-0.908198501,0.148781246,0.118556975,-0.337159252,-0.629664696,0.744601972,0.120716564,-0.220543073
8.16658515,-2.45534022,-2.11640386,0.272941911,0.0478363607,-0.492911364,0.0273493006,0.868332935,0.0880478447,-0.0970942875,0.0686069255,0.881887372,-0.356853601,-0.0241889897,0.0170337025,-0.163315084,-0.0931721926,0.946632553,-0.206670335,0.277035735,0.107988514,-0.712255973,0.795795396,-0.879261519,0.0605796731,0.168649384,-0.283191873,-0.651753812,0.723567252,0.0477531267,-0.243785917
8.19991815,-2.46623194,-2.11748112,0.25794559,0.042565404,-0.481870004,0.0269305721,0.874793821,0.160347209,-0.0929362653,0.0574159719,0.835555047,-0.3382109,-0.0330909005,0.0987680239,-0.157816404,-0.103329741,0.892884323,-0.195229221,0.28844366,0.101563395,-0.634646543,0.815429738,-0.847354544,-0.0262725179,0.219887545,-0.230370482,-0.673176867,0.702811783,-0.0252508844,-0.268599251
8.23325115,-2.4760986,-2.11906427,0.242551169,0.0360962145,-0.471380954,0.0278216873,0.880751391,0.229118742,-0.0874423676,0.043856352,0.793435214,-0.3204549,-0.0386976836,0.179619594,-0.152824519,-0.115825196,0.839356974,-0.183101481,0.305179353,0.0897558126,-0.555899979,0.837801175,-0.813459169,-0.110418776,0.270889397,-0.177615269,-0.694827271,0.682293319,-0.0974822799,-0.294472891
8.26658415,-2.48481056,-2.12109747,0.227020482,0.0281370322,-0.461604045,0.0303461112,0.886120266,0.292520932,-0.0812952257,0.0288512994,0.756143232,-0.303812086,-0.0419485473,0.25711143,-0.148422191,-0.129892598,0.787108255,-0.170605844,0.326224426,0.0722337082,-0.475404269,0.862862749,-0.778769582,-0.190647637,0.320268961,-0.123760185,-0.717593382,0.661923593,-0.167959175,-0.320709631
8.29991715,-2.4922223,-2.12095123,0.212436531,0.0236841273,-0.454858019,0.0271254251,0.889835634,0.348650987,-0.0689554963,0.0170434422,0.720779308,-0.288242846,-0.0473563447,0.321449499,-0.137385596,-0.137522734,0.741036885,-0.158364433,0.341282041,0.0568171243,-0.392565497,0.890679222,-0.744621967,-0.265885004,0.366714178,-0.0676247891,-0.742284204,0.641592269,-0.235511541,-0.346474248
8.33325015,-2.49847659,-2.12031616,0.198519544,0.0194007858,-0.448931739,0.0230898527,0.893056976,0.399693742,-0.0514806586,0.0075523868,0.686617975,-0.275058321,-0.0510996307,0.378392105,-0.120798939,-0.142370104,0.697730362,-0.148745464,0.352766514,0.0410473978,-0.306864211,0.921360507,-0.712400582,-0.335157494,0.409067457,-0.00809840917,-0.769544834,0.621202763,-0.298802665,-0.370869707
8.36658315,-2.50374169,-2.11865477,0.185113729,0.0135779827,-0.443850966,0.0198796357,0.895777181,0.447117224,-0.031059975,-0.000259058315,0.652854843,-0.264551899,-0.0523175595,0.43094977,-0.101295676,-0.145606029,0.65522049,-0.142669241,0.361494051,0.0235718474,-0.217951359,0.954959864,-0.683417956,-0.397546971,0.446402755,0.0557587187,-0.799764537,0.600717189,-0.35639374,-0.393039833
8.39991615,-2.50772549,-2.11708567,0.17238529,0.00638431642,-0.440368561,0.0179477377,0.897614979,0.489130629,-0.0102403842,-0.00378026073,0.62020039,-0.258295661,-0.0513875429,0.477460625,-0.0808738312,-0.147957674,0.613948435,-0.137754214,0.368777266,0.0060124735,-0.125788466,0.991340106,-0.658770941,-0.452158315,0.478093515,0.124594844,-0.83298352,0.580207881,-0.406853226,-0.412293067
8.43324915,-2.51064748,-2.11545893,0.160334986,-0.00143145532,-0.437935857,0.0165754875,0.898852262,0.524923285,0.010797808,-0.00516198319,0.589161185,-0.254874718,-0.0494401923,0.516500253,-0.0593755916,-0.149225982,0.574641618,-0.133169823,0.373036358,-0.0092660835,-0.0308227733,1.03001689,-0.639183523,-0.498121208,0.503865612,0.198626734,-0.868809299,0.559910158,-0.448908295,-0.42823596
8.46658216,-2.51255003,-2.11300042,0.149199073,-0.00476284973,-0.439758535,0.0104532148,0.898042581,0.552931508,0.0319652837,0.000749938852,0.560580884,-0.253708931,-0.0538734574,0.544116385,-0.0362392461,-0.144522091,0.539737448,-0.127162958,0.370029482,-0.0178118865,0.0658291867,1.0700005,-0.62485931,-0.534642942,0.52382857,0.277483513,-0.906359666,0.540263988,-0.481626876,-0.440897591
8.49991516,-2.5138203,-2.11079404,0.138276853,-0.0105782805,-0.442074494,0.00676748904,0.89689043,0.57408307,0.0530673636,0.00883827419,0.535196944,-0.253740754,-0.0612297115,0.569345321,-0.0112023816,-0.136398768,0.503438636,-0.121141176,0.362893684,-0.0267243837,0.162238645,1.10967556,-0.615378626,-0.561122874,0.538476902,0.360041388,-0.944256218,0.521919749,-0.504605298,-0.45081714
8.53324816,-2.51467859,-2.10905953,0.12761759,-0.0196657341,-0.44503436,0.00629198275,0.895275426,0.58905638,0.0736435964,0.0169321098,0.512908175,-0.255511993,-0.0703037762,0.592335362,0.0152778968,-0.125572898,0.465047961,-0.115489245,0.348259973,-0.0368124776,0.255634198,1.14677633,-0.609683552,-0.577331102,0.548650247,0.44426159,-0.980700209,0.505664668,-0.518118685,-0.45905617
8.56658116,-2.51507335,-2.1075374,0.11885158,-0.0279018336,-0.451341732,0.00603724745,0.891894433,0.589538709,0.092212338,0.0248213867,0.493269491,-0.258911386,-0.0768567624,0.59986062,0.0388087187,-0.116873037,0.432168423,-0.110594257,0.331670592,-0.0434315275,0.342574116,1.17853416,-0.606195218,-0.58364437,0.555437377,0.527051771,-1.01367177,0.492200977,-0.523170075,-0.467084572
8.59991416,-2.51526578,-2.10621855,0.111986159,-0.0346612617,-0.459563,0.00597431918,0.887448451,0.588593133,0.101664896,0.0329972648,0.477115815,-0.260917006,-0.0793066811,0.601095268,0.0542369357,-0.109444656,0.407754606,-0.105944818,0.317688108,-0.0454025245,0.419414447,1.2020931,-0.603099389,-0.581322839,0.560005326,0.604183868,-1.04130592,0.481674148,-0.521350521,-0.476473912
8.63324716,-2.51533642,-2.10502218,0.106920502,-0.0369711583,-0.472052307,0.00641309438,0.880771608,0.569597813,0.103581063,0.0419418448,0.46420352,-0.260805042,-0.0773517386,0.582443449,0.0619196795,-0.103070776,0.391359116,-0.101271816,0.308519455,-0.0354029506,0.483146797,1.21530349,-0.598810591,-0.572803274,0.563330936,0.670390314,-1.06254191,0.472911313,-0.514417205,-0.488319106
8.66658016,-2.51554051,-2.10448772,0.103294614,-0.0355546252,-0.486139703,0.00725058975,0.873127417,0.543924723,0.0996381076,0.0512388815,0.45722319,-0.257877661,-0.0747688142,0.55626678,0.0604155953,-0.0973161643,0.386695177,-0.095788251,0.310733795,-0.0194343544,0.532438499,1.21803301,-0.59237003,-0.561640429,0.565845223,0.722188734,-1.07707801,0.465562989,-0.505664337,-0.502419197
8.69991316,-2.51604025,-2.10427899,0.101072199,-0.0319429664,-0.501009817,0.00839391865,0.864811166,0.513379972,0.0858727882,0.0575503502,0.454069934,-0.249288707,-0.0712045408,0.524952816,0.0522461173,-0.0937118317,0.385376389,-0.0888208152,0.323198457,-0.000344301387,0.568048603,1.21248529,-0.583693827,-0.551004183,0.56753715,0.759260369,-1.0859437,0.460433258,-0.498585561,-0.517604484
8.73324616,-2.5170768,-2.10463536,0.100406877,-0.0313164031,-0.510948591,0.0126888368,0.858946921,0.484884952,0.0723335056,0.0568184306,0.456864247,-0.241173124,-0.0656064526,0.498613388,0.0428384374,-0.0951955529,0.387813107,-0.0777677531,0.342141989,0.0120002723,0.591835896,1.2019666,-0.573169454,-0.543282422,0.568237536,0.782631957,-1.09138126,0.457580306,-0.494953514,-0.532419748
8.76657916,-2.51851844,-2.10535282,0.100603527,-0.031222034,-0.519104323,0.0166564466,0.853978014,0.462121155,0.0585704822,0.0550678266,0.460729041,-0.239290001,-0.0575819594,0.476576536,0.0326418078,-0.0980567514,0.391654349,-0.0645426453,0.364135545,0.0171114973,0.606001697,1.19016327,-0.561235962,-0.539690977,0.567797026,0.794145587,-1.09604903,0.456591266,-0.49546782,-0.545504477
8.79991216,-2.52032977,-2.10654753,0.10202028,-0.0318732043,-0.524839226,0.0201692755,0.850365266,0.445121739,0.0451198837,0.0522056277,0.464403229,-0.24144967,-0.0467921517,0.458385289,0.0221998717,-0.101793891,0.396300622,-0.0503073781,0.386653134,0.0188102271,0.612744718,1.18052703,-0.548341443,-0.540544413,0.566163562,0.795990643,-1.10254138,0.456886232,-0.500201361,-0.555877197
8.83324516,-2.52225866,-2.10780555,0.103656456,-0.030125055,-0.529089687,0.0204521101,0.847784345,0.433874476,0.0306932701,0.0534078961,0.466602511,-0.243322935,-0.0372228442,0.441394397,0.010333685,-0.100435925,0.401747317,-0.0404270767,0.406425433,0.0199494136,0.614069357,1.1759168,-0.534940191,-0.545564897,0.5633912,0.790366823,-1.11308778,0.457930398,-0.508891055,-0.562993855
8.86657816,-2.52430344,-2.10919626,0.105636176,-0.027400932,-0.53289057,0.0198224364,0.845508072,0.424531748,0.0154099234,0.0565963126,0.468645641,-0.243862814,-0.0331176662,0.424856555,-0.00278806796,-0.0961251485,0.408681016,-0.0324055761,0.421435857,0.0211874556,0.611682728,1.17844445,-0.521483423,-0.554134045,0.559603585,0.779276365,-1.12937133,0.459344463,-0.521110439,-0.566671032
8.89991116,-2.5264215,-2.1107541,0.108026838,-0.023076604,-0.536287507,0.0185269216,0.843516409,0.414969442,-0.00114314216,0.0611514896,0.471529349,-0.236867379,-0.0345323037,0.407444802,-0.0174373501,-0.0871842891,0.4184362,-0.02540814,0.430994391,0.0235800817,0.606972965,1.18944863,-0.508426184,-0.565488966,0.554929012,0.764422054,-1.15243358,0.460934938,-0.536361239,-0.566957028
8.93324416,-2.52862515,-2.1123109,0.110275168,-0.0198587141,-0.538720247,0.0178533006,0.842061391,0.406327157,-0.0151537473,0.0641230223,0.47317785,-0.224697886,-0.0402480558,0.393678869,-0.0300009487,-0.0766027579,0.428439078,-0.0168583561,0.437612131,0.0242720763,0.601042348,1.20953044,-0.496254103,-0.578872832,0.549423912,0.747182556,-1.18264677,0.462674553,-0.554114897,-0.563998979
8.96657716,-2.53088066,-2.11365905,0.112031745,-0.0173805565,-0.540525927,0.0175752259,0.840964179,0.40081109,-0.0245897512,0.0659996428,0.473925616,-0.207732129,-0.053108814,0.384861938,-0.0387678913,-0.066456907,0.437035212,-0.00687822401,0.442918242,0.0244260788,0.594772971,1.23861176,-0.485526216,-0.593654073,0.543001485,0.728635015,-1.21974153,0.464660349,-0.573828009,-0.557931687
8.99991016,-2.53312394,-2.11438505,0.112862113,-0.0193832367,-0.540388936,0.0168781238,0.841022721,0.401056823,-0.0269886765,0.0674562627,0.46907596,-0.193257432,-0.0646615971,0.383202041,-0.0413193847,-0.0599981719,0.441424209,0.00357964576,0.448804581,0.0223668464,0.588913465,1.2759961,-0.476931809,-0.609422891,0.535374196,0.709599838,-1.26288292,0.467080647,-0.594949264,-0.548812502
9.03324317,-2.53527364,-2.11505193,0.113137089,-0.0215820995,-0.540714688,0.0169309144,0.840758695,0.401730201,-0.0274478527,0.0675265626,0.460293452,-0.183824241,-0.0723189854,0.381498197,-0.0428718171,-0.0586079466,0.444365672,0.0121212108,0.455885584,0.0181311556,0.584190371,1.32043148,-0.471362641,-0.626068493,0.526019482,0.690695706,-1.3107839,0.470203215,-0.616928209,-0.536591838
9.06657617,-2.5372265,-2.11570505,0.113132138,-0.0240702089,-0.541722208,0.0180894597,0.840018122,0.403008907,-0.0273365626,0.0660482359,0.448295217,-0.178324114,-0.0766471001,0.378796495,-0.0439847967,-0.0597302579,0.446550631,0.0183753937,0.464593257,0.010602072,0.58118036,1.37016791,-0.469744487,-0.643712022,0.514208188,0.672400563,-1.36184378,0.47438563,-0.639231365,-0.521110924
9.09990917,-2.53810099,-2.11575028,0.112542761,-0.0243783024,-0.545496416,0.0164582582,0.837596851,0.401045623,-0.0253424141,0.0660294589,0.438267287,-0.173383887,-0.0790182987,0.371456119,-0.0430331803,-0.0604473407,0.450384102,0.0209537625,0.473214896,-9.10033216e-05,0.580207876,1.42304846,-0.472871807,-0.662587487,0.499070688,0.65512003,-1.41429859,0.480097795,-0.661365033,-0.502121454
9.13324217,-2.53838865,-2.11568692,0.111105663,-0.0254604054,-0.549644563,0.0137401667,0.834897497,0.396869643,-0.0188894009,0.0662350523,0.431683016,-0.167346533,-0.0815131994,0.363164721,-0.0391274139,-0.0606638086,0.45256196,0.022355185,0.477423995,-0.0177855482,0.581259182,1.47665944,-0.48123986,-0.682833444,0.479710766,0.639269439,-1.46637227,0.487950443,-0.68289801,-0.479320467
9.16657517,-2.5382848,-2.1141123,0.108732964,-0.03184658,-0.552566767,0.00942791789,0.832806627,0.39310037,0.000940884694,0.0668851518,0.428710917,-0.15631449,-0.0867719395,0.358848544,-0.0216012985,-0.0588454386,0.451989913,0.023148009,0.477637769,-0.0540800627,0.583916912,1.52857957,-0.494880904,-0.704148645,0.455352061,0.625174935,-1.51643045,0.498529471,-0.703346437,-0.452424858
9.19990817,-2.53811624,-2.1125508,0.10625679,-0.0405214255,-0.556029962,0.0054910149,0.830155735,0.388961576,0.0248960912,0.0663354184,0.427214973,-0.143209923,-0.093014138,0.355679335,0.00045810339,-0.0560490117,0.450372214,0.0244536155,0.476050128,-0.0979406176,0.587280988,1.57674831,-0.51317788,-0.725290537,0.42549208,0.612975922,-1.56304912,0.512241603,-0.72218485,-0.421236165
9.23324117,-2.53795983,-2.11124465,0.103797871,-0.0507446632,-0.559815975,0.00180844478,0.827059721,0.385894593,0.0483259732,0.0648650353,0.426048189,-0.129076355,-0.0989546894,0.353480672,0.0230640894,-0.0517925838,0.447267944,0.0265526638,0.47013419,-0.144765329,0.590252159,1.61954082,-0.535115688,-0.744699385,0.389979156,0.602543519,-1.60503474,0.529185706,-0.738906061,-0.385701223
9.26657417,-2.53801828,-2.11045139,0.101454679,-0.0523732646,-0.561715325,-0.0016390816,0.825669576,0.387347595,0.062015925,0.0675027078,0.420445339,-0.116669373,-0.101494715,0.352673904,0.0387206656,-0.043334828,0.445118649,0.0294938749,0.463785727,-0.183709576,0.59178241,1.65583321,-0.559529362,-0.760979117,0.349021485,0.593471254,-1.64145011,0.54910801,-0.753060457,-0.345967996
9.29990717,-2.53813998,-2.10956761,0.0989131337,-0.0552591805,-0.564379933,-0.00298012684,0.823658202,0.38601414,0.0704638396,0.0683592606,0.419691512,-0.106857783,-0.104848163,0.351425501,0.0447491661,-0.0404766105,0.441787575,0.0325942461,0.45783472,-0.211169665,0.591017728,1.68502575,-0.585278743,-0.773195264,0.303182388,0.585157284,-1.67164795,0.571461595,-0.764295166,-0.302419933
9.33324017,-2.53835802,-2.10840986,0.0959246019,-0.0602000332,-0.568252682,-0.00103457419,0.820648387,0.370479602,0.0756544446,0.0661656353,0.428763976,-0.0993825353,-0.110889121,0.348352098,0.0462906267,-0.0411617232,0.435195237,0.0353896155,0.452932854,-0.228930482,0.58749842,1.70699218,-0.611498604,-0.781125773,0.253349318,0.576932303,-1.69529808,0.595522116,-0.772386903,-0.255683381
9.36657317,-2.53871684,-2.10727187,0.0908874179,-0.050530592,-0.57972484,0.0050206544,0.813228481,0.352672185,0.0645084392,0.0676916468,0.431874373,-0.0909108181,-0.117859687,0.342711828,0.0343277049,-0.0404113735,0.423552039,0.0359349911,0.450288587,-0.212685052,0.580975746,1.72198726,-0.637460455,-0.785027314,0.200698676,0.568191544,-1.71239016,0.620515371,-0.777275934,-0.206605184
9.39990617,-2.53926689,-2.10667754,0.0861818703,-0.0383416247,-0.590974142,0.0109624066,0.805704232,0.334310741,0.0411275102,0.0722993059,0.432785355,-0.0797000214,-0.126496665,0.333479589,0.00952771752,-0.0382676624,0.412554861,0.0364983965,0.448578104,-0.188111001,0.571314987,1.73051903,-0.662496827,-0.785399999,0.146631397,0.55850482,-1.72321699,0.645730376,-0.779080101,-0.15620606
9.43323917,-2.54007507,-2.10661825,0.0840782125,-0.0324910563,-0.593187134,0.0115300318,0.804326062,0.319966926,0.0220887359,0.0804977223,0.431898142,-0.0603689163,-0.137863085,0.319490982,-0.0108196224,-0.0347040067,0.408046275,0.0402121776,0.44741868,-0.181680871,0.558473173,1.73324791,-0.685975309,-0.782775,0.0926889981,0.547688004,-1.72833924,0.670601407,-0.778088859,-0.105615531
9.46657217,-2.54105969,-2.10673701,0.0812166798,-0.0236969152,-0.602354617,0.0152692217,0.79773067,0.29997857,-0.000187704073,0.0873155078,0.428534265,-0.0402951551,-0.150966301,0.300938174,-0.0344959377,-0.0316014865,0.401147972,0.0435759255,0.445861055,-0.162749615,0.542523847,1.7309508,-0.707310209,-0.777505974,0.0404530739,0.535827217,-1.72853485,0.694750795,-0.774739866,-0.055996191
9.49990517,-2.54218735,-2.10702804,0.0783055354,-0.012782921,-0.616304339,0.0212788229,0.787116745,0.275859154,-0.0237299019,0.0921344589,0.420181805,-0.0197503307,-0.165846992,0.278921918,-0.0599223718,-0.0293487034,0.393932334,0.0462743848,0.443645763,-0.124883094,0.523716069,1.72451893,-0.726013745,-0.76994286,-0.00858624983,0.523252928,-1.72473735,0.717990102,-0.769581454,-0.00846619716
9.53323817,-2.54330541,-2.10701538,0.0774229346,-0.00688334573,-0.619668132,0.0262387509,0.784395024,0.259232102,-0.0426180589,0.0946799427,0.411341849,0.0036371676,-0.182821195,0.260419469,-0.0817369858,-0.0282849659,0.392825997,0.0487989731,0.440499878,-0.0973847235,0.502588836,1.71497295,-0.741817872,-0.76059027,-0.0531537067,0.510470242,-1.71796945,0.740275927,-0.763225822,0.0359594627
9.56657118,-2.54434126,-2.10685346,0.0771273705,-0.00229537597,-0.623501717,0.0305951279,0.781219737,0.244158997,-0.0526436224,0.0951700622,0.401696892,0.0253848801,-0.199502692,0.242167647,-0.0960532424,-0.0281084982,0.39239469,0.0493708624,0.435848808,-0.0696084097,0.480153189,1.7034409,-0.754879634,-0.750245134,-0.0922953868,0.49805679,-1.70928125,0.761624236,-0.756298807,0.0763999557
9.59990418,-2.54526077,-2.1058185,0.0770997045,0.000306550252,-0.628499718,0.0339943409,0.777066532,0.229457959,-0.0570262455,0.0941210216,0.391828111,0.043796603,-0.214606695,0.223646635,-0.10443891,-0.0286727381,0.392204342,0.0481145796,0.429116765,-0.0399780012,0.457588063,1.69109487,-0.765598376,-0.739787188,-0.125476116,0.48651649,-1.69967309,0.782045444,-0.749373131,0.112201317
9.63323718,-2.54605122,-2.1047422,0.0768758286,-0.000684534429,-0.633051508,0.0357814511,0.773281972,0.214411866,-0.0544471584,0.0931086165,0.385970768,0.0507338314,-0.22150101,0.209111326,-0.103724088,-0.0290284959,0.387878062,0.0465938463,0.42424259,-0.0151090831,0.436006674,1.67906243,-0.774489614,-0.729964924,-0.152582971,0.476154751,-1.69002168,0.801473709,-0.742909888,0.142970398
9.66657018,-2.54662418,-2.10368199,0.0764980603,-0.00257236317,-0.637453269,0.0372417667,0.76958415,0.199412538,-0.0485319482,0.0919692523,0.38331526,0.0529062063,-0.223839642,0.197011321,-0.101212476,-0.0294769168,0.378781563,0.0456701676,0.422152782,0.00516308342,0.416289391,1.66827615,-0.782085407,-0.721351387,-0.173868163,0.467020942,-1.68103047,0.819739319,-0.73722687,0.168572863
9.69990318,-2.54699721,-2.10280273,0.0760548019,-0.00374917291,-0.641882148,0.0394153291,0.765780441,0.184379508,-0.0434437131,0.090614692,0.382839617,0.0500026061,-0.220471415,0.186288603,-0.0985932327,-0.0308674233,0.369691237,0.0456091204,0.423930912,0.0214018919,0.398994826,1.65937955,-0.788872437,-0.71431917,-0.189850027,0.458946761,-1.67321002,0.836617769,-0.732502055,0.189116469
9.73323618,-2.54704774,-2.10204053,0.075782191,-0.00459927235,-0.64503611,0.0410751472,0.763033483,0.172221473,-0.0393648501,0.0888178197,0.383021468,0.04639133,-0.215945457,0.177947651,-0.0966673633,-0.0339721198,0.363947459,0.0463872395,0.427150416,0.0312503586,0.384339212,1.65269805,-0.795256789,-0.709041057,-0.201207391,0.451636306,-1.66687965,0.851910268,-0.728799372,0.204919283
9.76656918,-2.54701996,-2.10136903,0.0755888088,-0.00521190557,-0.647194472,0.0423101402,0.761132054,0.162292398,-0.0361781617,0.0864696066,0.383980702,0.0433502649,-0.211368217,0.171326317,-0.0953131155,-0.0391628242,0.360819553,0.0489915582,0.431914917,0.0371635485,0.372227371,1.64826683,-0.801548287,-0.705512256,-0.208694821,0.444779743,-1.662183,0.865529119,-0.726108203,0.216466566
9.79990218,-2.54687945,-2.10066116,0.0752573731,-0.0049976641,-0.649191798,0.0427552257,0.759405704,0.152978795,-0.0335959507,0.0836016228,0.385365287,0.0434291123,-0.20874914,0.165393204,-0.094051025,-0.0422410191,0.360758377,0.05028177,0.436003502,0.0402222209,0.36231969,1.64587306,-0.80796339,-0.703564101,-0.213112482,0.438184906,-1.65910674,0.877589846,-0.724396875,0.224364812
9.83323518,-2.54666591,-2.10015631,0.0748591934,-0.00455378988,-0.651052703,0.0430448937,0.75779732,0.14398187,-0.031910647,0.0806104719,0.386440579,0.0441454171,-0.208212613,0.160121029,-0.0935890344,-0.0446742916,0.360896812,0.050656138,0.439762478,0.0418185422,0.354114171,1.64540907,-0.814631722,-0.703136204,-0.215273382,0.431736855,-1.65752352,0.888324711,-0.723653446,0.229274782
9.86656818,-2.54645381,-2.0998373,0.0744608481,-0.00396887963,-0.652705748,0.0433122758,0.756362018,0.135052022,-0.0309150372,0.0774106023,0.387070138,0.0470490638,-0.209496982,0.155370249,-0.093637794,-0.0469034268,0.361630561,0.0506555453,0.443295963,0.0426123152,0.347041517,1.6459941,-0.821607949,-0.703600495,-0.215769215,0.425371244,-1.65747673,0.898009769,-0.723784469,0.231868142
9.89990118,-2.54616839,-2.09982183,0.074121418,-0.00341581403,-0.653945676,0.043435601,0.755285862,0.127142027,-0.0303937643,0.076906869,0.38686684,0.0509792867,-0.212668399,0.151748252,-0.0939901889,-0.0492722134,0.361735896,0.0505544442,0.446921357,0.0433322879,0.340564983,1.64760439,-0.828884725,-0.704939712,-0.215551565,0.41905947,-1.65819741,0.906910243,-0.724547906,0.232511994
9.93323418,-2.54576295,-2.09996081,0.0738318258,-0.00287630799,-0.654847343,0.043422993,0.754507209,0.121243719,-0.0301910585,0.0772596076,0.385760709,0.0547318742,-0.217254054,0.149232535,-0.0948459829,-0.0514708538,0.361272619,0.0503030684,0.450415869,0.044248712,0.33426279,1.64984761,-0.836410528,-0.706837758,-0.214801341,0.412799727,-1.65996454,0.915244387,-0.725984165,0.23229155
9.96656718,-2.54524176,-2.10029506,0.0735573098,-0.00210993082,-0.655448941,0.043280874,0.753995358,0.117531021,-0.0303862304,0.0784808891,0.384248996,0.058352864,-0.223576245,0.147686273,-0.096413696,-0.0530879301,0.360193412,0.0497054088,0.453664386,0.0457446503,0.3278862,1.65249663,-0.844123962,-0.709048287,-0.213912843,0.406610233,-1.66237314,0.923165291,-0.727896003,0.23111235
9.99990018,-2.54463174,-2.10083858,0.0732609677,-0.000933381066,-0.655776663,0.0429586814,0.753731152,0.116085638,-0.0319730503,0.0802814305,0.382895057,0.061509927,-0.230638409,0.146694309,-0.0987448547,-0.0538478345,0.358750899,0.0485018318,0.455667826,0.0483936464,0.321353047,1.65540631,-0.851951675,-0.711412225,-0.213094804,0.40052296,-1.665245,0.93075771,-0.73015658,0.229492069
10.0332332,-2.54401402,-2.10148031,0.0728929157,0.000565418035,-0.656129009,0.0424401785,0.753454202,0.11620796,-0.0341373761,0.0814083673,0.38129,0.0639005696,-0.235912102,0.145534546,-0.101585303,-0.0539153968,0.357697252,0.0469920316,0.455836438,0.0518203428,0.31469908,1.65847699,-0.859783441,-0.713825592,-0.212450439,0.394577619,-1.66841484,0.938045434,-0.732642833,0.227687546
10.0665662,-2.54342607,-2.10221859,0.0724380795,0.00236324861,-0.656502448,0.0417385071,0.753164556,0.117701754,-0.0371011764,0.0820654524,0.379391635,0.0659045156,-0.239542874,0.144119203,-0.104947472,-0.0537017628,0.356972199,0.0454584822,0.454850048,0.056044759,0.308044441,1.6616355,-0.867465702,-0.716225573,-0.212022395,0.388818577,-1.67173966,0.944999423,-0.735238639,0.225877838
10.0998992,-2.54296656,-2.10296005,0.0718791208,0.00443097419,-0.657554889,0.0409049041,0.752282343,0.119174205,-0.0402429291,0.0817305754,0.37645579,0.0691531138,-0.239468528,0.141669408,-0.108452607,-0.0537114297,0.356594947,0.0453772083,0.452710732,0.0611289789,0.301558249,1.66482278,-0.87481146,-0.7185783,-0.211896826,0.383291065,-1.67510435,0.951546065,-0.737841554,0.224187795
10.1332322,-2.54267509,-2.103695,0.0714349958,0.00631103607,-0.658752042,0.0402311153,0.751257196,0.119791168,-0.0432897104,0.0807094426,0.373484707,0.0738887756,-0.239061336,0.138519846,-0.111905351,-0.0538440945,0.356444281,0.045502658,0.451292208,0.0646772848,0.295400554,1.66798785,-0.881650169,-0.720860885,-0.211943581,0.378033441,-1.67842247,0.957604618,-0.740369901,0.222696864
10.1665652,-2.54251236,-2.10441716,0.0712062903,0.00777933449,-0.65988424,0.039867853,0.750268502,0.119856356,-0.0460695507,0.0787800615,0.371193826,0.0804279153,-0.238805556,0.135160932,-0.115172062,-0.0543456684,0.35640206,0.0463703749,0.451005376,0.0663096482,0.289704273,1.67108538,-0.887849552,-0.723047602,-0.212247102,0.373078057,-1.68162525,0.963109074,-0.742758854,0.221451446
10.1998982,-2.54242499,-2.10511722,0.0711380891,0.00857839373,-0.660899457,0.0400185373,0.749357615,0.118361243,-0.0484843263,0.0753052317,0.369574813,0.0895105722,-0.23870811,0.131860807,-0.118164809,-0.0562185143,0.356400504,0.0511485895,0.453439431,0.0668441066,0.284565386,1.67407627,-0.893325071,-0.725111883,-0.212755444,0.36844998,-1.68466024,0.968016325,-0.744961253,0.220465101
10.2332312,-2.54245556,-2.10578749,0.0712721761,0.00910360123,-0.661787203,0.0408023303,0.748525212,0.116538269,-0.0508897282,0.0720147708,0.36952406,0.0978767003,-0.238919835,0.128895508,-0.121351049,-0.0580460906,0.356297885,0.057822113,0.45825976,0.0663289005,0.280080578,1.67690815,-0.89798987,-0.7270201,-0.213401038,0.364184452,-1.68747531,0.97227509,-0.746933649,0.219754547
10.2665642,-2.54255164,-2.10636015,0.0715025186,0.00949967212,-0.662593977,0.0417391048,0.747754522,0.1143942,-0.0526401578,0.0690446612,0.369571822,0.105517724,-0.239504006,0.126267437,-0.124264255,-0.0597880495,0.356022268,0.066587529,0.465846424,0.0650137391,0.27627047,1.67953617,-0.901855027,-0.728750539,-0.214150311,0.360312704,-1.69003731,0.975907604,-0.748666835,0.21929767
10.2998972,-2.54275318,-2.10681295,0.0717074984,0.00979001816,-0.663324782,0.0427178047,0.74704724,0.112074353,-0.0536388479,0.0665238269,0.369953878,0.112329188,-0.240581672,0.123967921,-0.126665808,-0.061345631,0.355505047,0.077223615,0.476008848,0.0630126418,0.273092411,1.68193561,-0.904999092,-0.730296307,-0.214961143,0.356838662,-1.69233477,0.978971774,-0.750169385,0.219031188
10.3332302,-2.54304947,-2.10716425,0.0718951461,0.00978515222,-0.663822894,0.0430399387,0.746586217,0.110093802,-0.0534433887,0.0648623344,0.370945554,0.117636103,-0.241775194,0.122025282,-0.128373911,-0.0623926857,0.354875496,0.088073276,0.486894663,0.0614105409,0.270540445,1.68406178,-0.907451242,-0.73163768,-0.215772962,0.353788857,-1.69433995,0.981497744,-0.751439928,0.218968943
10.3665632,-2.54343355,-2.10727719,0.0720220017,0.00977868151,-0.664242196,0.0431701658,0.746205748,0.108357157,-0.0529393544,0.0634956312,0.372220733,0.122467005,-0.243291251,0.120381782,-0.129270231,-0.0632615074,0.354043341,0.0982156152,0.495615354,0.0602342069,0.268539437,1.68588589,-0.909311219,-0.732766555,-0.216543187,0.351157371,-1.69604133,0.983555215,-0.752491502,0.21896308
10.3998962,-2.54389427,-2.10723073,0.0720939797,0.00985152308,-0.664562773,0.0430488441,0.745926314,0.106837251,-0.0519961287,0.0622214728,0.373354829,0.127255935,-0.245341545,0.118977473,-0.129635867,-0.0640577147,0.352898507,0.107108617,0.50140069,0.0594439587,0.266982857,1.68742989,-0.91071064,-0.733705587,-0.217250313,0.348904192,-1.69746937,0.985226146,-0.753355899,0.219069619
10.4332292,-2.54439938,-2.10708251,0.0721235797,0.00997335964,-0.664815891,0.042770404,0.74571513,0.105494228,-0.0506853038,0.0611240392,0.37435688,0.131881144,-0.247950669,0.117844377,-0.129792663,-0.0648231951,0.351418156,0.114687471,0.505101555,0.0589328508,0.265835627,1.68864108,-0.911688677,-0.734429224,-0.217843213,0.347037805,-1.69858683,0.986545421,-0.754027299,0.219195121
10.4665622,-2.54491998,-2.10681744,0.0721375735,0.0101261351,-0.665020101,0.0423910752,0.745552629,0.104289341,-0.0492858198,0.0602817513,0.375259386,0.136292263,-0.2511856,0.117011586,-0.129883468,-0.0656203217,0.349562983,0.121084689,0.507444266,0.0586064749,0.264973268,1.68958393,-0.912391073,-0.734984507,-0.218330234,0.345486937,-1.69945649,0.98759999,-0.754550033,0.219330031
10.4998952,-2.54532145,-2.1067917,0.0721395172,0.0106750921,-0.664983761,0.0425125704,0.745570467,0.103128149,-0.0492460567,0.060239295,0.376282508,0.140333843,-0.254575218,0.116964226,-0.130493753,-0.0670372204,0.347670618,0.125963886,0.507526511,0.058894159,0.264367037,1.6902238,-0.912844517,-0.735354004,-0.218682684,0.34424964,-1.70005635,0.98841655,-0.754919601,0.219429118
10.5332282,-2.5456294,-2.10678839,0.0721401087,0.0113379257,-0.664868318,0.0427966522,0.745647381,0.102009508,-0.0493938114,0.0602675759,0.377229604,0.143910405,-0.258127921,0.116970772,-0.131887657,-0.0690576885,0.345701627,0.129722699,0.507427155,0.0596828933,0.263925363,1.69063515,-0.913157307,-0.735589164,-0.218917063,0.343253221,-1.70044496,0.989061554,-0.755175329,0.219496693
10.5665612,-2.54579777,-2.10679565,0.0721386145,0.011820022,-0.664763241,0.0431150973,0.745715233,0.100889123,-0.0495445316,0.0603252797,0.377669135,0.146605727,-0.261638381,0.116994182,-0.133209326,-0.0709918645,0.343682573,0.132211465,0.507457831,0.0602451617,0.263633669,1.69065288,-0.913347564,-0.735598856,-0.218929955,0.342495399,-1.70046592,0.989552706,-0.755267442,0.219487874
10.5998942,-2.54590703,-2.10682544,0.0721337108,0.0122174258,-0.664665528,0.0434359833,0.745777303,0.0997778249,-0.0497113433,0.0604550035,0.377934161,0.148737063,-0.265108334,0.117062624,-0.134565498,-0.0729151693,0.341621937,0.134005547,0.507620168,0.0607017861,0.263425322,1.69061512,-0.913477727,-0.73557571,-0.218919104,0.34189974,-1.70044715,0.989939563,-0.755316602,0.219437089
10.6332272,-2.54594526,-2.10689772,0.0721291994,0.012410827,-0.664592462,0.0437616287,0.745820186,0.0986177288,-0.0498538957,0.060689697,0.377949548,0.150235768,-0.268422066,0.117196662,-0.135698002,-0.0746286619,0.339562513,0.13510108,0.50805972,0.0608673767,0.263312213,1.69051508,-0.913569805,-0.735516383,-0.218875204,0.3414837,-1.70037573,0.990229515,-0.755309325,0.219356984
10.6665602,-2.54595732,-2.10712439,0.072125416,0.0123619781,-0.664548159,0.0440970313,0.745840719,0.0973031486,-0.0499945606,0.0612635483,0.377703147,0.15131624,-0.271650166,0.117558894,-0.136790891,-0.0762929509,0.337482346,0.135792772,0.509726765,0.0609185642,0.26323577,1.69012691,-0.913634675,-0.735292716,-0.218652037,0.341160467,-1.70002338,0.990457048,-0.755191276,0.2191876
10.6998932,-2.54596956,-2.10728644,0.0721197818,0.0123161845,-0.664506557,0.0444114417,0.745859887,0.0963395858,-0.0500719328,0.0619988411,0.377312664,0.1521876,-0.274501239,0.117967874,-0.13738597,-0.0774324407,0.33552051,0.136349119,0.511673619,0.0609677076,0.263199514,1.6896185,-0.913692218,-0.735000757,-0.218353376,0.340954685,-1.69955246,0.990630363,-0.755025329,0.218972873
10.7332262,-2.54599363,-2.10728958,0.0720996172,0.0122976141,-0.664430469,0.0443793436,0.745929886,0.0959125134,-0.0499589129,0.0628178098,0.376641599,0.152934262,-0.276810337,0.118308598,-0.137370347,-0.0779109345,0.333724914,0.136882321,0.513296826,0.0610536047,0.263205018,1.68908303,-0.913751502,-0.734693747,-0.218035631,0.340854578,-1.69905172,0.990759453,-0.754834871,0.218732686
10.7665592,-2.54602888,-2.10727988,0.0720558362,0.0122863837,-0.664350358,0.0442680522,0.746008034,0.0956372143,-0.0496065319,0.0638076868,0.375473102,0.153556565,-0.27876693,0.118636952,-0.137253329,-0.0782140992,0.332054665,0.137351773,0.514889326,0.0611667472,0.263226771,1.68844774,-0.913807451,-0.73433067,-0.217651429,0.340783444,-1.69844678,0.990861874,-0.754586435,0.218443113
10.7998922,-2.54606917,-2.10726671,0.0720087893,0.0122759771,-0.66427611,0.0441649259,0.746080431,0.0954314456,-0.0491902201,0.0648455094,0.374148833,0.154126139,-0.280519598,0.11893518,-0.13709862,-0.0784278093,0.330600096,0.137774549,0.516329169,0.0612889799,0.263255596,1.68778029,-0.913864049,-0.733950865,-0.217245016,0.340747199,-1.69780498,0.990939655,-0.754315879,0.218134066
10.8332252,-2.54611165,-2.10724829,0.0719685869,0.012270061,-0.664202824,0.044019383,0.746154373,0.0952579667,-0.0487817048,0.0658749659,0.372816118,0.154671492,-0.282135425,0.119195728,-0.136908642,-0.0785947044,0.329386943,0.138158125,0.517566583,0.0614114633,0.263290064,1.68711884,-0.913923687,-0.733576436,-0.216840978,0.34075087,-1.69716381,0.990996513,-0.754042691,0.217821642
10.8665582,-2.5461601,-2.10721317,0.0719267524,0.0122674217,-0.664131908,0.0438475902,0.746227651,0.0951291512,-0.0482706852,0.0669638225,0.371262848,0.155147734,-0.28355586,0.119433956,-0.136601826,-0.0787179405,0.328318726,0.138491184,0.518704171,0.0615419141,0.263343392,1.68643831,-0.913985466,-0.733193005,-0.216421918,0.340791725,-1.69649625,0.991041745,-0.753751151,0.21749269
10.8998912,-2.54621196,-2.1071738,0.0718884817,0.0122650119,-0.66406715,0.0436907674,0.746294518,0.0950202418,-0.0477713091,0.0680245186,0.369709281,0.155599277,-0.284849541,0.119643034,-0.136251615,-0.0788168207,0.327408555,0.138794752,0.519689751,0.0616733715,0.263406584,1.68576219,-0.914046871,-0.732813965,-0.216003936,0.34085103,-1.69582769,0.99107744,-0.75345335,0.217160814
10.9332242,-2.54626449,-2.10713997,0.0718581844,0.012262825,-0.664008372,0.0435484731,0.746355167,0.0949119254,-0.0473728968,0.0689872067,0.36833358,0.15605927,-0.286070651,0.119817891,-0.135919597,-0.0789062308,0.326667505,0.139084332,0.520484341,0.0617993932,0.263471276,1.68511318,-0.914106019,-0.732452102,-0.215602459,0.340914934,-1.69518268,0.991104776,-0.753161608,0.216838962
10.9665572,-2.54631576,-2.10711685,0.0718377903,0.0122601048,-0.663957099,0.043429785,0.74640774,0.09479423,-0.0471185232,0.0698147818,0.367228276,0.156542006,-0.287246518,0.119957621,-0.135640885,-0.0789945894,0.326091379,0.139367869,0.521078265,0.0619159583,0.263532185,1.6845065,-0.914161614,-0.732115763,-0.215227671,0.340974851,-1.69457772,0.991124983,-0.752884494,0.216535916
10.9998902,-2.54636964,-2.10710048,0.0718233904,0.0122494258,-0.663930135,0.0434288392,0.746431955,0.0946659601,-0.0469414063,0.0705433979,0.366253265,0.157077254,-0.288374826,0.120079954,-0.135401915,-0.0790752534,0.325603673,0.13968346,0.521559004,0.0620297261,0.263591719,1.68393914,-0.914214172,-0.731803035,-0.214876946,0.34103831,-1.69400893,0.991140433,-0.75262042,0.21624939
11.0332232,-2.54642508,-2.10708671,0.0718116363,0.0122399544,-0.663906219,0.0434280002,0.746453431,0.094536196,-0.0467899348,0.0711970313,0.365350296,0.157637354,-0.289426074,0.120190441,-0.135185508,-0.0791448176,0.325173522,0.140011867,0.52197494,0.0621398404,0.263650996,1.68341121,-0.914263498,-0.731513491,-0.214550103,0.341107561,-1.6934767,0.991152828,-0.752369945,0.215979772
11.0665562,-2.54647763,-2.10707541,0.0718022289,0.0122316352,-0.663885213,0.0434272633,0.746472293,0.0944126903,-0.0466678423,0.0717674337,0.364574189,0.158175426,-0.290379525,0.12028359,-0.134993363,-0.0792066705,0.32481559,0.140311807,0.522317532,0.0622399232,0.263707568,1.68293007,-0.914308586,-0.73125072,-0.214252179,0.341176519,-1.69298985,0.991162758,-0.752138071,0.215732187
11.0998892,-2.54652481,-2.10706633,0.0717948389,0.0122244092,-0.663866966,0.0434266231,0.746488676,0.0943001033,-0.0465745056,0.0722537513,0.363944092,0.158664381,-0.291224457,0.120357916,-0.13482583,-0.0792624902,0.324531811,0.140563621,0.522588072,0.0623268875,0.263759782,1.68250007,-0.914348863,-0.731016728,-0.213986103,0.341241302,-1.69255372,0.991170697,-0.751928153,0.215509795
11.1332222,-2.54656551,-2.10705919,0.0717891362,0.0122182135,-0.66385132,0.0434260743,0.746502723,0.0942008773,-0.0465067213,0.0726598923,0.363456464,0.15909096,-0.291957398,0.120414436,-0.134682315,-0.0793128801,0.324316314,0.14076186,0.522793731,0.0623998521,0.263806605,1.68212322,-0.914384075,-0.730812278,-0.21375317,0.341299638,-1.69217091,0.991177019,-0.751742189,0.215314221
11.1665552,-2.54659949,-2.10705367,0.0717848102,0.0122129822,-0.66383811,0.0434256108,0.746514583,0.0941159198,-0.0464600333,0.0729925355,0.363094897,0.159451111,-0.292579967,0.120455539,-0.134561598,-0.0793578512,0.324159121,0.140909633,0.522944597,0.0624593114,0.263847483,1.68179959,-0.914414205,-0.730637161,-0.213553407,0.341350391,-1.69184187,0.991182025,-0.751581064,0.215145895
11.1998882,-2.54662707,-2.10704948,0.0717815833,0.0122086453,-0.663827158,0.0434252266,0.746524415,0.0940451205,-0.0464296734,0.0732596912,0.362837222,0.159746536,-0.293097243,0.120484174,-0.134462058,-0.07939717,0.324048796,0.141014467,0.523051577,0.0625065255,0.263882221,1.6815278,-0.914439407,-0.730490414,-0.213385877,0.341393206,-1.69156539,0.991185953,-0.751444757,0.21500433
11.2332212,-2.54664886,-2.10704636,0.0717792175,0.0122051296,-0.66381828,0.0434249151,0.746532386,0.0939877277,-0.0464111794,0.0734697254,0.362660321,0.15998221,-0.29351657,0.120503303,-0.134381841,-0.0794305958,0.323974204,0.141085455,0.52312501,0.0625430933,0.263910905,1.6813053,-0.914459958,-0.730370491,-0.213248906,0.341428241,-1.69133899,0.991188994,-0.751332502,0.21488833
11.2665542,-2.54666559,-2.10704409,0.071777516,0.012202358,-0.66381128,0.0434246695,0.746538669,0.0939426107,-0.0464007513,0.0736307587,0.362543104,0.160164708,-0.293846734,0.120515566,-0.134318965,-0.0794580261,0.323925563,0.141131433,0.523173866,0.0625706775,0.263933824,1.6811286,-0.91447622,-0.730275388,-0.213140256,0.341455983,-1.69115917,0.991191305,-0.751242933,0.214796158
11.2998872,-2.546678,-2.10704248,0.071776321,0.01220025,-0.663805957,0.0434244828,0.746543448,0.093908431,-0.0463954057,0.0737503579,0.362468037,0.160301153,-0.294097416,0.120523118,-0.134271386,-0.0794795725,0.323894936,0.141159974,0.523205391,0.0625908455,0.263951426,1.68099348,-0.914488617,-0.730202746,-0.213057255,0.341477115,-1.69102166,0.991193012,-0.751174192,0.214725652
11.3332202,-2.54668681,-2.10704137,0.0717755092,0.0121987216,-0.663802097,0.0434243473,0.746546913,0.093883745,-0.0463929827,0.0738354427,0.362421613,0.160398644,-0.294278873,0.120527588,-0.134237031,-0.0794955843,0.323876322,0.141176974,0.523225082,0.0626049984,0.263964276,1.68089513,-0.914497618,-0.730149914,-0.212996885,0.341492439,-1.69092157,0.991194222,-0.75112402,0.214674323
11.3665532,-2.5466927,-2.10704065,0.0717749851,0.012197685,-0.663799479,0.0434242555,0.746549263,0.0938670575,-0.0463920539,0.0738923385,0.362394094,0.160464014,-0.294401765,0.120530124,-0.134213803,-0.0795066365,0.323865471,0.141186659,0.523236878,0.0626143609,0.263973032,1.68082825,-0.914503729,-0.73011401,-0.212955856,0.341502826,-1.69085351,0.991195031,-0.751089838,0.214639415
11.3998862,-2.54669627,-2.10704022,0.0717746743,0.012197049,-0.663797873,0.0434241991,0.746550705,0.0938568427,-0.0463917752,0.0739269171,0.362378834,0.160503808,-0.294477092,0.120531477,-0.134199581,-0.0795134969,0.323859536,0.141191843,0.523243481,0.062620008,0.26397842,1.68078714,-0.914507479,-0.730091951,-0.212930649,0.341509196,-1.69081168,0.991195522,-0.751068804,0.214617959
11.4332192,-2.54669811,-2.10704,0.0717745161,0.0121967186,-0.663797039,0.0434241699,0.746551454,0.0938515454,-0.0463917189,0.0739447743,0.362371403,0.160524376,-0.294516189,0.120532117,-0.134192204,-0.0795170838,0.323856674,0.141194303,0.523246717,0.0626229109,0.263981223,1.68076577,-0.914509428,-0.730080486,-0.212917548,0.341512503,-1.69078994,0.991195775,-0.751057861,0.214606805
11.4665522,-2.5466988,-2.10703992,0.0717744577,0.0121965956,-0.663796728,0.043424159,0.746551732,0.0938495738,-0.0463917134,0.0739514076,0.362368723,0.16053202,-0.294530746,0.120532345,-0.134189458,-0.0795184241,0.323855646,0.141195178,0.523247888,0.0626239869,0.263982268,1.68075781,-0.914510154,-0.730076215,-0.212912667,0.341513734,-1.69078183,0.99119587,-0.751053782,0.214602649
11.4998852,-2.5466989,-2.1070399,0.0717744494,0.0121965779,-0.663796683,0.0434241574,0.746551773,0.0938492895,-0.0463917133,0.0739523637,0.36236834,0.160533122,-0.294532846,0.120532377,-0.134189062,-0.0795186176,0.3238555,0.141195303,0.523248056,0.0626241418,0.263982419,1.68075666,-0.914510258,-0.730075598,-0.212911963,0.341513912,-1.69078066,0.991195883,-0.751053194,0.214602049
11.5332182,-2.5466989,-2.1070399,0.0717744494,0.0121965779,-0.663796683,0.0434241574,0.746551773,0.0938492895,-0.0463917133,0.0739523637,0.36236834,0.160533122,-0.294532846,0.120532377,-0.134189062,-0.0795186176,0.3238555,0.141195303,0.523248056,0.0626241418,0.263982419,1.68075666,-0.914510258,-0.730075598,-0.212911963,0.341513912,-1.69078066,0.991195883,-0.751053194,0.214602049
11.5665512,-2.5466989,-2.1070399,0.0717744494,0.0121965779,-0.663796683,0.0434241574,0.746551773,0.0938492895,-0.0463917133,0.0739523637,0.36236834,0.160533122,-0.294532846,0.120532377,-0.134189062,-0.0795186176,0.3238555,0.141195303,0.523248056,0.0626241418,0.263982419,1.68075666,-0.914510258,-0.730075598,-0.212911963,0.341513912,-1.69078066,0.991195883,-0.751053194,0.214602049
11.5998842,-2.5466989,-2.1070399,0.0717744494,0.0121965779,-0.663796683,0.0434241574,0.746551773,0.0938492895,-0.0463917133,0.0739523637,0.36236834,0.160533122,-0.294532846,0.120532377,-0.134189062,-0.0795186176,0.3238555,0.141195303,0.523248056,0.0626241418,0.263982419,1.68075666,-0.914510258,-0.730075598,-0.212911963,0.341513912,-1.69078066,0.991195883,-0.751053194,0.214602049
11.6332172,-2.5466989,-2.1070399,0.0717744494,0.0121965779,-0.663796683,0.0434241574,0.746551773,0.0938492895,-0.0463917133,0.0739523637,0.36236834,0.160533122,-0.294532846,0.120532377,-0.134189062,-0.0795186176,0.3238555,0.141195303,0.523248056,0.0626241418,0.263982419,1.68075666,-0.914510258,-0.730075598,-0.212911963,0.341513912,-1.69078066,0.991195883,-0.751053194,0.214602049
11.6665502,-2.5466989,-2.1070399,0.0717744494,0.0121965779,-0.663796683,0.0434241574,0.746551773,0.0938492895,-0.0463917133,0.0739523637,0.36236834,0.160533122,-0.294532846,0.120532377,-0.134189062,-0.0795186176,0.3238555,0.141195303,0.523248056,0.0626241418,0.263982419,1.68075666,-0.914510258,-0.730075598,-0.212911963,0.341513912,-1.69078066,0.991195883,-0.751053194,0.214602049
11.6998832,-2.5466989,-2.1070399,0.0717744494,0.0121965779,-0.663796683,0.0434241574,0.746551773,0.0938492895,-0.0463917133,0.0739523637,0.36236834,0.160533122,-0.294532846,0.120532377,-0.134189062,-0.0795186176,0.3238555,0.141195303,0.523248056,0.0626241418,0.263982419,1.68075666,-0.914510258,-0.730075598,-0.212911963,0.341513912,-1.69078066,0.991195883,-0.751053194,0.214602049
11.7332162,-2.5466989,-2.1070399,0.0717744494,0.0121965779,-0.663796683,0.0434241574,0.746551773,0.0938492895,-0.0463917133,0.0739523637,0.36236834,0.160533122,-0.294532846,0.120532377,-0.134189062,-0.0795186176,0.3238555,0.141195303,0.523248056,0.0626241418,0.263982419,1.68075666,-0.914510258,-0.730075598,-0.212911963,0.341513912,-1.69078066,0.991195883,-0.751053194,0.214602049
11.7665492,-2.5466989,-2.1070399,0.0717744494,0.0121965779,-0.663796683,0.0434241574,0.746551773,0.0938492895,-0.0463917133,0.0739523637,0.36236834,0.160533122,-0.294532846,0.120532377,-0.134189062,-0.0795186176,0.3238555,0.141195303,0.523248056,0.0626241418,0.263982419,1.68075666,-0.914510258,-0.730075598,-0.212911963,0.341513912,-1.69078066,0.991195883,-0.751053194,0.214602049
11.7998822,-2.5466989,-2.1070399,0.0717744494,0.0121965779,-0.663796683,0.0434241574,0.746551773,0.0938492895,-0.0463917133,0.0739523637,0.36236834,0.160533122,-0.294532846,0.120532377,-0.134189062,-0.0795186176,0.3238555,0.141195303,0.523248056,0.0626241418,0.263982419,1.68075666,-0.914510258,-0.730075598,-0.212911963,0.341513912,-1.69078066,0.991195883,-0.751053194,0.214602049
11.8332152,-2.5466989,-2.1070399,0.0717744494,0.0121965779,-0.663796683,0.0434241574,0.746551773,0.0938492895,-0.0463917133,0.0739523637,0.36236834,0.160533122,-0.294532846,0.120532377,-0.134189062,-0.0795186176,0.3238555,0.141195303,0.523248056,0.0626241418,0.263982419,1.68075666,-0.914510258,-0.730075598,-0.212911963,0.341513912,-1.69078066,0.991195883,-0.751053194,0.214602049
11.8665482,-2.5466989,-2.1070399,0.0717744494,0.0121965779,-0.663796683,0.0434241574,0.746551773,0.0938492895,-0.0463917133,0.0739523637,0.36236834,0.160533122,-0.294532846,0.120532377,-0.134189062,-0.0795186176,0.3238555,0.141195303,0.523248056,0.0626241418,0.263982419,1.68075666,-0.914510258,-0.730075598,-0.212911963,0.341513912,-1.69078066,0.991195883,-0.751053194,0.214602049
11.8998812,-2.5466989,-2.1070399,0.0717744494,0.0121965779,-0.663796683,0.0434241574,0.746551773,0.0938492895,-0.0463917133,0.0739523637,0.36236834,0.160533122,-0.294532846,0.120532377,-0.134189062,-0.0795186176,0.3238555,0.141195303,0.523248056,0.0626241418,0.263982419,1.68075666,-0.914510258,-0.730075598,-0.212911963,0.341513912,-1.69078066,0.991195883,-0.751053194,0.214602049
11.9332142,-2.5466989,-2.1070399,0.0717744494,0.0121965779,-0.663796683,0.0434241574,0.746551773,0.0938492895,-0.0463917133,0.0739523637,0.36236834,0.160533122,-0.294532846,0.120532377,-0.134189062,-0.0795186176,0.3238555,0.141195303,0.523248056,0.0626241418,0.263982419,1.68075666,-0.914510258,-0.730075598,-0.212911963,0.341513912,-1.69078066,0.991195883,-0.751053194,0.214602049
11.9665472,-2.5466989,-2.1070399,0.0717744494,0.0121965779,-0.663796683,0.0434241574,0.746551773,0.0938492895,-0.0463917133,0.0739523637,0.36236834,0.160533122,-0.294532846,0.120532377,-0.134189062,-0.0795186176,0.3238555,0.141195303,0.523248056,0.0626241418,0.263982419,1.68075666,-0.914510258,-0.730075598,-0.212911963,0.341513912,-1.69078066,0.991195883,-0.751053194,0.214602049
11.9998802,-2.5466989,-2.1070399,0.0717744494,0.0121965779,-0.663796683,0.0434241574,0.746551773,0.0938492895,-0.0463917133,0.0739523637,0.36236834,0.160533122,-0.294532846,0.120532377,-0.134189062,-0.0795186176,0.3238555,0.141195303,0.523248056,0.0626241418,0.263982419,1.68075666,-0.914510258,-0.730075598,-0.212911963,0.341513912,-1.69078066,0.991195883,-0.751053194,0.214602049
12.0332132,-2.5466989,-2.1070399,0.0717744494,0.0121965779,-0.663796683,0.0434241574,0.746551773,0.0938492895,-0.0463917133,0.0739523637,0.36236834,0.160533122,-0.294532846,0.120532377,-0.134189062,-0.0795186176,0.3238555,0.141195303,0.523248056,0.0626241418,0.263982419,1.68075666,-0.914510258,-0.730075598,-0.212911963,0.341513912,-1.69078066,0.991195883,-0.751053194,0.214602049
12.0665462,-2.5466989,-2.1070399,0.0717744494,0.0121965779,-0.663796683,0.0434241574,0.746551773,0.0938492895,-0.0463917133,0.0739523637,0.36236834,0.160533122,-0.294532846,0.120532377,-0.134189062,-0.0795186176,0.3238555,0.141195303,0.523248056,0.0626241418,0.263982419,1.68075666,-0.914510258,-0.730075598,-0.212911963,0.341513912,-1.69078066,0.991195883,-0.751053194,0.214602049
12.0998792,-2.5466989,-2.1070399,0.0717744494,0.0121965779,-0.663796683,0.0434241574,0.746551773,0.0938492895,-0.0463917133,0.0739523637,0.36236834,0.160533122,-0.294532846,0.120532377,-0.134189062,-0.0795186176,0.3238555,0.141195303,0.523248056,0.0626241418,0.264161693,1.68044603,-0.914527248,-0.729621272,-0.212859208,0.341463706,-1.69044327,0.99095878,-0.750505421,0.214561146
12.1332122,-2.5466989,-2.1070399,0.0717744494,0.0121965779,-0.663796683,0.0434241574,0.746551773,0.0938492895,-0.0463917133,0.0739523637,0.36236834,0.160533122,-0.294532846,0.120532377,-0.134189062,-0.0795186176,0.3238555,0.141195303,0.523248056,0.0626241418,0.264641122,1.67961718,-0.914574189,-0.728403924,-0.212715529,0.341424596,-1.6895297,0.990422437,-0.749083646,0.214451183
12.1665452,-2.5466989,-2.1070399,0.0717744494,0.0121965779,-0.663796683,0.0434241574,0.746551773,0.0938492895,-0.0463917133,0.0739523637,0.36236834,0.160533122,-0.294532846,0.120532377,-0.134189062,-0.0795186176,0.3238555,0.141195303,0.523248056,0.0626241418,0.265504478,1.67812595,-0.914660637,-0.726202467,-0.212451802,0.341523352,-1.68786231,0.989629327,-0.746595519,0.214250962
12.1998782,-2.5466989,-2.1070399,0.0717744494,0.0121965779,-0.663796683,0.0434241574,0.746551773,0.0938492895,-0.0463917133,0.0739523637,0.36236834,0.160533122,-0.294532846,0.120532377,-0.134189062,-0.0795186176,0.3238555,0.141195303,0.523248056,0.0626241418,0.266812625,1.67586477,-0.914793062,-0.722843812,-0.212044369,0.341916536,-1.6852999,0.988674414,-0.74292105,0.213942163
12.2332112,-2.5466989,-2.1070399,0.0717744494,0.0121965779,-0.663796683,0.0434241574,0.746551773,0.0938492895,-0.0463917133,0.0739523637,0.36236834,0.160533122,-0.294532846,0.120532377,-0.134189062,-0.0795186176,0.3238555,0.141195303,0.523248056,0.0626241418,0.268612331,1.67274562,-0.914974844,-0.718177054,-0.211473012,0.34276092,-1.68172295,0.987664981,-0.737969884,0.213506727
12.2665442,-2.5466989,-2.1070399,0.0717744494,0.0121965779,-0.663796683,0.0434241574,0.746551773,0.0938492895,-0.0463917133,0.0739523637,0.36236834,0.160533122,-0.294532846,0.120532377,-0.134189062,-0.0795186176,0.3238555,0.141195303,0.523248056,0.0626241418,0.270941034,1.66868993,-0.91520591,-0.71205786,-0.210720149,0.34418896,-1.67702604,0.986689744,-0.731652583,0.21292579
12.2998772,-2.5466989,-2.1070399,0.0717744494,0.0121965779,-0.663796683,0.0434241574,0.746551773,0.0938492895,-0.0463917133,0.0739523637,0.36236834,0.160533122,-0.294532846,0.120532377,-0.134189062,-0.0795186176,0.3238555,0.141195303,0.523248056,0.0626241418,0.273828699,1.66362346,-0.915481999,-0.704340161,-0.209770895,0.346293153,-1.67111472,0.98579981,-0.723864063,0.212180505
12.3332102,-2.5466989,-2.1070399,0.0717744494,0.0121965779,-0.663796683,0.0434241574,0.746551773,0.0938492895,-0.0463917133,0.0739523637,0.36236834,0.160533122,-0.294532846,0.120532377,-0.134189062,-0.0795186176,0.3238555,0.141195303,0.523248056,0.0626241418,0.2772977,1.6574743,-0.915793541,-0.694872922,-0.208613553,0.349124166,-1.66390414,0.985005392,-0.714478607,0.211254682
12.3665432,-2.5466989,-2.1070399,0.0717744494,0.0121965779,-0.663796683,0.0434241574,0.746551773,0.0938492895,-0.0463917133,0.0739523637,0.36236834,0.160533122,-0.294532846,0.120532377,-0.134189062,-0.0795186176,0.3238555,0.141195303,0.523248056,0.0626241418,0.281361489,1.65017294,-0.916124189,-0.683500415,-0.207239962,0.352695962,-1.65531907,0.984280788,-0.703352355,0.210136515
12.3998762,-2.5466989,-2.1070399,0.0717744494,0.0121965779,-0.663796683,0.0434241574,0.746551773,0.0938492895,-0.0463917133,0.0739523637,0.36236834,0.160533122,-0.294532846,0.120532377,-0.134189062,-0.0795186176,0.3238555,0.141195303,0.523248056,0.0626241418,0.286022704,1.64165327,-0.916449071,-0.670065051,-0.20564487,0.356993781,-1.6452942,0.983573072,-0.690331335,0.208815707
12.4332092,-2.5466989,-2.1070399,0.0717744494,0.0121965779,-0.663796683,0.0434241574,0.746551773,0.0938492895,-0.0463917133,0.0739523637,0.36236834,0.160533122,-0.294532846,0.120532377,-0.134189062,-0.0795186176,0.3238555,0.141195303,0.523248056,0.0626241418,0.291271269,1.6318543,-0.916732905,-0.654412588,-0.20382317,0.361983216,-1.6337749,0.982812183,-0.675260599,0.207281227
12.4665422,-2.5466989,-2.1070399,0.0717744494,0.0121965779,-0.663796683,0.0434241574,0.746551773,0.0938492895,-0.0463917133,0.0739523637,0.36236834,0.160533122,-0.294532846,0.120532377,-0.134189062,-0.0795186176,0.3238555,0.141195303,0.523248056,0.0626241418,0.297083063,1.62072233,-0.916928237,-0.636400169,-0.201763286,0.367619043,-1.62071817,0.981920877,-0.657992795,0.20552021
12.4998752,-2.5466989,-2.1070399,0.0717744494,0.0121965779,-0.663796683,0.0434241574,0.746551773,0.0938492895,-0.0463917133,0.0739523637,0.36236834,0.160533122,-0.294532846,0.120532377,-0.134189062,-0.0795186176,0.3238555,0.141195303,0.523248056,0.0626241418,0.303420267,1.60821281,-0.916975136,-0.615903388,-0.199442221,0.373853656,-1.60609358,0.980824304,-0.638395852,0.203517341
12.5332082,-2.5466989,-2.1070399,0.0717744494,0.0121965779,-0.663796683,0.0434241574,0.746551773,0.0938492895,-0.0463917133,0.0739523637,0.36236834,0.160533122,-0.294532846,0.120532377,-0.134189062,-0.0795186176,0.3238555,0.141195303,0.523248056,0.0626241418,0.310233154,1.59429145,-0.91680211,-0.592821198,-0.19682353,0.380636015,-1.58988559,0.979449972,-0.616356481,0.20125336
12.5665412,-2.5466989,-2.1070399,0.0717744494,0.0121965779,-0.663796683,0.0434241574,0.746551773,0.0938492895,-0.0463917133,0.0739523637,0.36236834,0.160533122,-0.294532846,0.120532377,-0.134189062,-0.0795186176,0.3238555,0.141195303,0.523248056,0.0626241418,0.317463125,1.57893469,-0.916327968,-0.56707807,-0.193858778,0.387910766,-1.57209591,0.977727724,-0.591783695,0.198701192
12.5998742,-2.5466989,-2.1070399,0.0717744494,0.0121965779,-0.663796683,0.0434241574,0.746551773,0.0938492895,-0.0463917133,0.0739523637,0.36236834,0.160533122,-0.294532846,0.120532377,-0.134189062,-0.0795186176,0.3238555,0.141195303,0.523248056,0.0626241418,0.325046813,1.56212933,-0.915464394,-0.538623034,-0.190492998,0.395617847,-1.55274482,0.975589977,-0.564610231,0.195824661
12.6332072,-2.5466989,-2.1070399,0.0717744494,0.0121965779,-0.663796683,0.0434241574,0.746551773,0.0938492895,-0.0463917133,0.0739523637,0.36236834,0.160533122,-0.294532846,0.120532377,-0.134189062,-0.0795186176,0.3238555,0.141195303,0.523248056,0.0626241418,0.33292116,1.54387129,-0.91411908,-0.507425446,-0.186674469,0.403692524,-1.53187105,0.97297181,-0.534791707,0.192579952
12.6665402,-2.5466989,-2.1070399,0.0717744494,0.0121965779,-0.663796683,0.0434241574,0.746551773,0.0938492895,-0.0463917133,0.0739523637,0.36236834,0.160533122,-0.294532846,0.120532377,-0.134189062,-0.0795186176,0.3238555,0.141195303,0.523248056,0.0626241418,0.341029369,1.52416367,-0.91219931,-0.473467834,-0.182368484,0.412066354,-1.50953018,0.969810876,-0.502304258,0.188918382
12.6998732,-2.5466989,-2.1070399,0.0717744494,0.0121965779,-0.663796683,0.0434241574,0.746551773,0.0938492895,-0.0463917133,0.0739523637,0.36236834,0.160533122,-0.294532846,0.120532377,-0.134189062,-0.0795186176,0.3238555,0.141195303,0.523248056,0.0626241418,0.349318563,1.50301353,-0.909606912,-0.436735447,-0.177573854,0.420669607,-1.48579211,0.966047202,-0.467142003,0.184787739
12.7332062,-2.5466989,-2.1070399,0.0717744494,0.0121965779,-0.663796683,0.0434241574,0.746551773,0.0938492895,-0.0463917133,0.0739523637,0.36236834,0.160533122,-0.294532846,0.120532377,-0.134189062,-0.0795186176,0.3238555,0.141195303,0.523248056,0.0626241418,0.357737149,1.48042865,-0.906232951,-0.397206437,-0.172338013,0.429435712,-1.46073541,0.961622722,-0.429311621,0.180140658
12.7665392,-2.5466989,-2.1070399,0.0717744494,0.0121965779,-0.663796683,0.0434241574,0.746551773,0.0938492895,-0.0463917133,0.0739523637,0.36236834,0.160533122,-0.294532846,0.120532377,-0.134189062,-0.0795186176,0.3238555,0.141195303,0.523248056,0.0626241418,0.366231201,1.45641572,-0.901952183,-0.354846867,-0.166763828,0.438307346,-1.43443733,0.956479604,-0.388825048,0.174947672
12.7998722,-2.5466989,-2.1070399,0.0717744494,0.0121965779,-0.663796683,0.0434241574,0.746551773,0.0938492895,-0.0463917133,0.0739523637,0.36236834,0.160533122,-0.294532846,0.120532377,-0.134189062,-0.0795186176,0.3238555,0.141195303,0.523248056,0.0626241418,0.37473946,1.43098172,-0.896618208,-0.309617078,-0.160996871,0.4472437,-1.40696093,0.95055738,-0.345693303,0.169208896
12.8332052,-2.5466989,-2.1070399,0.0717744494,0.0121965779,-0.663796683,0.0434241574,0.746551773,0.0938492895,-0.0463917133,0.0739523637,0.36236834,0.160533122,-0.294532846,0.120532377,-0.134189062,-0.0795186176,0.3238555,0.141195303,0.523248056,0.0626241418,0.383187281,1.4041419,-0.890061787,-0.261498859,-0.155176316,0.456216264,-1.37834101,0.943776743,-0.299917662,0.162971549
12.8665382,-2.5466989,-2.1070399,0.0717744494,0.0121965779,-0.663796683,0.0434241574,0.746551773,0.0938492895,-0.0463917133,0.0739523637,0.36236834,0.160533122,-0.294532846,0.120532377,-0.134189062,-0.0795186176,0.3238555,0.141195303,0.523248056,0.0626241418,0.39148451,1.37592482,-0.882093508,-0.210513977,-0.149405731,0.465203784,-1.34857205,0.936023755,-0.251484813,0.156345029
12.8998712,-2.5466989,-2.1070399,0.0717744494,0.0121965779,-0.663796683,0.0434241574,0.746551773,0.0938492895,-0.0463917133,0.0739523637,0.36236834,0.160533122,-0.294532846,0.120532377,-0.134189062,-0.0795186176,0.3238555,0.141195303,0.523248056,0.0626241418,0.399525198,1.34637404,-0.872508567,-0.156733489,-0.14374544,0.474183831,-1.31760726,0.927138129,-0.20037248,0.149498392
12.9332042,-2.5466989,-2.1070399,0.0717744494,0.0121965779,-0.663796683,0.0434241574,0.746551773,0.0938492895,-0.0463917133,0.0739523637,0.36236834,0.160533122,-0.294532846,0.120532377,-0.134189062,-0.0795186176,0.3238555,0.141195303,0.523248056,0.0626241418,0.407187051,1.31554767,-0.861092567,-0.100282393,-0.138218382,0.483120278,-1.28537598,0.916911586,-0.146567382,0.142638817
12.9665372,-2.5466989,-2.1070399,0.0717744494,0.0121965779,-0.663796683,0.0434241574,0.746551773,0.0938492895,-0.0463917133,0.0739523637,0.36236834,0.160533122,-0.294532846,0.120532377,-0.134189062,-0.0795186176,0.3238555,0.141195303,0.523248056,0.0626241418,0.414329437,1.28351761,-0.847628431,-0.0413434855,-0.132821354,0.491944922,-1.25183223,0.905105348,-0.090103546,0.135947258
12.9998702,-2.5466989,-2.1070399,0.0717744494,0.0121965779,-0.663796683,0.0434241574,0.746551773,0.0938492895,-0.0463917133,0.0739523637,0.36236834,0.160533122,-0.294532846,0.120532377,-0.134189062,-0.0795186176,0.3238555,0.141195303,0.523248056,0.0626241418,0.420789659,1.25037047,-0.831905749,0.0198377788,-0.127535168,0.500549025,-1.21698445,0.891471135,-0.0310941576,0.129540592
13.0332032,-2.5466989,-2.1070399,0.0717744494,0.0121965779,-0.663796683,0.0434241574,0.746551773,0.0938492895,-0.0463917133,0.0739523637,0.36236834,0.160533122,-0.294532846,0.120532377,-0.134189062,-0.0795186176,0.3238555,0.141195303,0.523248056,0.0626241418,0.426377848,1.21621246,-0.813734782,0.0829479118,-0.122328499,0.508781934,-1.18090622,0.875770621,0.0302468096,0.123461046
13.0665362,-2.5466989,-2.1070399,0.0717744494,0.0121965779,-0.663796683,0.0434241574,0.746551773,0.0938492895,-0.0463917133,0.0739523637,0.36236834,0.160533122,-0.294532846,0.120532377,-0.134189062,-0.0795186176,0.3238555,0.141195303,0.523248056,0.0626241418,0.430872102,1.1811788,-0.792966757,0.147605165,-0.117156892,0.516453215,-1.14373511,0.857792555,0.093594309,0.117682738
13.0998692,-2.5466989,-2.1070399,0.0717744494,0.0121965779,-0.663796683,0.0434241574,0.746551773,0.0938492895,-0.0463917133,0.0739523637,0.36236834,0.160533122,-0.294532846,0.120532377,-0.134189062,-0.0795186176,0.3238555,0.141195303,0.523248056,0.0626241418,0.434020117,1.14543763,-0.769514266,0.213373203,-0.111964341,0.523336364,-1.10566569,0.83736786,0.158517331,0.11212662
13.1332022,-2.5466989,-2.1070399,0.0717744494,0.0121965779,-0.663796683,0.0434241574,0.746551773,0.0938492895,-0.0463917133,0.0739523637,0.36236834,0.160533122,-0.294532846,0.120532377,-0.134189062,-0.0795186176,0.3238555,0.141195303,0.523248056,0.0626241418,0.435549299,1.10918774,-0.743369807,0.279796094,-0.106688375,0.529173949,-1.06694,0.814383009,0.224507658,0.106678709
13.1665352,-2.5466989,-2.1070399,0.0717744494,0.0121965779,-0.663796683,0.0434241574,0.746551773,0.0938492895,-0.0463917133,0.0739523637,0.36236834,0.160533122,-0.294532846,0.120532377,-0.134189062,-0.0795186176,0.3238555,0.141195303,0.523248056,0.0626241418,0.435187012,1.07265069,-0.714621769,0.346462087,-0.101268179,0.533685315,-1.0278366,0.788791535,0.291044513,0.101209404
13.1998682,-2.5466989,-2.1070399,0.0717744494,0.0121965779,-0.663796683,0.0434241574,0.746551773,0.0938492895,-0.0463917133,0.0739523637,0.36236834,0.160533122,-0.294532846,0.120532377,-0.134189062,-0.0795186176,0.3238555,0.141195303,0.523248056,0.0626241418,0.432693289,1.03605875,-0.683468179,0.413103481,-0.0956543333,0.536578895,-0.988657696,0.760623106,0.357710506,0.0955935623
13.2332012,-2.5466989,-2.1070399,0.0717744494,0.0121965779,-0.663796683,0.0434241574,0.746551773,0.0938492895,-0.0463917133,0.0739523637,0.36236834,0.160533122,-0.294532846,0.120532377,-0.134189062,-0.0795186176,0.3238555,0.141195303,0.523248056,0.0626241418,0.427910094,0.999638059,-0.650227725,0.47929127,-0.0898243666,0.537571528,-0.949713196,0.729989706,0.4243765,0.089731378
13.2665342,-2.5466989,-2.1070399,0.0717744494,0.0121965779,-0.663796683,0.0434241574,0.746551773,0.0938492895,-0.0463917133,0.0739523637,0.36236834,0.160533122,-0.294532846,0.120532377,-0.134189062,-0.0795186176,0.3238555,0.141195303,0.523248056,0.0626241418,0.42083185,0.963589179,-0.615352356,0.544570125,-0.0838006504,0.536417565,-0.911301031,0.697089642,0.491042495,0.0835689308
13.2998672,-2.5466989,-2.1070399,0.0717744494,0.0121965779,-0.663796683,0.0434241574,0.746551773,0.0938492895,-0.0463917133,0.0739523637,0.36236834,0.160533122,-0.294532846,0.120532377,-0.134189062,-0.0795186176,0.3238555,0.141195303,0.523248056,0.0626241418,0.411542033,0.928070659,-0.579344743,0.608523721,-0.0776736435,0.532951495,-0.873682543,0.662211156,0.557708453,0.0771202126
13.3332002,-2.5466989,-2.1070399,0.0717744494,0.0121965779,-0.663796683,0.0434241574,0.746551773,0.0938492895,-0.0463917133,0.0739523637,0.36236834,0.160533122,-0.294532846,0.120532377,-0.134189062,-0.0795186176,0.3238555,0.141195303,0.523248056,0.0626241418,0.400169647,0.893188666,-0.542692373,0.670816353,-0.0716077149,0.527149321,-0.837052566,0.625740468,0.624066173,0.0704857866
13.3665332,-2.5466989,-2.1070399,0.0717744494,0.0121965779,-0.663796683,0.0434241574,0.746551773,0.0938492895,-0.0463917133,0.0739523637,0.36236834,0.160533122,-0.294532846,0.120532377,-0.134189062,-0.0795186176,0.3238555,0.141195303,0.523248056,0.0626241418,0.386863806,0.858999151,-0.505833473,0.731193444,-0.0658108737,0.519069746,-0.801538613,0.588089983,0.689640659,0.0638648218
13.3998662,-2.5466989,-2.1070399,0.0717744494,0.0121965779,-0.663796683,0.0434241574,0.746551773,0.0938492895,-0.0463917133,0.0739523637,0.36236834,0.160533122,-0.294532846,0.120532377,-0.134189062,-0.0795186176,0.3238555,0.141195303,0.523248056,0.0626241418,0.37179327,0.825523729,-0.469167496,0.78944103,-0.0604648984,0.508811174,-0.767209123,0.54965453,0.753924109,0.0575319198
13.4331992,-2.5466989,-2.1070399,0.0717744494,0.0121965779,-0.663796683,0.0434241574,0.746551773,0.0938492895,-0.0463917133,0.0739523637,0.36236834,0.160533122,-0.294532846,0.120532377,-0.134189062,-0.0795186176,0.3238555,0.141195303,0.523248056,0.0626241418,0.35515602,0.792761365,-0.433061598,0.845372367,-0.055689031,0.496481766,-0.73410332,0.510817907,0.816422691,0.0517500289
13.4665322,-2.5466989,-2.1070399,0.0717744494,0.0121965779,-0.663796683,0.0434241574,0.746551773,0.0938492895,-0.0463917133,0.0739523637,0.36236834,0.160533122,-0.294532846,0.120532377,-0.134189062,-0.0795186176,0.3238555,0.141195303,0.523248056,0.0626241418,0.33719081,0.760696989,-0.397850626,0.89883862,-0.0515316047,0.482195084,-0.702251773,0.471969292,0.876679958,0.0467022875
13.4998652,-2.5466989,-2.1070399,0.0717744494,0.0121965779,-0.663796683,0.0434241574,0.746551773,0.0938492895,-0.0463917133,0.0739523637,0.36236834,0.160533122,-0.294532846,0.120532377,-0.134189062,-0.0795186176,0.3238555,0.141195303,0.523248056,0.0626241418,0.318169063,0.729313841,-0.363839746,0.949738051,-0.0479670157,0.466089233,-0.671681389,0.433513867,0.934299873,0.0424600865
13.5331982,-2.5466989,-2.1070399,0.0717744494,0.0121965779,-0.663796683,0.0434241574,0.746551773,0.0938492895,-0.0463917133,0.0739523637,0.36236834,0.160533122,-0.294532846,0.120532377,-0.134189062,-0.0795186176,0.3238555,0.141195303,0.523248056,0.0626241418,0.298396078,0.698600868,-0.331300151,0.998032585,-0.0449100411,0.448363616,-0.642406707,0.395872419,0.988977746,0.0389858439
13.5665312,-2.5466989,-2.1070399,0.0717744494,0.0121965779,-0.663796683,0.0434241574,0.746551773,0.0938492895,-0.0463917133,0.0739523637,0.36236834,0.160533122,-0.294532846,0.120532377,-0.134189062,-0.0795186176,0.3238555,0.141195303,0.523248056,0.0626241418,0.278183269,0.668556613,-0.300450674,1.04374309,-0.0422422518,0.429311144,-0.614417037,0.359467354,1.04052796,0.0361584304
13.5998642,-2.5466989,-2.1070399,0.0717744494,0.0121965779,-0.663796683,0.0434241574,0.746551773,0.0938492895,-0.0463917133,0.0739523637,0.36236834,0.160533122,-0.294532846,0.120532377,-0.134189062,-0.0795186176,0.3238555,0.141195303,0.523248056,0.0626241418,0.257827897,0.639191881,-0.27144554,1.0869404,-0.0398366046,0.409272639,-0.587680946,0.324677212,1.0888712,0.0338138112
13.6331972,-2.5466989,-2.1070399,0.0717744494,0.0121965779,-0.663796683,0.0434241574,0.746551773,0.0938492895,-0.0463917133,0.0739523637,0.36236834,0.160533122,-0.294532846,0.120532377,-0.134189062,-0.0795186176,0.3238555,0.141195303,0.523248056,0.0626241418,0.237599759,0.61053165,-0.244370951,1.12773125,-0.0375758572,0.388603467,-0.562151088,0.291803926,1.13402001,0.0317810841
13.6665303,-2.5466989,-2.1070399,0.0717744494,0.0121965779,-0.663796683,0.0434241574,0.746551773,0.0938492895,-0.0463917133,0.0739523637,0.36236834,0.160533122,-0.294532846,0.120532377,-0.134189062,-0.0795186176,0.3238555,0.141195303,0.523248056,0.0626241418,0.21773311,0.582615868,-0.219248591,1.16624241,-0.0353650684,0.367648903,-0.537770973,0.261055454,1.17606072,0.0299086845
13.6998633,-2.5466989,-2.1070399,0.0717744494,0.0121965779,-0.663796683,0.0434241574,0.746551773,0.0938492895,-0.0463917133,0.0739523637,0.36236834,0.160533122,-0.294532846,0.120532377,-0.134189062,-0.0795186176,0.3238555,0.141195303,0.523248056,0.0626241418,0.198422867,0.555499055,-0.196044807,1.20260502,-0.0331379535,0.346726677,-0.514483456,0.232544131,1.21513266,0.0280785488
13.7331963,-2.5466989,-2.1070399,0.0717744494,0.0121965779,-0.663796683,0.0434241574,0.746551773,0.0938492895,-0.0463917133,0.0739523637,0.36236834,0.160533122,-0.294532846,0.120532377,-0.134189062,-0.0795186176,0.3238555,0.141195303,0.523248056,0.0626241418,0.179824345,0.529248667,-0.174683529,1.23694116,-0.0308578112,0.326116269,-0.492238699,0.206295706,1.25140643,0.0262115467
13.7665293,-2.5466989,-2.1070399,0.0717744494,0.0121965779,-0.663796683,0.0434241574,0.746551773,0.0938492895,-0.0463917133,0.0739523637,0.36236834,0.160533122,-0.294532846,0.120532377,-0.134189062,-0.0795186176,0.3238555,0.141195303,0.523248056,0.0626241418,0.16205576,0.503942314,-0.155060693,1.26935402,-0.0285144262,0.306054219,-0.47100054,0.182266293,1.28506329,0.0242653282
13.7998623,-2.5466989,-2.1070399,0.0717744494,0.0121965779,-0.663796683,0.0434241574,0.746551773,0.0938492895,-0.0463917133,0.0739523637,0.36236834,0.160533122,-0.294532846,0.120532377,-0.134189062,-0.0795186176,0.3238555,0.141195303,0.523248056,0.0626241418,0.145202762,0.47966407,-0.137058092,1.29992245,-0.0261185539,0.286733592,-0.450749833,0.160360337,1.31627871,0.0222300564
13.8331953,-2.5466989,-2.1070399,0.0717744494,0.0121965779,-0.663796683,0.0434241574,0.746551773,0.0938492895,-0.0463917133,0.0739523637,0.36236834,0.160533122,-0.294532846,0.120532377,-0.134189062,-0.0795186176,0.3238555,0.141195303,0.523248056,0.0626241418,0.129324343,0.456500243,-0.120555124,1.32870004,-0.0236954435,0.26830605,-0.431484828,0.140447323,1.34521101,0.0201231846
13.8665283,-2.5466989,-2.1070399,0.0717744494,0.0121965779,-0.663796683,0.0434241574,0.746551773,0.0938492895,-0.0463917133,0.0739523637,0.36236834,0.160533122,-0.294532846,0.120532377,-0.134189062,-0.0795186176,0.3238555,0.141195303,0.523248056,0.0626241418,0.114459642,0.434535026,-0.105437553,1.35571828,-0.0212785165,0.250885332,-0.413219218,0.122376743,1.37199481,0.0179831156
13.8998613,-2.5466989,-2.1070399,0.0717744494,0.0121965779,-0.663796683,0.0434241574,0.746551773,0.0938492895,-0.0463917133,0.0739523637,0.36236834,0.160533122,-0.294532846,0.120532377,-0.134189062,-0.0795186176,0.3238555,0.141195303,0.523248056,0.0626241418,0.10063538,0.413846439,-0.0916030469,1.38099312,-0.0189039124,0.234551401,-0.395978698,0.105992167,1.39673926,0.0158607472
13.9331943,-2.5466989,-2.1070399,0.0717744494,0.0121965779,-0.663796683,0.0434241574,0.746551773,0.0938492895,-0.0463917133,0.0739523637,0.36236834,0.160533122,-0.294532846,0.120532377,-0.134189062,-0.0795186176,0.3238555,0.141195303,0.523248056,0.0626241418,0.0878739676,0.394502952,-0.0789637535,1.40453398,-0.0166062484,0.219355294,-0.379796419,0.0911430238,1.41953011,0.0138105687
13.9665273,-2.5466989,-2.1070399,0.0717744494,0.0121965779,-0.663796683,0.0434241574,0.746551773,0.0938492895,-0.0463917133,0.0739523637,0.36236834,0.160533122,-0.294532846,0.120532377,-0.134189062,-0.0795186176,0.3238555,0.141195303,0.523248056,0.0626241418,0.0762026024,0.376561106,-0.06744653,1.42635455,-0.0144156444,0.20532457,-0.364708341,0.0776964769,1.44043515,0.0118793942
13.9998603,-2.5466989,-2.1070399,0.0717744494,0.0121965779,-0.663796683,0.0434241574,0.746551773,0.0938492895,-0.0463917133,0.0739523637,0.36236834,0.160533122,-0.294532846,0.120532377,-0.134189062,-0.0795186176,0.3238555,0.141195303,0.523248056,0.0626241418,0.0656641031,0.360064424,-0.0569916247,1.4464849,-0.0123558663,0.192470833,-0.350748014,0.0655432075,1.45951217,0.0100997591
14.0331933,-2.5466989,-2.1070399,0.0717744494,0.0121965779,-0.663796683,0.0434241574,0.746551773,0.0938492895,-0.0463917133,0.0739523637,0.36236834,0.160533122,-0.294532846,0.120532377,-0.134189062,-0.0795186176,0.3238555,0.141195303,0.523248056,0.0626241418,0.0563307666,0.3450439,-0.0475506717,1.46498467,-0.0104433215,0.1807995,-0.337941411,0.054597147,1.47681839,0.00848867185
14.0665263,-2.5466989,-2.1070399,0.0717744494,0.0121965779,-0.663796683,0.0434241574,0.746551773,0.0938492895,-0.0463917133,0.0739523637,0.36236834,0.160533122,-0.294532846,0.120532377,-0.134189062,-0.0795186176,0.3238555,0.141195303,0.523248056,0.0626241418,0.0482767186,0.331514546,-0.0390828588,1.48192775,-0.00868810589,0.170321988,-0.326302553,0.0447920476,1.49242053,0.00704949361
14.0998593,-2.5466989,-2.1070399,0.0717744494,0.0121965779,-0.663796683,0.0434241574,0.746551773,0.0938492895,-0.0463917133,0.0739523637,0.36236834,0.160533122,-0.294532846,0.120532377,-0.134189062,-0.0795186176,0.3238555,0.141195303,0.523248056,0.0626241418,0.0415530529,0.319473548,-0.0315516973,1.49738679,-0.00709542242,0.161071159,-0.315830348,0.0360775227,1.50640546,0.00577489348
14.1331923,-2.5466989,-2.1070399,0.0717744494,0.0121965779,-0.663796683,0.0434241574,0.746551773,0.0938492895,-0.0463917133,0.0739523637,0.36236834,0.160533122,-0.294532846,0.120532377,-0.134189062,-0.0795186176,0.3238555,0.141195303,0.523248056,0.0626241418,0.0361653269,0.308899884,-0.024922715,1.51141704,-0.00566719498,0.153084633,-0.306511273,0.0284127771,1.51886871,0.00465189261
14.1665253,-2.5466989,-2.1070399,0.0717744494,0.0121965779,-0.663796683,0.0434241574,0.746551773,0.0938492895,-0.0463917133,0.0739523637,0.36236834,0.160533122,-0.294532846,0.120532377,-0.134189062,-0.0795186176,0.3238555,0.141195303,0.523248056,0.0626241418,0.0320561004,0.29975547,-0.0191622324,1.52404164,-0.00440365182,0.146389689,-0.298323362,0.0217620705,1.52990229,0.00366611382
14.1998583,-2.5466989,-2.1070399,0.0717744494,0.0121965779,-0.663796683,0.0434241574,0.746551773,0.0938492895,-0.0463917133,0.0739523637,0.36236834,0.160533122,-0.294532846,0.120532377,-0.134189062,-0.0795186176,0.3238555,0.141195303,0.523248056,0.0626241418,0.0290994554,0.291988217,-0.0142371889,1.5352436,-0.00330456132,0.140988597,-0.291241006,0.0160917358,1.53958179,0.00280505014
14.2331913,-2.5466989,-2.1070399,0.0717744494,0.0121965779,-0.663796683,0.0434241574,0.746551773,0.0938492895,-0.0463917133,0.0739523637,0.36236834,0.160533122,-0.294532846,0.120532377,-0.134189062,-0.0795186176,0.3238555,0.141195303,0.523248056,0.0626241418,0.0271176565,0.285537368,-0.0101157146,1.54497288,-0.00236970483,0.136844089,-0.285239447,0.0113680362,1.54795436,0.00206028967
14.2665243,-2.5466989,-2.1070399,0.0717744494,0.0121965779,-0.663796683,0.0434241574,0.746551773,0.0938492895,-0.0463917133,0.0739523637,0.36236834,0.160533122,-0.294532846,0.120532377,-0.134189062,-0.0795186176,0.3238555,0.141195303,0.523248056,0.0626241418,0.0259069877,0.280337807,-0.00676696245,1.55316289,-0.00159867832,0.133866646,-0.280296978,0.00755469801,1.55503143,0.00142855613
14.2998573,-2.5466989,-2.1070399,0.0717744494,0.0121965779,-0.663796683,0.0434241574,0.746551773,0.0938492895,-0.0463917133,0.0739523637,0.36236834,0.160533122,-0.294532846,0.120532377,-0.134189062,-0.0795186176,0.3238555,0.141195303,0.523248056,0.0626241418,0.0252619901,0.276319601,-0.00415830345,1.55975365,-0.000989943062,0.131907867,-0.276391882,0.00460857409,1.56079278,0.00091119407
14.3331903,-2.5466989,-2.1070399,0.0717744494,0.0121965779,-0.663796683,0.0434241574,0.746551773,0.0938492895,-0.0463917133,0.0739523637,0.36236834,0.160533122,-0.294532846,0.120532377,-0.134189062,-0.0795186176,0.3238555,0.141195303,0.523248056,0.0626241418,0.0249927931,0.27339898,-0.0022476161,1.56472379,-0.000538778254,0.130767611,-0.273489898,0.00247157068,1.56521254,0.000511376171
14.3665233,-2.5466989,-2.1070399,0.0717744494,0.0121965779,-0.663796683,0.0434241574,0.746551773,0.0938492895,-0.0463917133,0.0739523637,0.36236834,0.160533122,-0.294532846,0.120532377,-0.134189062,-0.0795186176,0.3238555,0.141195303,0.523248056,0.0626241418,0.0249370399,0.271471368,-0.0009774885,1.56811378,-0.00023576566,0.130217148,-0.271532838,0.00106615217,1.56829012,0.00023077393
14.3998563,-2.5466989,-2.1070399,0.0717744494,0.0121965779,-0.663796683,0.0434241574,0.746551773,0.0938492895,-0.0463917133,0.0739523637,0.36236834,0.160533122,-0.294532846,0.120532377,-0.134189062,-0.0795186176,0.3238555,0.141195303,0.523248056,0.0626241418,0.0249677463,0.270400656,-0.000267326272,1.57005228,-6.4834207e-05,0.130027539,-0.270423235,0.000289161044,1.57008977,6.54039336e-05
14.4331893,-2.5466989,-2.1070399,0.0717744494,0.0121965779,-0.663796683,0.0434241574,0.746551773,0.0938492895,-0.0463917133,0.0739523637,0.36236834,0.160533122,-0.294532846,0.120532377,-0.134189062,-0.0795186176,0.3238555,0.141195303,0.523248056,0.0626241418,0.025,0.27,0,1.57079633,0,0.13,-0.27,0,1.57079633,0
14.4665223,-2.5466989,-2.1070399,0.0717744494,0.0121965779,-0.663796683,0.0434241574,0.746551773,0.0938492895,-0.0463917133,0.0739523637,0.36236834,0.160533122,-0.294532846,0.120532377,-0.134189062,-0.0795186176,0.3238555,0.141195303,0.523248056,0.0626241418,0.025,0.27,0,1.57079633,0,0.13,-0.27,0,1.57079633,0
14.4998553,-2.5466989,-2.1070399,0.0717744494,0.0121965779,-0.663796683,0.0434241574,0.746551773,0.0938492895,-0.0463917133,0.0739523637,0.36236834,0.160533122,-0.294532846,0.120532377,-0.134189062,-0.0795186176,0.3238555,0.141195303,0.523248056,0.0626241418,0.025,0.27,0,1.57079633,0,0.13,-0.27,0,1.57079633,0
14.5331883,-2.5466989,-2.1070399,0.0717744494,0.0121965779,-0.663796683,0.0434241574,0.746551773,0.0938492895,-0.0463917133,0.0739523637,0.36236834,0.160533122,-0.294532846,0.120532377,-0.134189062,-0.0795186176,0.3238555,0.141195303,0.523248056,0.0626241418,0.025,0.27,0,1.57079633,0,0.13,-0.27,0,1.57079633,0
14.5665213,-2.5466989,-2.1070399,0.0717744494,0.0121965779,-0.663796683,0.0434241574,0.746551773,0.0938492895,-0.0463917133,0.0739523637,0.36236834,0.160533122,-0.294532846,0.120532377,-0.134189062,-0.0795186176,0.3238555,0.141195303,0.523248056,0.0626241418,0.025,0.27,0,1.57079633,0,0.13,-0.27,0,1.57079633,0
14.5998543,-2.5466989,-2.1070399,0.0717744494,0.0121965779,-0.663796683,0.0434241574,0.746551773,0.0938492895,-0.0463917133,0.0739523637,0.36236834,0.160533122,-0.294532846,0.120532377,-0.134189062,-0.0795186176,0.3238555,0.141195303,0.523248056,0.0626241418,0.025,0.27,0,1.57079633,0,0.13,-0.27,0,1.57079633,0
14.6331873,-2.5466989,-2.1070399,0.0717744494,0.0121965779,-0.663796683,0.0434241574,0.746551773,0.0938492895,-0.0463917133,0.0739523637,0.36236834,0.160533122,-0.294532846,0.120532377,-0.134189062,-0.0795186176,0.3238555,0.141195303,0.523248056,0.0626241418,0.025,0.27,0,1.57079633,0,0.13,-0.27,0,1.57079633,0
14.6665203,-2.5466989,-2.1070399,0.0717744494,0.0121965779,-0.663796683,0.0434241574,0.746551773,0.0938492895,-0.0463917133,0.0739523637,0.36236834,0.160533122,-0.294532846,0.120532377,-0.134189062,-0.0795186176,0.3238555,0.141195303,0.523248056,0.0626241418,0.025,0.27,0,1.57079633,0,0.13,-0.27,0,1.57079633,0
14.6998533,-2.5466989,-2.1070399,0.0717744494,0.0121965779,-0.663796683,0.0434241574,0.746551773,0.0938492895,-0.0463917133,0.0739523637,0.36236834,0.160533122,-0.294532846,0.120532377,-0.134189062,-0.0795186176,0.3238555,0.141195303,0.523248056,0.0626241418,0.025,0.27,0,1.57079633,0,0.13,-0.27,0,1.57079633,0
14.7331863,-2.5466989,-2.1070399,0.0717744494,0.0121965779,-0.663796683,0.0434241574,0.746551773,0.0938492895,-0.0463917133,0.0739523637,0.36236834,0.160533122,-0.294532846,0.120532377,-0.134189062,-0.0795186176,0.3238555,0.141195303,0.523248056,0.0626241418,0.025,0.27,0,1.57079633,0,0.13,-0.27,0,1.57079633,0
14.7665193,-2.5466989,-2.1070399,0.0717744494,0.0121965779,-0.663796683,0.0434241574,0.746551773,0.0938492895,-0.0463917133,0.0739523637,0.36236834,0.160533122,-0.294532846,0.120532377,-0.134189062,-0.0795186176,0.3238555,0.141195303,0.523248056,0.0626241418,0.025,0.27,0,1.57079633,0,0.13,-0.27,0,1.57079633,0
14.7998523,-2.5466989,-2.1070399,0.0717744494,0.0121965779,-0.663796683,0.0434241574,0.746551773,0.0938492895,-0.0463917133,0.0739523637,0.36236834,0.160533122,-0.294532846,0.120532377,-0.134189062,-0.0795186176,0.3238555,0.141195303,0.523248056,0.0626241418,0.025,0.27,0,1.57079633,0,0.13,-0.27,0,1.57079633,0
14.8331853,-2.5466989,-2.1070399,0.0717744494,0.0121965779,-0.663796683,0.0434241574,0.746551773,0.0938492895,-0.0463917133,0.0739523637,0.36236834,0.160533122,-0.294532846,0.120532377,-0.134189062,-0.0795186176,0.3238555,0.141195303,0.523248056,0.0626241418,0.025,0.27,0,1.57079633,0,0.13,-0.27,0,1.57079633,0
14.8665183,-2.5466989,-2.1070399,0.0717744494,0.0121965779,-0.663796683,0.0434241574,0.746551773,0.0938492895,-0.0463917133,0.0739523637,0.36236834,0.160533122,-0.294532846,0.120532377,-0.134189062,-0.0795186176,0.3238555,0.141195303,0.523248056,0.0626241418,0.025,0.27,0,1.57079633,0,0.13,-0.27,0,1.57079633,0
14.8998513,-2.5466989,-2.1070399,0.0717744494,0.0121965779,-0.663796683,0.0434241574,0.746551773,0.0938492895,-0.0463917133,0.0739523637,0.36236834,0.160533122,-0.294532846,0.120532377,-0.134189062,-0.0795186176,0.3238555,0.141195303,0.523248056,0.0626241418,0.025,0.27,0,1.57079633,0,0.13,-0.27,0,1.57079633,0
14.9331843,-2.5466989,-2.1070399,0.0717744494,0.0121965779,-0.663796683,0.0434241574,0.746551773,0.0938492895,-0.0463917133,0.0739523637,0.36236834,0.160533122,-0.294532846,0.120532377,-0.134189062,-0.0795186176,0.3238555,0.141195303,0.523248056,0.0626241418,0.025,0.27,0,1.57079633,0,0.13,-0.27,0,1.57079633,0
14.9665173,-2.5466989,-2.1070399,0.0717744494,0.0121965779,-0.663796683,0.0434241574,0.746551773,0.0938492895,-0.0463917133,0.0739523637,0.36236834,0.160533122,-0.294532846,0.120532377,-0.134189062,-0.0795186176,0.3238555,0.141195303,0.523248056,0.0626241418,0.025,0.27,0,1.57079633,0,0.13,-0.27,0,1.57079633,0
14.9998503,-2.5466989,-2.1070399,0.0717744494,0.0121965779,-0.663796683,0.0434241574,0.746551773,0.0938492895,-0.0463917133,0.0739523637,0.36236834,0.160533122,-0.294532846,0.120532377,-0.134189062,-0.0795186176,0.3238555,0.141195303,0.523248056,0.0626241418,0.025,0.27,0,1.57079633,0,0.13,-0.27,0,1.57079633,0
