time_s,root_x_m,root_y_m,root_z_m,root_qw,root_qx,root_qy,root_qz,left_hip_pitch_joint,left_hip_roll_joint,left_hip_yaw_joint,left_knee_joint,left_ankle_pitch_joint,left_ankle_roll_joint,right_hip_pitch_joint,right_hip_roll_joint,right_hip_yaw_joint,right_knee_joint,right_ankle_pitch_joint,right_ankle_roll_joint,waist_yaw_joint,left_shoulder_pitch_joint,left_shoulder_roll_joint,left_shoulder_yaw_joint,left_elbow_joint,left_wrist_roll_joint,right_shoulder_pitch_joint,right_shoulder_roll_joint,right_shoulder_yaw_joint,right_elbow_joint,right_wrist_roll_joint
0,-1.93783712,-1.53811371,0.117544157,-0.0306288693,0.694531441,0.0546477884,0.71672976,-0.18,0,0,0.36,-0.18,0,-0.18,0,0,0.36,-0.18,0,0,0.2,0.25,0,0.95,0.15,0.2,-0.25,0,0.95,-0.15
0.0333330006,-1.93783712,-1.53811371,0.117544138,-0.0306288693,0.694531441,0.0546477884,0.71672976,-0.179989275,1.18540509e-05,1.70989011e-05,0.359983747,-0.179975144,-2.02647858e-05,-0.179990457,-6.58655312e-06,-1.10990875e-05,0.359983747,-0.179986439,1.03347279e-05,2.4547629e-07,0.200002413,0.250012724,-1.77670942e-05,0.950020238,0.150002762,0.200000493,-0.25002805,1.14120063e-05,0.950018624,-0.149998144
0.0666660012,-1.93783712,-1.53811371,0.117544012,-0.0306288693,0.694531441,0.0546477884,0.71672976,-0.179916354,9.24498466e-05,0.000133354479,0.359873244,-0.179806145,-0.000158045241,-0.179925572,-5.13685852e-05,-8.65618801e-05,0.359873244,-0.179894235,8.06006333e-05,1.91447173e-06,0.200018817,0.250099236,-0.000138565723,0.95015784,0.150021538,0.200003844,-0.250218758,8.90023368e-05,0.950145248,-0.149985525
0.0999990018,-1.93783712,-1.53811371,0.117543672,-0.0306288693,0.694531441,0.0546477884,0.71672976,-0.17972487,0.000304086492,0.00043863021,0.359583075,-0.179362373,-0.000519843189,-0.179755191,-0.000168961804,-0.000284719764,0.359583075,-0.179652118,0.000265112001,6.29708987e-06,0.200061893,0.250326407,-0.000455771061,0.950519169,0.150070843,0.200012645,-0.250719541,0.000292746926,0.95047775,-0.14995239
0.133332002,-1.93783712,-1.53811371,0.117542659,-0.0306288693,0.694531441,0.0546477884,0.71672976,-0.179364616,0.000702255777,0.00101297034,0.359037156,-0.178527467,-0.00120052318,-0.179434638,-0.000390199519,-0.000657530354,0.359037156,-0.179196602,0.000612248289,1.45424669e-05,0.200142935,0.250753803,-0.00105255534,0.951198966,0.150163604,0.200029203,-0.251661705,0.000676068241,0.951103313,-0.14989005
0.166665003,-1.93783712,-1.53811371,0.117541628,-0.0306288693,0.694531441,0.0546477884,0.71672976,-0.178791323,0.00133588529,0.00192695059,0.358168403,-0.177198834,-0.00228372811,-0.178924525,-0.000742267726,-0.00125080513,0.358168403,-0.178471714,0.00116466608,2.7663806e-05,0.200271903,0.251433942,-0.00200225222,0.952280766,0.15031122,0.200055552,-0.253161024,0.00128606933,0.952098808,-0.149790844
0.199998004,-1.93783712,-1.53811371,0.117540568,-0.0306288693,0.694531441,0.0546477884,0.71672976,-0.177966442,0.00224758154,0.00324202879,0.3569184,-0.175287133,-0.00384229483,-0.17819055,-0.00124884019,-0.00210443707,0.3569184,-0.177428711,0.00195951105,4.65434122e-05,0.200457467,0.252412558,-0.00336872123,0.953837311,0.150523618,0.200093465,-0.255318316,0.00216376789,0.953531173,-0.149648102
0.233331004,-1.93783712,-1.53811371,0.117538711,-0.0306288693,0.694531441,0.0546477884,0.71672976,-0.176856923,0.00347387308,0.00501089564,0.355237064,-0.17271577,-0.00593866978,-0.177203305,-0.00193021354,-0.00325262828,0.355237064,-0.176025804,0.00302862991,7.19377267e-05,0.200707063,0.253728862,-0.0052067121,0.955930966,0.150809306,0.20014446,-0.258220016,0.00334433029,0.955457798,-0.149456105
0.266664005,-1.93783712,-1.53811371,0.117536101,-0.0306288693,0.694531441,0.0546477884,0.71672976,-0.175434994,0.00504545362,0.00727782534,0.353082311,-0.169420383,-0.00862532459,-0.17593808,-0.00280344234,-0.00472411764,0.353082311,-0.174227877,0.00439878239,0.000104482362,0.201026938,0.255415799,-0.00756222918,0.958614136,0.151175436,0.200209813,-0.261938751,0.00485730565,0.957926907,-0.149210047
0.299997005,-1.93783712,-1.53811371,0.117532661,-0.0306288693,0.694531441,0.0546477884,0.71672976,-0.173677945,0.00698742513,0.0100790263,0.350419725,-0.165348338,-0.0119451717,-0.174374666,-0.00388247419,-0.00654240844,0.350419725,-0.172006214,0.00609185316,0.000144697134,0.201422202,0.257500315,-0.0104728958,0.961929677,0.151627856,0.20029057,-0.266533921,0.00672685989,0.960977936,-0.148905998
0.333330006,-1.93783712,-1.53811371,0.117528987,-0.0306288693,0.694531441,0.0546477884,0.71672976,-0.171567903,0.00931954099,0.0134429918,0.347222222,-0.160458214,-0.01593198,-0.172497161,-0.0051782848,-0.00872599598,0.347222222,-0.169338216,0.00812506384,0.000192991101,0.201896874,0.260003613,-0.0139683188,0.965911313,0.152171168,0.20038755,-0.272052266,0.00897200976,0.964641921,-0.148540865
0.366663007,-1.93783712,-1.53811371,0.117524904,-0.0306288693,0.694531441,0.0546477884,0.71672976,-0.169091614,0.0120564491,0.0173908507,0.343469719,-0.154719297,-0.0206107903,-0.170293771,-0.00669901308,-0.0112885953,0.343469719,-0.166207126,0.0105111849,0.000249667595,0.202453937,0.262941415,-0.0180704527,0.970584054,0.152808783,0.200501363,-0.278528445,0.0116068569,0.968941875,-0.148112355
0.399996007,-1.93783712,-1.53811371,0.117519681,-0.0306288693,0.694531441,0.0546477884,0.71672976,-0.166240225,0.0152079349,0.0219367182,0.3391488,-0.148111068,-0.0259983314,-0.167756619,-0.00845009624,-0.0142393686,0.3391488,-0.162601749,0.0132587476,0.000314929256,0.203095382,0.266324226,-0.0227939642,0.975964607,0.153542983,0.200632417,-0.285985616,0.014640822,0.973893171,-0.147618935
0.433329008,-1.93783712,-1.53811371,0.117513934,-0.0306288693,0.694531441,0.0546477884,0.71672976,-0.163009062,0.0187791648,0.0270880463,0.334252381,-0.140622694,-0.0321034349,-0.164881545,-0.0104344048,-0.0175831532,0.334252381,-0.158516174,0.0163722562,0.000388883069,0.203822261,0.270157591,-0.0281465967,0.982061791,0.15437497,0.200780925,-0.294436001,0.0180788786,0.979503927,-0.147059798
0.466662009,-1.93783712,-1.53811371,0.117507787,-0.0306288693,0.694531441,0.0546477884,0.71672976,-0.159397409,0.0227709288,0.0328459749,0.328779378,-0.132252518,-0.0389274518,-0.161667914,-0.0126523779,-0.0213206888,0.328779378,-0.153949498,0.0198523995,0.000471545395,0.204634734,0.274442358,-0.0341295343,0.988876956,0.155304929,0.200946921,-0.30388147,0.0219217874,0.985775383,-0.146434818
0.499995009,-1.93783712,-1.53811371,0.117500716,-0.0306288693,0.694531441,0.0546477884,0.71672976,-0.155408292,0.0271798841,0.0392056819,0.322734375,-0.12300755,-0.0464646671,-0.158118417,-0.015102158,-0.0254488456,0.322734375,-0.148905545,0.0236962629,0.00056284701,0.205532121,0.279174939,-0.0407377668,0.996404394,0.15633208,0.201130266,-0.314314114,0.0261663301,0.992702288,-0.14574452
0.53332801,-1.93783712,-1.53811371,0.11749304,-0.0306288693,0.694531441,0.0546477884,0.71672976,-0.151048254,0.031998798,0.0461567344,0.316127289,-0.112902956,-0.0547027165,-0.154238877,-0.0177797264,-0.0299608514,0.316127289,-0.143392589,0.0278975409,0.000662638135,0.20651295,0.28434757,-0.0479604535,1.00463176,0.15745474,0.201330659,-0.325716818,0.0308055437,1.00027328,-0.144990036
0.56666101,-1.93783712,-1.53811371,0.117484708,-0.0306288693,0.694531441,0.0546477884,0.71672976,-0.146327139,0.0372167907,0.0536834392,0.308973036,-0.101961548,-0.0636230009,-0.150038052,-0.0206790379,-0.0348465194,0.308973036,-0.137423077,0.0324467483,0.000770693475,0.207575006,0.289948574,-0.0557812879,1.01354047,0.158670372,0.201547648,-0.338063838,0.0358289545,1.00847126,-0.144173069
0.599994011,-1.93783712,-1.53811371,0.117475743,-0.0306288693,0.694531441,0.0546477884,0.71672976,-0.141257871,0.0428195792,0.0617651934,0.3012912,-0.090213277,-0.0732011029,-0.145527441,-0.0237921563,-0.0400924763,0.3012912,-0.131013349,0.0373314324,0.00088671725,0.208715383,0.295962617,-0.064178862,1.02310615,0.15997565,0.201780638,-0.351321378,0.0412228116,1.0172738,-0.143295856
0.633327012,-1.93783712,-1.53811371,0.117465861,-0.0306288693,0.694531441,0.0546477884,0.71672976,-0.135856231,0.0487897197,0.0703768353,0.293105697,-0.0776947199,-0.083407202,-0.140721088,-0.0271093892,-0.0456823892,0.293105697,-0.124183362,0.0425363854,0.00101034823,0.209930529,0.302370977,-0.0731270308,1.03329901,0.16136651,0.202028904,-0.365448159,0.0469703221,1.02665348,-0.142361128
0.666660012,-1.93783712,-1.53811371,0.117455754,-0.0306288693,0.694531441,0.0546477884,0.71672976,-0.130140642,0.0551068511,0.0794889949,0.284444444,-0.064448571,-0.0942064903,-0.135635384,-0.0306194231,-0.0515971936,0.284444444,-0.116956408,0.0480438557,0.00114116477,0.211216301,0.309151798,-0.0825952766,1.04408429,0.162838208,0.2022916,-0.380396005,0.0530518838,1.03657832,-0.141372072
0.699993013,-1.93783712,-1.53811371,0.117445469,-0.0306288693,0.694531441,0.0546477884,0.71672976,-0.124131945,0.0617479377,0.0890684445,0.275339025,-0.0505231327,-0.105559588,-0.130288876,-0.0343094588,-0.0578153213,0.275339025,-0.109358842,0.0538337603,0.00127868986,0.21256801,0.316280353,-0.0925490733,1.05542266,0.164385378,0.202567767,-0.396110406,0.0594453204,1.04701212,-0.140332295
0.733326013,-1.93783712,-1.53811371,0.11743439,-0.0306288693,0.694531441,0.0546477884,0.71672976,-0.117853184,0.0686875131,0.0990784498,0.265824356,-0.035971805,-0.117422959,-0.124702064,-0.0381653458,-0.0643129274,0.265824356,-0.101419797,0.0598838966,0.00142239611,0.213980473,0.323729306,-0.102950251,1.06727064,0.166002086,0.202856347,-0.412531103,0.0661261149,1.05791488,-0.139245785
0.766659014,-1.93783712,-1.53811371,0.117422826,-0.0306288693,0.694531441,0.0546477884,0.71672976,-0.111329378,0.0758979224,0.10947912,0.255938353,-0.0208525759,-0.129749328,-0.118897213,-0.0421717184,-0.0710641186,0.255938353,-0.093170912,0.0661701543,0.00157171085,0.21544806,0.331468973,-0.11375736,1.07958102,0.167681891,0.203156189,-0.429592658,0.0730676437,1.06924315,-0.138116871
0.799992015,-1.93783712,-1.53811371,0.117410828,-0.0306288693,0.694531441,0.0546477884,0.71672976,-0.10458731,0.083349566,0.120227759,0.2457216,-0.00522751204,-0.142488092,-0.112898153,-0.0463121297,-0.0780411803,0.2457216,-0.0846460486,0.0726667274,0.00172602112,0.216964748,0.339467582,-0.124926036,1.09230326,0.169417896,0.203466064,-0.447225031,0.0802414111,1.08095042,-0.136950187
0.833325015,-1.93783712,-1.53811371,0.117398629,-0.0306288693,0.694531441,0.0546477884,0.71672976,-0.0976552989,0.0910111425,0.131279217,0.235217014,0.0108377518,-0.155585742,-0.106730084,-0.0505691875,-0.0852148045,0.235217014,-0.0758810169,0.0793463265,0.00188467873,0.218524165,0.347691532,-0.136409364,1.10538392,0.171202808,0.203784668,-0.465354155,0.0876172828,1.09298751,-0.135750635
0.866658016,-1.93783712,-1.53811371,0.117386017,-0.0306288693,0.694531441,0.0546477884,0.71672976,-0.0905629866,0.0988498914,0.142586237,0.224469511,0.027274522,-0.168986272,-0.100419379,-0.054924689,-0.0925543175,0.224469511,-0.0669132955,0.0861803901,0.00204700526,0.220119643,0.35610566,-0.148158241,1.11876707,0.173028997,0.204110639,-0.483902513,0.0951637202,1.10530296,-0.134523344
0.899991016,-1.93783712,-1.53811371,0.117373287,-0.0306288693,0.694531441,0.0546477884,0.71672976,-0.0833411133,0.106831837,0.154099812,0.213525675,0.044011556,-0.182631601,-0.0939933909,-0.0593597559,-0.100027907,0.213525675,-0.0577817534,0.0931392971,0.00221229715,0.221744267,0.364673496,-0.160121745,1.1323947,0.174888545,0.204442566,-0.502789707,0.102848014,1.11784339,-0.133273633
0.933324017,-1.93783712,-1.53811371,0.117360326,-0.0306288693,0.694531441,0.0546477884,0.71672976,-0.0760212994,0.114922031,0.16576953,0.202433422,0.0609755721,-0.196461983,-0.0874802559,-0.0638549698,-0.107602851,0.202433422,-0.0485263724,0.100192578,0.00237983067,0.223390923,0.373357526,-0.172247494,1.14620714,0.176773313,0.204778994,-0.521933044,0.110636521,1.13055389,-0.132006973
0.966657018,-1.93783712,-1.53811371,0.117347239,-0.0306288693,0.694531441,0.0546477884,0.71672976,-0.0686358251,0.123084797,0.177543927,0.191241669,0.0780917592,-0.210416427,-0.0809086967,-0.0683905068,-0.115245745,0.191241669,-0.0391879685,0.107309129,0.002548867,0.225052351,0.382119453,-0.184482013,1.16014348,0.178674987,0.20511844,-0.541248101,0.118494891,1.1433784,-0.130728951
0.999990018,-1.93783712,-1.53811371,0.117333848,-0.0306288693,0.694531441,0.0546477884,0.71672976,-0.0612174106,0.131283969,0.189370841,0.18,0.0952842867,-0.224433109,-0.0743078274,-0.0729462728,-0.122922726,0.18,-0.0298079142,0.114457421,0.00271865726,0.226721188,0.39092046,-0.1967711,1.17414198,0.180585143,0.2054594,-0.560649306,0.126388311,1.15626011,-0.129445229
1.03332302,-1.93783712,-1.53811371,0.117320729,-0.0306288693,0.694531441,0.0546477884,0.71672976,-0.0537989962,0.139483141,0.201197754,0.168758331,0.112476814,-0.238449792,-0.0677069582,-0.0775020388,-0.130599707,0.168758331,-0.0204278599,0.121605713,0.00288844751,0.228390026,0.399721467,-0.209060187,1.18814048,0.182495299,0.205800359,-0.58005051,0.134281731,1.16914182,-0.128161508
1.06665602,-1.93783712,-1.53811371,0.117307849,-0.0306288693,0.694531441,0.0546477884,0.71672976,-0.0464135219,0.147645906,0.212972152,0.157566578,0.129593001,-0.252404235,-0.0611353989,-0.0820375758,-0.1382426,0.157566578,-0.011089456,0.128722264,0.00305748384,0.230051453,0.408483395,-0.221294707,1.20207682,0.184396973,0.206139805,-0.599365567,0.142140102,1.18196633,-0.126883486
1.09998902,-1.93783712,-1.53811371,0.117294691,-0.0306288693,0.694531441,0.0546477884,0.71672976,-0.0390937079,0.1557361,0.22464187,0.146474325,0.146557017,-0.266234617,-0.0546222639,-0.0865327896,-0.145817545,0.146474325,-0.001834075,0.135775545,0.00322501736,0.23169811,0.417167424,-0.233420455,1.21588926,0.186281741,0.206476233,-0.618508904,0.149928608,1.19467683,-0.125616826
1.13332202,-1.93783712,-1.53811371,0.11728185,-0.0306288693,0.694531441,0.0546477884,0.71672976,-0.0318718347,0.163718046,0.236155445,0.135530489,0.163294051,-0.279879946,-0.0481962761,-0.0909678566,-0.153291134,0.135530489,0.00729746707,0.142734452,0.00339030925,0.233322734,0.42573526,-0.245383959,1.22951689,0.188141289,0.20680816,-0.637396099,0.157612903,1.20721725,-0.124367115
1.16665502,-1.93783712,-1.53811371,0.117269471,-0.0306288693,0.694531441,0.0546477884,0.71672976,-0.0247795224,0.171556795,0.247462465,0.124782986,0.179730822,-0.293280476,-0.041885571,-0.0953233581,-0.160630647,0.124782986,0.0162651885,0.149568515,0.00355263579,0.234918212,0.434149388,-0.257132837,1.24290004,0.189967478,0.207134131,-0.655944456,0.16515934,1.21953271,-0.123139824
1.19998802,-1.93783712,-1.53811371,0.117257138,-0.0306288693,0.694531441,0.0546477884,0.71672976,-0.0178475116,0.179218371,0.258513922,0.1142784,0.195796086,-0.306378126,-0.0357175014,-0.0995804159,-0.167804272,0.1142784,0.0250302202,0.156248115,0.00371129339,0.236477629,0.442373339,-0.268616164,1.2559807,0.19175239,0.207452735,-0.67407358,0.172535212,1.2315698,-0.121940272
1.23332102,-1.93783712,-1.53811371,0.117245198,-0.0306288693,0.694531441,0.0546477884,0.71672976,-0.011105443,0.186670015,0.269262561,0.104061647,0.211421149,-0.31911689,-0.0297184414,-0.103720827,-0.174781333,0.104061647,0.0335550836,0.162744688,0.00386560366,0.237994316,0.450371947,-0.27978484,1.26870294,0.193488395,0.20776261,-0.691705953,0.179708979,1.24327707,-0.120773588
1.26665402,-1.93783712,-1.53811371,0.11723365,-0.0306288693,0.694531441,0.0546477884,0.71672976,-0.0045816374,0.193880424,0.279663232,0.0941756444,0.226540378,-0.331443259,-0.0239135908,-0.1077272,-0.181532525,0.0941756444,0.041803969,0.169030945,0.0040149184,0.239461904,0.458111614,-0.290591949,1.28101332,0.1951682,0.208062452,-0.708767508,0.186650508,1.25460534,-0.119644674
1.29998702,-1.93783712,-1.53811371,0.117222461,-0.0306288693,0.694531441,0.0546477884,0.71672976,0.00169712412,0.20082,0.289673237,0.084660975,0.241091706,-0.34330663,-0.0183267792,-0.111583087,-0.188030131,0.084660975,0.0497430137,0.175081082,0.00415862466,0.240874366,0.465560567,-0.300993127,1.2928613,0.196784908,0.208351032,-0.725188205,0.193331302,1.2655081,-0.118558164
1.33332002,-1.93783712,-1.53811371,0.117211381,-0.0306288693,0.694531441,0.0546477884,0.71672976,0.00770582022,0.207461086,0.299252687,0.0755555556,0.255017144,-0.354659728,-0.0129802705,-0.115273122,-0.194248258,0.0755555556,0.05734058,0.180870986,0.00429614974,0.242226076,0.472689122,-0.310946924,1.30419967,0.198332078,0.208627199,-0.740902606,0.199724739,1.2759419,-0.117518387
1.36665303,-1.93783712,-1.53811371,0.117201176,-0.0306288693,0.694531441,0.0546477884,0.71672976,0.0134214093,0.213778218,0.308364846,0.0668943028,0.268263293,-0.365459016,-0.00789456704,-0.118783156,-0.200163063,0.0668943028,0.0645675335,0.186378457,0.00442696628,0.243511848,0.479469943,-0.320415169,1.31498495,0.199803776,0.208889895,-0.755850452,0.205806301,1.28586674,-0.116529331
1.39998603,-1.93783712,-1.53811371,0.11719203,-0.0306288693,0.694531441,0.0546477884,0.71672976,0.0188230494,0.219748358,0.316976488,0.0587088,0.280781851,-0.375665115,-0.00308821386,-0.122100389,-0.205752976,0.0587088,0.0713975209,0.19158341,0.00455059726,0.244726994,0.485878303,-0.329363338,1.32517781,0.201194636,0.209138161,-0.769977234,0.211553811,1.29524642,-0.115594603
1.43331903,-1.93783712,-1.53811371,0.117183305,-0.0306288693,0.694531441,0.0546477884,0.71672976,0.0238923182,0.225351147,0.325058242,0.0510269639,0.292530121,-0.385243217,0.00142239696,-0.125213508,-0.210998933,0.0510269639,0.0778072486,0.196468094,0.00466662103,0.245867371,0.491892347,-0.337760912,1.33474349,0.202499914,0.209371151,-0.783234773,0.216947668,1.30404896,-0.11471739
1.46665203,-1.93783712,-1.53811371,0.117174625,-0.0306288693,0.694531441,0.0546477884,0.71672976,0.028613433,0.230569139,0.332584947,0.0438727111,0.303471529,-0.394163502,0.00562322207,-0.128112819,-0.215884601,0.0438727111,0.0837767605,0.201017301,0.00477467637,0.246929427,0.49749335,-0.345581747,1.3436522,0.203715546,0.20958814,-0.795581793,0.221971079,1.31224694,-0.113900423
1.49998503,-1.93783712,-1.53811371,0.117166872,-0.0306288693,0.694531441,0.0546477884,0.71672976,0.0329734708,0.235388053,0.339536,0.037265625,0.313576123,-0.402401551,0.00950276254,-0.130790388,-0.220396606,0.037265625,0.0892897163,0.205218579,0.0048744675,0.247910256,0.502665981,-0.352804433,1.35187956,0.204838206,0.209788533,-0.806984497,0.226610293,1.31981793,-0.113145939
1.53331803,-1.93783712,-1.53811371,0.117164701,-0.0306288693,0.694531441,0.0546477884,0.71672976,0.0369625879,0.239797009,0.345895707,0.0312206222,0.322821092,-0.409938767,0.0130522596,-0.133240168,-0.224524763,0.0312206222,0.0943336695,0.209062443,0.00496576912,0.248807643,0.507398562,-0.359412666,1.359407,0.205865357,0.209971878,-0.817417141,0.230854835,1.32674483,-0.112455641
1.56665103,-1.93783712,-1.53811371,0.117177035,-0.0306288693,0.694531441,0.0546477884,0.71672976,0.0405742403,0.243788773,0.351653635,0.0257476195,0.331191268,-0.416762783,0.0162658905,-0.135458141,-0.228262299,0.0257476194,0.0989003457,0.212542586,0.00504843144,0.249620116,0.511683329,-0.365395604,1.36622217,0.206795316,0.210137874,-0.826862611,0.234697744,1.33301629,-0.111830661
1.59998403,-1.93783712,-1.53811371,0.117212812,-0.0306288693,0.694531441,0.0546477884,0.71672976,0.0438054036,0.247360002,0.356804963,0.0208512,0.338679642,-0.422867887,0.0191409639,-0.137442449,-0.231606083,0.0208512,0.10298592,0.215656094,0.00512238525,0.250346994,0.515516694,-0.370748236,1.37231935,0.207627303,0.210286382,-0.835312996,0.238135801,1.33862705,-0.111271524
1.63331703,-1.93783712,-1.53811371,0.117278108,-0.0306288693,0.694531441,0.0546477884,0.71672976,0.0466567925,0.250511488,0.361350831,0.0165302806,0.345287871,-0.428255428,0.0216781159,-0.139193532,-0.234556857,0.0165302806,0.106591298,0.218403657,0.00518764691,0.250988439,0.518899505,-0.375471748,1.3776999,0.208361503,0.210417436,-0.842770166,0.241169766,1.34357834,-0.110778104
1.66665003,-1.93783712,-1.53811371,0.117374359,-0.0306288693,0.694531441,0.0546477884,0.71672976,0.0491330813,0.253248396,0.36529869,0.0127777778,0.351026788,-0.432934238,0.0238815057,-0.140714261,-0.237119456,0.0127777778,0.109722388,0.220789778,0.00524432341,0.251545502,0.521837308,-0.379573881,1.38237265,0.208999118,0.210531249,-0.849246346,0.243804613,1.3478783,-0.110349594
1.69998303,-1.93783712,-1.53811371,0.117497537,-0.0306288693,0.694531441,0.0546477884,0.71672976,0.0512431239,0.255580512,0.368662655,0.00958027501,0.355916911,-0.436921047,0.0257590114,-0.142010071,-0.239303044,0.009580275,0.112390386,0.222822989,0.00529261738,0.252020175,0.524340605,-0.383069304,1.38635428,0.20954243,0.210628229,-0.85476469,0.246049763,1.35154228,-0.109984461
1.73331603,-1.93783712,-1.53811371,0.117638262,-0.0306288693,0.694531441,0.0546477884,0.71672976,0.0530001732,0.257522484,0.371463856,0.0069176889,0.359988957,-0.440240894,0.0273224253,-0.143089103,-0.241121334,0.00691768889,0.114612049,0.22451606,0.00533283215,0.252415439,0.526425121,-0.385979971,1.38966982,0.20999485,0.210708986,-0.85935986,0.247919317,1.35459331,-0.109680412
1.76664903,-1.93783712,-1.53811371,0.117782959,-0.0306288693,0.694531441,0.0546477884,0.71672976,0.0544221016,0.259094064,0.373730786,0.00476293612,0.363284343,-0.442927549,0.0285876503,-0.143962332,-0.242592824,0.00476293611,0.116409975,0.225886212,0.00536537678,0.252735314,0.528112059,-0.388335488,1.39235299,0.21036098,0.210774339,-0.863078596,0.249432292,1.35706242,-0.109434354
1.79998203,-1.93783712,-1.53811371,0.117916304,-0.0306288693,0.694531441,0.0546477884,0.71672976,0.0555316208,0.260320356,0.375499653,0.00308160001,0.365855706,-0.445023923,0.0295748951,-0.144643705,-0.243741015,0.0030816,0.117812883,0.226955331,0.0053907711,0.25298491,0.529428362,-0.390173479,1.39444665,0.210646668,0.210825334,-0.865980295,0.250612855,1.35898904,-0.109242357
1.83331503,-1.93783712,-1.53811371,0.118025337,-0.0306288693,0.694531441,0.0546477884,0.71672976,0.0563565017,0.261232052,0.376814731,0.00183159723,0.367767407,-0.44658249,0.0303088702,-0.145150278,-0.244594647,0.00183159722,0.118855886,0.227750176,0.0054096507,0.253170474,0.530406979,-0.391539948,1.39600319,0.210859066,0.210863247,-0.868137587,0.251490553,1.36042141,-0.109099615
1.86664803,-1.93783712,-1.53811371,0.118105801,-0.0306288693,0.694531441,0.0546477884,0.71672976,0.0569297945,0.261865682,0.377728711,0.000962844451,0.36909604,-0.447665695,0.0308189834,-0.145502346,-0.245187922,0.000962844447,0.119580774,0.228302594,0.00542277204,0.253299442,0.531087118,-0.392489645,1.39708499,0.211006682,0.210889596,-0.869636906,0.252100555,1.3614169,-0.109000409
1.89998103,-1.93783712,-1.53811371,0.118158158,-0.0306288693,0.694531441,0.0546477884,0.71672976,0.0572900485,0.262263851,0.378303051,0.000416925006,0.369930946,-0.448346375,0.0311395356,-0.145723584,-0.245560732,0.000416925003,0.120036289,0.22864973,0.00543101742,0.253380484,0.531514513,-0.393086429,1.39776479,0.211099443,0.210906154,-0.87057907,0.252483876,1.36204247,-0.108938069
1.93331404,-1.93783712,-1.53811371,0.118186061,-0.0306288693,0.694531441,0.0546477884,0.71672976,0.0574815323,0.262475488,0.378608327,0.000126755562,0.370374719,-0.448708173,0.031309917,-0.145841177,-0.24575889,0.000126755558,0.120278407,0.228834241,0.00543540004,0.25342356,0.531741685,-0.393403635,1.39812612,0.211148748,0.210914955,-0.871079853,0.25268762,1.36237497,-0.108904934
1.96664704,-1.93783712,-1.53811371,0.118197472,-0.0306288693,0.694531441,0.0546477884,0.71672976,0.0575544535,0.262556083,0.378724583,1.62527842e-05,0.370543717,-0.448845954,0.0313748019,-0.145885959,-0.245834353,1.62527805e-05,0.12037061,0.228904507,0.00543706903,0.253439964,0.531828196,-0.393524433,1.39826372,0.211167524,0.210918306,-0.871270562,0.252765211,1.36250159,-0.108892315
1.99998004,-1.93783712,-1.53811371,0.118201116,-0.0306288693,0.694531441,0.0546477884,0.71672976,0.0575651787,0.262567937,0.378741682,6.43889716e-12,0.370568573,-0.448866218,0.0313843451,-0.145892546,-0.245845452,2.76572428e-12,0.120384172,0.228914842,0.00543731451,0.253442377,0.53184092,-0.3935422,1.39828396,0.211170286,0.210918799,-0.871298611,0.252776623,1.36252022,-0.108890459
2.03331304,-1.93792284,-1.53810298,0.11821191,-0.0305713937,0.694535136,0.0546560735,0.716728032,0.057581313,0.263333321,0.378650934,5.89592828e-12,0.374794185,-0.452020288,0.0313865952,-0.14575769,-0.24582532,2.46172288e-12,0.12060678,0.229086608,0.00550181698,0.253732532,0.531828642,-0.392940521,1.39812207,0.212188542,0.211478084,-0.871146262,0.252033949,1.36225927,-0.109219253
2.06664604,-1.93822885,-1.53817642,0.118222329,-0.0303205997,0.694561362,0.0545178168,0.71672374,0.0575713702,0.263956875,0.378498167,6.48982474e-12,0.378016323,-0.453128338,0.0313854739,-0.145409092,-0.24572669,2.65744891e-12,0.120855711,0.229049072,0.00559727615,0.253938437,0.53218317,-0.392898381,1.39809716,0.212575898,0.211630881,-0.870999217,0.251770049,1.36220372,-0.109403059
2.09997904,-1.93831325,-1.53817976,0.118211888,-0.0302448235,0.694550514,0.0544590317,0.716741979,0.0574387275,0.264334768,0.378376812,6.57636532e-12,0.37921378,-0.453920573,0.0313044973,-0.145170465,-0.245752111,2.71195523e-12,0.120965451,0.228985876,0.00552718388,0.254013807,0.532388985,-0.392972678,1.39799118,0.212723568,0.211476609,-0.870861948,0.251880556,1.36223388,-0.109587826
2.13331204,-1.93830752,-1.53815699,0.118169219,-0.0303994101,0.694474936,0.0542789847,0.716822326,0.0570767969,0.264543056,0.378223181,5.82599247e-12,0.378976434,-0.454846054,0.0311370194,-0.145056114,-0.246042982,2.33065238e-12,0.120918058,0.228983656,0.00520466315,0.253935575,0.532484174,-0.39320606,1.39783895,0.212996036,0.211203113,-0.87070024,0.251899749,1.36231375,-0.109763421
2.16664504,-1.93830752,-1.53815651,0.118148202,-0.0304381512,0.694451213,0.0542484634,0.716845989,0.0568856485,0.26458028,0.378170073,5.69211995e-12,0.378834218,-0.455228806,0.031053666,-0.145045683,-0.24619025,1.59572366e-12,0.120907426,0.229099467,0.00494636782,0.253906339,0.5324471,-0.393291682,1.39779603,0.213265345,0.211026415,-0.870666265,0.251858473,1.36231077,-0.109835461
2.19997804,-1.93830514,-1.53816509,0.118140352,-0.0304659754,0.694443464,0.0541994832,0.716856003,0.0568059161,0.264574677,0.378144532,5.72889869e-12,0.378905475,-0.4553276,0.0310268495,-0.145056754,-0.246170685,1.12150512e-12,0.120959453,0.229259536,0.00480440771,0.253914684,0.532363772,-0.393311322,1.3978256,0.21351324,0.210919484,-0.870708406,0.251837403,1.36224914,-0.109883554
2.23331104,-1.93830204,-1.53816426,0.11814287,-0.0304612629,0.694432735,0.0542396531,0.716863573,0.056790106,0.264551222,0.378048986,5.79191382e-12,0.379038721,-0.455343783,0.0309981294,-0.145089537,-0.246084332,8.69021521e-12,0.121001713,0.229363546,0.00473429775,0.253975362,0.532301903,-0.393394589,1.3978194,0.213743597,0.210785061,-0.870726764,0.251629293,1.36225736,-0.109938756
2.26664404,-1.93830824,-1.53815567,0.118154232,-0.0304778591,0.694430232,0.0542425476,0.716865063,0.0567801632,0.264542639,0.377966791,5.83590598e-12,0.379079342,-0.455364406,0.0309939831,-0.145052448,-0.245712802,3.70357946e-11,0.121244714,0.229456514,0.00462311227,0.254042119,0.532290399,-0.393464983,1.39778316,0.213914961,0.210707858,-0.870730162,0.251452059,1.3624078,-0.109934002
2.29997704,-1.9383198,-1.53815866,0.118170674,-0.030516468,0.694442511,0.0541912876,0.716855407,0.0567712411,0.264515132,0.377880424,5.79664138e-12,0.378983915,-0.455478311,0.0310111288,-0.144891396,-0.244569778,2.35007847e-11,0.121889107,0.229175553,0.00453087129,0.254054636,0.532277763,-0.393522084,1.39774418,0.214048579,0.210527167,-0.870713651,0.251392454,1.36263657,-0.109926097
2.33331004,-1.93834519,-1.53818572,0.118198175,-0.0306289196,0.694456339,0.0541831106,0.716837823,0.0568003841,0.264340132,0.377733588,5.84705201e-12,0.378890663,-0.455661386,0.0310153719,-0.144725367,-0.242372796,0,0.122369237,0.227199838,0.00445686653,0.254027843,0.532162011,-0.393585891,1.39776182,0.214233369,0.210383847,-0.870745122,0.251116544,1.36290586,-0.109968439
2.36664304,-1.93837941,-1.53820598,0.118228199,-0.0305949487,0.694480598,0.0543184429,0.716805518,0.0568605438,0.264128655,0.377940863,5.83934333e-12,0.378967553,-0.455673099,0.0310380775,-0.144281298,-0.240086883,0,0.122026354,0.226281881,0.00450602919,0.254016012,0.532029808,-0.393590182,1.3977704,0.214481965,0.210265532,-0.870814502,0.250764638,1.36325085,-0.110105805
2.39997604,-1.93842685,-1.53823531,0.118241243,-0.0308724977,0.694453418,0.0541328937,0.716834009,0.056553144,0.263958991,0.377916932,4.72722035e-12,0.379146993,-0.455576092,0.0310992021,-0.143797308,-0.237599954,8.24875335e-10,0.121116474,0.226473615,0.00411303015,0.253869325,0.531895041,-0.393574655,1.39782214,0.214690238,0.210271493,-0.870966554,0.250348419,1.36347246,-0.110025905
2.43330904,-1.93846703,-1.53828847,0.118309529,-0.0311375428,0.694492161,0.0539996885,0.716795027,0.0564018972,0.263690144,0.377546996,3.88601087e-12,0.379585057,-0.45584482,0.0313286185,-0.143136024,-0.23451902,2.00253094e-08,0.120348744,0.224552095,0.00369855366,0.253782302,0.531682491,-0.393707842,1.39789641,0.214989856,0.21030362,-0.871142805,0.250182927,1.36376965,-0.109991767
2.46664205,-1.93852305,-1.53835952,0.118480343,-0.0313289016,0.69460547,0.0540401116,0.716673851,0.0566336587,0.263215214,0.376836717,3.58160962e-12,0.380548209,-0.456437528,0.0317736119,-0.142315015,-0.23070997,4.79941633e-08,0.119275413,0.22019963,0.00338117173,0.253881991,0.531253874,-0.3938272,1.3980757,0.21532087,0.210483044,-0.871552169,0.250161946,1.36399055,-0.109907404
2.49997505,-1.93871474,-1.53843009,0.118747004,-0.0314997956,0.694749355,0.0541748963,0.716516674,0.0570004173,0.262594134,0.375853747,3.26782546e-12,0.38221249,-0.456925243,0.0324027985,-0.141055673,-0.22527352,0,0.116202153,0.214800879,0.00289222412,0.254209906,0.530565143,-0.393843263,1.39831042,0.215632483,0.210755125,-0.872314155,0.25026527,1.36393929,-0.109725058
2.53330805,-1.93925416,-1.53851187,0.119097884,-0.0320479795,0.694887578,0.0543947071,0.716341674,0.0574417152,0.2617459,0.374426901,2.76352335e-12,0.384189069,-0.457482457,0.0333459154,-0.139228433,-0.216924787,0,0.108299516,0.209262758,0.00237126159,0.254516125,0.529685557,-0.394356787,1.39872384,0.216257408,0.211152062,-0.873540401,0.250328273,1.36395466,-0.109538704
2.56664105,-1.93949139,-1.53854632,0.119644651,-0.0320778079,0.695174932,0.0547944531,0.716030955,0.0590755641,0.260977298,0.372509599,2.29852227e-12,0.386621088,-0.458397418,0.0347619429,-0.136405572,-0.206271827,0,0.102639876,0.19752726,0.00269417674,0.255553514,0.5284338,-0.394736171,1.40079665,0.217303827,0.211854234,-0.874343991,0.250825137,1.36416912,-0.10978324
2.59997405,-1.93974483,-1.53854096,0.120512904,-0.0315729678,0.696005166,0.0557277128,0.715174377,0.0628356487,0.260158539,0.370421737,2.18550373e-12,0.388391852,-0.460070938,0.0375293531,-0.13308014,-0.189970717,8.33528702e-06,0.0979913771,0.185377672,0.00364869204,0.258715779,0.526478827,-0.394106358,1.40705776,0.218168527,0.213001803,-0.874983072,0.251246989,1.36459088,-0.109794766
2.63330705,-1.94009995,-1.53850818,0.121485133,-0.0313838907,0.696841657,0.0563252829,0.714320838,0.0668052807,0.259275764,0.366180032,2.46838465e-12,0.388395131,-0.461835533,0.0408449918,-0.129224971,-0.168557182,4.09807653e-05,0.0954518989,0.171366364,0.00346745597,0.261544824,0.525124848,-0.393855363,1.40989602,0.219661087,0.213628203,-0.875737846,0.251399398,1.3650502,-0.109538011
2.66664005,-1.94071412,-1.53846765,0.122499809,-0.0317446999,0.697792649,0.0566229075,0.713352323,0.0709222406,0.257951349,0.359478205,3.60943653e-12,0.386045098,-0.462050349,0.0446852073,-0.124885336,-0.14167358,1.33422145e-05,0.0958226025,0.154687777,0.00251068966,0.264672667,0.524187386,-0.394512981,1.41043055,0.220756665,0.214094922,-0.87702328,0.252190769,1.36560345,-0.109236345
2.69997305,-1.94154108,-1.53842604,0.123636521,-0.0311621167,0.698883712,0.0577901229,0.712215424,0.0770972073,0.255989611,0.349634409,6.86594098e-12,0.378447354,-0.461484253,0.0494571738,-0.120215453,-0.109857701,0,0.0999237448,0.133306518,0.00330331572,0.268473893,0.523550034,-0.395309687,1.41061652,0.220871374,0.215338007,-0.878434181,0.253377944,1.36618328,-0.108830966
2.73330605,-1.94249928,-1.53838873,0.125026022,-0.030174261,0.700676382,0.0592968911,0.710370362,0.0859712511,0.253110856,0.339793622,4.05839641e-12,0.366755664,-0.458028734,0.0564878397,-0.115519844,-0.074258104,0,0.103475548,0.112923399,0.00464972761,0.273851216,0.522877693,-0.3954781,1.41123784,0.220412999,0.218272954,-0.8795259,0.254739106,1.36632037,-0.108919367
2.76663905,-1.94320309,-1.53840113,0.126150301,-0.0301177669,0.702608228,0.0601350702,0.708391428,0.0933112502,0.249694511,0.329403251,3.62971003e-12,0.353051156,-0.450927824,0.0607627369,-0.110769391,-0.0341420136,0.00170531892,0.101954862,0.0854441822,0.00420731539,0.278554201,0.522019506,-0.396440893,1.41204679,0.219884098,0.220749691,-0.880415142,0.256836832,1.36767411,-0.11047139
2.79997205,-1.94340932,-1.53850436,0.126281483,-0.0310154557,0.702590346,0.0598572008,0.708393931,0.093669422,0.246418715,0.317553073,4.82521184e-12,0.342427552,-0.439523965,0.0494951718,-0.105647236,0.00711620692,0.0266898833,0.089812994,0.0520108826,0.00086284749,0.2795237,0.520490646,-0.398119956,1.41334653,0.219361559,0.221187755,-0.88067776,0.258834153,1.37100685,-0.114250392
2.83330505,-1.94346392,-1.53880429,0.126078198,-0.033325363,0.702538669,0.0590507537,0.708407938,0.0911265388,0.242666587,0.303924352,4.89755111e-12,0.33599183,-0.427393019,0.0226851553,-0.0997494832,0.0459096581,0.0767866448,0.0726979747,0.0170090776,-0.00514072832,0.278628021,0.517343342,-0.399858266,1.4158597,0.219189242,0.220399722,-0.881671906,0.25976938,1.37125802,-0.118252054
2.86663805,-1.94279337,-1.53924954,0.125820256,-0.0354742967,0.702521741,0.058414001,0.708373189,0.0884095281,0.238724962,0.291283309,4.44043977e-12,0.333252192,-0.417769283,-0.0138025722,-0.0924643576,0.0789563134,0.146391466,0.0629708618,-0.00277101574,-0.0110818623,0.276415229,0.512987256,-0.402615726,1.41942656,0.219623804,0.217396542,-0.882676959,0.261816621,1.37241805,-0.12025582
2.89997105,-1.94189477,-1.53980803,0.12556433,-0.0383198448,0.702591956,0.0570721738,0.708264709,0.0854043588,0.23482734,0.281713396,4.73733336e-12,0.332996964,-0.410398692,-0.05803781,-0.0843603909,0.1067793,0.234462842,0.0548557527,-0.0010621323,-0.0177981723,0.273429364,0.508227408,-0.406367332,1.42342925,0.220502689,0.214387611,-0.883903265,0.263128042,1.37462354,-0.119727693
2.93330405,-1.94112837,-1.54044056,0.125330446,-0.0415409468,0.702712953,0.0552263893,0.708109379,0.0821554139,0.231197342,0.276439637,4.80347316e-12,0.334387928,-0.405083507,-0.109959148,-0.0751026496,0.130599111,0.3403458,0.0452044271,0.0144206751,-0.025244765,0.269913395,0.503620171,-0.410143581,1.42742299,0.221689566,0.211820072,-0.885298493,0.263828406,1.37704391,-0.117683344
2.96663705,-1.94050968,-1.54108,0.125128168,-0.0447737537,0.702911496,0.0530780293,0.707879603,0.0789794475,0.228464052,0.27376619,4.54579169e-12,0.33759281,-0.401703209,-0.16781947,-0.0643743202,0.151275486,0.459426492,0.0362368189,0.0335861705,-0.0322898068,0.266025435,0.499509328,-0.413391805,1.43111168,0.223069789,0.209845336,-0.886796165,0.264004429,1.37920441,-0.114821987
2.99997005,-1.94006312,-1.54170108,0.12497157,-0.0478530414,0.703130364,0.0508368388,0.707625151,0.0760186836,0.226529315,0.272354513,4.71991543e-12,0.34110865,-0.399791598,-0.229061499,-0.0524805561,0.17061533,0.587101758,0.0291747171,0.0533446893,-0.0387850814,0.26187124,0.49608534,-0.415850582,1.43431335,0.224546527,0.208422297,-0.888323509,0.263717142,1.38087902,-0.111613397
3.03330306,-1.93978202,-1.54229081,0.124740262,-0.0510878414,0.703414083,0.0482906811,0.707295299,0.0723178536,0.225085899,0.27038008,6.99735886e-12,0.34467414,-0.398622274,-0.292010993,-0.0401114076,0.188994139,0.718596935,0.0258549638,0.0738488883,-0.0450889952,0.257530155,0.493429298,-0.417453431,1.43693621,0.226038431,0.207399288,-0.889807987,0.263011873,1.38200969,-0.108362867
3.06663606,-1.93965864,-1.5428412,0.12406919,-0.0546288379,0.702821612,0.0453916527,0.707811475,0.0653458238,0.223884925,0.267465532,2.49794768e-11,0.349510163,-0.397810489,-0.356414109,-0.0283252671,0.205365464,0.847655952,0.0272543114,0.0953136235,-0.0517813191,0.253073978,0.491546394,-0.418254261,1.43895833,0.227478227,0.206578708,-0.89118249,0.261926715,1.38264601,-0.105260578
3.09996906,-1.93971062,-1.54334378,0.122964443,-0.0578865558,0.701400757,0.0426723436,0.70912987,0.0556042306,0.222767234,0.26472944,2.42087982e-11,0.354917884,-0.398429602,-0.421048135,-0.017903842,0.220009476,0.971977234,0.0339771099,0.115992248,-0.0581875555,0.248578258,0.490391779,-0.418371638,1.44040781,0.22881134,0.205765673,-0.892389137,0.260498842,1.38290135,-0.102419145
3.13330206,-1.93992066,-1.54375637,0.12176334,-0.0610495135,0.69991374,0.039929457,0.710492313,0.04520512,0.221991882,0.26221332,0,0.360127419,-0.400193721,-0.482534349,-0.00960691832,0.233023062,1.09049702,0.0472685322,0.134107918,-0.0648574233,0.244125919,0.489890242,-0.417950637,1.44134333,0.229994805,0.204802124,-0.893381932,0.258767778,1.38292013,-0.0999015441
3.16663506,-1.94013727,-1.54411054,0.120575556,-0.0646999255,0.698575556,0.0363073796,0.711679637,0.0350067653,0.22169286,0.260324806,0,0.365305007,-0.401899248,-0.539343357,-0.00449003559,0.243253812,1.20092499,0.0650373846,0.153111547,-0.0714745,0.239805407,0.489950233,-0.417140251,1.44183886,0.230996592,0.203588181,-0.894128744,0.256777541,1.38285217,-0.097741129
3.19996806,-1.94036865,-1.54440176,0.119486572,-0.0667615756,0.69725728,0.0341939963,0.712885678,0.026456045,0.221694931,0.261408299,5.59742773e-11,0.369977295,-0.403146923,-0.590572,-0.00151244365,0.254282832,1.30286431,0.0856614783,0.173708051,-0.0761525705,0.235705705,0.490473206,-0.41608247,1.44197323,0.231795565,0.202093486,-0.894612751,0.254580094,1.38283126,-0.0959556141
3.23330106,-1.94064927,-1.54461229,0.11854132,-0.068731688,0.696059883,0.0321072005,0.71396476,0.0193104129,0.222007126,0.263568878,1.03154143e-08,0.372833699,-0.404500365,-0.63578552,-0.000355732889,0.265075088,1.39824665,0.109032832,0.193604767,-0.080255419,0.231910122,0.491359416,-0.414907847,1.44182401,0.232381565,0.200361068,-0.894832989,0.252240497,1.38295693,-0.0945564297
3.26663406,-1.94099021,-1.54469907,0.117747499,-0.0693761408,0.69508487,0.030913163,0.714904428,0.0141076129,0.222930029,0.266770989,2.94963911e-08,0.37403059,-0.407467574,-0.677709341,-8.58851054e-05,0.274750441,1.4875344,0.138318658,0.213151649,-0.0821041763,0.228491157,0.492510974,-0.413732996,1.44146435,0.232755342,0.19850648,-0.89480371,0.249842422,1.38328178,-0.0935539467
3.29996706,-1.94136667,-1.5446589,0.11702175,-0.0690981969,0.694122434,0.0303509869,0.715889871,0.0101207336,0.224488437,0.271980971,0,0.375843436,-0.411676466,-0.7179268,-0.000938214303,0.281349212,1.57218647,0.170323357,0.227690116,-0.0816524625,0.22550759,0.493833432,-0.41265904,1.44096205,0.232928029,0.19671239,-0.894552757,0.24749348,1.38380463,-0.0929584319
3.33330006,-1.94171214,-1.54454339,0.116317536,-0.0679995492,0.693126976,0.0304931793,0.716952741,0.00668820227,0.226502448,0.278589487,0,0.378381103,-0.415294081,-0.756510139,-0.00367709156,0.28608343,1.65113533,0.202235416,0.232540905,-0.0795083493,0.22300346,0.495237217,-0.411771983,1.44037938,0.232919733,0.195218516,-0.894119015,0.245329866,1.38446867,-0.0927771864
3.36663306,-1.94199836,-1.54444587,0.115599096,-0.0667663366,0.691937804,0.0308437031,0.71820122,0.00317681162,0.228525415,0.284359872,0,0.380833656,-0.416675508,-0.793051422,-0.00956691895,0.29000178,1.72172618,0.228935748,0.22736074,-0.0764223188,0.221008097,0.496639466,-0.411144919,1.43977267,0.232757074,0.194306403,-0.893548903,0.243519631,1.38516387,-0.0930090592
3.39996606,-1.94223213,-1.54442072,0.115037956,-0.0651511028,0.691032112,0.0316940062,0.719183922,0.0008385377,0.230133191,0.289036125,3.85449948e-06,0.381233454,-0.417210072,-0.82517302,-0.0181838702,0.295449495,1.77787983,0.246422604,0.215957478,-0.0722901076,0.219536028,0.497965991,-0.41084092,1.43919132,0.232470247,0.19427881,-0.892892345,0.242264603,1.38573326,-0.0936390029
3.43329906,-1.94241893,-1.54445887,0.11466741,-0.0633115619,0.690246284,0.0328272991,0.720051408,-0.00011069388,0.231162563,0.292712837,2.28551107e-05,0.378332138,-0.416543037,-0.850803614,-0.0289744847,0.302365333,1.81506944,0.250143677,0.206225798,-0.0673493147,0.218585712,0.499152915,-0.41091554,1.43867675,0.23209043,0.19543414,-0.892198387,0.241799354,1.38598269,-0.0946341679
3.46663206,-1.94261539,-1.54454195,0.114598575,-0.0611770414,0.689932466,0.0344382226,0.720461369,0.00110220932,0.231451109,0.295599967,1.75819059e-05,0.37047416,-0.412866384,-0.867556155,-0.0410180949,0.307396382,1.83410501,0.245046213,0.201057181,-0.0617675073,0.218137163,0.500147881,-0.411418,1.43826197,0.231647371,0.198038545,-0.891510858,0.24238387,1.38569365,-0.0959417245
3.49996506,-1.94287443,-1.54465544,0.114731702,-0.0593586117,0.690082669,0.0356029049,0.720413029,0.00389276771,0.230922729,0.29562363,0,0.358977288,-0.406210363,-0.872823536,-0.05361614,0.305450588,1.83866024,0.244154871,0.197509289,-0.0554677285,0.218149295,0.500910993,-0.412390687,1.43797162,0.231166841,0.202297348,-0.890864226,0.244287905,1.38463929,-0.0974875615
3.53329806,-1.94342256,-1.54484951,0.11505399,-0.0574604273,0.690536141,0.0368513875,0.720069468,0.00811155327,0.229534373,0.293235809,0,0.344860494,-0.397780955,-0.862553954,-0.0660053939,0.294227034,1.83344376,0.257919043,0.190853044,-0.0493607111,0.218558156,0.501416042,-0.41386688,1.43782198,0.230668005,0.208327487,-0.890279605,0.247766358,1.38260481,-0.0991757118
3.56663107,-1.94441903,-1.54522538,0.115671,-0.0566000827,0.691572487,0.0368137546,0.719144404,0.0121413609,0.227706134,0.287955284,0.00044448828,0.332297802,-0.384375185,-0.839396656,-0.0803646818,0.274684429,1.82003939,0.286810189,0.169882521,-0.0459332392,0.219277086,0.501652767,-0.415866815,1.43781984,0.230160656,0.216131858,-0.889760672,0.253027995,1.37941374,-0.10088972
3.59996407,-1.94585538,-1.54584479,0.116657051,-0.0570157394,0.69349885,0.0351573303,0.717337132,0.011555885,0.226328149,0.271998346,0.0139274923,0.317855358,-0.365867168,-0.817861676,-0.0967516452,0.255477756,1.80437207,0.308096319,0.14630577,-0.0455524623,0.220201069,0.501630246,-0.418391781,1.43795889,0.229642406,0.22557902,-0.889290058,0.260200553,1.37495786,-0.102497709
3.63329707,-1.94711888,-1.54674149,0.117776302,-0.05749809,0.69548434,0.0344048627,0.715410233,0.00265821279,0.225139096,0.244325384,0.0461293235,0.299675256,-0.344047278,-0.805443227,-0.113633603,0.242058352,1.79816675,0.307432532,0.132754549,-0.0462532602,0.221216147,0.501380856,-0.421417898,1.43821415,0.229096676,0.236394224,-0.888827496,0.269295343,1.36922503,-0.103862011
3.66663007,-1.94833279,-1.54792976,0.118757594,-0.0590129867,0.697302878,0.0331673063,0.713572741,-0.0170889087,0.223068461,0.210410535,0.0988448262,0.278741688,-0.319358349,-0.799077749,-0.132359207,0.231752679,1.79993951,0.296991378,0.12398462,-0.0477186628,0.222212114,0.500962886,-0.42489241,1.43853704,0.228492821,0.248165552,-0.888311225,0.280176625,1.3623206,-0.10485227
3.69996307,-1.94914436,-1.54926467,0.119537803,-0.0613222048,0.699144721,0.0322363526,0.711615801,-0.0433660857,0.218592316,0.176343858,0.163726449,0.247743338,-0.295005262,-0.793551087,-0.153724819,0.222335294,1.80212665,0.287906498,0.120241798,-0.0490722507,0.223095314,0.500458911,-0.428733911,1.4388541,0.22778918,0.260367467,-0.887664384,0.292544261,1.35447589,-0.10536088
3.73329607,-1.95042169,-1.5507983,0.119899697,-0.0635412037,0.70031625,0.031019019,0.710322082,-0.0747121125,0.212745175,0.145004377,0.235785916,0.209946841,-0.265449256,-0.789633632,-0.175383389,0.212238103,1.80369961,0.281256795,0.115357459,-0.0496952198,0.223797569,0.499968871,-0.432837685,1.43907208,0.226938825,0.27240245,-0.886806646,0.305939783,1.34603478,-0.105319715
3.76662907,-1.95073903,-1.55188668,0.119893759,-0.0643931925,0.700847864,0.0316216052,0.709694207,-0.11186517,0.207486078,0.112499498,0.318192363,0.184506789,-0.238298297,-0.787804961,-0.192931429,0.203503802,1.80205166,0.278475732,0.103676677,-0.0473190621,0.224278982,0.499598419,-0.4370853,1.43908984,0.225897117,0.283657604,-0.885668665,0.319783034,1.33741747,-0.104716328
3.79996207,-1.95068252,-1.55233705,0.11972037,-0.0634315684,0.700948536,0.0331164375,0.709613204,-0.155115008,0.204815581,0.0746205077,0.411082596,0.165433571,-0.224269435,-0.788468838,-0.202413037,0.198225588,1.79957616,0.278587729,0.0897842422,-0.0427503437,0.224524304,0.499445253,-0.441356272,1.43881208,0.224630458,0.293567908,-0.884205585,0.333434536,1.32906797,-0.103604412
3.83329507,-1.95059931,-1.5523901,0.119407845,-0.0604304038,0.700711012,0.0359524675,0.709971547,-0.20666261,0.201887041,0.0429293327,0.51358217,0.149422541,-0.214092627,-0.791609526,-0.203950241,0.196732134,1.79765415,0.280296892,0.0787234977,-0.0350358225,0.224535634,0.499585724,-0.445538251,1.43816198,0.2231249,0.301672361,-0.882405831,0.346269751,1.32140107,-0.102101714
3.86662807,-1.95042729,-1.55197406,0.119000888,-0.0569900908,0.700348437,0.0388407595,0.710461557,-0.265399396,0.198200956,0.0190744698,0.623773456,0.141032308,-0.201886117,-0.796012402,-0.200224876,0.197597861,1.79681146,0.282432318,0.0713209286,-0.0258951224,0.224324958,0.500064429,-0.449531293,1.43709212,0.221392232,0.307652139,-0.880292986,0.357749942,1.31476244,-0.10037304
3.89996107,-1.95034671,-1.55127275,0.118522819,-0.0528979711,0.699785948,0.0419994295,0.711152196,-0.326785773,0.193489179,-0.00233956939,0.737835646,0.142293677,-0.192383483,-0.801433921,-0.192277864,0.20066978,1.79703951,0.284417182,0.0681210235,-0.0155414632,0.223908607,0.500888724,-0.453244871,1.4355929,0.219471734,0.311348863,-0.877921892,0.367477454,1.30940389,-0.0986063618
3.93329407,-1.95038044,-1.550493,0.117995116,-0.0481317081,0.699161947,0.0455004238,0.71188879,-0.38905412,0.187346861,-0.0235520117,0.853675723,0.154321507,-0.19097887,-0.807779491,-0.180374011,0.20609127,1.79786515,0.28705886,0.0674075261,-0.00389319076,0.223304916,0.502029482,-0.456590801,1.43369655,0.217427126,0.312765722,-0.875370175,0.375223875,1.30546953,-0.0969877915
3.96662707,-1.9505434,-1.54980993,0.117272764,-0.0432111137,0.69806689,0.0493012704,0.713025093,-0.451227099,0.179147586,-0.0437867567,0.967628181,0.172571361,-0.192098305,-0.815658033,-0.165627763,0.213620007,1.79890978,0.290665835,0.0674123093,0.0085608121,0.222535336,0.503427886,-0.459477943,1.43147499,0.215340014,0.312053234,-0.872726643,0.380928262,1.30299451,-0.0956786447
3.99996007,-1.95097351,-1.54925489,0.116364855,-0.0380193368,0.696495593,0.0531341471,0.714580417,-0.512337983,0.168850616,-0.0624248721,1.07638514,0.19746083,-0.193240389,-0.824642539,-0.149148002,0.222336516,1.80048096,0.294457704,0.068219237,0.0209895968,0.221627887,0.505006345,-0.461813237,1.42903109,0.21330183,0.309483174,-0.87007874,0.38467025,1.30191765,-0.0947972565
4.03329307,-1.95128155,-1.54883373,0.115470784,-0.0338760726,0.694986343,0.0563925952,0.716007173,-0.574177861,0.154685244,-0.082277447,1.18787992,0.241072685,-0.196492508,-0.833354414,-0.13326712,0.231142759,1.80241907,0.298185855,0.0707443953,0.0313507542,0.220620295,0.506680746,-0.463509643,1.42648486,0.211406265,0.305414083,-0.867501892,0.386628602,1.3021056,-0.0944092934
4.06662607,-1.9515903,-1.54859841,0.11463113,-0.0310193971,0.693559885,0.0585411303,0.717346132,-0.634148479,0.136755764,-0.100860856,1.29841483,0.299123526,-0.20494777,-0.841011822,-0.119013891,0.239302859,1.80453622,0.301756352,0.0752657056,0.0388758704,0.219560146,0.508371703,-0.464498423,1.42395694,0.209742848,0.300252716,-0.865052657,0.387036767,1.30338126,-0.0945276612
4.09995908,-1.95191503,-1.54854739,0.113831152,-0.0286153518,0.69211036,0.0605129711,0.718681157,-0.690034568,0.11632333,-0.115136519,1.40420949,0.361963511,-0.214012459,-0.847756624,-0.106346577,0.246924549,1.80657411,0.304870129,0.0804217979,0.044564046,0.218500051,0.51001296,-0.464742711,1.42155161,0.208391382,0.294417707,-0.862765902,0.386144111,1.30555102,-0.0951196958
4.13329208,-1.95225441,-1.5486064,0.113085861,-0.0274498761,0.690836668,0.0614947304,0.719867766,-0.739421129,0.0945836753,-0.123706505,1.50225854,0.421354175,-0.207588658,-0.853357792,-0.0961358994,0.253181964,1.80868757,0.307118624,0.086246185,0.0474635102,0.217485829,0.511556322,-0.464249083,1.41934024,0.207416902,0.28830851,-0.860656174,0.384188792,1.30842631,-0.0961183164
4.16662508,-1.95255852,-1.54861856,0.112352109,-0.0272795148,0.689644873,0.061537087,0.721012473,-0.780328095,0.0747076869,-0.12501128,1.58410406,0.464573652,-0.178735167,-0.85826534,-0.0873467475,0.258046985,1.81069636,0.308989435,0.0929825678,0.0482717082,0.216562462,0.512970378,-0.463077583,1.41736143,0.206864999,0.282281801,-0.8587235,0.381385685,1.31183579,-0.0974353661
4.19995808,-1.9527936,-1.5484792,0.111661205,-0.0263193771,0.688365161,0.0619158857,0.722237587,-0.812958837,0.060779877,-0.120415069,1.64264512,0.484922111,-0.141820133,-0.862615883,-0.0767567009,0.263505012,1.81217289,0.31093058,0.100294426,0.0500908382,0.21577162,0.514237303,-0.461347502,1.4156218,0.206757839,0.276636228,-0.856961859,0.377928027,1.31562926,-0.0989757894
4.23329108,-1.95298409,-1.54819572,0.111227402,-0.0244641211,0.687564194,0.0629208982,0.722978532,-0.836666763,0.0532645993,-0.11497432,1.67906868,0.484315574,-0.11989063,-0.865512848,-0.0640322268,0.270070106,1.8134346,0.312784255,0.106972806,0.0538996086,0.215141243,0.515349343,-0.459239242,1.4140967,0.20709083,0.271603948,-0.855368593,0.373999821,1.31967368,-0.100651272
4.26662408,-1.95307672,-1.54787898,0.111007433,-0.0223171562,0.687050045,0.0642026812,0.723423898,-0.85018301,0.0502916873,-0.111959599,1.69792604,0.478586286,-0.11288508,-0.867029846,-0.0513332374,0.276462078,1.81420231,0.314842671,0.11139027,0.0584889762,0.21466777,0.516306617,-0.456993227,1.41272857,0.207829763,0.267348773,-0.853952739,0.369793533,1.32384032,-0.102390774
4.29995708,-1.95311105,-1.54757607,0.110889147,-0.0207896791,0.68672955,0.0649808645,0.723704219,-0.853531063,0.0498918109,-0.112527326,1.70258439,0.478216976,-0.111438446,-0.867209673,-0.0396335274,0.282385468,1.81456089,0.316732228,0.115473032,0.0622268394,0.214333962,0.517111759,-0.454910517,1.41144631,0.208907453,0.26396994,-0.852740957,0.365528844,1.32798454,-0.104146234
4.33329008,-1.95307612,-1.54732001,0.110777026,-0.0193707068,0.686486542,0.0658357814,0.723896861,-0.849442661,0.050143268,-0.115303218,1.69868612,0.488971084,-0.115672022,-0.866759002,-0.0292114355,0.287997931,1.81444645,0.318356514,0.119900554,0.064815864,0.214121853,0.517766532,-0.453352177,1.41017969,0.21021986,0.261508986,-0.851780897,0.361470465,1.331921,-0.105893863
4.36662308,-1.95301354,-1.5471282,0.110574295,-0.0196140595,0.68612361,0.0652291104,0.724289179,-0.840211153,0.0474623963,-0.118871368,1.69050372,0.512179613,-0.122956559,-0.866247237,-0.0219907984,0.291953295,1.81412005,0.31953907,0.125017002,0.0636442825,0.214021491,0.518269615,-0.452736388,1.40886927,0.211621915,0.259956816,-0.851141876,0.357943182,1.33539838,-0.107631977
4.39995608,-1.95290363,-1.54707932,0.11044026,-0.0211798586,0.686012208,0.0636402667,0.724491954,-0.828434646,0.0411850773,-0.122884691,1.68008029,0.543614984,-0.132362917,-0.864507735,-0.0188422557,0.294259906,1.81404054,0.319972426,0.132597715,0.0585626848,0.214035248,0.518614845,-0.453531471,1.40747207,0.212923648,0.259258719,-0.850912756,0.355343265,1.33807732,-0.109375632
4.43328908,-1.952685,-1.54718876,0.110417356,-0.0239938255,0.686071575,0.061528381,0.724530458,-0.816964567,0.0331256613,-0.127781183,1.66979754,0.572952807,-0.147586182,-0.86144805,-0.018418014,0.296315074,1.81401646,0.319688857,0.143816873,0.051825162,0.21417751,0.518789713,-0.456243615,1.40596336,0.213887951,0.259316347,-0.851196866,0.354145512,1.3395151,-0.11114759
4.46662208,-1.95249701,-1.54729223,0.110430131,-0.0248076934,0.686087906,0.0612590127,0.724510372,-0.811478436,0.0286988579,-0.130534425,1.6638422,0.582868934,-0.156826764,-0.858800173,-0.0162657052,0.299401343,1.81357288,0.319878161,0.150869876,0.0490509644,0.214470652,0.518773871,-0.461397049,1.40433497,0.214231427,0.259987269,-0.852104026,0.354905598,1.33916021,-0.112965713
4.49995508,-1.95238602,-1.54730368,0.110406436,-0.0250306744,0.686135232,0.0610661283,0.724474192,-0.810606837,0.027353745,-0.131298915,1.66287255,0.582067966,-0.159312442,-0.856835842,-0.012704662,0.302199066,1.81315243,0.320549458,0.154539019,0.0488723516,0.214937606,0.518538216,-0.46950495,1.40259004,0.213629894,0.261083616,-0.853740185,0.358258401,1.33635956,-0.114830655
4.53328808,-1.95228159,-1.54727423,0.110339136,-0.0252497233,0.686164558,0.060721226,0.724467814,-0.811303973,0.0277677961,-0.130918115,1.66328144,0.580046415,-0.157582238,-0.855341017,-0.00917547196,0.304240137,1.81273401,0.321219772,0.156838343,0.0491858013,0.215591561,0.518045667,-0.481030763,1.40073586,0.211730145,0.262370626,-0.856192123,0.364909683,1.33038302,-0.116716801
4.56662108,-1.95216048,-1.54721498,0.110255305,-0.0253118258,0.686038792,0.0606607981,0.724589765,-0.811736822,0.0296292286,-0.129772186,1.66309154,0.579837203,-0.156049758,-0.854426622,-0.00580551801,0.306087464,1.81220019,0.32175836,0.158443898,0.0491650067,0.21642205,0.517254952,-0.496341831,1.39877397,0.208169263,0.263564756,-0.859504117,0.375616702,1.32047005,-0.118563633
4.59995408,-1.95198023,-1.54703236,0.11021343,-0.0255551338,0.685882807,0.0602292046,0.724764884,-0.811933577,0.0325051658,-0.128649354,1.66220832,0.580520749,-0.155267537,-0.853937387,-0.0024702982,0.307324916,1.81148815,0.322242886,0.159484401,0.0477903187,0.217376557,0.516127626,-0.515659963,1.3966853,0.202601394,0.264331076,-0.863647531,0.391156725,1.30589962,-0.120266898
4.63328708,-1.95165253,-1.54674745,0.11022999,-0.02565464,0.685624361,0.0598615743,0.725036323,-0.812209785,0.0363577157,-0.127016485,1.66105306,0.580479681,-0.153750598,-0.853454709,0.000992416171,0.308521062,1.8106575,0.322443783,0.161642626,0.0449499674,0.218336241,0.514637722,-0.539016724,1.39440879,0.194730582,0.264279675,-0.86848635,0.412284164,1.28608156,-0.121671164
4.66662009,-1.95087898,-1.54641783,0.110287902,-0.0258033238,0.684928656,0.0597594529,0.725696743,-0.812258184,0.0410334952,-0.124230824,1.65911639,0.579218447,-0.150822714,-0.853291512,0.00501470221,0.310690105,1.808676,0.322838753,0.16528894,0.0399968997,0.219083981,0.512782896,-0.566223423,1.39181185,0.184346767,0.262960184,-0.873742116,0.439677707,1.26066502,-0.12256645
4.69995309,-1.94950223,-1.5458684,0.110312117,-0.0244866852,0.683820188,0.0606219582,0.726715446,-0.812444389,0.0481940657,-0.119829148,1.65565681,0.578396261,-0.147371233,-0.85322547,0.0115295956,0.31409514,1.80463111,0.324406505,0.170226797,0.0347361714,0.219261745,0.51059554,-0.596863824,1.38865033,0.171360257,0.259853032,-0.878963024,0.473882636,1.22965731,-0.122689955
4.73328609,-1.94754994,-1.54519069,0.110114716,-0.0234044511,0.68222487,0.0607947707,0.72823447,-0.81344074,0.0553449616,-0.115512997,1.65120852,0.577646255,-0.142910585,-0.854351103,0.0186558403,0.316655189,1.79920828,0.327550888,0.17405504,0.0269674677,0.218453349,0.508133569,-0.630325565,1.38459942,0.155828183,0.254356936,-0.883501742,0.515254569,1.19354315,-0.121730837
4.76661909,-1.94430435,-1.5443778,0.109178836,-0.0229599327,0.679336071,0.0616065636,0.730876207,-0.817817509,0.0604819246,-0.111817867,1.64450014,0.576129735,-0.138009474,-0.857995927,0.0246644113,0.318340987,1.79122174,0.333077222,0.173771799,0.0200648569,0.216249729,0.505468729,-0.665853952,1.37928577,0.13797072,0.245777422,-0.886507306,0.563912769,1.15338885,-0.119335607
4.79995209,-1.94050217,-1.54349148,0.107324881,-0.0209930241,0.675392151,0.0624045581,0.7345137,-0.828808665,0.0645298064,-0.1099727,1.63912547,0.568601072,-0.130614892,-0.866939187,0.0301099848,0.317887008,1.78158724,0.339510083,0.169660479,0.0175036732,0.212292616,0.502672001,-0.702612528,1.37233045,0.118174866,0.233324439,-0.886939696,0.61970933,1.11090532,-0.115117857
4.83328509,-1.93571174,-1.54233789,0.104748047,-0.0190034695,0.670858085,0.0622057281,0.738727748,-0.844266415,0.0673093647,-0.110107079,1.63444579,0.556991935,-0.120040141,-0.879834473,0.0347639173,0.315422177,1.77012432,0.346575379,0.164095521,0.0166368969,0.206294775,0.499798936,-0.739737247,1.36340621,0.0969812798,0.216133551,-0.883619411,0.682215313,1.06843108,-0.108675994
4.86661809,-1.93248737,-1.54177082,0.102027498,-0.018994296,0.665581107,0.06201021,0.743502319,-0.859858274,0.0669222325,-0.111176856,1.63385737,0.546420574,-0.10872104,-0.894671082,0.0361411609,0.31262812,1.76355755,0.34893176,0.158518925,0.0152850598,0.19804542,0.496884774,-0.776391453,1.35229453,0.0750367004,0.193326186,-0.875320111,0.750720864,1.02879777,-0.099619359
4.89995109,-1.93088067,-1.54162955,0.100502556,-0.0193885658,0.663571358,0.0605138019,0.745409429,-0.864882767,0.065322727,-0.113301128,1.63562167,0.542894065,-0.100699067,-0.901600242,0.0359260403,0.309185028,1.76246679,0.345556408,0.153714925,0.0169138834,0.187413615,0.493946984,-0.811798762,1.33893519,0.0530161487,0.164116499,-0.860905559,0.824236088,0.995072723,-0.0876016062
4.93328409,-1.92899084,-1.54144824,0.0994967121,-0.0189648829,0.663034976,0.0606358647,0.745887578,-0.861991704,0.0664931089,-0.113908201,1.63390136,0.54842639,-0.0991237015,-0.904759049,0.0376378484,0.307419121,1.76201296,0.341724902,0.148633987,0.0215884801,0.17436627,0.490989233,-0.845250216,1.3234722,0.0315381496,0.127962433,-0.839498439,0.901477615,0.970206379,-0.0723558746
4.96661709,-1.92678118,-1.5409112,0.0959994651,-0.0167737044,0.65756619,0.0597845726,0.75083369,-0.872707605,0.0760706067,-0.1157142,1.62986922,0.559855163,-0.10639336,-0.925316334,0.0460006036,0.305225432,1.75999832,0.342978597,0.144668117,0.0272465609,0.159021664,0.48800387,-0.876114317,1.30627976,0.0110988153,0.0847403294,-0.810656254,0.980839096,0.956644754,-0.0537313432
4.99995009,-1.92279267,-1.53983784,0.0887336152,-0.0127761271,0.640128553,0.0579688288,0.765971184,-0.913754046,0.0971599221,-0.119696982,1.62351704,0.572592735,-0.117908075,-0.977797389,0.0615477152,0.298814774,1.75242603,0.352544934,0.142404065,0.0243331138,0.141753799,0.48497241,-0.903879208,1.28795904,-0.00796079341,0.0348994761,-0.774525839,1.0603832,0.955973116,-0.0317334608
5.03328309,-1.91882062,-1.53826821,0.0802627151,-0.00523160119,0.620849252,0.0534277707,0.78208971,-0.973834336,0.124316074,-0.131860122,1.61978638,0.581252933,-0.124783009,-1.04371369,0.0771498755,0.280149072,1.74335277,0.364027083,0.138737112,0.0092079388,0.123350504,0.481862167,-0.928229391,1.26931457,-0.0254537979,-0.020461166,-0.731941987,1.13790418,0.968656566,-0.00657426576
5.06661609,-1.913607,-1.53669441,0.0731509734,-0.00865354668,0.600571096,0.0354052857,0.798740208,-1.04086983,0.135547042,-0.158501878,1.61670899,0.591220498,-0.124107882,-1.10394681,0.0703660101,0.244042635,1.73243165,0.373569459,0.130289748,-0.0312639885,0.10467784,0.478695666,-0.949051254,1.25114115,-0.0412986796,-0.0796449176,-0.684431365,1.21108861,0.993936494,0.021270693
5.09994909,-1.9108144,-1.53594625,0.0726348848,-0.0110548437,0.592024922,0.0259191971,0.805426896,-1.09099901,0.136896998,-0.176887766,1.62260449,0.596657157,-0.118458606,-1.14209938,0.0510837585,0.214731753,1.7288779,0.372456878,0.121155962,-0.0667338073,0.0863459436,0.475615329,-0.966412256,1.23404028,-0.0554474886,-0.140534965,-0.634084009,1.27774502,1.02992225,0.0510276945
5.13328209,-1.9092772,-1.53539944,0.0765125981,-0.0134956781,0.566348791,0.0170250963,0.823879242,-1.15891254,0.135562494,-0.188241482,1.62909782,0.598281443,-0.112192072,-1.19735074,0.0299848225,0.191631839,1.72835207,0.371515036,0.120501041,-0.0792629793,0.068332187,0.472939342,-0.980460655,1.21828134,-0.0678151853,-0.200850415,-0.583293994,1.33604553,1.07386715,0.0816584059
5.16661509,-1.90949476,-1.53565252,0.0810595166,-0.0189591534,0.539123118,0.0118977381,0.841929495,-1.23574424,0.129334122,-0.192483351,1.63713765,0.597450078,-0.110080443,-1.26315534,0.00941858627,0.17921029,1.73135281,0.371367902,0.126729667,-0.0826671347,0.0503237699,0.471048031,-0.991393849,1.20392626,-0.0782693914,-0.258407361,-0.534430124,1.38472342,1.12255853,0.111968982
5.1999481,-1.9109199,-1.53656697,0.0856039812,-0.0195901413,0.512036085,0.0119254431,0.858657718,-1.30943298,0.126839891,-0.191226438,1.64639986,0.5931952,-0.112685524,-1.33006811,-0.00557534164,0.175231367,1.73281336,0.370785922,0.132568792,-0.0786732063,0.0319905577,0.47027753,-0.999408196,1.19095658,-0.0866585019,-0.311333903,-0.489523994,1.42317966,1.17272534,0.140756711
5.2332811,-1.91303992,-1.5377866,0.0899846165,-0.023125669,0.485182405,0.0107146958,0.874041438,-1.37910104,0.12186829,-0.189035937,1.65272212,0.587990761,-0.115941703,-1.39469969,-0.0203920621,0.174491465,1.73455799,0.369358569,0.139574617,-0.0772407502,0.0132218,0.470833676,-1.0046879,1.17936114,-0.0928719799,-0.358209511,-0.450052589,1.4514796,1.22137718,0.166953926
5.2666141,-1.91563642,-1.53925598,0.0939004098,-0.0264981277,0.459247351,0.0101427734,0.887855172,-1.44445097,0.115410134,-0.185493201,1.65717494,0.58487767,-0.117898084,-1.45603168,-0.0342760123,0.176533952,1.73730862,0.370616645,0.147659168,-0.0763301402,-0.00562220832,0.472724729,-1.00745244,1.16918014,-0.0969087334,-0.398122897,-0.416843535,1.47024654,1.26602191,0.189742988
5.2999471,-1.91888034,-1.54063535,0.0972156661,-0.0287356749,0.435319543,0.0100164516,0.899761558,-1.50464439,0.11245878,-0.180935279,1.66288102,0.584209025,-0.117799461,-1.51475143,-0.0434391387,0.179598674,1.74236131,0.371923149,0.152090818,-0.0735984743,-0.0239262873,0.475822189,-1.00792534,1.16039989,-0.0989012747,-0.430657009,-0.390099897,1.4804927,1.30476203,0.208619975
5.3332801,-1.92272389,-1.54164648,0.0999528549,-0.0280028153,0.413876295,0.0104189683,0.90984267,-1.55989969,0.116078839,-0.177103028,1.6705482,0.585448384,-0.11531622,-1.57037663,-0.0454994403,0.181265205,1.74938154,0.372938871,0.151343703,-0.0691547096,-0.0409735892,0.479925421,-1.00631812,1.15285732,-0.0991013154,-0.455820861,-0.369524214,1.48343391,1.33629153,0.223404409
5.3666131,-1.92730951,-1.54275119,0.102159201,-0.0273122899,0.394479841,0.0108523993,0.918434501,-1.60959113,0.12024866,-0.174061418,1.68018878,0.588713646,-0.111624032,-1.62183404,-0.0457876399,0.182836965,1.75936031,0.37298274,0.146958679,-0.0666614249,-0.0560432508,0.484830211,-1.00281454,1.14617977,-0.0978350128,-0.473947443,-0.354515688,1.48031681,1.35983226,0.234209797
5.3999461,-1.93252993,-1.54377341,0.10393776,-0.0275225267,0.379792035,0.0113119017,0.92459321,-1.65214252,0.122322038,-0.172118068,1.69154632,0.592396379,-0.108452097,-1.6676867,-0.0464046784,0.185316056,1.77315104,0.369113266,0.139308482,-0.0677181929,-0.0684628429,0.490403811,-0.997555478,1.13977412,-0.0954477523,-0.485576727,-0.344419313,1.47227814,1.37505495,0.241388296
5.4332791,-1.93797565,-1.54453814,0.105837595,-0.0283099841,0.364417195,0.0110959169,0.930739224,-1.69333792,0.12224029,-0.172503278,1.70376432,0.596724749,-0.107350409,-1.71247399,-0.0469487607,0.188092902,1.78821003,0.364429682,0.130960137,-0.071260877,-0.0776287429,0.496668198,-0.990628786,1.13286632,-0.0922532591,-0.491320664,-0.338623068,1.46025874,1.38191122,0.245452599
5.4666121,-1.94323754,-1.54486454,0.107686786,-0.0286647044,0.349395722,0.0106979292,0.936475575,-1.73411822,0.121918567,-0.175377563,1.71492887,0.600253582,-0.107970066,-1.75520682,-0.0451540612,0.191453725,1.80253303,0.360733598,0.127395287,-0.0744732022,-0.0830412104,0.503750621,-0.982071643,1.12450853,-0.0884873084,-0.491740912,-0.336678368,1.44496707,1.3805228,0.246989249
5.4999451,-1.94814575,-1.54500616,0.109405557,-0.0289138928,0.334914625,0.0102841584,0.941748619,-1.77249539,0.12186221,-0.179468572,1.72531021,0.601202726,-0.110345215,-1.79501629,-0.0422407016,0.194910318,1.8153193,0.358252615,0.127675503,-0.0772831142,-0.084332652,0.511837681,-0.97187223,1.11364153,-0.0842687781,-0.487247732,-0.338439601,1.42688966,1.37114631,0.246577068
5.5332781,-1.95221138,-1.54491925,0.111096285,-0.0287275054,0.319909632,0.00969872903,0.946962774,-1.81001425,0.122195482,-0.183294758,1.73317444,0.602575243,-0.11174158,-1.83314061,-0.0378202833,0.198069721,1.82455575,0.357629299,0.129827201,-0.0791607723,-0.0812958072,0.521130712,-0.959972197,1.09919977,-0.079579161,-0.478088002,-0.343950132,1.40632679,1.35405059,0.244722472
5.5666111,-1.95508265,-1.5448283,0.112847475,-0.0289031416,0.303061455,0.00919653662,0.952488184,-1.84828186,0.120847017,-0.185821727,1.73663878,0.603948593,-0.110554397,-1.87161732,-0.0328904204,0.200734451,1.82818556,0.358920991,0.131502554,-0.0807597488,-0.0739115997,0.531801522,-0.946274872,1.08023949,-0.0742717212,-0.464361554,-0.353345018,1.38345411,1.32946686,0.241811426
5.5999441,-1.95692503,-1.54458892,0.114586526,-0.0283370465,0.285014004,0.00841470435,0.958067417,-1.88660467,0.119280547,-0.187922806,1.73622084,0.604310632,-0.105418734,-1.90941691,-0.0265723523,0.201237455,1.82645595,0.363692969,0.132023394,-0.0811875835,-0.0623719421,0.543949909,-0.930668495,1.05606937,-0.0681125153,-0.446068377,-0.36676479,1.35839815,1.2975993,0.238081967
5.6332771,-1.95786726,-1.5442853,0.116205586,-0.0271493383,0.266246647,0.00747385062,0.963493526,-1.92436624,0.117978185,-0.189560995,1.73266613,0.603042245,-0.093853645,-1.94663739,-0.0195957441,0.199843049,1.82032633,0.368901283,0.132293865,-0.0797370598,-0.0470872439,0.557563875,-0.913065775,1.02636634,-0.060849342,-0.423186052,-0.384279647,1.33131272,1.25868155,0.233619573
5.6666101,-1.95822871,-1.54387474,0.117571963,-0.0250629801,0.247742638,0.00636566151,0.968480706,-1.95981967,0.117947944,-0.191708297,1.72720754,0.602002203,-0.0807916895,-1.98148835,-0.0128230965,0.196999073,1.81317687,0.371070713,0.133377612,-0.0759987235,-0.0286641138,0.572484238,-0.893454389,0.991263602,-0.052299575,-0.395770462,-0.405827076,1.30243951,1.21306412,0.228374602
5.6999431,-1.95845318,-1.54339719,0.11864368,-0.0232821926,0.233374715,0.00556020858,0.972092211,-1.9895221,0.117245905,-0.195133165,1.72192228,0.601029158,-0.0758236274,-2.009969,-0.00894630048,0.194604129,1.80756271,0.37119633,0.134781703,-0.0727019161,-0.00783790179,0.588375548,-0.871954669,0.951402493,-0.042438295,-0.364065593,-0.431170932,1.27213483,1.1613149,0.222202556
5.7332761,-1.95856428,-1.54288244,0.119831473,-0.0255373139,0.218227863,0.00258369651,0.975560248,-2.02006817,0.112866499,-0.19827947,1.71608412,0.599119782,-0.076220274,-2.03813553,-0.0102337394,0.193642855,1.80280721,0.370239675,0.136067927,-0.0727963075,0.0146526022,0.604704449,-0.848888954,0.907942057,-0.0314583062,-0.328602787,-0.459895364,1.24085805,1.10431238,0.214922224
5.76660911,-1.95863366,-1.54264462,0.121047152,-0.0250425562,0.202519119,0.00225271727,0.978955448,-2.05184865,0.112115353,-0.199108765,1.71157956,0.594036222,-0.0788851157,-2.0676024,-0.0098813884,0.193528756,1.79704559,0.370164245,0.13662678,-0.0685982406,0.0380228121,0.620824059,-0.824779699,0.862456644,-0.0197654984,-0.290273289,-0.491450291,1.20913459,1.04331168,0.206378487
5.79994211,-1.95892334,-1.54272664,0.122104551,-0.025684325,0.187639311,0.00239363243,0.981899202,-2.08287621,0.113398373,-0.197312444,1.70883727,0.587165773,-0.0798286498,-2.09650207,-0.00986189395,0.193903223,1.79191113,0.371496439,0.136386827,-0.0611506701,0.0614511477,0.636065775,-0.800347621,0.816779808,-0.00791314606,-0.250244199,-0.525086962,1.17755516,0.979898075,0.196484546
5.83327511,-1.95911431,-1.54295611,0.12296453,-0.0247297529,0.173196241,0.00215273281,0.984574437,-2.11206198,0.11805743,-0.196350351,1.70694578,0.581099153,-0.0784957558,-2.1224575,-0.00917011593,0.191871941,1.78624153,0.375139952,0.135896862,-0.048537977,0.084123214,0.649833552,-0.776480747,0.7727963,0.00350834708,-0.209843378,-0.559858025,1.14676698,0.915890948,0.185246772
5.86660811,-1.95985115,-1.54308462,0.12356418,-0.0227568336,0.161945328,0.00179179211,0.986535668,-2.13609862,0.12599504,-0.196721077,1.7067486,0.578968167,-0.0773434788,-2.14304566,-0.00786315929,0.187673569,1.7820729,0.380765706,0.135155097,-0.0343166851,0.105299687,0.661689468,-0.754144033,0.732204389,0.013982513,-0.170422427,-0.594673011,1.11743371,0.853201908,0.172778338
5.89994111,-1.96127999,-1.54329169,0.123983334,-0.0216588676,0.152754858,0.00163093209,0.988025427,-2.15517712,0.133666858,-0.196163073,1.70775557,0.581306219,-0.0777639747,-2.15990853,-0.00782746077,0.184274495,1.78050911,0.387412816,0.134356409,-0.0213602595,0.124386959,0.671422763,-0.734226436,0.696288425,0.0231377003,-0.133215399,-0.628395801,1.09014508,0.793656898,0.159307949
5.93327411,-1.96330905,-1.54347837,0.124285912,-0.0221893582,0.145308807,0.00172906509,0.989135981,-2.16957808,0.138765439,-0.192381844,1.70896769,0.587501287,-0.0792992562,-2.17536974,-0.00973867252,0.184381068,1.78315115,0.394412309,0.133714229,-0.0147066768,0.140970841,0.67910361,-0.717353096,0.665740459,0.0307765226,-0.0991941181,-0.659960404,1.06528565,0.738807089,0.145181794
5.96660711,-1.9654907,-1.54369438,0.12452233,-0.0263825879,0.139223143,0.00234242366,0.989906728,-2.18009138,0.138606206,-0.183072522,1.7082659,0.599814713,-0.0802238584,-2.19339561,-0.0140755121,0.190388337,1.79041469,0.402629972,0.13234657,-0.0161561351,0.154921675,0.685047604,-0.70377815,0.640623443,0.0368784937,-0.0689379545,-0.688483921,1.04291084,0.689759494,0.130847766
5.99994011,-1.96741581,-1.54376483,0.124747431,-0.0319289304,0.132935405,0.00307072932,0.990605533,-2.18867254,0.135882169,-0.171472028,1.70475245,0.616337895,-0.07981354,-2.2126739,-0.0199878868,0.199082464,1.79965711,0.410616308,0.132216752,-0.0228068456,0.166499935,0.689716804,-0.693361782,0.62046141,0.0415888928,-0.042549761,-0.713359982,1.02266476,0.647056208,0.116822989
6.03327311,-1.96899605,-1.54377174,0.124958903,-0.0368295535,0.12668328,0.00363198947,0.991252601,-2.19763279,0.133068219,-0.161860004,1.70048785,0.630953789,-0.0815895647,-2.22907615,-0.026378274,0.206860736,1.80796611,0.416511863,0.134159625,-0.031230133,0.176358892,0.693619199,-0.685590108,0.604385177,0.0451991929,-0.0195640727,-0.734298342,1.00380388,0.610650537,0.103655836
6.06660611,-1.9702431,-1.54365361,0.125136304,-0.0404613763,0.120989718,0.00398134533,0.991820812,-2.2062695,0.131267473,-0.155764461,1.69768417,0.640744209,-0.0853073895,-2.24266624,-0.0319396034,0.212275445,1.81313419,0.422028989,0.137174368,-0.0386855789,0.185472972,0.697226063,-0.679646744,0.591294662,0.0481141936,0.00106534807,-0.751331276,0.985270116,0.579946823,0.0918887896
6.09993911,-1.97124517,-1.54349482,0.125268485,-0.0428381748,0.116416991,0.00416640751,0.99226743,-2.21484923,0.130104125,-0.15205963,1.69657052,0.643307328,-0.0874579772,-2.25322175,-0.0363040194,0.215618581,1.81622612,0.427482784,0.14001444,-0.0441439785,0.195031785,0.700919373,-0.674518805,0.580003406,0.0508045296,0.0209103533,-0.76478856,0.96579682,0.553890458,0.0820254164
6.13327211,-1.97199214,-1.54335463,0.125362214,-0.0445639454,0.112831205,0.00428356044,0.99260509,-2.22240067,0.128694952,-0.148909763,1.69668853,0.640698552,-0.0856409669,-2.26145935,-0.0396866724,0.21789898,1.81795895,0.431378573,0.141626909,-0.0479617789,0.206328626,0.704968259,-0.669109458,0.569352271,0.053750578,0.041962661,-0.775247361,0.944031948,0.53109055,0.0745047507
6.16660511,-1.97251201,-1.54320884,0.125420208,-0.045850791,0.110494912,0.00437115133,0.992808878,-2.22797155,0.127288148,-0.145822987,1.69686365,0.637462795,-0.0802065656,-2.26702785,-0.042406559,0.218817845,1.81894624,0.434738666,0.142083526,-0.0511536263,0.220652573,0.709526538,-0.662338987,0.558297804,0.0573871041,0.0664891694,-0.783464691,0.918669294,0.509962094,0.0696829128
6.19993811,-1.97278428,-1.54311907,0.125447114,-0.0467059053,0.109376431,0.00443676766,0.992892563,-2.23050714,0.126298621,-0.143346593,1.69674623,0.636742413,-0.0760546476,-2.26956153,-0.0449149907,0.218809351,1.81896269,0.438126028,0.141897097,-0.0544122905,0.239179665,0.714642165,-0.653228175,0.545989691,0.0620556667,0.096851796,-0.790297811,0.888584536,0.488880577,0.0678197319
6.23327111,-1.97285354,-1.54302561,0.125447277,-0.0473748557,0.109386005,0.00450980105,0.992859483,-2.23000765,0.126038074,-0.141631484,1.69622862,0.63848573,-0.0741967261,-2.27000046,-0.0478952974,0.218238071,1.81896532,0.440217316,0.141127214,-0.057832323,0.262854794,0.720240508,-0.640983021,0.531821449,0.0679652873,0.135290308,-0.796616858,0.852976708,0.466343967,0.0690682386
6.26660411,-1.97271526,-1.54288065,0.12542252,-0.0480759703,0.110511236,0.00461563934,0.992700696,-2.22650409,0.126441896,-0.140194356,1.69551277,0.642250061,-0.0737853572,-2.26853371,-0.052503448,0.217069358,1.81959033,0.44035846,0.139520288,-0.0622907653,0.292267526,0.726118877,-0.625073529,0.515476008,0.0751598841,0.183670343,-0.80321388,0.81151136,0.44113422,0.0734669887
6.29993712,-1.97229004,-1.5427711,0.125373352,-0.0487889722,0.112402305,0.00474519609,0.992452919,-2.22048378,0.127366364,-0.138559967,1.69458926,0.645975947,-0.073769778,-2.26445103,-0.0582047403,0.215314433,1.82017863,0.439603239,0.137283534,-0.0672371462,0.327534848,0.731957361,-0.605304159,0.496953308,0.0834946426,0.243210977,-0.810713548,0.764449243,0.412463812,0.0809382945
6.33327012,-1.97145283,-1.54283035,0.125290211,-0.048689384,0.115615986,0.00482146535,0.992088199,-2.21121597,0.129376724,-0.137091056,1.69349241,0.650293171,-0.0724721625,-2.25669098,-0.0639125928,0.212057963,1.81958807,0.438669711,0.134097353,-0.0719225928,0.368213736,0.737352822,-0.581863867,0.476560811,0.0926272765,0.314220629,-0.819494232,0.712732782,0.380084398,0.0912978614
6.36660312,-1.97008216,-1.54315662,0.125180465,-0.0477620997,0.119586721,0.00481921807,0.991662502,-2.20022774,0.132175997,-0.136016235,1.69169939,0.652635217,-0.0687172189,-2.24707365,-0.0688410774,0.207762524,1.81694281,0.43640846,0.12802735,-0.0751190037,0.413267429,0.74188277,-0.555335633,0.454852271,0.102033983,0.395878403,-0.829635136,0.658001526,0.344329844,0.104276806
6.39993612,-1.96822333,-1.5435977,0.125052229,-0.0465866514,0.124172367,0.00532829622,0.991152108,-2.18841982,0.135144323,-0.135279804,1.68982387,0.650567293,-0.0643014684,-2.23598313,-0.0736953393,0.203015879,1.81361473,0.433078706,0.118612349,-0.0767162591,0.461141311,0.745176627,-0.526675852,0.43255133,0.111061656,0.486100883,-0.840903748,0.602502409,0.30607084,0.119547887
6.43326912,-1.96560323,-1.54373181,0.124888089,-0.0455985479,0.129751518,0.00577045046,0.990480721,-2.17645383,0.137022242,-0.135420129,1.68700993,0.641681731,-0.0600448549,-2.22431898,-0.0793974772,0.197258919,1.80947888,0.427427828,0.104190089,-0.0785348266,0.50989939,0.747033114,-0.497104819,0.410471032,0.119016821,0.581524933,-0.852796688,0.548867972,0.266566896,0.136749266
6.46660212,-1.96240461,-1.54298151,0.124713772,-0.0450267121,0.133907408,0.00481945369,0.989958644,-2.16752696,0.137046158,-0.136679977,1.68386114,0.622021854,-0.0555206612,-2.21547246,-0.0859060735,0.190491095,1.80485749,0.417188704,0.0897508189,-0.0829945728,0.557451409,0.747298019,-0.468066715,0.38933225,0.125267465,0.677615658,-0.864647964,0.4997548,0.227212535,0.155507103
6.49993512,-1.95954776,-1.54188514,0.1245693,-0.0461709276,0.13856177,0.0055349879,0.989261448,-2.16119504,0.137393892,-0.137372896,1.68383563,0.587845564,-0.0503560007,-2.21000409,-0.0894546807,0.185212672,1.80212116,0.400783151,0.0788391009,-0.0866057947,0.601786241,0.745826667,-0.441080191,0.369689014,0.129317484,0.769249352,-0.875680645,0.457633512,0.189485668,0.175456765
6.53326812,-1.95750844,-1.54090035,0.124446473,-0.0418639705,0.144439965,0.00736827869,0.988600135,-2.15912223,0.14292267,-0.144812644,1.69081151,0.540280938,-0.0522495024,-2.20643806,-0.0852568895,0.176475525,1.80320919,0.376702666,0.0745781735,-0.0774258524,0.641176982,0.742566742,-0.41748886,0.352000686,0.130833885,0.851399812,-0.885070823,0.424574798,0.154770149,0.196268284
6.56660112,-1.95594394,-1.54017293,0.12431113,-0.0368357785,0.151300326,0.00963964127,0.987754226,-2.16184258,0.147729665,-0.15997462,1.70593476,0.484369755,-0.067913875,-2.20721555,-0.0801219046,0.167594165,1.81228304,0.348180294,0.0821052343,-0.0631108806,0.674337442,0.737799928,-0.398136326,0.336863162,0.129633924,0.919873852,-0.892131441,0.40201964,0.124165469,0.21767496
6.59993412,-1.9541887,-1.53951216,0.124194079,-0.0359753482,0.156394646,0.00933952071,0.986995041,-2.17198873,0.144960284,-0.18056117,1.7299459,0.43698743,-0.0869656727,-2.21766925,-0.0823528767,0.16270183,1.83764672,0.322956502,0.0936325118,-0.0563680604,0.700466319,0.732181676,-0.383242009,0.325030767,0.125670466,0.972071184,-0.896666258,0.390567489,0.0983060632,0.239489658
6.63326712,-1.95285571,-1.53934908,0.124258275,-0.0348283052,0.159633547,0.0108855525,0.986501694,-2.18969131,0.137340039,-0.206263542,1.76871514,0.407885969,-0.0928460434,-2.24273896,-0.0886831656,0.163842186,1.88587832,0.311401367,0.092553854,-0.0548356175,0.719145162,0.726407002,-0.372619106,0.31704247,0.119051424,1.00789001,-0.899521816,0.389879092,0.0773942901,0.261585966
6.66660012,-1.95207441,-1.53978169,0.124577303,-0.0353894271,0.159353897,0.0133874249,0.98649615,-2.21574759,0.124251917,-0.235686392,1.82569599,0.3924312,-0.0648896322,-2.28517628,-0.0984213501,0.172941878,1.95593584,0.312624991,0.0756585971,-0.0570271276,0.730159759,0.721055491,-0.365825248,0.312991174,0.110053611,1.02881473,-0.901788404,0.398918735,0.0613901745,0.283840728
6.69993312,-1.95140159,-1.54054332,0.125124403,-0.0351271294,0.1565409,0.0168905482,0.986902118,-2.24627852,0.112741783,-0.269278377,1.90061319,0.390216053,-0.0335829407,-2.33930683,-0.110260442,0.188259721,2.03933001,0.317398012,0.0500495508,-0.0607824624,0.733481627,0.716420735,-0.362422199,0.312586046,0.0991016292,1.03717195,-0.904313512,0.416193468,0.0501719588,0.306084496
6.73326612,-1.95046127,-1.54120529,0.125816759,-0.0347734354,0.1511067,0.0204582755,0.987693787,-2.27460027,0.108065389,-0.303396702,1.98514712,0.404583037,-0.0360987745,-2.39538932,-0.12439803,0.205437481,2.12902761,0.319961101,0.0202534888,-0.0657295883,0.729243908,0.712456604,-0.362143737,0.315303595,0.0867156678,1.03556353,-0.907462069,0.43996957,0.0436567293,0.328069056
6.76659912,-1.94930446,-1.54146004,0.126500494,-0.0346957482,0.14419274,0.022694923,0.98868072,-2.30120111,0.109650679,-0.338035911,2.0635705,0.419375837,-0.0589840785,-2.43751335,-0.138808697,0.214988798,2.20902038,0.322648257,-0.0111565078,-0.0691568851,0.717733269,0.70881982,-0.364959177,0.320626752,0.0734392936,1.02646626,-0.911049925,0.468446,0.0418801398,0.349453941
6.79993212,-1.94726872,-1.54115462,0.12704227,-0.0260022786,0.142198086,0.0249941368,0.989180923,-2.32647347,0.120541394,-0.379211038,2.12323904,0.407330334,-0.0646751523,-2.44350004,-0.143991888,0.203171417,2.24755907,0.318862915,-0.0357347839,-0.0623134598,0.699414305,0.705008282,-0.371017333,0.328376796,0.0597594677,1.01197674,-0.914390314,0.499875427,0.0450372619,0.369803614
6.83326513,-1.94495821,-1.54053569,0.127559328,-0.016178593,0.137295976,0.0262366198,0.990050375,-2.35115051,0.133077621,-0.42316103,2.16459537,0.379587084,-0.0645394176,-2.44350004,-0.14359647,0.179419667,2.25763154,0.301842809,-0.0465576388,-0.0514681377,0.675001615,0.700619245,-0.380459412,0.339148648,0.0460228932,0.993680667,-0.916413285,0.532634831,0.0534829036,0.38858601
6.86659813,-1.94314981,-1.53982103,0.128027682,-0.00927832723,0.129822522,0.0274219159,0.991114557,-2.37083983,0.143615052,-0.460664272,2.19111371,0.351363599,-0.0733292997,-2.44350004,-0.143706948,0.159457445,2.25546598,0.289089948,-0.0499524325,-0.042769663,0.645567246,0.695427496,-0.393357944,0.354548844,0.0323836773,0.972629196,-0.915828841,0.565248928,0.0676870549,0.405166804
6.89993113,-1.94197893,-1.539186,0.12853719,-0.0048139845,0.121238515,0.0284670293,0.992203474,-2.38446951,0.151539639,-0.483379841,2.20238304,0.32793954,-0.0880316645,-2.44343662,-0.14717862,0.149772584,2.24475479,0.273554802,-0.0466361605,-0.0384150073,0.612674992,0.688867897,-0.41012024,0.376866239,0.0188203685,0.949399044,-0.911310548,0.596378145,0.0881453741,0.418803986
6.93326413,-1.94142997,-1.53844547,0.129765711,-0.00632023439,0.112335645,0.0297556035,0.993204594,-2.39023256,0.1562033,-0.488102287,2.19960833,0.317502975,-0.103123277,-2.44348192,-0.153534621,0.144945428,2.23224187,0.269511014,-0.0432019494,-0.0395435058,0.578203235,0.679964169,-0.431416458,0.408511007,0.00517845425,0.924214143,-0.901684101,0.624794992,0.115242394,0.428661141
6.96659713,-1.94215,-1.53733611,0.132203714,-0.00775314542,0.106062949,0.030243976,0.993869126,-2.38118505,0.162223861,-0.486771137,2.19359398,0.319592088,-0.117950857,-2.44350004,-0.159713164,0.139518276,2.22905302,0.262504131,-0.0490469858,-0.036669381,0.544169902,0.667370979,-0.458015714,0.451530314,-0.00877251812,0.897112318,-0.886106963,0.649365727,0.149063864,0.433847058
6.99993013,-1.94432545,-1.53567815,0.137083043,-0.00860017166,0.101200759,0.0314231142,0.994332433,-2.35999775,0.172398627,-0.484993219,2.18869948,0.319389313,-0.131931603,-2.44350004,-0.164409444,0.139178932,2.23677731,0.249459237,-0.0529997014,-0.0296725184,0.512515622,0.649546865,-0.490548309,0.507168762,-0.0232723175,0.868140149,-0.864230585,0.669054059,0.18915304,0.433483844
7.03326313,-1.94775271,-1.53385329,0.144405908,-0.00963257998,0.0979964733,0.0361315049,0.994484007,-2.3305409,0.186132297,-0.47961551,2.1875937,0.30367294,-0.14086543,-2.44349957,-0.168123722,0.152207285,2.25337696,0.23386915,-0.0459389314,-0.0230069775,0.484816335,0.625091457,-0.529198449,0.575447611,-0.0385060801,0.837562439,-0.836343672,0.682962274,0.234197651,0.426805274
7.06659613,-1.9525466,-1.53189564,0.153549454,-0.0120235011,0.0952313542,0.0416200049,0.994512022,-2.29502869,0.200992838,-0.470754176,2.18946981,0.276575625,-0.148003772,-2.44349027,-0.172564223,0.174616605,2.27719927,0.214937598,-0.0383768231,-0.0247887932,0.461893632,0.593280052,-0.573315449,0.654749722,-0.0545523042,0.805814441,-0.803254891,0.690361944,0.282390845,0.413201733
7.09992913,-1.95851278,-1.52985656,0.163384573,-0.0143429535,0.0927534997,0.0477127656,0.994441807,-2.25627828,0.216130301,-0.459975511,2.19275594,0.244036376,-0.155763149,-2.4434824,-0.175861195,0.196261808,2.30414152,0.195808634,-0.0393988863,-0.039465826,0.443285009,0.554825971,-0.620909858,0.741395515,-0.0713562044,0.773445382,-0.766160942,0.690753539,0.331718924,0.392284025
7.13326213,-1.96513486,-1.52740371,0.172413875,-0.0177842379,0.0900565237,0.0539985746,0.994312704,-2.2196219,0.228802875,-0.450322211,2.19566226,0.210224614,-0.163300291,-2.44350004,-0.176645368,0.21214205,2.330585,0.181499541,-0.0492746867,-0.0672654063,0.42785483,0.511527584,-0.669218123,0.830421091,-0.0886775762,0.741056172,-0.726511604,0.683938437,0.380194842,0.363950633
7.16659513,-1.97199488,-1.52415693,0.178920462,-0.02165238,0.0864443928,0.0558851846,0.994452298,-2.19301367,0.235373288,-0.448693752,2.1988728,0.178566307,-0.16966109,-2.44350004,-0.177715704,0.221460134,2.35172272,0.174676821,-0.0664875656,-0.105248794,0.414305943,0.466127736,-0.715156462,0.916385449,-0.1060895,0.709241852,-0.685887267,0.670085703,0.426046028,0.328446707
7.19992813,-1.97811353,-1.52092516,0.182586584,-0.0238220152,0.0814668238,0.0555324368,0.994842589,-2.1772418,0.237897605,-0.455798984,2.20391178,0.150070816,-0.174171373,-2.44350004,-0.177261323,0.224773407,2.35619998,0.182905406,-0.0793935284,-0.144811586,0.401657158,0.422338072,-0.75568518,0.994269951,-0.123030451,0.678547422,-0.645896761,0.649779741,0.467856205,0.286404626
7.23326113,-1.98354614,-1.51840115,0.185553162,-0.0244976878,0.0765618458,0.0541163273,0.995293736,-2.16357923,0.240133166,-0.466647506,2.21093512,0.122839719,-0.180152014,-2.43860984,-0.170316041,0.226237461,2.35619998,0.190576732,-0.0834878683,-0.182775199,0.389738066,0.385004915,-0.788082894,1.06051216,-0.138907564,0.649438138,-0.608094491,0.624040723,0.504660067,0.238857827
7.26659413,-1.98840916,-1.51675904,0.191728703,-0.0210778564,0.0720672682,0.0601951592,0.995358527,-2.13884926,0.251330465,-0.471048176,2.21700978,0.0927488506,-0.191511229,-2.42198348,-0.150085792,0.230982274,2.35619998,0.184665501,-0.0768548697,-0.216615289,0.379305997,0.359445826,-0.810269798,1.11347248,-0.153209096,0.622279117,-0.573912789,0.594311864,0.535995896,0.187222394
7.29992713,-1.99326491,-1.51580215,0.199217207,-0.0160343349,0.0664488003,0.067606695,0.995367646,-2.1099453,0.265936077,-0.469883531,2.22216487,0.0615938753,-0.204689994,-2.40373778,-0.125561133,0.238048732,2.35617256,0.172433689,-0.0675638989,-0.244117707,0.37130904,0.350034021,-0.820955717,1.15312967,-0.165631106,0.597310117,-0.544600708,0.562408249,0.561934883,0.13323707
7.33326013,-1.99838507,-1.51541388,0.206681962,-0.0112446407,0.0600160286,0.0755131394,0.99527353,-2.08159184,0.280486315,-0.463944882,2.22769141,0.0289264806,-0.215592071,-2.38943219,-0.102525227,0.24747929,2.35618949,0.160952553,-0.0614358932,-0.267592937,0.365709859,0.358340576,-0.81967239,1.18033585,-0.176149713,0.574595036,-0.521168974,0.530420071,0.583136467,0.0788530698
7.36659313,-2.00409913,-1.51554275,0.2131905,-0.00625208765,0.0532625616,0.0839737803,0.995023847,-2.05662441,0.298280001,-0.453825891,2.23465919,-0.0041990485,-0.223141551,-2.37997651,-0.0806739703,0.260234714,2.35619974,0.152036384,-0.058882758,-0.290453106,0.361882165,0.384010208,-0.806702612,1.19655496,-0.184977805,0.553956703,-0.504329784,0.500575469,0.600901116,0.0260815803
7.39992614,-2.01075578,-1.51618588,0.218342204,-0.000166636382,0.0463437885,0.0949674994,0.994401038,-2.03530955,0.324361503,-0.439449072,2.24386096,-0.0346531235,-0.22950691,-2.3759222,-0.0580391847,0.278556794,2.35619998,0.145059019,-0.0525207222,-0.315783709,0.358910445,0.425431566,-0.782940176,1.20356582,-0.192480883,0.534913982,-0.494435716,0.475067073,0.617191447,-0.0231847221
7.43325914,-2.01835132,-1.51779711,0.22283783,0.00756298704,0.0374721289,0.106530711,0.993574262,-2.01793838,0.358164638,-0.42157802,2.25598264,-0.0651080012,-0.233440995,-2.37797523,-0.0353236236,0.301639438,2.35619998,0.139711022,-0.0398253053,-0.342190981,0.355792164,0.480236788,-0.749699816,1.20319046,-0.199103807,0.516633671,-0.491426688,0.455864966,0.634568948,-0.0673443454
7.46659214,-2.02676511,-1.52063501,0.226530884,0.0169917494,0.0272127278,0.121050663,0.992127776,-2.00230742,0.396556526,-0.397450864,2.27196836,-0.0977027118,-0.233317047,-2.3865304,-0.0110388342,0.329646111,2.35619998,0.134425387,-0.0254963078,-0.366982877,0.351554305,0.545657897,-0.708527946,1.1970774,-0.205329249,0.497925757,-0.49480435,0.444553804,0.656010878,-0.105216426
7.49992514,-2.03589725,-1.52455664,0.230367227,0.0280705094,0.0145653896,0.136428788,0.990144968,-1.98837781,0.435367703,-0.368053377,2.29098058,-0.131847948,-0.229603887,-2.40070677,0.0128757693,0.359945446,2.35619998,0.126347557,-0.014578281,-0.386193901,0.345306172,0.618771085,-0.661053318,1.1865502,-0.211653898,0.477300068,-0.503640205,0.442226517,0.684585136,-0.136103598
7.53325814,-2.04538846,-1.52908528,0.234803525,0.0390510522,-0.00116283773,0.150779575,0.987795115,-1.97806883,0.469546229,-0.335880697,2.31144834,-0.164705947,-0.22298491,-2.42032051,0.0342309065,0.391184419,2.35619998,0.11605294,-0.00504284166,-0.399796903,0.336259354,0.696660688,-0.608896419,1.17251707,-0.218562619,0.453097073,-0.516611551,0.449456599,0.722972994,-0.15978045
7.56659114,-2.05483484,-1.53386438,0.239454177,0.0475009754,-0.0199035667,0.162161723,0.985419214,-1.97426999,0.495591074,-0.307998806,2.33496237,-0.195541129,-0.21406658,-2.44015026,0.053416267,0.421799719,2.35619998,0.100969374,0.00797508657,-0.407809317,0.32374308,0.776534656,-0.553645386,1.15543474,-0.226481915,0.42370173,-0.532046807,0.466356691,0.772850595,-0.176421321
7.59992414,-2.06456876,-1.53820944,0.24420755,0.0574839711,-0.0352786034,0.170390502,0.983065665,-1.97031772,0.518050492,-0.287133396,2.349684,-0.215737179,-0.209329456,-2.44350004,0.0756474733,0.44820413,2.35619998,0.0667632744,0.0265004244,-0.406206638,0.307231603,0.855815564,-0.496883856,1.13532565,-0.23570496,0.387852545,-0.547944589,0.492720651,0.834143824,-0.186479286
7.63325714,-2.07377839,-1.54178143,0.248104109,0.0669379905,-0.049074579,0.177813202,0.98055774,-1.96919692,0.537733316,-0.272377998,2.35596871,-0.225374192,-0.207691312,-2.44350004,0.100257963,0.471513063,2.35619998,0.0220395867,0.0512127914,-0.400192499,0.286385679,0.932214342,-0.440224012,1.11185373,-0.246307259,0.344752764,-0.562253622,0.52801211,0.905082937,-0.19062454
7.66659014,-2.08221507,-1.54475069,0.251278638,0.0722307116,-0.0639411062,0.17905207,0.979098856,-1.97794259,0.551784337,-0.268317223,2.35619998,-0.228416145,-0.206833929,-2.44350004,0.118112974,0.490873784,2.35619998,-0.0190257747,0.0858016685,-0.396750182,0.261097535,1.00378189,-0.385297126,1.08446283,-0.258094468,0.293969954,-0.573168647,0.571287085,0.982614162,-0.189685384
7.69992314,-2.08959985,-1.54777741,0.252663191,0.0768046528,-0.0765714496,0.178022221,0.978031695,-1.99168015,0.565108538,-0.269744515,2.35619998,-0.231105417,-0.205745399,-2.44347072,0.134297132,0.505102098,2.35619998,-0.0593133979,0.121411227,-0.394066721,0.231520003,1.06893926,-0.33369543,1.05256508,-0.270606867,0.235409082,-0.579328113,0.621177785,1.06281542,-0.184550932
7.73325614,-2.09531021,-1.55179679,0.252436135,0.0813899711,-0.0887513384,0.18028003,0.976216137,-2.00463271,0.577169597,-0.265440851,2.35616469,-0.235979199,-0.206971407,-2.44349098,0.158606723,0.525895,2.35618997,-0.099308297,0.16366671,-0.390859932,0.198067439,1.12649276,-0.286887144,1.01574361,-0.283172954,0.169329334,-0.579924141,0.675921355,1.14138283,-0.17606555
7.76658914,-2.09957123,-1.5552516,0.253763015,0.0839873031,-0.0990250036,0.180802509,0.974910557,-2.01735926,0.581472635,-0.257311732,2.35619998,-0.243280724,-0.208474085,-2.44350004,0.17826438,0.545637488,2.35614944,-0.118458092,0.199228227,-0.391668856,0.16139003,1.17563366,-0.246130788,0.973926751,-0.294997136,0.0963839216,-0.574751581,0.733436928,1.21419163,-0.164932591
7.79992214,-2.10245085,-1.5581069,0.258112013,0.0815570951,-0.116186582,0.174369127,0.974394441,-2.04225516,0.572305024,-0.251725346,2.35619998,-0.253834069,-0.208234623,-2.44350004,0.175068155,0.549992442,2.35617852,-0.147039115,0.221292764,-0.395705432,0.122332059,1.21592255,-0.212412823,0.927498583,-0.305264324,0.0176987237,-0.564228797,0.791459112,1.27784746,-0.151641823
7.83325514,-2.10368538,-1.5609616,0.264835838,0.0815231577,-0.137263298,0.164277002,0.973409414,-2.07505059,0.55633837,-0.24683547,2.35619998,-0.2682648,-0.206982031,-2.44349003,0.158192277,0.530870497,2.35619998,-0.191374108,0.227525547,-0.394950002,0.0818788256,1.24725696,-0.186412023,0.87733425,-0.313233835,-0.0653758017,-0.549195444,0.847655161,1.32988399,-0.136419242
7.86658814,-2.10332346,-1.5638113,0.273534281,0.084718205,-0.160958245,0.153868511,0.971205294,-2.10898471,0.537855685,-0.238990709,2.35400939,-0.287106693,-0.201624885,-2.44344926,0.137957737,0.495301753,2.35619998,-0.238626391,0.219562769,-0.388398826,0.0410851379,1.26982031,-0.168478911,0.824768095,-0.318310836,-0.151383972,-0.530726183,0.899759052,1.36882715,-0.119238379
7.89992114,-2.10256124,-1.56615794,0.285389402,0.0848570466,-0.185261175,0.143292636,0.968475521,-2.13738132,0.515801728,-0.227136046,2.33590555,-0.303337306,-0.194439858,-2.44348216,0.115018614,0.454517812,2.35434675,-0.257897317,0.197844774,-0.380393863,0.000994564824,1.28401442,-0.158630338,0.771503512,-0.320100259,-0.238787177,-0.509977716,0.945725118,1.39417112,-0.0998922111
7.93325415,-2.10099554,-1.56841195,0.300076831,0.0850495398,-0.210255176,0.132419527,0.964896083,-2.15863109,0.49507153,-0.215018585,2.30680919,-0.316793829,-0.192245409,-2.44350004,0.0901417956,0.411772996,2.32380915,-0.241618782,0.171948433,-0.370034963,-0.037428445,1.29038625,-0.156569488,0.719475136,-0.318440844,-0.325941083,-0.488076177,0.983906321,1.40629756,-0.0781078965
7.96658715,-2.09813166,-1.5708344,0.316843852,0.088488549,-0.234733447,0.121126048,0.960415781,-2.17190742,0.479727626,-0.205736145,2.26911473,-0.32927978,-0.194678962,-2.44350004,0.0666815415,0.367450267,2.26144743,-0.19487071,0.152684554,-0.357436448,-0.0733390074,1.28956215,-0.161733599,0.67068924,-0.313417623,-0.411078805,-0.466039081,1.01323326,1.40633304,-0.0536833414
7.99992015,-2.09473014,-1.57301259,0.334666076,0.089513436,-0.257757068,0.110267282,0.955714285,-2.1760428,0.464802265,-0.196868956,2.22486258,-0.341285944,-0.196346745,-2.44145322,0.0442440398,0.326687425,2.18928885,-0.14166531,0.143068016,-0.346104324,-0.106025763,1.2822012,-0.173360445,0.627078336,-0.305350521,-0.492332815,-0.444722242,1.03333249,1.39596349,-0.0266181238
8.03325315,-2.09222341,-1.57467902,0.35494883,0.0899890661,-0.27418083,0.0989619419,0.95233047,-2.16133189,0.450354993,-0.187850505,2.17357039,-0.350462496,-0.196429983,-2.41058683,0.0236024652,0.291702658,2.11878872,-0.115854092,0.138152406,-0.331604451,-0.134909744,1.26896833,-0.190554899,0.590390965,-0.294753069,-0.567810115,-0.424782391,1.04449716,1.37723291,0.00281988872
8.06658615,-2.09114122,-1.57585299,0.377905498,0.0930480212,-0.283424914,0.0861041024,0.950577974,-2.12836218,0.440335155,-0.181064069,2.11727285,-0.356686473,-0.195080876,-2.34900069,0.00741956197,0.257660449,2.04859948,-0.120104358,0.135684714,-0.308352292,-0.159540685,1.25051811,-0.212340095,0.562113288,-0.28227246,-0.635699865,-0.406658762,1.04751155,1.3523397,0.0341100789
8.09991915,-2.09097958,-1.57688427,0.402044429,0.0979028791,-0.289716244,0.0730762631,0.9492836,-2.08525038,0.43555221,-0.175303459,2.05887413,-0.362591684,-0.191830903,-2.27514911,-0.00484977243,0.221636862,1.97651827,-0.135193989,0.130895868,-0.278574169,-0.179593294,1.22748014,-0.237691705,0.543410524,-0.268630576,-0.694378336,-0.390582486,1.04342728,1.32344279,0.0665392617
8.13325215,-2.09174252,-1.57771301,0.426561156,0.102305047,-0.292181164,0.0605426095,0.94894594,-2.03371382,0.43446818,-0.168506712,1.99954307,-0.368166298,-0.186614096,-2.19605756,-0.0135120731,0.185475066,1.90283728,-0.146875292,0.125800118,-0.246361256,-0.19486216,1.20044239,-0.265560535,0.535082249,-0.254574211,-0.742492809,-0.376609901,1.03338353,1.29250136,0.0992655186
8.16658515,-2.09307933,-1.57812726,0.450923519,0.107769683,-0.291416019,0.0477040447,0.949308574,-1.97555208,0.43552494,-0.16007866,1.93905175,-0.371745467,-0.180179626,-2.11353588,-0.0148341935,0.152219415,1.82855213,-0.153091252,0.12410453,-0.21360068,-0.205258403,1.16993452,-0.294890696,0.537532747,-0.240829742,-0.779024363,-0.36466765,1.01850312,1.2611688,0.131372065
8.19991815,-2.09502769,-1.57829845,0.475183336,0.107406624,-0.287627995,0.0386299901,0.950916231,-1.90706992,0.430993199,-0.142686322,1.87401295,-0.372496575,-0.174262106,-2.029423,-0.0187937394,0.128225148,1.75696528,-0.158940703,0.121341862,-0.189769715,-0.210810683,1.13641386,-0.324640585,0.550759569,-0.228055743,-0.803330282,-0.354600084,0.999853219,1.23074404,0.161918485
8.23325115,-2.09781003,-1.57820439,0.499377576,0.103586614,-0.281317204,0.03163087,0.953483045,-1.82982707,0.421578437,-0.120006368,1.80482125,-0.37090975,-0.169137076,-1.94295132,-0.0281831603,0.109563895,1.68825662,-0.165380195,0.116450131,-0.17474404,-0.211670774,1.10025534,-0.353810393,0.574363247,-0.216796954,-0.815163821,-0.346213627,0.978439834,1.20216739,0.190002595
8.26658415,-2.10135293,-1.57785952,0.523516169,0.0988283083,-0.272736728,0.025561478,0.956657827,-1.74682438,0.410198689,-0.0972131491,1.73307931,-0.367048711,-0.16387783,-1.85276687,-0.0389400795,0.0920528173,1.61970055,-0.171809837,0.110139735,-0.164427593,-0.208117354,1.06174815,-0.381476245,0.607576369,-0.207449647,-0.814671708,-0.339315395,0.955212654,1.17604778,0.21483031
8.29991715,-2.10562992,-1.57721043,0.547449972,0.0939306617,-0.262614906,0.0197914578,0.960113943,-1.66008794,0.399217427,-0.0761676505,1.65941,-0.361384183,-0.158887655,-1.75900078,-0.048007451,0.0745161846,1.54988921,-0.177559629,0.104037814,-0.155871168,-0.200548237,1.02110443,-0.406827799,0.64930444,-0.200241352,-0.802373414,-0.333742305,0.931072698,1.15271154,0.235775999
8.33325015,-2.11060691,-1.57639432,0.57094707,0.0888111442,-0.250497043,0.0143293552,0.96392864,-1.56978786,0.389203757,-0.0563175417,1.58439362,-0.353755623,-0.154618829,-1.66183388,-0.0553900525,0.0571092069,1.47889996,-0.182021946,0.098484911,-0.148439273,-0.18945598,0.978482015,-0.429205305,0.69817011,-0.195219073,-0.779128351,-0.329375885,0.906877982,1.13226601,0.252420234
8.36658315,-2.11617684,-1.57566226,0.593864287,0.0839861035,-0.23660399,0.009459286,0.967923224,-1.47659504,0.37975958,-0.0366929099,1.50874031,-0.343148828,-0.15004836,-1.56178355,-0.0612911098,0.0406971723,1.40615237,-0.184782296,0.0936173871,-0.141681984,-0.175389941,0.934016791,-0.448130393,0.752558087,-0.192243442,-0.746097096,-0.326139781,0.883441332,1.11467559,0.264563985
8.39991615,-2.12219858,-1.57494628,0.616026375,0.0791753232,-0.221394971,0.00517980568,0.971950948,-1.38086116,0.370639026,-0.0168219488,1.43217492,-0.331424743,-0.144293264,-1.45988023,-0.0655512735,0.0257280413,1.33152556,-0.185783833,0.0889626741,-0.13475886,-0.158912694,0.887858033,-0.463328129,0.810663202,-0.190994741,-0.704701061,-0.323980734,0.861515111,1.09984654,0.27222466
8.43324915,-2.12863636,-1.57433617,0.63720836,0.0743728727,-0.205253243,0.00156469026,0.975877702,-1.28315341,0.361278683,0.00303108129,1.35399199,-0.319799334,-0.138976574,-1.35742462,-0.068611145,0.0122144455,1.25534916,-0.184219167,0.0841094628,-0.126280144,-0.140560384,0.84020347,-0.474742424,0.870543931,-0.190990433,-0.656579448,-0.322836793,0.841751849,1.08771078,0.275625137
8.46658216,-2.13559175,-1.57390916,0.657326821,0.0697159246,-0.18809627,-0.00141857506,0.979672134,-1.18393815,0.351080507,0.0223711934,1.27507102,-0.307057738,-0.135396615,-1.25439787,-0.0706138387,0.000866734539,1.17819595,-0.181064501,0.0809133351,-0.115744427,-0.120814083,0.791331541,-0.482545133,0.930184032,-0.191611682,-0.603538101,-0.322598274,0.824630807,1.07829618,0.275187937
8.49991516,-2.14289546,-1.57370007,0.67637976,0.0655207857,-0.170256436,-0.0035771348,0.98321259,-1.08394599,0.339172453,0.0408209153,1.1955303,-0.292278588,-0.132087827,-1.15110028,-0.0713804215,-0.00689081987,1.09936941,-0.175764233,0.0781709328,-0.104342364,-0.100083773,0.741629602,-0.487138273,0.987565957,-0.192146668,-0.547485551,-0.32306629,0.810347719,1.07177768,0.271543081
8.53324816,-2.15049767,-1.57374167,0.694249489,0.0612603836,-0.151864365,-0.00490960386,0.986488879,-0.983833075,0.325008988,0.0580690615,1.1151005,-0.276387036,-0.128186256,-1.04831564,-0.0721835643,-0.0113090072,1.01942897,-0.168598384,0.0761561245,-0.0939742327,-0.0787015251,0.691619667,-0.489151383,1.04076035,-0.191860182,-0.49035336,-0.323908436,0.798663092,1.0685138,0.265554331
8.56658116,-2.15816617,-1.57418251,0.710681396,0.0569578931,-0.133948728,-0.00551448856,0.989334702,-0.886092186,0.308436155,0.0727948993,1.0345453,-0.259390473,-0.124514364,-0.948034346,-0.0742184222,-0.0143212406,0.938971758,-0.159458145,0.075281769,-0.0859274343,-0.0569184721,0.641985536,-0.489437759,1.08803761,-0.190091655,-0.434000671,-0.324606746,0.788698971,1.06908143,0.258367181
8.59991416,-2.16587472,-1.57499075,0.725492434,0.0529038012,-0.116473176,-0.00571859069,0.991767347,-0.791993558,0.290879488,0.0844789594,0.955787718,-0.241589665,-0.121090077,-0.850744367,-0.077321887,-0.0177066587,0.858849168,-0.148854718,0.0754556581,-0.0798847303,-0.0349004753,0.593607903,-0.489076734,1.12800896,-0.186378211,-0.380101532,-0.324389905,0.778665841,1.07432294,0.251486003
8.63324716,-2.17359042,-1.57614446,0.73870014,0.0497049391,-0.0993745774,-0.00595853897,0.99379003,-0.701588273,0.274172872,0.0934830084,0.880234599,-0.223754406,-0.116848089,-0.756105185,-0.0795308799,-0.0208314229,0.779026449,-0.136718959,0.0760306269,-0.0745663866,-0.0127179138,0.547616184,-0.48939231,1.1598053,-0.180602506,-0.330010861,-0.322141111,0.765496433,1.08541763,0.24688822
8.66658016,-2.18118811,-1.57742631,0.750045297,0.0473285094,-0.082678847,-0.00629073568,0.9954319,-0.615700781,0.258920938,0.0996567905,0.809604049,-0.207641825,-0.113417894,-0.665523887,-0.0817344859,-0.0240702666,0.701922953,-0.123465098,0.0773922652,-0.0688688979,0.00804712158,0.505014777,-0.488117486,1.18413627,-0.175522447,-0.283587933,-0.318094134,0.749159634,1.10130036,0.245873272
8.69991316,-2.18848395,-1.57876217,0.759636342,0.0450944379,-0.0669399127,-0.00662996434,0.996715426,-0.535273731,0.244929761,0.103636593,0.743716717,-0.192818537,-0.111078769,-0.57978791,-0.0840459988,-0.0276208557,0.627763987,-0.109524325,0.0796733052,-0.0629227012,0.0250246506,0.464388847,-0.478456408,1.20499957,-0.176857948,-0.24213922,-0.313896686,0.733561456,1.11956966,0.244409531
8.73324616,-2.19544172,-1.58013308,0.767683438,0.0433661938,-0.0518012121,-0.00694280025,0.997691214,-0.45980826,0.232216239,0.106022164,0.682455003,-0.179382309,-0.10954044,-0.498791754,-0.0863283947,-0.0320513174,0.557136595,-0.0953436345,0.0813802183,-0.05700697,0.0359402969,0.427176476,-0.463935524,1.22533095,-0.181178629,-0.205188274,-0.309643179,0.719338775,1.13818276,0.240406841
8.76657916,-2.20196795,-1.58148563,0.774410812,0.041416049,-0.0375731066,-0.00745347468,0.998407423,-0.389504433,0.221332207,0.107977062,0.624947548,-0.166917384,-0.108609661,-0.423192352,-0.0878934637,-0.0360879898,0.491211653,-0.0826827288,0.0819297582,-0.0533078499,0.0417685211,0.39585048,-0.454419881,1.24366319,-0.184638977,-0.173171267,-0.30442524,0.70621711,1.15668857,0.235008851
8.79991216,-2.20812011,-1.58270133,0.779895382,0.0393786244,-0.0246438198,-0.00813817419,0.998887241,-0.325191617,0.211910442,0.107694685,0.571903527,-0.156151041,-0.108399116,-0.353338838,-0.0881302282,-0.038135238,0.430634856,-0.0720050409,0.0810563639,-0.0528132506,0.0443201214,0.370845497,-0.453915089,1.25716996,-0.1851421,-0.146169037,-0.297563612,0.692026854,1.17497969,0.229070991
8.83324516,-2.21392155,-1.58379912,0.784276137,0.0360703915,-0.0125297923,-0.00917779375,0.999228537,-0.267095983,0.203889325,0.103677832,0.523880601,-0.1473497,-0.109028094,-0.288252026,-0.087139003,-0.0376911238,0.375117987,-0.0626636818,0.0794558749,-0.0564357042,0.0449462086,0.35156852,-0.461350352,1.26448357,-0.184268683,-0.124535732,-0.289544791,0.677570045,1.19291806,0.222794399
8.86657816,-2.21928525,-1.58467031,0.787686892,0.0322067402,-0.0016763832,-0.0105818119,0.999423802,-0.215707481,0.197989896,0.0960951447,0.481688321,-0.140663043,-0.110567234,-0.22861582,-0.0846683532,-0.0360220037,0.325129807,-0.0546541698,0.0772501528,-0.0629847944,0.0429455861,0.337796211,-0.473677367,1.26706123,-0.183685482,-0.108003631,-0.280458361,0.66452688,1.20964706,0.219196603
8.89991116,-2.22400761,-1.58532608,0.790296694,0.0288765877,0.008013363,-0.0122392103,0.999475956,-0.170402393,0.194805503,0.0893065855,0.445150882,-0.13570413,-0.112077534,-0.175473943,-0.0812701434,-0.0361012593,0.282881349,-0.0482979454,0.0750308782,-0.0703912824,0.0376570746,0.329479247,-0.489313126,1.26602781,-0.182962224,-0.0965961292,-0.271358162,0.655872703,1.22330868,0.215911105
8.93324416,-2.22839427,-1.58574879,0.792258564,0.0255116969,0.0170903504,-0.0138106374,0.999432981,-0.128229693,0.193683177,0.0859367922,0.411318064,-0.132448032,-0.114094459,-0.127622172,-0.0782324746,-0.0391742662,0.243783548,-0.0406830758,0.0736754835,-0.0780320391,0.0301438551,0.325172216,-0.504997611,1.26274109,-0.184943452,-0.0888751373,-0.262799799,0.651400268,1.23355711,0.212397948
8.96657716,-2.23248553,-1.58597541,0.793775377,0.0226005148,0.0255838968,-0.0153788989,0.999298811,-0.0868643895,0.193828404,0.0865340829,0.376827985,-0.129982576,-0.116630659,-0.0834106803,-0.0754253268,-0.0446655415,0.207108915,-0.0327289477,0.0738887116,-0.084413074,0.0207010098,0.322855711,-0.514720678,1.25927579,-0.188564464,-0.0838203952,-0.255434334,0.651109576,1.2392993,0.208663791
8.99991016,-2.2361784,-1.58609176,0.794965002,0.0210018214,0.0335463881,-0.016523378,0.999079823,-0.0454998873,0.194184095,0.0912527591,0.340592831,-0.127220169,-0.118727133,-0.0414613262,-0.0733532384,-0.0511031933,0.175705492,-0.027518509,0.0746307001,-0.0876245797,0.00948539376,0.321977586,-0.518813312,1.25662982,-0.192146927,-0.0803361312,-0.250068724,0.65465194,1.2391777,0.207649991
9.03324317,-2.23929501,-1.58611071,0.795807417,0.0223287344,0.0404373705,-0.0176113155,0.99877727,-0.00416290993,0.194276616,0.0995564312,0.302032918,-0.123999842,-0.121170446,0.000141863391,-0.0724420846,-0.0568271205,0.154053554,-0.0302839782,0.0751942843,-0.0863651708,-0.00281633832,0.322680801,-0.519823015,1.25400341,-0.195202544,-0.078487277,-0.24714072,0.662445664,1.23265696,0.209254339
9.06657617,-2.24256635,-1.58622193,0.796093305,0.0229668077,0.047212746,-0.0179425143,0.998459578,0.0372659825,0.192450479,0.10586518,0.262435198,-0.12204206,-0.124419712,0.0357850455,-0.07219363,-0.0624795109,0.12716274,-0.0284862891,0.0767831579,-0.0848431289,-0.0134124514,0.323509276,-0.518139064,1.25126076,-0.198350936,-0.0766089782,-0.247277334,0.672960758,1.21993315,0.213994846
9.09990917,-2.24577308,-1.58649194,0.795984324,0.0243720971,0.0534521043,-0.0181046147,0.998108745,0.0772089288,0.189425036,0.108542748,0.223663285,-0.120484531,-0.128444836,0.0674868822,-0.0724879429,-0.0672068447,0.0989482477,-0.0241891835,0.078408502,-0.0837182254,-0.0216288064,0.325372726,-0.519881189,1.24785697,-0.203391701,-0.0753202364,-0.250236034,0.685689151,1.20264506,0.21954304
9.13324217,-2.2488184,-1.58679116,0.795582657,0.0251311846,0.0591996387,-0.0181740969,0.997764289,0.113045678,0.186261013,0.10643521,0.188951001,-0.11963135,-0.132518843,0.0971650481,-0.0728218108,-0.0700803921,0.0719275624,-0.0201757625,0.0798512474,-0.0840556249,-0.0263442434,0.327612996,-0.523128986,1.2435993,-0.209397942,-0.0744312704,-0.253863901,0.695648491,1.18465006,0.225882739
9.16657517,-2.25140595,-1.58712721,0.7952123,0.0252248719,0.0640548468,-0.0184178576,0.997457504,0.141415492,0.183959648,0.101037554,0.162454396,-0.118426643,-0.136478424,0.124975048,-0.0726386532,-0.0706786439,0.0448422767,-0.015975656,0.0805302337,-0.0855977759,-0.028809024,0.329058528,-0.522734523,1.24096298,-0.212335706,-0.0749353766,-0.256276816,0.700837016,1.17074978,0.232511878
9.19990817,-2.25346494,-1.58734369,0.794984648,0.0244588647,0.0679315329,-0.0186858736,0.997215092,0.160824299,0.182937905,0.0948609486,0.14691554,-0.117986448,-0.138505414,0.150288552,-0.0718404204,-0.0702991039,0.0184940435,-0.0119485017,0.0807224959,-0.0882210806,-0.0296341069,0.330908448,-0.52482748,1.24162209,-0.214677349,-0.0762473419,-0.256589085,0.70096302,1.16242397,0.239163652
9.23324117,-2.25492072,-1.58751297,0.794804244,0.0238205586,0.0711039752,-0.0189699363,0.997003973,0.172774196,0.182799026,0.0918188542,0.141012475,-0.119208924,-0.139459938,0.169421524,-0.0710904896,-0.0698127598,0.00180555368,-0.0133394115,0.080725573,-0.0900228024,-0.0290612448,0.332310289,-0.52717948,1.24501824,-0.212615862,-0.0779545009,-0.255029529,0.69746989,1.15976286,0.245037958
9.26657417,-2.25581193,-1.5876714,0.794607197,0.0242942553,0.0734138265,-0.0190532319,0.996823549,0.180281758,0.182602599,0.0943783298,0.139997184,-0.121021837,-0.140094653,0.179917067,-0.0711575523,-0.0690627322,0,-0.0222726762,0.0802858323,-0.0887287408,-0.0276473518,0.333115309,-0.53197515,1.25107276,-0.208463103,-0.0790519193,-0.252464443,0.693778753,1.16054034,0.250858128
9.29990717,-2.25631309,-1.58780932,0.794361915,0.0263492763,0.075006336,-0.0188714266,0.996656239,0.185637429,0.181733102,0.101237901,0.140636519,-0.122989252,-0.1404185,0.185453877,-0.0720082447,-0.0686692819,0,-0.0311696418,0.0800643787,-0.0830725282,-0.0251781624,0.332050085,-0.532726884,1.25895655,-0.202062219,-0.0796672776,-0.251513541,0.696537673,1.16149676,0.25403738
9.33324017,-2.25653005,-1.58795166,0.79413424,0.0295410417,0.0758449659,-0.0185736157,0.996508837,0.189334542,0.180123955,0.107928485,0.142135292,-0.125010505,-0.140208289,0.187568426,-0.0735686198,-0.0681414008,0,-0.0366172232,0.0808310136,-0.0739850625,-0.0217625704,0.328421474,-0.526612341,1.26965618,-0.193350792,-0.0792803392,-0.252790004,0.705769539,1.16100121,0.254315734
9.36657317,-2.2564981,-1.58815122,0.793991741,0.0336413048,0.0762446597,-0.0181034692,0.996357024,0.191725791,0.177766442,0.112447985,0.144202068,-0.126580656,-0.139644936,0.186932787,-0.075653255,-0.0673538074,2.63188213e-05,-0.038086649,0.0820184052,-0.063957803,-0.0169164594,0.323986709,-0.520976245,1.2826215,-0.186596185,-0.0776971206,-0.255542636,0.716763556,1.15975177,0.252456814
9.39990617,-2.25631642,-1.58834946,0.79395296,0.0375443995,0.0763863102,-0.0176700857,0.996214509,0.193080768,0.175216869,0.1142646,0.146262273,-0.127518073,-0.138736248,0.184712052,-0.0776344314,-0.065763019,6.46520448e-06,-0.0367965922,0.0827501044,-0.0557609499,-0.00940553751,0.319127828,-0.516762674,1.29614758,-0.183996946,-0.0744065419,-0.258046061,0.722700179,1.15907478,0.251027524
9.43323917,-2.25609851,-1.58854043,0.793981517,0.0406124555,0.0762797296,-0.0172410049,0.996109843,0.193729296,0.172812223,0.113646939,0.147576541,-0.127873302,-0.137531474,0.182007566,-0.0794229805,-0.0639249459,0,-0.034016829,0.0832406431,-0.0504708886,-0.000195942877,0.313056231,-0.511363089,1.31060159,-0.181057721,-0.069909431,-0.260289788,0.721925616,1.15999091,0.250910938
9.46657217,-2.25587845,-1.58879077,0.794005154,0.0422292948,0.0762534067,-0.0169212278,0.99605006,0.193969339,0.170947999,0.111286521,0.14819634,-0.128198072,-0.136396021,0.180079564,-0.0809216648,-0.0625619292,0,-0.0311747212,0.0838934705,-0.0489083566,0.0100193582,0.30673188,-0.508747935,1.32467794,-0.175494894,-0.0642336383,-0.261947155,0.71550101,1.16271973,0.251238078
9.49990517,-2.25573754,-1.58902705,0.793973742,0.0423706546,0.0764284208,-0.0167613328,0.99603337,0.194138065,0.169968829,0.108976744,0.148381069,-0.128788531,-0.135823816,0.17963849,-0.0818005651,-0.0619993322,0,-0.0296242479,0.0845817402,-0.0507931896,0.0207635239,0.300952435,-0.510876179,1.33702731,-0.168114305,-0.0577670895,-0.263135374,0.705938458,1.16779494,0.250672311
9.53323817,-2.25562978,-1.58919621,0.793895065,0.0417637601,0.076689899,-0.0167380776,0.996039271,0.194878116,0.169803962,0.108383156,0.147546053,-0.129283488,-0.135813132,0.180592149,-0.0820140392,-0.0620857105,2.70220522e-08,-0.029763449,0.085260801,-0.0543317422,0.0309314299,0.295509994,-0.512994349,1.34750783,-0.157587588,-0.0511865541,-0.263380826,0.694699943,1.17594624,0.248400137
9.56657118,-2.25557518,-1.5893631,0.793817741,0.0406593531,0.0774688795,-0.0169147179,0.996021748,0.197354048,0.170078546,0.109896503,0.144564226,-0.129029229,-0.136108562,0.182964206,-0.0818413496,-0.0624794699,1.40733025e-08,-0.0309343915,0.0860536322,-0.0580158718,0.0397054069,0.29037869,-0.512166739,1.35663223,-0.143784672,-0.0447978638,-0.262465537,0.681949198,1.18776989,0.244435683
9.59990418,-2.25548458,-1.58952093,0.793766527,0.0400524959,0.0780435279,-0.017060006,0.995998979,0.200486898,0.170159951,0.111718185,0.140096307,-0.128133267,-0.136134103,0.184824437,-0.0816996768,-0.0625333935,1.11013587e-09,-0.0319455527,0.086444363,-0.0601518154,0.0468378365,0.286511481,-0.51079011,1.36288941,-0.132843554,-0.0388575606,-0.261147141,0.669723332,1.20146,0.238512516
9.63323718,-2.25520325,-1.58968365,0.793746669,0.0400558263,0.0781445801,-0.017082084,0.995990515,0.202457145,0.169740155,0.112162799,0.13600412,-0.127015814,-0.135928243,0.184921622,-0.0818824992,-0.062248867,0,-0.032096345,0.0865091309,-0.0602834225,0.0516215004,0.283677667,-0.508220792,1.36616313,-0.126833841,-0.0335188992,-0.260014683,0.659289539,1.21504116,0.232402086
9.66657018,-2.25471902,-1.58989584,0.793754821,0.0401501171,0.077828601,-0.0169059932,0.996014476,0.202332899,0.168893397,0.11129158,0.133552507,-0.12598829,-0.135559171,0.183434293,-0.082479246,-0.0617257953,0,-0.0314145312,0.0864757076,-0.0592696965,0.0536033735,0.281981289,-0.505252838,1.366961,-0.124930844,-0.0288345776,-0.259670317,0.651539564,1.22738576,0.228179634
9.69990318,-2.25406909,-1.5900867,0.793786402,0.0402560867,0.0771528929,-0.0167347509,0.996065676,0.20030944,0.168140158,0.109782174,0.132589653,-0.125130057,-0.135268658,0.18071568,-0.0830400586,-0.0610808134,1.09564597e-11,-0.0302837621,0.0864894167,-0.0578583553,0.0527505837,0.281385332,-0.503215373,1.36615562,-0.124903314,-0.0248512328,-0.259780884,0.646226645,1.23753011,0.224677354
9.73323618,-2.2532568,-1.59030163,0.793836657,0.0402997211,0.0760517791,-0.0165669769,0.996151388,0.196504533,0.167573243,0.108481102,0.132706359,-0.12444216,-0.134902537,0.176907748,-0.083498165,-0.0602621138,3.21755816e-11,-0.0290049408,0.0862731263,-0.0565977395,0.0493835323,0.281637996,-0.502423644,1.36395729,-0.125075355,-0.0222273767,-0.260278434,0.643358111,1.24542582,0.221074805
9.76656918,-2.2523644,-1.5905422,0.793898197,0.0399493799,0.0746036395,-0.0164135639,0.996277571,0.191516608,0.167219743,0.108035505,0.133287907,-0.1237868,-0.134436399,0.172521904,-0.0838111639,-0.0594430268,1.56255668e-11,-0.0277984329,0.0858639181,-0.0565266274,0.0447272807,0.282994211,-0.504994392,1.35993445,-0.126328424,-0.0210443456,-0.260940254,0.642011046,1.25096214,0.217955559
9.79990218,-2.25148892,-1.59076548,0.793927189,0.0395618565,0.0732346848,-0.016318107,0.996396124,0.186788425,0.16704838,0.108673371,0.133369103,-0.12329071,-0.13390395,0.168214545,-0.083929725,-0.0589482449,9.00253136e-12,-0.0268037003,0.085415706,-0.0574802347,0.0398494862,0.28530854,-0.50960052,1.35362375,-0.130251423,-0.0211797897,-0.26148504,0.641105354,1.25376713,0.214924619
9.83323518,-2.25064754,-1.5909754,0.793903166,0.0393623002,0.0718782917,-0.0163171925,0.996502817,0.183190838,0.166846439,0.110385716,0.131944537,-0.122865155,-0.133140638,0.16408442,-0.0839227289,-0.0589372925,3.35232146e-12,-0.0261701345,0.0850699916,-0.0592429079,0.0356018692,0.28847295,-0.514312685,1.34526312,-0.136577845,-0.0226471517,-0.261679977,0.63965565,1.2539103,0.211449906
9.86656818,-2.24988031,-1.59120297,0.793880326,0.0397106409,0.0708461255,-0.0162195265,0.996564507,0.181544378,0.166187361,0.110980764,0.128544241,-0.121830374,-0.132235825,0.16048795,-0.0842417926,-0.0595743731,2.23339901e-12,-0.0258653741,0.0849853531,-0.0605978034,0.0309315305,0.291606843,-0.519139886,1.3373121,-0.141523272,-0.0250850767,-0.262193114,0.639943063,1.25144827,0.210244983
9.89990118,-2.24917531,-1.59146738,0.793828753,0.0402826183,0.069982104,-0.0160513613,0.996605337,0.181115404,0.165132672,0.110241383,0.123918757,-0.120677561,-0.1314753,0.157139182,-0.0848848149,-0.0594140403,2.45380864e-12,-0.0256246421,0.0850501582,-0.0620697625,0.0264151394,0.29455027,-0.525712192,1.32995033,-0.148373559,-0.0282527786,-0.263017327,0.642395079,1.24625146,0.211536184
9.93323418,-2.24849772,-1.59174609,0.793738774,0.0411681645,0.0690074638,-0.0159421619,0.996638834,0.180903405,0.163934231,0.109185927,0.118920952,-0.11983867,-0.130813554,0.153508037,-0.0855882615,-0.0585797504,2.60686243e-12,-0.0251541007,0.0851744488,-0.0633607134,0.0218920466,0.296334863,-0.529773593,1.32378709,-0.153964221,-0.03203246,-0.263461202,0.646204412,1.23945546,0.213708252
9.96656718,-2.2478354,-1.59202802,0.793703719,0.0421164855,0.0679705814,-0.0157444514,0.996673644,0.180216998,0.162695393,0.108358756,0.114668198,-0.118564032,-0.130385026,0.149587423,-0.0864032209,-0.0570357963,2.73953017e-12,-0.0242362302,0.0853062347,-0.0645100325,0.0170711521,0.297448814,-0.531781256,1.31908917,-0.157179177,-0.0361517817,-0.263463199,0.650316477,1.2320317,0.217181265
