-1.937837120,-1.538113710,0.115793623,0.694531448,0.054647789,0.716729767,-0.030628870,-0.180000000,0.000000000,0.000000000,0.360000000,-0.180000000,0.000000000,-0.180000000,0.000000000,0.000000000,0.360000000,-0.180000000,0.000000000,0.000000000,0.200000000,0.250000000,0.000000000,0.950000000,0.150000000,0.200000000,-0.250000000,0.000000000,0.950000000,-0.150000000
-1.937837120,-1.538113710,0.115793623,0.694531448,0.054647789,0.716729767,-0.030628870,-0.179993565,0.000007113,0.000010259,0.359990248,-0.179985086,-0.000012159,-0.179994274,-0.000003952,-0.000006660,0.359990248,-0.179991863,0.000006201,0.000000147,0.200001448,0.250007634,-0.000010660,0.950012143,0.150001657,0.200000296,-0.250016830,0.000006847,0.950011175,-0.149998886
-1.937837120,-1.538113710,0.115793623,0.694531448,0.054647789,0.716729767,-0.030628870,-0.179974690,0.000027974,0.000040351,0.359961645,-0.179941342,-0.000047823,-0.179977479,-0.000015543,-0.000026193,0.359961645,-0.179967997,0.000024389,0.000000579,0.200005694,0.250030027,-0.000041928,0.950047760,0.150006517,0.200001163,-0.250066194,0.000026931,0.950043950,-0.149995620
-1.937837120,-1.538113710,0.115793623,0.694531448,0.054647789,0.716729767,-0.030628870,-0.179930937,0.000076332,0.000110105,0.359895343,-0.179839942,-0.000130492,-0.179938548,-0.000042413,-0.000071471,0.359895343,-0.179912674,0.000066549,0.000001581,0.200015536,0.250081935,-0.000114408,0.950130322,0.150017783,0.200003174,-0.250180620,0.000073486,0.950119925,-0.149988049
-1.937837120,-1.538113710,0.115793623,0.694531448,0.054647789,0.716729767,-0.030628870,-0.179839756,0.000177110,0.000255472,0.359757169,-0.179628626,-0.000302773,-0.179857416,-0.000098409,-0.000165830,0.359757169,-0.179797382,0.000154410,0.000003668,0.200036048,0.250190110,-0.000265455,0.950302380,0.150041261,0.200007365,-0.250419083,0.000170505,0.950278257,-0.149972270
-1.937837120,-1.538113710,0.115793623,0.694531448,0.054647789,0.716729767,-0.030628870,-0.179724859,0.000304098,0.000438647,0.359583059,-0.179362348,-0.000519864,-0.179755181,-0.000168968,-0.000284731,0.359583059,-0.179652104,0.000265122,0.000006297,0.200061895,0.250326420,-0.000455789,0.950519189,0.150070846,0.200012645,-0.250719569,0.000292758,0.950477769,-0.149952388
-1.937837120,-1.538113710,0.115793623,0.694531448,0.054647789,0.716729767,-0.030628870,-0.179508705,0.000543002,0.000783255,0.359255504,-0.178861399,-0.000928276,-0.179562848,-0.000301712,-0.000508420,0.359255504,-0.179378792,0.000473406,0.000011245,0.200110521,0.250582860,-0.000813863,0.950927072,0.150126503,0.200022580,-0.251284873,0.000522753,0.950853110,-0.149914984
-1.937837120,-1.538113710,0.115793623,0.694531448,0.054647789,0.716729767,-0.030628870,-0.179249933,0.000829008,0.001195805,0.358863369,-0.178261685,-0.001417210,-0.179332594,-0.000460628,-0.000776210,0.358863369,-0.179051594,0.000722755,0.000017167,0.200168734,0.250889859,-0.001242535,0.951415371,0.150193133,0.200034474,-0.251961632,0.000798094,0.951302454,-0.149870205
-1.937837120,-1.538113710,0.115793623,0.694531448,0.054647789,0.716729767,-0.030628870,-0.178905954,0.001209190,0.001744198,0.358342112,-0.177464497,-0.002067139,-0.179026523,-0.000671871,-0.001132179,0.358342112,-0.178616657,0.001054209,0.000025040,0.200246116,0.251297947,-0.001812358,0.952064458,0.150281704,0.200050283,-0.252861232,0.001164098,0.951899757,-0.149810680
-1.937837120,-1.538113710,0.115793623,0.694531448,0.054647789,0.716729767,-0.030628870,-0.178461326,0.001700613,0.002453053,0.357668334,-0.176434051,-0.002907239,-0.178630895,-0.000944924,-0.001592304,0.357668334,-0.178054457,0.001482647,0.000035217,0.200346139,0.251825441,-0.002548913,0.952903468,0.150396191,0.200070719,-0.254024057,0.001637196,0.952671831,-0.149733740
-1.937837120,-1.538113710,0.115793623,0.694531448,0.054647789,0.716729767,-0.030628870,-0.177966376,0.002247655,0.003242135,0.356918299,-0.175286979,-0.003842420,-0.178190491,-0.001248881,-0.002104506,0.356918299,-0.177428627,0.001959575,0.000046545,0.200457482,0.252412637,-0.003368831,0.953837436,0.150523635,0.200093468,-0.255318490,0.002163839,0.953531288,-0.149648091
-1.937837120,-1.538113710,0.115793623,0.694531448,0.054647789,0.716729767,-0.030628870,-0.177300658,0.002983437,0.004303465,0.355909488,-0.173744146,-0.005100258,-0.177598138,-0.001657709,-0.002793427,0.355909488,-0.176586874,0.002601053,0.000061782,0.200607241,0.253202427,-0.004471637,0.955093642,0.150695050,0.200124065,-0.257059527,0.002872183,0.954687275,-0.149532891
-1.937837120,-1.538113710,0.115793623,0.694531448,0.054647789,0.716729767,-0.030628870,-0.176572435,0.003788302,0.005464445,0.354805959,-0.172056456,-0.006476194,-0.176950169,-0.002104922,-0.003547032,0.354805959,-0.175666089,0.003302759,0.000078449,0.200771061,0.254066371,-0.005677985,0.956467793,0.150882558,0.200157535,-0.258964030,0.003647034,0.955951797,-0.149406876
-1.937837120,-1.538113710,0.115793623,0.694531448,0.054647789,0.716729767,-0.030628870,-0.175719269,0.004731260,0.006824616,0.353513094,-0.170079204,-0.008088203,-0.176191026,-0.002628865,-0.004429934,0.353513094,-0.174587322,0.004124859,0.000097976,0.200962988,0.255078543,-0.007091309,0.958077711,0.151102239,0.200196747,-0.261195294,0.004554828,0.957433277,-0.149259239
-1.937837120,-1.538113710,0.115793623,0.694531448,0.054647789,0.716729767,-0.030628870,-0.174732027,0.005822405,0.008398541,0.352017053,-0.167791224,-0.009953542,-0.175312583,-0.003235146,-0.005451586,0.352017053,-0.173339026,0.005076153,0.000120572,0.201185077,0.256249780,-0.008726740,0.959940630,0.151356442,0.200242123,-0.263777204,0.005605284,0.959147574,-0.149088402
-1.937837120,-1.538113710,0.115793623,0.694531448,0.054647789,0.716729767,-0.030628870,-0.173677755,0.006987635,0.010079329,0.350419438,-0.165347899,-0.011945530,-0.174374497,-0.003882591,-0.006542605,0.350419438,-0.172005974,0.006092036,0.000144701,0.201422245,0.257500540,-0.010473210,0.961930035,0.151627905,0.200290579,-0.266534417,0.006727062,0.960978265,-0.148905965
-1.937837120,-1.538113710,0.115793623,0.694531448,0.054647789,0.716729767,-0.030628870,-0.172411718,0.008386918,0.012097728,0.348500917,-0.162413795,-0.014337639,-0.173247983,-0.004660085,-0.007852770,0.348500917,-0.170405160,0.007311974,0.000173678,0.201707051,0.259002534,-0.012570485,0.964319040,0.151953895,0.200348767,-0.269845457,0.008074165,0.963176678,-0.148686883
-1.937837120,-1.538113710,0.115793623,0.694531448,0.054647789,0.716729767,-0.030628870,-0.171072393,0.009867201,0.014232966,0.346471339,-0.159309846,-0.016868218,-0.172056259,-0.005482585,-0.009238777,0.346471339,-0.168711679,0.008602531,0.000204332,0.202008343,0.260591473,-0.014789163,0.966846337,0.152298756,0.200410324,-0.273348161,0.009499247,0.965502350,-0.148455119
-1.937837120,-1.538113710,0.115793623,0.694531448,0.054647789,0.716729767,-0.030628870,-0.169586605,0.011509363,0.016601705,0.344219815,-0.155866462,-0.019675533,-0.170734211,-0.006395031,-0.010776352,0.344219815,-0.166833006,0.010034218,0.000238338,0.202342584,0.262354171,-0.017250468,0.969650010,0.152681329,0.200478613,-0.277233907,0.011080172,0.968082348,-0.148198011
-1.937837120,-1.538113710,0.115793623,0.694531448,0.054647789,0.716729767,-0.030628870,-0.167950734,0.013317402,0.019209715,0.341740860,-0.152075253,-0.022766420,-0.169278621,-0.007399646,-0.012469240,0.341740860,-0.164764565,0.011610523,0.000275780,0.202710588,0.264294924,-0.019960395,0.972736887,0.153102547,0.200553800,-0.281512162,0.012820788,0.970922957,-0.147914931
-1.937837120,-1.538113710,0.115793623,0.694531448,0.054647789,0.716729767,-0.030628870,-0.166239838,0.015208363,0.021937335,0.339148213,-0.148110171,-0.025999063,-0.167756275,-0.008450334,-0.014239769,0.339148213,-0.162601260,0.013259121,0.000314938,0.203095469,0.266324685,-0.022794605,0.975965337,0.153543083,0.200632435,-0.285986628,0.014641234,0.973893843,-0.147618868
-1.937837120,-1.538113710,0.115793623,0.694531448,0.054647789,0.716729767,-0.030628870,-0.164301121,0.017351122,0.025028163,0.336210333,-0.143617102,-0.029662161,-0.166031213,-0.009640931,-0.016246060,0.336210333,-0.160149890,0.015127244,0.000359311,0.203531601,0.268624727,-0.026006217,0.979623684,0.154042280,0.200721540,-0.291056910,0.016704088,0.977260330,-0.147283382
-1.937837120,-1.538113710,0.115793623,0.694531448,0.054647789,0.716729767,-0.030628870,-0.162286256,0.019578044,0.028240391,0.333157059,-0.138947556,-0.033469137,-0.164238395,-0.010878292,-0.018331153,0.333157059,-0.157602237,0.017068743,0.000405426,0.203984863,0.271015109,-0.029343973,0.983425722,0.154561084,0.200814146,-0.296326339,0.018847967,0.980759045,-0.146934720
-1.937837120,-1.538113710,0.115793623,0.694531448,0.054647789,0.716729767,-0.030628870,-0.160119242,0.021973126,0.031695182,0.329873225,-0.133925400,-0.037563588,-0.162310198,-0.012209089,-0.020573697,0.329873225,-0.154862204,0.019156850,0.000455024,0.204472351,0.273585995,-0.032933771,0.987514862,0.155119065,0.200913745,-0.301993677,0.021153735,0.984521956,-0.146559728
-1.937837120,-1.538113710,0.115793623,0.694531448,0.054647789,0.716729767,-0.030628870,-0.157801189,0.024535145,0.035390772,0.326360508,-0.128553202,-0.041943421,-0.160247605,-0.013632642,-0.022972545,0.326360508,-0.151931192,0.021390497,0.000508079,0.204993818,0.276336071,-0.036773777,0.991889013,0.155715937,0.201020285,-0.308056027,0.023620215,0.988547141,-0.146158600
-1.937837120,-1.538113710,0.115793623,0.694531448,0.054647789,0.716729767,-0.030628870,-0.155407639,0.027180606,0.039206723,0.322733386,-0.123006037,-0.046465901,-0.158117836,-0.015102559,-0.025449521,0.322733386,-0.148904720,0.023696892,0.000562862,0.205532268,0.279175714,-0.040738848,0.996405626,0.156332248,0.201130296,-0.314315821,0.026167025,0.992703422,-0.145744407
-1.937837120,-1.538113710,0.115793623,0.694531448,0.054647789,0.716729767,-0.030628870,-0.152791590,0.030071983,0.043377396,0.318769095,-0.116943220,-0.051408780,-0.155790089,-0.016709116,-0.028156752,0.318769095,-0.145596913,0.026217684,0.000622737,0.206120771,0.282279323,-0.045072504,1.001342095,0.157005851,0.201250533,-0.321157512,0.028950581,0.997246062,-0.145291712
-1.937837120,-1.538113710,0.115793623,0.694531448,0.054647789,0.716729767,-0.030628870,-0.150103268,0.033043240,0.047663292,0.314695281,-0.110712905,-0.056488216,-0.153398033,-0.018360058,-0.030938775,0.314695281,-0.142197721,0.028808118,0.000684267,0.206725533,0.285468677,-0.049525885,1.006414943,0.157698063,0.201374092,-0.328188219,0.031811038,1.001914202,-0.144826510
-1.937837120,-1.538113710,0.115793623,0.694531448,0.054647789,0.716729767,-0.030628870,-0.147270570,0.036174067,0.052179360,0.310402687,-0.104147995,-0.061840440,-0.150877513,-0.020099662,-0.033870205,0.310402687,-0.138615978,0.031537670,0.000749101,0.207362773,0.288829312,-0.054218433,1.011760222,0.158427449,0.201504287,-0.335596505,0.034825115,1.006833039,-0.144336325
-1.937837120,-1.538113710,0.115793623,0.694531448,0.054647789,0.716729767,-0.030628870,-0.144298551,0.039458879,0.056917545,0.305898967,-0.097260199,-0.067455905,-0.148233024,-0.021924826,-0.036945813,0.305898967,-0.134858073,0.034401470,0.000817123,0.208031355,0.292355236,-0.059141776,1.017368403,0.159192710,0.201640884,-0.343369157,0.037987434,1.011993805,-0.143822031
-1.937837120,-1.538113710,0.115793623,0.694531448,0.054647789,0.716729767,-0.030628870,-0.141256900,0.042820652,0.061766741,0.301289729,-0.090211028,-0.073202937,-0.145526577,-0.023792752,-0.040093481,0.301289729,-0.131012122,0.037332368,0.000886739,0.208715601,0.295963768,-0.064180470,1.023107981,0.159975900,0.201780683,-0.351323916,0.041223844,1.017275485,-0.143295688
-1.937837120,-1.538113710,0.115793623,0.694531448,0.054647789,0.716729767,-0.030628870,-0.138015884,0.046402772,0.066933777,0.296378378,-0.082699818,-0.079326657,-0.142642737,-0.025783112,-0.043447462,0.296378378,-0.126914089,0.040455371,0.000960919,0.209444696,0.299808823,-0.069549425,1.029223758,0.160810424,0.201929644,-0.359800069,0.044672385,1.022903349,-0.142734846
-1.937837120,-1.538113710,0.115793623,0.694531448,0.054647789,0.716729767,-0.030628870,-0.134712018,0.050054357,0.072201014,0.291371786,-0.075042951,-0.085569129,-0.139702972,-0.027812069,-0.046866484,0.291371786,-0.122736586,0.043638935,0.001036537,0.210187930,0.303728441,-0.075022495,1.035458133,0.161661132,0.202081494,-0.368440593,0.048187800,1.028640350,-0.142163127
-1.937837120,-1.538113710,0.115793623,0.694531448,0.054647789,0.716729767,-0.030628870,-0.131282630,0.053844673,0.077668364,0.286174983,-0.067095183,-0.092048767,-0.136651520,-0.029918110,-0.050415402,0.286174983,-0.118400370,0.046943450,0.001115027,0.210959401,0.307796974,-0.080703499,1.041929366,0.162544159,0.202239113,-0.377409390,0.051836773,1.034595314,-0.141569688
-1.937837120,-1.538113710,0.115793623,0.694531448,0.054647789,0.716729767,-0.030628870,-0.127735940,0.057764638,0.083322725,0.280800422,-0.058875560,-0.098750041,-0.133495692,-0.032096189,-0.054085711,0.280800422,-0.113915834,0.050360997,0.001196203,0.211757260,0.312004672,-0.086578822,1.048621947,0.163457391,0.202402123,-0.386684965,0.055610560,1.040753965,-0.140955949
-1.937837120,-1.538113710,0.115793623,0.694531448,0.054647789,0.716729767,-0.030628870,-0.124130629,0.061749392,0.089070543,0.275337031,-0.050520082,-0.105562075,-0.130287705,-0.034310267,-0.057816683,0.275337031,-0.109357178,0.053835029,0.001278720,0.212568306,0.316281914,-0.092551254,1.055425144,0.164385717,0.202567827,-0.396113848,0.059446721,1.047014405,-0.140332067
-1.937837120,-1.538113710,0.115793623,0.694531448,0.054647789,0.716729767,-0.030628870,-0.120363335,0.065913179,0.095076606,0.269628172,-0.041789199,-0.112680168,-0.126935584,-0.036623822,-0.061715286,0.269628172,-0.104593703,0.057465147,0.001364945,0.213415792,0.320751331,-0.098792023,1.062534003,0.165355751,0.202740977,-0.405966365,0.063455238,1.053556127,-0.139680155
-1.937837120,-1.538113710,0.115793623,0.694531448,0.054647789,0.716729767,-0.030628870,-0.116546977,0.070131193,0.101160889,0.263844965,-0.032944609,-0.119890964,-0.123539807,-0.038967508,-0.065664662,0.263844965,-0.099768192,0.061142541,0.001452292,0.214274316,0.325278955,-0.105114068,1.069735444,0.166338419,0.202916382,-0.415947195,0.067515959,1.060183044,-0.139019752
-1.937837120,-1.538113710,0.115793623,0.694531448,0.054647789,0.716729767,-0.030628870,-0.112632654,0.074457482,0.107401353,0.257913304,-0.023872981,-0.127286860,-0.120056862,-0.041371356,-0.069715417,0.257913304,-0.094818812,0.064914333,0.001541882,0.215154877,0.329922801,-0.111598398,1.077121746,0.167346312,0.203096289,-0.426184230,0.071680918,1.066980074,-0.138342397
-1.937837120,-1.538113710,0.115793623,0.694531448,0.054647789,0.716729767,-0.030628870,-0.108630976,0.078880320,0.113781086,0.251849265,-0.014598901,-0.134847809,-0.116496188,-0.043828850,-0.073856573,0.251849265,-0.089758975,0.068770301,0.001633471,0.216055089,0.334670285,-0.118227439,1.084672888,0.168376698,0.203280211,-0.436649726,0.075938826,1.073928793,-0.137649925
-1.937837120,-1.538113710,0.115793623,0.694531448,0.054647789,0.716729767,-0.030628870,-0.104585649,0.083351401,0.120230407,0.245719083,-0.005223663,-0.142491230,-0.112896675,-0.046313150,-0.078042899,0.245719083,-0.084643949,0.072668328,0.001726059,0.216965122,0.339469552,-0.124928787,1.092306394,0.169418324,0.203466140,-0.447229374,0.080243178,1.080953304,-0.136949900
-1.937837120,-1.538113710,0.115793623,0.694531448,0.054647789,0.716729767,-0.030628870,-0.100426401,0.087948393,0.126861348,0.239416269,0.004415591,-0.150349898,-0.109195797,-0.048867410,-0.082347116,0.239416269,-0.079384877,0.076676127,0.001821255,0.217900781,0.344403971,-0.131818853,1.100154868,0.170489281,0.203657305,-0.458106957,0.084668745,1.088175630,-0.136230161
-1.937837120,-1.538113710,0.115793623,0.694531448,0.054647789,0.716729767,-0.030628870,-0.096235052,0.092580864,0.133543465,0.233064810,0.014129240,-0.158269219,-0.105466356,-0.051441383,-0.086684553,0.233064810,-0.074085217,0.080714858,0.001917185,0.218843662,0.349376474,-0.138762095,1.108063916,0.171568505,0.203849944,-0.469068492,0.089128469,1.095453698,-0.135504868
-1.937837120,-1.538113710,0.115793623,0.694531448,0.054647789,0.716729767,-0.030628870,-0.091979623,0.097284160,0.140327745,0.226616244,0.023991401,-0.166309617,-0.101679895,-0.054054710,-0.091088305,0.226616244,-0.068704530,0.084815337,0.002014582,0.219800958,0.354425001,-0.145811491,1.116093887,0.172664230,0.204045529,-0.480197618,0.093656376,1.102843042,-0.134768486
-1.937837120,-1.538113710,0.115793623,0.694531448,0.054647789,0.716729767,-0.030628870,-0.087672334,0.102044773,0.147194701,0.220089093,0.033973746,-0.174447999,-0.097847290,-0.056699885,-0.095545723,0.220089093,-0.063258272,0.088965787,0.002113166,0.220769921,0.359535052,-0.152946795,1.124221713,0.173773306,0.204243497,-0.491462368,0.098239463,1.110322437,-0.134023130
-1.937837120,-1.538113710,0.115793623,0.694531448,0.054647789,0.716729767,-0.030628870,-0.083339140,0.106834017,0.154102957,0.213522685,0.044016128,-0.182635328,-0.093991636,-0.059360967,-0.100029949,0.213522685,-0.057779259,0.093141198,0.002212342,0.221744711,0.364675836,-0.160125013,1.132398423,0.174889053,0.204442657,-0.502794866,0.102850113,1.117846816,-0.133273292
-1.937837120,-1.538113710,0.115793623,0.694531448,0.054647789,0.716729767,-0.030628870,-0.078947208,0.111688182,0.161104858,0.206867267,0.054194639,-0.190933641,-0.090083716,-0.062058123,-0.104574960,0.206867267,-0.052225975,0.097373209,0.002312863,0.222732714,0.369886306,-0.167400535,1.140685969,0.176019925,0.204644515,-0.514280983,0.107523264,1.125473192,-0.132513288
-1.937837120,-1.538113710,0.115793623,0.694531448,0.054647789,0.716729767,-0.030628870,-0.074542126,0.116556882,0.168127724,0.200191921,0.064403628,-0.199256800,-0.086164094,-0.064763354,-0.109133581,0.200191921,-0.046656063,0.101617891,0.002413686,0.223723676,0.375112378,-0.174697842,1.148998331,0.177154183,0.204846979,-0.525801492,0.112210407,1.133122402,-0.131751009
-1.937837120,-1.538113710,0.115793623,0.694531448,0.054647789,0.716729767,-0.030628870,-0.070110797,0.121454590,0.175192433,0.193476802,0.074673442,-0.207629550,-0.082221119,-0.067484703,-0.113719363,0.193476802,-0.041052965,0.105887865,0.002515108,0.224720543,0.380369587,-0.182038626,1.157360218,0.178295199,0.205050648,-0.537390642,0.116925476,1.140817185,-0.130984188
-1.937837120,-1.538113710,0.115793623,0.694531448,0.054647789,0.716729767,-0.030628870,-0.065666282,0.126366872,0.182278163,0.186741702,0.084973816,-0.216027213,-0.078266412,-0.070214150,-0.118318790,0.186741702,-0.035433194,0.110170544,0.002616833,0.225720376,0.385642439,-0.189401254,1.165746988,0.179439610,0.205254924,-0.549014277,0.121654575,1.148534864,-0.130215085
-1.937837120,-1.538113710,0.115793623,0.694531448,0.054647789,0.716729767,-0.030628870,-0.061215189,0.131286424,0.189374383,0.179996634,0.095289435,-0.224437306,-0.074305851,-0.072947637,-0.122925025,0.179996634,-0.029805105,0.114459562,0.002718708,0.226721688,0.390923096,-0.196774780,1.174146172,0.180585715,0.205459502,-0.560655116,0.126390675,1.156263968,-0.129444845
-1.937837120,-1.538113710,0.115793623,0.694531448,0.054647789,0.716729767,-0.030628870,-0.056764096,0.136205977,0.196470601,0.173251565,0.105605055,-0.232847400,-0.070345290,-0.075681124,-0.127531260,0.173251565,-0.024177016,0.118748580,0.002820583,0.227723001,0.396203752,-0.204148306,1.182545356,0.181731820,0.205664080,-0.572295955,0.131126774,1.163993071,-0.128674604
-1.937837120,-1.538113710,0.115793623,0.694531448,0.054647789,0.716729767,-0.030628870,-0.052319601,0.141118236,0.203556301,0.166516495,0.115905382,-0.241245027,-0.066390600,-0.078410559,-0.132130666,0.166516495,-0.018557271,0.123031240,0.002922307,0.228722829,0.401476581,-0.211510901,1.190932088,0.182876226,0.205868354,-0.583919537,0.135855853,1.171710716,-0.127905506
-1.937837120,-1.538113710,0.115793623,0.694531448,0.054647789,0.716729767,-0.030628870,-0.047888272,0.146015944,0.210621010,0.159801376,0.126175197,-0.249617776,-0.062447625,-0.081131908,-0.136716447,0.159801376,-0.012954173,0.127301213,0.003023730,0.229719695,0.406733791,-0.218851687,1.199293976,0.184017242,0.206072024,-0.595508687,0.140570922,1.179405499,-0.127138685
-1.937837120,-1.538113710,0.115793623,0.694531448,0.054647789,0.716729767,-0.030628870,-0.043483229,0.150884600,0.217643813,0.153126089,0.136384094,-0.257940861,-0.058528038,-0.083837115,-0.141275028,0.153126089,-0.007384310,0.131545858,0.003124551,0.230710648,0.411959815,-0.226148928,1.207606263,0.185151490,0.206274485,-0.607029093,0.145258023,1.187054641,-0.126376412
-1.937837120,-1.538113710,0.115793623,0.694531448,0.054647789,0.716729767,-0.030628870,-0.039091329,0.155738729,0.224645663,0.146470720,0.146562530,-0.266239112,-0.054620147,-0.086534251,-0.145820007,0.146470720,-0.001831067,0.135777837,0.003225072,0.231698645,0.417170246,-0.233424396,1.215893749,0.186282354,0.206476342,-0.618515126,0.149931139,1.194680961,-0.125616414
-1.937837120,-1.538113710,0.115793623,0.694531448,0.054647789,0.716729767,-0.030628870,-0.034758162,0.160527945,0.231553877,0.139904353,0.156604851,-0.274426391,-0.050764516,-0.089195317,-0.150304205,0.139904353,0.003647913,0.139953223,0.003324248,0.232673429,0.422310999,-0.240602570,1.224070409,0.187398093,0.206675501,-0.629847556,0.154541762,1.202205288,-0.124866580
-1.937837120,-1.538113710,0.115793623,0.694531448,0.054647789,0.716729767,-0.030628870,-0.030450951,0.165288472,0.238420709,0.133377319,0.166587016,-0.282564627,-0.046931981,-0.091840444,-0.154761542,0.133377319,0.009094073,0.144103598,0.003422830,0.233642374,0.427420958,-0.247737745,1.232198089,0.188507150,0.206873465,-0.641112103,0.159124767,1.209684546,-0.124121238
-1.937837120,-1.538113710,0.115793623,0.694531448,0.054647789,0.716729767,-0.030628870,-0.026195521,0.169991768,0.245204989,0.126928753,0.176449178,-0.290605025,-0.043145520,-0.094453771,-0.159165294,0.126928753,0.014474759,0.148204076,0.003520227,0.234599671,0.432469485,-0.254787143,1.240228059,0.189602875,0.207069050,-0.652241228,0.163652674,1.217073896,-0.123384856
-1.937837120,-1.538113710,0.115793623,0.694531448,0.054647789,0.716729767,-0.030628870,-0.022004269,0.174624133,0.251886953,0.120577440,0.186162604,-0.298524164,-0.039416164,-0.097027686,-0.163502632,0.120577440,0.019774298,0.152242715,0.003616155,0.235542530,0.437441874,-0.261730226,1.248136926,0.190682074,0.207261685,-0.663202512,0.168112295,1.224351799,-0.122659579
-1.937837120,-1.538113710,0.115793623,0.694531448,0.054647789,0.716729767,-0.030628870,-0.017845089,0.179221049,0.258517785,0.114274729,0.195801701,-0.306382704,-0.035715346,-0.099581904,-0.167806779,0.114274729,0.025033284,0.156250450,0.003711349,0.236478174,0.442376213,-0.268620178,1.255985272,0.191753014,0.207452846,-0.674079916,0.172537790,1.231574007,-0.121939853
-1.937837120,-1.538113710,0.115793623,0.694531448,0.054647789,0.716729767,-0.030628870,-0.013799807,0.183692080,0.264967032,0.108144616,0.205176832,-0.314026038,-0.032115874,-0.102066175,-0.171993058,0.108144616,0.030148253,0.160148432,0.003803936,0.237388195,0.447175426,-0.275321450,1.263618692,0.192794627,0.207638773,-0.684659446,0.176842093,1.238598439,-0.121239835
-1.937837120,-1.538113710,0.115793623,0.694531448,0.054647789,0.716729767,-0.030628870,-0.009798259,0.188114774,0.271346557,0.102080775,0.214450609,-0.321586741,-0.028555316,-0.104523589,-0.176134078,0.102080775,0.035207924,0.164004274,0.003895522,0.238288379,0.451922754,-0.281950275,1.271169587,0.193824980,0.207822690,-0.695124599,0.181099862,1.245546931,-0.120547386
-1.937837120,-1.538113710,0.115793623,0.694531448,0.054647789,0.716729767,-0.030628870,-0.005883937,0.192441063,0.277587022,0.096149115,0.223522237,-0.328982636,-0.025072371,-0.106927437,-0.180184834,0.096149115,0.040157304,0.167776066,0.003985112,0.239168940,0.456566601,-0.288434605,1.278555889,0.194832873,0.208002597,-0.705361635,0.185264821,1.252343960,-0.119870031
-1.937837120,-1.538113710,0.115793623,0.694531448,0.054647789,0.716729767,-0.030628870,-0.002067726,0.196658914,0.283671071,0.090366130,0.232366487,-0.336193155,-0.021676725,-0.109271033,-0.184134058,0.090366130,0.044982630,0.171453319,0.004072456,0.240027430,0.461094050,-0.294756407,1.285757053,0.195815503,0.208177995,-0.715342081,0.189325386,1.258970623,-0.119209654
-1.937837120,-1.538113710,0.115793623,0.694531448,0.054647789,0.716729767,-0.030628870,0.001699463,0.200822585,0.289676966,0.084657430,0.241097127,-0.343311050,-0.018324698,-0.111584524,-0.188032552,0.084657430,0.049745971,0.175083336,0.004158678,0.240874892,0.465563342,-0.300997002,1.292865714,0.196785510,0.208351140,-0.725194323,0.193333791,1.265512162,-0.118557759
-1.937837120,-1.538113710,0.115793623,0.694531448,0.054647789,0.716729767,-0.030628870,0.005304717,0.204807277,0.295424694,0.079194124,0.249452473,-0.350122977,-0.015116761,-0.113798567,-0.191763465,0.079194124,0.054304557,0.178557313,0.004241194,0.241685926,0.469840518,-0.306969340,1.299668804,0.197713822,0.208516841,-0.734623057,0.197169891,1.271772504,-0.117933887
-1.937837120,-1.538113710,0.115793623,0.694531448,0.054647789,0.716729767,-0.030628870,0.008851232,0.208727047,0.301078775,0.073819829,0.257671689,-0.356823919,-0.011961089,-0.115976537,-0.195433592,0.073819829,0.058788871,0.181974690,0.004322366,0.242483746,0.474048007,-0.312844372,1.306361054,0.198627008,0.208679844,-0.743898173,0.200943492,1.277930851,-0.117320179
-1.937837120,-1.538113710,0.115793623,0.694531448,0.054647789,0.716729767,-0.030628870,0.012280619,0.212517364,0.306546125,0.068623026,0.265619458,-0.363303557,-0.008909636,-0.118082579,-0.198982511,0.068623026,0.063125086,0.185279206,0.004400856,0.243255217,0.478116540,-0.318525376,1.312832286,0.199510036,0.208837463,-0.752866971,0.204592465,1.283885814,-0.116726739
-1.937837120,-1.538113710,0.115793623,0.694531448,0.054647789,0.716729767,-0.030628870,0.015584298,0.216168741,0.311813062,0.063616719,0.273275890,-0.369545673,-0.005970040,-0.120111420,-0.202401338,0.063616719,0.067302351,0.188462589,0.004476470,0.243998409,0.482035935,-0.323998134,1.319066306,0.200360695,0.208989304,-0.761507003,0.208107680,1.289622488,-0.116155054
-1.937837120,-1.538113710,0.115793623,0.694531448,0.054647789,0.716729767,-0.030628870,0.018825175,0.219750707,0.316979876,0.058705579,0.280786776,-0.375669131,-0.003086323,-0.122101694,-0.205755175,0.058705579,0.071400208,0.191585458,0.004550646,0.244727472,0.485880824,-0.329366859,1.325181820,0.201195183,0.209138259,-0.769982792,0.211556072,1.295250110,-0.115594235
-1.937837120,-1.538113710,0.115793623,0.694531448,0.054647789,0.716729767,-0.030628870,0.021866766,0.223112414,0.321828977,0.054096432,0.287835809,-0.381416049,-0.000379929,-0.123969584,-0.208902781,0.054096432,0.075246083,0.194516298,0.004620261,0.245411705,0.489489287,-0.334405453,1.330921286,0.201978358,0.209278054,-0.777937395,0.214792419,1.300531687,-0.115067902
-1.937837120,-1.538113710,0.115793623,0.694531448,0.054647789,0.716729767,-0.030628870,0.024838577,0.226396996,0.326566829,0.049593028,0.294723121,-0.387031121,0.002264373,-0.125794620,-0.211978173,0.049593028,0.079003725,0.197379897,0.004688279,0.246080240,0.493014963,-0.339328452,1.336529074,0.202743565,0.209414642,-0.785709501,0.217954516,1.305692091,-0.114553644
-1.937837120,-1.538113710,0.115793623,0.694531448,0.054647789,0.716729767,-0.030628870,0.027671274,0.229527822,0.331082897,0.045300434,0.301288031,-0.392383345,0.004784894,-0.127534224,-0.214909603,0.045300434,0.082585468,0.200109449,0.004753113,0.246717480,0.496375598,-0.344020999,1.341874353,0.203472951,0.209544837,-0.793117787,0.220968593,1.310610928,-0.114063459
-1.937837120,-1.538113710,0.115793623,0.694531448,0.054647789,0.716729767,-0.030628870,0.030359380,0.232498840,0.335368449,0.041226948,0.307517845,-0.397462373,0.007176758,-0.129185033,-0.217691403,0.041226948,0.085984386,0.202699674,0.004814637,0.247322193,0.499564695,-0.348474023,1.346946790,0.204165108,0.209668386,-0.800147928,0.223828821,1.315278691,-0.113598295
-1.937837120,-1.538113710,0.115793623,0.694531448,0.054647789,0.716729767,-0.030628870,0.032975263,0.235390033,0.339538857,0.037262910,0.313580276,-0.402404937,0.009504357,-0.130791488,-0.220398460,0.037262910,0.089291982,0.205220306,0.004874509,0.247910659,0.502668107,-0.352807401,1.351882941,0.204838667,0.209788615,-0.806989183,0.226612200,1.319821042,-0.113145629
-1.937837120,-1.538113710,0.115793623,0.694531448,0.054647789,0.716729767,-0.030628870,0.035368757,0.238035433,0.343354719,0.033635872,0.319127313,-0.406927311,0.011634076,-0.132261371,-0.222875379,0.033635872,0.092318384,0.207526647,0.004929290,0.248449097,0.505507684,-0.356772381,1.356399450,0.205454964,0.209898623,-0.813248832,0.229158950,1.323977223,-0.112731446
-1.937837120,-1.538113710,0.115793623,0.694531448,0.054647789,0.716729767,-0.030628870,0.037686584,0.240597203,0.347049948,0.030123498,0.324498987,-0.411306717,0.013696468,-0.133684785,-0.225273994,0.030123498,0.095249111,0.209760077,0.004982340,0.248970512,0.508257491,-0.360612013,1.360773177,0.206051778,0.210005154,-0.819310591,0.231625189,1.328002014,-0.112330357
-1.937837120,-1.538113710,0.115793623,0.694531448,0.054647789,0.716729767,-0.030628870,0.039853597,0.242992285,0.350504739,0.026839663,0.329521143,-0.415401168,0.015624666,-0.135015583,-0.227516538,0.026839663,0.097989144,0.211848183,0.005031938,0.249458001,0.510828377,-0.364201811,1.364862320,0.206609759,0.210104752,-0.824977930,0.233930957,1.331764928,-0.111955365
-1.937837120,-1.538113710,0.115793623,0.694531448,0.054647789,0.716729767,-0.030628870,0.041868234,0.245218954,0.353716604,0.023786735,0.334190161,-0.419207713,0.017417280,-0.136252803,-0.229601395,0.023786735,0.100536509,0.213789462,0.005078048,0.249911211,0.513218489,-0.367539189,1.368663927,0.207128504,0.210197347,-0.830246763,0.236074594,1.335263249,-0.111606742
-1.937837120,-1.538113710,0.115793623,0.694531448,0.054647789,0.716729767,-0.030628870,0.043806770,0.247361512,0.356807141,0.020849130,0.338682808,-0.422870468,0.019142180,-0.137443288,-0.231607497,0.020849130,0.102987647,0.215657410,0.005122417,0.250347301,0.515518315,-0.370750499,1.372321928,0.207627655,0.210286445,-0.835316569,0.238137255,1.338629422,-0.111271288
-1.937837120,-1.538113710,0.115793623,0.694531448,0.054647789,0.716729767,-0.030628870,0.045517620,0.249252422,0.359534689,0.018256552,0.342647785,-0.426103025,0.020664486,-0.138493948,-0.233377979,0.018256552,0.105150896,0.217305965,0.005161574,0.250732172,0.517548022,-0.373584635,1.375550290,0.208068179,0.210365078,-0.839790916,0.239957652,1.341600226,-0.110975233
-1.937837120,-1.538113710,0.115793623,0.694531448,0.054647789,0.716729767,-0.030628870,0.047153266,0.251060214,0.362142342,0.015777937,0.346438473,-0.429193488,0.022119876,-0.139498425,-0.235070635,0.015777937,0.107219054,0.218882053,0.005199010,0.251100125,0.519488508,-0.376294189,1.378636745,0.208489339,0.210440254,-0.844068583,0.241698029,1.344440444,-0.110692192
-1.937837120,-1.538113710,0.115793623,0.694531448,0.054647789,0.716729767,-0.030628870,0.048639055,0.252702375,0.364511081,0.013526413,0.349881857,-0.432000802,0.023441923,-0.140410871,-0.236608210,0.013526413,0.109097726,0.220313740,0.005233016,0.251434366,0.521251208,-0.378755494,1.381440423,0.208871912,0.210508543,-0.847954329,0.243278953,1.347020446,-0.110435083
-1.937837120,-1.538113710,0.115793623,0.694531448,0.054647789,0.716729767,-0.030628870,0.049978160,0.254182416,0.366645968,0.011497168,0.352985297,-0.434530967,0.024633453,-0.141233237,-0.237993990,0.011497168,0.110790929,0.221604085,0.005263665,0.251735610,0.522839886,-0.380973809,1.383967305,0.209216716,0.210570090,-0.851456460,0.244703803,1.349345735,-0.110203357
-1.937837120,-1.538113710,0.115793623,0.694531448,0.054647789,0.716729767,-0.030628870,0.051244018,0.255581501,0.368664081,0.009578920,0.355918984,-0.436922737,0.025759807,-0.142010620,-0.239303970,0.009578920,0.112391517,0.222823851,0.005292638,0.252020376,0.524341666,-0.383070786,1.386355968,0.209542660,0.210628270,-0.854767029,0.246050715,1.351543833,-0.109984306
-1.937837120,-1.538113710,0.115793623,0.694531448,0.054647789,0.716729767,-0.030628870,0.052298258,0.256746695,0.370344818,0.007981352,0.358362236,-0.438914665,0.026697865,-0.142658046,-0.240394955,0.007981352,0.113724528,0.223839704,0.005316767,0.252257537,0.525592388,-0.384817203,1.388345312,0.209814115,0.210676725,-0.857524159,0.247172458,1.353374470,-0.109801875
-1.937837120,-1.538113710,0.115793623,0.694531448,0.054647789,0.716729767,-0.030628870,0.053285300,0.257837619,0.371918423,0.006485616,0.360649751,-0.440779625,0.027576130,-0.143264204,-0.241416399,0.006485616,0.114972571,0.224790804,0.005339358,0.252479581,0.526763388,-0.386452302,1.390207852,0.210068267,0.210722091,-0.860105545,0.248222700,1.355088419,-0.109631072
-1.937837120,-1.538113710,0.115793623,0.694531448,0.054647789,0.716729767,-0.030628870,0.054138465,0.258780576,0.373278595,0.005192751,0.362627003,-0.442391634,0.028335272,-0.143788146,-0.242299302,0.005192751,0.116051337,0.225612904,0.005358885,0.252671508,0.527775561,-0.387865626,1.391817770,0.210287947,0.210761303,-0.862336809,0.249130494,1.356569899,-0.109483436
-1.937837120,-1.538113710,0.115793623,0.694531448,0.054647789,0.716729767,-0.030628870,0.054866501,0.259585234,0.374439276,0.004089505,0.364314259,-0.443767216,0.028983074,-0.144235244,-0.243052712,0.004089505,0.116971886,0.226314429,0.005375548,0.252835285,0.528639282,-0.389071664,1.393191570,0.210475407,0.210794764,-0.864240822,0.249905146,1.357834095,-0.109357453
-1.937837120,-1.538113710,0.115793623,0.694531448,0.054647789,0.716729767,-0.030628870,0.055532065,0.260320847,0.375500362,0.003080926,0.365856736,-0.445024763,0.029575291,-0.144643978,-0.243741475,0.003080926,0.117813445,0.226955759,0.005390781,0.252985010,0.529428890,-0.390174216,1.394447489,0.210646782,0.210825354,-0.865981458,0.250613328,1.358989812,-0.109242280
-1.937837120,-1.538113710,0.115793623,0.694531448,0.054647789,0.716729767,-0.030628870,0.056026999,0.260867870,0.376289417,0.002330917,0.367003769,-0.445959913,0.030015680,-0.144947925,-0.244253659,0.002330917,0.118439253,0.227432671,0.005402109,0.253096350,0.530016066,-0.390994105,1.395381422,0.210774223,0.210848102,-0.867275846,0.251139952,1.359849243,-0.109156634
-1.937837120,-1.538113710,0.115793623,0.694531448,0.054647789,0.716729767,-0.030628870,0.056471476,0.261359127,0.376998031,0.001657368,0.368033866,-0.446799728,0.030411174,-0.145220886,-0.244713629,0.001657368,0.119001263,0.227860964,0.005412282,0.253196339,0.530543382,-0.391730411,1.396220146,0.210888671,0.210868531,-0.868438277,0.251612890,1.360621057,-0.109079719
-1.937837120,-1.538113710,0.115793623,0.694531448,0.054647789,0.716729767,-0.030628870,0.056815455,0.261739309,0.377546424,0.001136111,0.368831053,-0.447449657,0.030717245,-0.145432129,-0.245069597,0.001136111,0.119436200,0.228192418,0.005420155,0.253273720,0.530951469,-0.392300235,1.396869233,0.210977241,0.210884341,-0.869337877,0.251978894,1.361218356,-0.109020195
-1.937837120,-1.538113710,0.115793623,0.694531448,0.054647789,0.716729767,-0.030628870,0.057074099,0.262025174,0.377958770,0.000744169,0.369430472,-0.447938350,0.030947385,-0.145590966,-0.245337256,0.000744169,0.119763236,0.228441644,0.005426075,0.253331904,0.531258317,-0.392728695,1.397357293,0.211043839,0.210896229,-0.870014302,0.252254099,1.361667480,-0.108975438
-1.937837120,-1.538113710,0.115793623,0.694531448,0.054647789,0.716729767,-0.030628870,0.057290157,0.262263971,0.378303225,0.000416760,0.369931198,-0.448346581,0.031139633,-0.145723651,-0.245560845,0.000416760,0.120036427,0.228649835,0.005431020,0.253380509,0.531514642,-0.393086609,1.397764996,0.211099471,0.210906159,-0.870579355,0.252483992,1.362042659,-0.108938050
-1.937837120,-1.538113710,0.115793623,0.694531448,0.054647789,0.716729767,-0.030628870,0.057405049,0.262390955,0.378486392,0.000242657,0.370197465,-0.448563662,0.031241862,-0.145794207,-0.245679741,0.000242656,0.120181699,0.228760543,0.005433650,0.253406354,0.531650947,-0.393276935,1.397981796,0.211129054,0.210911440,-0.870879828,0.252606240,1.362242161,-0.108918169
-1.937837120,-1.538113710,0.115793623,0.694531448,0.054647789,0.716729767,-0.030628870,0.057496159,0.262491654,0.378631646,0.000104591,0.370408617,-0.448735809,0.031322932,-0.145850159,-0.245774026,0.000104591,0.120296901,0.228848335,0.005435735,0.253426850,0.531759037,-0.393427865,1.398153720,0.211152514,0.210915627,-0.871118106,0.252703183,1.362400368,-0.108902403
-1.937837120,-1.538113710,0.115793623,0.694531448,0.054647789,0.716729767,-0.030628870,0.057539912,0.262540011,0.378701400,0.000038288,0.370510017,-0.448818479,0.031361863,-0.145877029,-0.245819305,0.000038288,0.120352224,0.228890495,0.005436736,0.253436693,0.531810945,-0.393500344,1.398236281,0.211163780,0.210917638,-0.871232532,0.252749738,1.362476340,-0.108894831
-1.937837120,-1.538113710,0.115793623,0.694531448,0.054647789,0.716729767,-0.030628870,0.057558750,0.262560832,0.378731433,0.000009742,0.370553674,-0.448854072,0.031378625,-0.145888598,-0.245838799,0.000009742,0.120376043,0.228908647,0.005437167,0.253440931,0.531833293,-0.393531550,1.398271828,0.211168630,0.210918503,-0.871281798,0.252769783,1.362509053,-0.108891571
-1.937837171,-1.538113704,0.115793628,0.694531450,0.054647794,0.716729766,-0.030628835,0.057565188,0.262568395,0.378741628,0.000000000,0.370571104,-0.448868107,0.031384346,-0.145892465,-0.245845440,0.000000000,0.120384305,0.228914945,0.005437353,0.253442551,0.531840913,-0.393541840,1.398283863,0.211170896,0.210919134,-0.871298520,0.252776178,1.362520064,-0.108890656
-1.937888604,-1.538107266,0.115798872,0.694533658,0.054652764,0.716728720,-0.030594349,0.057574869,0.263027630,0.378687178,0.000000000,0.373106496,-0.450760568,0.031385697,-0.145811551,-0.245833361,0.000000000,0.120517871,0.229018006,0.005476055,0.253616646,0.531833546,-0.393180829,1.398186728,0.211781856,0.211254708,-0.871207109,0.252330569,1.362363492,-0.109087934
-1.937984229,-1.538117713,0.115803867,0.694540400,0.054628338,0.716727174,-0.030521082,0.057579318,0.263458413,0.378620287,0.000000000,0.375440581,-0.452242575,0.031386370,-0.145687757,-0.245805534,0.000000000,0.120656718,0.229079078,0.005520967,0.253773839,0.531899764,-0.392932067,1.398117073,0.212266250,0.211508737,-0.871116763,0.251981008,1.362248126,-0.109256126
-1.938167837,-1.538161777,0.115808364,0.694556154,0.054545384,0.716724617,-0.030370605,0.057573353,0.263832549,0.378528626,0.000000000,0.377373883,-0.452907412,0.031385697,-0.145478597,-0.245746355,0.000000000,0.120806078,0.229056556,0.005578243,0.253897383,0.532112483,-0.392906783,1.398102127,0.212498666,0.211600416,-0.871028535,0.251822666,1.362214796,-0.109366411
-1.938262663,-1.538177758,0.115804312,0.694557028,0.054494267,0.716731059,-0.030290243,0.057518230,0.264108268,0.378449549,0.000000000,0.378496052,-0.453445725,0.031353033,-0.145313493,-0.245736874,0.000000000,0.120899675,0.229023754,0.005569196,0.253968632,0.532265624,-0.392928146,1.398054702,0.212635058,0.211569076,-0.870944224,0.251814321,1.362215803,-0.109477081
-1.938313246,-1.538179746,0.115795987,0.694550461,0.054458918,0.716742024,-0.030244920,0.057438500,0.264334899,0.378376715,0.000000000,0.379213631,-0.453921155,0.031304392,-0.145170393,-0.245752294,0.000000000,0.120965421,0.228985875,0.005526981,0.254013758,0.532389045,-0.392972825,1.397991084,0.212723739,0.211476437,-0.870861846,0.251880568,1.362233930,-0.109587936
-1.938309808,-1.538166084,0.115769643,0.694505119,0.054350889,0.716790238,-0.030337674,0.057221339,0.264459873,0.378284536,0.000000000,0.379071222,-0.454476449,0.031203904,-0.145101782,-0.245926818,0.000000000,0.120936985,0.228984543,0.005333467,0.253966818,0.532446159,-0.393112855,1.397899745,0.212887222,0.211312338,-0.870764821,0.251892084,1.362281853,-0.109693294
-1.938307520,-1.538156894,0.115748499,0.694470169,0.054272860,0.716827067,-0.030407183,0.057038445,0.264550525,0.378212525,0.000000000,0.378947900,-0.454922850,0.031120295,-0.145054021,-0.246072530,0.000000000,0.120915925,0.229006892,0.005152839,0.253929709,0.532476735,-0.393223239,1.397830338,0.213050070,0.211167660,-0.870693423,0.251891467,1.362313152,-0.109777875
-1.938307520,-1.538156606,0.115737708,0.694455931,0.054254547,0.716841260,-0.030430428,0.056923755,0.264572859,0.378180660,0.000000000,0.378862569,-0.455152503,0.031070283,-0.145047762,-0.246160892,0.000000000,0.120909546,0.229076380,0.004997860,0.253912167,0.532454491,-0.393274613,1.397804586,0.213211657,0.211061640,-0.870673038,0.251866702,1.362311364,-0.109821100
-1.938306566,-1.538159948,0.115732421,0.694448099,0.054228839,0.716849992,-0.030449299,0.056853703,0.264578035,0.378159840,0.000000000,0.378862767,-0.455268388,0.031042922,-0.145050119,-0.246182411,0.000000000,0.120928271,0.229163599,0.004889491,0.253909682,0.532413714,-0.393299551,1.397807877,0.213364665,0.210983573,-0.870683149,0.251850031,1.362286078,-0.109854730
-1.938305138,-1.538165089,0.115729878,0.694443452,0.054199509,0.716856003,-0.030465972,0.056805906,0.264574662,0.378144469,0.000000000,0.378905563,-0.455327611,0.031026831,-0.145056776,-0.246170628,0.000000000,0.120959481,0.229259605,0.004804362,0.253914724,0.532363731,-0.393311377,1.397825596,0.213513392,0.210919395,-0.870708418,0.251837266,1.362249145,-0.109883590
-1.938303278,-1.538164591,0.115731286,0.694437011,0.054223611,0.716860541,-0.030463144,0.056796420,0.264560588,0.378087141,0.000000000,0.378985511,-0.455337321,0.031009598,-0.145076446,-0.246118816,0.000000000,0.120984837,0.229322011,0.004762295,0.253951131,0.532326609,-0.393361338,1.397821876,0.213651607,0.210838741,-0.870719433,0.251712399,1.362254077,-0.109916712
-1.938303284,-1.538162536,0.115733243,0.694432222,0.054240233,0.716863861,-0.030464593,0.056788111,0.264549500,0.378032492,0.000000000,0.379046872,-0.455347921,0.030997297,-0.145082094,-0.246009777,0.000000000,0.121050476,0.229382202,0.004711986,0.253988758,0.532299594,-0.393408715,1.397812128,0.213777985,0.210769569,-0.870727446,0.251593727,1.362287549,-0.109937802
-1.938307004,-1.538157382,0.115736291,0.694430723,0.054241970,0.716864758,-0.030474551,0.056782145,0.264544350,0.377983174,0.000000000,0.379071245,-0.455360295,0.030994810,-0.145059841,-0.245786857,0.000000000,0.121196278,0.229437983,0.004645274,0.254028813,0.532292692,-0.393450952,1.397790383,0.213880804,0.210723246,-0.870729485,0.251487386,1.362377814,-0.109934950
-1.938312872,-1.538156868,0.115738982,0.694435145,0.054222008,0.716861186,-0.030493329,0.056776588,0.264531617,0.377932185,0.000000000,0.379041106,-0.455410046,0.031000853,-0.144987917,-0.245254812,0.000000000,0.121502911,0.229343938,0.004586153,0.254047134,0.532285336,-0.393487862,1.397767541,0.213968499,0.210635458,-0.870723546,0.251428176,1.362499464,-0.109930835
-1.938319817,-1.538158679,0.115741498,0.694442511,0.054191281,0.716855386,-0.030516545,0.056771261,0.264515011,0.377880323,0.000000000,0.378983851,-0.455478437,0.031011132,-0.144891282,-0.244568265,0.000000000,0.121889438,0.229174192,0.004530820,0.254054618,0.532277683,-0.393522128,1.397744192,0.214048706,0.210527068,-0.870713673,0.251392264,1.362636755,-0.109926126
-1.938335052,-1.538174915,0.115747600,0.694450813,0.054186375,0.716844839,-0.030584017,0.056788747,0.264410010,0.377792220,0.000000000,0.378927899,-0.455588283,0.031013678,-0.144791663,-0.243250062,0.000000000,0.122177519,0.227988751,0.004486417,0.254038542,0.532208231,-0.393560413,1.397754776,0.214159581,0.210441075,-0.870732555,0.251226716,1.362798331,-0.109951532
-1.938352058,-1.538189786,0.115753224,0.694461206,0.054210272,0.716831338,-0.030622102,0.056812458,0.264297688,0.377775188,0.000000000,0.378906095,-0.455663737,0.031019929,-0.144636242,-0.241914012,0.000000000,0.122300420,0.227015603,0.004466734,0.254025469,0.532135478,-0.393586752,1.397763542,0.214283262,0.210360101,-0.870759047,0.251045916,1.362975100,-0.109996008
-1.938372590,-1.538201942,0.115757895,0.694475765,0.054291472,0.716811958,-0.030601719,0.056848554,0.264170801,0.377899554,0.000000000,0.378952229,-0.455670765,0.031033552,-0.144369798,-0.240542450,0.000000000,0.122094688,0.226464824,0.004496231,0.254018370,0.532056155,-0.393589327,1.397768690,0.214432421,0.210289111,-0.870800675,0.250834770,1.363182096,-0.110078429
-1.938398420,-1.538217733,0.115751971,0.694469713,0.054244091,0.716816941,-0.030706166,0.056737365,0.264060668,0.377931274,0.000000000,0.379039457,-0.455634227,0.031062571,-0.144087357,-0.239090339,0.000000000,0.121661754,0.226358711,0.004348549,0.253957233,0.531975805,-0.393583960,1.397791133,0.214565423,0.210267921,-0.870875431,0.250597854,1.363339652,-0.110073788
-1.938426879,-1.538235348,0.115740799,0.694453436,0.054132797,0.716833971,-0.030872688,0.056553035,0.263958798,0.377916666,0.000000000,0.379147308,-0.455576285,0.031099367,-0.143796833,-0.237597740,0.000000001,0.121115922,0.226472234,0.004112732,0.253869262,0.531894888,-0.393574751,1.397822193,0.214690453,0.210271516,-0.870966681,0.250348300,1.363472674,-0.110025880
-1.938450987,-1.538267245,0.115747357,0.694476699,0.054052875,0.716810599,-0.031031717,0.056462286,0.263797488,0.377694702,0.000000000,0.379410149,-0.455737524,0.031237018,-0.143400058,-0.235749161,0.000000012,0.120655280,0.225319310,0.003864044,0.253817048,0.531767357,-0.393654664,1.397866756,0.214870226,0.210290792,-0.871072432,0.250249004,1.363650989,-0.110005397
-1.938478275,-1.538302732,0.115765640,0.694514913,0.054007803,0.716770711,-0.031175955,0.056448419,0.263594811,0.377404421,0.000000000,0.379778391,-0.455963795,0.031417942,-0.142971222,-0.233754427,0.000000026,0.120133294,0.223678422,0.003634845,0.253802313,0.531596454,-0.393731801,1.397932399,0.215056301,0.210339636,-0.871224977,0.250178715,1.363813991,-0.109974833
-1.938511887,-1.538345362,0.115807246,0.694582896,0.054032057,0.716698001,-0.031290771,0.056587477,0.263309850,0.376978250,0.000000000,0.380356288,-0.456319423,0.031684941,-0.142478612,-0.231468974,0.000000042,0.119489289,0.221066917,0.003444414,0.253862127,0.531339282,-0.393803416,1.398039974,0.215254911,0.210447291,-0.871470598,0.250166127,1.363946533,-0.109924214
-1.938599868,-1.538387800,0.115863939,0.694663143,0.054094127,0.716610876,-0.031397387,0.056780635,0.262966321,0.376442799,0.000000000,0.381215157,-0.456632976,0.032025754,-0.141810343,-0.228531353,0.000000029,0.118043827,0.218036120,0.003185230,0.254013401,0.530977870,-0.393833637,1.398169762,0.215445747,0.210592078,-0.871857529,0.250203352,1.363970008,-0.109834330
-1.938715144,-1.538430151,0.115928150,0.694749470,0.054175062,0.716516555,-0.031500207,0.057000748,0.262593499,0.375852679,0.000000000,0.382213970,-0.456925660,0.032403505,-0.141054305,-0.225267270,0.000000000,0.116196237,0.214796733,0.002891834,0.254210135,0.530564484,-0.393843647,1.398310730,0.215632951,0.210755422,-0.872315073,0.250265317,1.363939302,-0.109724918
-1.939038799,-1.538479220,0.116004848,0.694832432,0.054306952,0.716411582,-0.031829121,0.057265529,0.262084553,0.374996563,0.000000000,0.383399929,-0.457259992,0.032969380,-0.139957950,-0.220257980,0.000000000,0.111454607,0.211473827,0.002579253,0.254393868,0.530036728,-0.394151765,1.398558784,0.216007910,0.210993587,-0.873050828,0.250303119,1.363948524,-0.109613105
-1.939301786,-1.538518786,0.116109447,0.694945292,0.054474962,0.716279319,-0.032053969,0.057769728,0.261591595,0.374041982,0.000000000,0.384677323,-0.457666145,0.033630198,-0.138661714,-0.214786092,0.000000000,0.107163283,0.206906732,0.002436090,0.254724392,0.529434253,-0.394432952,1.399139979,0.216467488,0.211293030,-0.873701730,0.250428024,1.363997715,-0.109587797
-1.939444126,-1.538539456,0.116269532,0.695117719,0.054714813,0.716092900,-0.032071867,0.058750047,0.261130429,0.372891590,0.000000000,0.386136549,-0.458215127,0.034479823,-0.136967980,-0.208394252,0.000000000,0.103767465,0.199865363,0.002629841,0.255346831,0.528683192,-0.394660585,1.400383677,0.217095345,0.211714338,-0.874183889,0.250726145,1.364126392,-0.109734520
-1.939592962,-1.538544172,0.116543356,0.695507892,0.055168496,0.715687894,-0.031875492,0.060582503,0.260649162,0.371672841,0.000000000,0.387330762,-0.459068119,0.035871045,-0.135072830,-0.199738789,0.000003341,0.100776885,0.192658038,0.003076720,0.256820863,0.527650300,-0.394483759,1.403305931,0.217650375,0.212314148,-0.874600117,0.250994204,1.364338150,-0.109787859
-1.939745106,-1.538540934,0.116873799,0.696005814,0.055728178,0.715173709,-0.031572820,0.062838739,0.260157852,0.370418434,0.000000000,0.388391855,-0.460072312,0.037531935,-0.133077138,-0.189954044,0.000008361,0.097989400,0.185366763,0.003648551,0.258717982,0.526477773,-0.394106163,1.407059970,0.218169689,0.213002291,-0.874983660,0.251247108,1.364591238,-0.109794566
-1.939958181,-1.538521266,0.117262727,0.696507859,0.056086735,0.714661730,-0.031459380,0.065220542,0.259628181,0.367873386,0.000000000,0.388393822,-0.461131079,0.039521338,-0.130764014,-0.177105795,0.000027948,0.096465698,0.176959894,0.003539808,0.260415426,0.525665377,-0.393955564,1.408762943,0.219065234,0.213378134,-0.875436529,0.251338554,1.364866832,-0.109640512
-1.940223270,-1.538500042,0.117667056,0.697032711,0.056385052,0.714126476,-0.031456342,0.067631927,0.259009834,0.364834368,0.000000000,0.387923267,-0.461878666,0.041616071,-0.128353613,-0.163159208,0.000035431,0.095526333,0.168017461,0.003275346,0.262172865,0.524936614,-0.393987406,1.410003349,0.219881069,0.213721916,-0.875995949,0.251558298,1.365161287,-0.109477439
-1.940591775,-1.538475724,0.118102003,0.697603321,0.056563629,0.713545370,-0.031672831,0.070102128,0.258215177,0.360813232,0.000000000,0.386513233,-0.462007557,0.043920223,-0.125749806,-0.147028886,0.000018848,0.095748757,0.158010209,0.002701281,0.264049590,0.524374132,-0.394381981,1.410324070,0.220538422,0.214001950,-0.876767217,0.252033125,1.365493241,-0.109296438
-1.941045568,-1.538450973,0.118617401,0.698230297,0.057090759,0.712897006,-0.031511215,0.073397183,0.257165079,0.355532786,0.000000000,0.382999903,-0.461823456,0.046597824,-0.123013635,-0.128921694,0.000007995,0.097466351,0.146118114,0.002828376,0.266196208,0.523931934,-0.394832303,1.410505087,0.220802641,0.214593154,-0.877588773,0.252666592,1.365835847,-0.109073868
-1.941541855,-1.538426010,0.119173085,0.698885154,0.057791341,0.712213925,-0.031161318,0.077104382,0.255987283,0.349626452,0.000000000,0.378437901,-0.461481459,0.049462858,-0.120211656,-0.109828917,0.000000000,0.099926617,0.133290037,0.003304404,0.268478241,0.523549490,-0.395309823,1.410617022,0.220871003,0.215340380,-0.878435064,0.253379045,1.366183391,-0.108831037
-1.942116780,-1.538403624,0.119950875,0.699961587,0.058695479,0.711107710,-0.030568634,0.082428862,0.254260013,0.343721921,0.000000000,0.371422817,-0.459408127,0.053681300,-0.117394263,-0.088468946,0.000000000,0.102057720,0.121060044,0.004112260,0.271704667,0.523146082,-0.395410872,1.410989818,0.220595976,0.217101366,-0.879090102,0.254195750,1.366265646,-0.108884079
-1.942640619,-1.538391220,0.120703113,0.701064789,0.059465253,0.709973410,-0.030162935,0.087445274,0.252424784,0.337707022,0.000000000,0.364003518,-0.456602726,0.057346327,-0.114565856,-0.066201970,0.000342463,0.103170163,0.107405008,0.004560882,0.274795672,0.522705351,-0.395671449,1.411400294,0.220306785,0.218770334,-0.879704478,0.255160372,1.366592229,-0.109231045
-1.943062910,-1.538398660,0.121404558,0.702223907,0.059968166,0.708786035,-0.030129038,0.091849317,0.250374956,0.331472737,0.000000000,0.355780731,-0.452342137,0.059911291,-0.111715555,-0.042132075,0.001365665,0.102257742,0.090917314,0.004295432,0.277617491,0.522190434,-0.396249130,1.411885669,0.219989441,0.220256391,-0.880238029,0.256419021,1.367404481,-0.110162268
-1.943285754,-1.538442508,0.121755539,0.702601126,0.060023697,0.708392497,-0.030477593,0.093454817,0.248381465,0.324653315,0.000000000,0.348792870,-0.446356787,0.056246331,-0.108716265,-0.017604378,0.011719944,0.097088007,0.072043029,0.002866744,0.278942808,0.521406689,-0.397113916,1.412567768,0.219674647,0.220925281,-0.880520408,0.257637423,1.369009981,-0.111986137
-1.943409366,-1.538504611,0.121932161,0.702590305,0.059856525,0.708393945,-0.031017393,0.093667290,0.246415569,0.317541645,0.000000000,0.342422156,-0.439513793,0.049472692,-0.105642291,0.007148735,0.026731889,0.089798643,0.051981534,0.000857814,0.279522949,0.520488007,-0.398121414,1.413348637,0.219361415,0.221187094,-0.880678594,0.258834937,1.371007061,-0.114253747
-1.943442126,-1.538684571,0.121956645,0.702559809,0.059372695,0.708402865,-0.032403374,0.092141545,0.244164270,0.309364331,0.000000000,0.338560684,-0.432235153,0.033386521,-0.102103604,0.030425038,0.056790246,0.079529529,0.030980241,-0.002744368,0.278985536,0.518599606,-0.399164410,1.414856554,0.219258023,0.220714270,-0.881275087,0.259396079,1.371157764,-0.116654769
-1.943329240,-1.538893719,0.121977639,0.702535564,0.058922886,0.708401256,-0.033756992,0.090580826,0.241874910,0.301385393,0.000000000,0.335441572,-0.425460087,0.015356578,-0.098286262,0.052547094,0.090766806,0.070744280,0.013036237,-0.006334008,0.278183581,0.516468420,-0.400412103,1.416576106,0.219276524,0.219796532,-0.881873771,0.260180569,1.371491013,-0.118654511
-1.942926906,-1.539160871,0.121991699,0.702525398,0.058540830,0.708380398,-0.035046365,0.088950603,0.239509911,0.293800691,0.000000000,0.333797773,-0.419685788,-0.006536277,-0.093915143,0.072375285,0.132530115,0.064907954,0.001168062,-0.009898724,0.276855892,0.513854742,-0.402066596,1.418716243,0.219537264,0.217994606,-0.882476809,0.261408926,1.372187038,-0.119856783
-1.942433155,-1.539473418,0.122005773,0.702550726,0.057876182,0.708330549,-0.036615014,0.087204869,0.237162552,0.287447090,0.000000000,0.333149881,-0.414814690,-0.031534818,-0.089215782,0.090109504,0.181695973,0.059717819,-0.002085989,-0.013774179,0.275218308,0.511079212,-0.404119604,1.421031088,0.219976116,0.216190375,-0.883168539,0.262342320,1.373302148,-0.120044114
-1.941894104,-1.539808579,0.122019847,0.702592066,0.057070571,0.708264579,-0.038322642,0.085401537,0.234824188,0.281708816,0.000000000,0.332998172,-0.410394076,-0.058082900,-0.084352351,0.106799986,0.234554795,0.054847371,-0.001048686,-0.017804639,0.273426997,0.508223400,-0.406370526,1.423433151,0.220503842,0.214386425,-0.883904840,0.263128554,1.374624888,-0.119725459
-1.941434260,-1.540188101,0.122028032,0.702665827,0.055963182,0.708172551,-0.040255389,0.083452151,0.232646167,0.278544529,0.000000000,0.333832759,-0.407204933,-0.089236014,-0.078797651,0.121092015,0.298085204,0.049056518,0.008241091,-0.022272639,0.271791494,0.505454582,-0.408577488,1.426128408,0.221300117,0.213566930,-0.884992683,0.263482377,1.375556229,-0.118181953
-1.941004087,-1.540569011,0.122032540,0.702753689,0.054794892,0.708064081,-0.042190406,0.081517424,0.230648278,0.275902594,0.000000000,0.335031726,-0.404404471,-0.121582154,-0.072947538,0.134752590,0.364266779,0.043403010,0.018270648,-0.026659976,0.270299374,0.502733029,-0.410445895,1.429211338,0.222154670,0.213141259,-0.886096510,0.263767664,1.376337856,-0.116581659
-1.940632870,-1.540952679,0.122029742,0.702872794,0.053505860,0.707926191,-0.044130110,0.079611826,0.229008287,0.274298510,0.000000000,0.336954674,-0.402376272,-0.156298693,-0.066510476,0.147158539,0.435715907,0.038022392,0.029770060,-0.030887043,0.269092135,0.500105386,-0.411641635,1.433064528,0.223125014,0.213498067,-0.887232097,0.263916778,1.376822019,-0.114868533
-1.940330657,-1.541328986,0.122022809,0.703000463,0.052179644,0.707778828,-0.046008297,0.077792500,0.227688431,0.273200259,0.000000000,0.339002284,-0.400936859,-0.192370934,-0.059606201,0.159028682,0.510610535,0.033405676,0.041507210,-0.034893713,0.267595205,0.497979311,-0.411935959,1.435886123,0.224217306,0.214269509,-0.888362356,0.264211055,1.377195259,-0.113300844
-1.940062867,-1.541701610,0.122013710,0.703130638,0.050834553,0.707624874,-0.047855949,0.076015359,0.226528018,0.272352739,0.000000000,0.341111853,-0.399790547,-0.229118052,-0.052469444,0.170631841,0.587219891,0.029171735,0.053363110,-0.038790745,0.265953616,0.496103384,-0.411781901,1.438193289,0.225369577,0.215246365,-0.889489679,0.264577068,1.377514378,-0.111805534
-1.939894206,-1.542055451,0.121928643,0.703302309,0.049306944,0.707428407,-0.049796950,0.073794839,0.225661960,0.271168068,0.000000000,0.343251169,-0.399088946,-0.266888125,-0.045047881,0.181659237,0.666117785,0.027179863,0.065665752,-0.042573131,0.263794291,0.494914277,-0.411180633,1.439127420,0.226129276,0.215873283,-0.890424134,0.264701363,1.378481197,-0.110406570
-1.939757232,-1.542401389,0.121746725,0.703296274,0.047708319,0.707400236,-0.051799354,0.070917101,0.224844611,0.269794517,0.000000000,0.345645747,-0.398459178,-0.304950246,-0.037743450,0.192283308,0.744526229,0.026136107,0.078161376,-0.046433552,0.261242497,0.493924001,-0.410726343,1.439452735,0.226892618,0.216320952,-0.891298091,0.264373995,1.379351425,-0.108984695
-1.939683203,-1.542731626,0.121372419,0.702940770,0.045968881,0.707709927,-0.053923976,0.066733841,0.224124019,0.268045771,0.000000000,0.348547390,-0.397972102,-0.343592502,-0.030671695,0.202106201,0.821962412,0.026975724,0.091040346,-0.050448987,0.257911089,0.493328688,-0.410564014,1.438568674,0.227663198,0.216412550,-0.892051871,0.263149429,1.380029780,-0.107517311
-1.939679480,-1.543042696,0.120813638,0.702253795,0.044301537,0.708341901,-0.055935076,0.061440201,0.223436818,0.266368572,0.000000000,0.351678239,-0.398058705,-0.382327334,-0.024147085,0.211236576,0.897499131,0.029949632,0.103604146,-0.054349722,0.254392700,0.492760497,-0.410950595,1.438314193,0.228389180,0.215967575,-0.892800465,0.261637612,1.380444031,-0.105919767
-1.939710815,-1.543344163,0.120163158,0.701399392,0.042669798,0.709131150,-0.057889493,0.055594577,0.222766514,0.264727104,0.000000000,0.354922720,-0.398431240,-0.421105214,-0.017896140,0.220021557,0.972087259,0.033989449,0.116009065,-0.058193747,0.250781579,0.492206080,-0.411610605,1.438372964,0.229093304,0.215255594,-0.893546523,0.259984075,1.380726020,-0.104257824
-1.939836840,-1.543591719,0.119450958,0.700508980,0.041024156,0.709950456,-0.059787441,0.049355048,0.222301298,0.263217417,0.000000000,0.358048472,-0.399489722,-0.457997311,-0.012917936,0.227829786,1.043199841,0.041964382,0.126878576,-0.062195708,0.247245399,0.491848735,-0.412824781,1.438834741,0.229983297,0.214181011,-0.894317648,0.258924414,1.380286413,-0.102746920
-1.939964186,-1.543827537,0.118743948,0.699646516,0.039201729,0.710732592,-0.061783176,0.043155859,0.221931796,0.261833841,0.000000000,0.361167805,-0.400536430,-0.493949569,-0.008578730,0.235078832,1.112686450,0.050839011,0.137926513,-0.066187061,0.243673474,0.491591032,-0.413967102,1.439288731,0.230809090,0.212935644,-0.895026217,0.258045053,1.379490950,-0.101359986
-1.940094153,-1.544040041,0.118047246,0.698843574,0.037028455,0.711444973,-0.063973448,0.037036786,0.221752381,0.260700722,0.000000000,0.364274389,-0.401559757,-0.528035314,-0.005508570,0.241217343,1.178943894,0.061500429,0.149328804,-0.070157346,0.240030560,0.491531218,-0.414966718,1.439727258,0.231507383,0.211351104,-0.895610551,0.257523769,1.377988757,-0.100219254
-1.940230042,-1.544227305,0.117399659,0.698047979,0.035460064,0.712164210,-0.065526642,0.031578334,0.221693690,0.260759235,0.000000000,0.367178372,-0.402399506,-0.559883599,-0.003296163,0.247675923,1.241797793,0.073306662,0.161369762,-0.073350183,0.236775347,0.491496988,-0.415049606,1.440114214,0.232137727,0.210162469,-0.895925882,0.256730687,1.377103244,-0.099284889
-1.940368919,-1.544401962,0.116776608,0.697256122,0.034191996,0.712886701,-0.066763462,0.026449198,0.221695230,0.261410369,0.000000000,0.369980032,-0.403148220,-0.590615327,-0.001511335,0.254293174,1.302955713,0.085683875,0.173727118,-0.076156502,0.233713898,0.491475662,-0.414676196,1.440475475,0.232734145,0.209170059,-0.896107471,0.255802511,1.376525005,-0.098452757
-1.940537293,-1.544528281,0.116249181,0.696538595,0.032939950,0.713535098,-0.067945631,0.022161775,0.221882549,0.262706730,0.000000006,0.371693892,-0.403960293,-0.617743710,-0.000817302,0.260768592,1.360185688,0.099706827,0.185665266,-0.078618236,0.231457744,0.491581180,-0.413560565,1.440778958,0.233210752,0.207976062,-0.896167195,0.254775733,1.376646884,-0.097484390
-1.940717789,-1.544629730,0.115752142,0.695864152,0.031867244,0.714153829,-0.068861225,0.018264805,0.222192602,0.264212407,0.000000014,0.373074238,-0.405096686,-0.644210961,-0.000301502,0.267019546,1.416190832,0.114918412,0.197533109,-0.080626964,0.229357836,0.491834877,-0.412599370,1.441044805,0.233608343,0.206748952,-0.896173279,0.253747417,1.376851896,-0.096460610
-1.940922355,-1.544681799,0.115315439,0.695279130,0.031150814,0.714717627,-0.069247900,0.015143094,0.222746349,0.266133693,0.000000026,0.373792380,-0.406877029,-0.669365505,-0.000139591,0.272824816,1.469764017,0.132490083,0.209261355,-0.081736230,0.227568158,0.492382786,-0.411944815,1.441235925,0.233849047,0.205456096,-0.896072856,0.252716043,1.377221974,-0.095326807
-1.941141164,-1.544682963,0.114898985,0.694699143,0.030687749,0.715299771,-0.069264709,0.012508945,0.223554923,0.268860099,0.000000018,0.374757509,-0.409155265,-0.693835828,-0.000427654,0.277396431,1.521478376,0.151151974,0.218981316,-0.081923047,0.226061994,0.493204618,-0.411627028,1.441162036,0.233797508,0.203993739,-0.895751450,0.251510114,1.377762938,-0.093938395
-1.941367011,-1.544658786,0.114492572,0.694121450,0.030351127,0.715890921,-0.069097111,0.010117341,0.224490427,0.271987502,0.000000000,0.375845944,-0.411680041,-0.717964929,-0.000940921,0.281353890,1.572264489,0.170354893,0.227694910,-0.081650344,0.224696941,0.494162596,-0.411476566,1.440955984,0.233600582,0.202446855,-0.895320295,0.250218596,1.378388726,-0.092424717
-1.941574295,-1.544589479,0.114080017,0.693524445,0.030436456,0.716528935,-0.068437943,0.008057802,0.225698846,0.275952651,0.000000000,0.377368559,-0.413850632,-0.741115163,-0.002584264,0.284194450,1.619634278,0.189502320,0.230605412,-0.080363863,0.223569901,0.495234454,-0.411430647,1.440369184,0.233199569,0.200659306,-0.894849366,0.249564729,1.379017941,-0.091581051
-1.941769670,-1.544523788,0.113656404,0.692888207,0.030563646,0.717203949,-0.067751698,0.005982412,0.226909065,0.279749336,0.000000000,0.378874067,-0.415571748,-0.763854944,-0.004860948,0.286871019,1.665324105,0.207602188,0.231499691,-0.078888057,0.222395861,0.496264295,-0.411417038,1.439773518,0.232886282,0.198660734,-0.894323027,0.249155658,1.379793584,-0.090996882
-1.941941404,-1.544465276,0.113210840,0.692174697,0.030773962,0.717953045,-0.067011763,0.003875557,0.228122857,0.283211601,0.000000000,0.380345613,-0.416400613,-0.785779933,-0.008394880,0.289222053,1.707679038,0.223622547,0.228391561,-0.077036420,0.221128523,0.497210731,-0.411467572,1.439160252,0.232747137,0.196243261,-0.893686694,0.249232531,1.380859902,-0.090927841
-1.942092105,-1.544435785,0.112811275,0.691575027,0.031184704,0.718595728,-0.066118648,0.002239135,0.229170153,0.286235106,0.000001546,0.380993980,-0.416889875,-0.805932574,-0.013022421,0.292186380,1.744244478,0.235948190,0.222787893,-0.074765252,0.219861579,0.498040129,-0.411481439,1.438720275,0.232609264,0.194360218,-0.893067235,0.249067878,1.381643499,-0.091309351
-1.942232320,-1.544420759,0.112434694,0.691031290,0.031695159,0.719184782,-0.065149228,0.000837571,0.230134239,0.289039869,0.000003874,0.381230500,-0.417209393,-0.825199116,-0.018194857,0.295456536,1.777917695,0.246426393,0.215947570,-0.072285077,0.218595141,0.498811080,-0.411477204,1.438366728,0.232471667,0.192743527,-0.892456263,0.248782822,1.382286310,-0.091914436
-1.942344401,-1.544443649,0.112150118,0.690560311,0.032375166,0.719705824,-0.064045541,0.000268027,0.230751868,0.291245918,0.000015274,0.379489693,-0.416809168,-0.840577626,-0.024669290,0.299606081,1.800231684,0.248659059,0.210108503,-0.069320572,0.217511357,0.499363925,-0.411527362,1.438271525,0.232124308,0.191805335,-0.891911626,0.248172855,1.382639797,-0.092519343
-1.942458424,-1.544475572,0.111921412,0.690183622,0.033151164,0.720134265,-0.062882498,0.000133136,0.231220569,0.293293237,0.000021795,0.376752448,-0.415803919,-0.854171380,-0.031395613,0.303376726,1.818896163,0.249118933,0.205186750,-0.066227203,0.216551805,0.499856313,-0.411624592,1.438260224,0.231782252,0.191263524,-0.891391325,0.247309392,1.382873891,-0.093030909
-1.942576302,-1.544525420,0.111803590,0.689995312,0.034117727,0.720380227,-0.061601770,0.000860885,0.231393699,0.295025532,0.000018631,0.372037614,-0.413597905,-0.864223005,-0.038621852,0.306395385,1.830317619,0.246060424,0.202085549,-0.062878085,0.215838813,0.500228714,-0.411815246,1.438415440,0.231450718,0.191508394,-0.890919323,0.245942829,1.382871029,-0.093357225
-1.942719276,-1.544587464,0.111764915,0.689993085,0.034905329,0.720442380,-0.060447808,0.002221341,0.231239206,0.295609457,0.000010531,0.365863430,-0.410197039,-0.869668597,-0.046070442,0.306616037,1.835931849,0.244688747,0.199634327,-0.059241031,0.215071087,0.500685234,-0.412240050,1.438616547,0.231053730,0.191849759,-0.890268998,0.244767252,1.383649826,-0.093694639
-1.942875005,-1.544655643,0.111765721,0.690083135,0.035604213,0.720412659,-0.059356621,0.003897189,0.230921274,0.295621127,0.000000000,0.358962492,-0.406201528,-0.872812772,-0.053629125,0.305438824,1.838654773,0.244169297,0.197502312,-0.055461328,0.214277742,0.501183725,-0.412780233,1.438839418,0.230623796,0.192239613,-0.889529854,0.243687807,1.384817562,-0.094038510
-1.943203886,-1.544772087,0.111889890,0.690355695,0.036353335,0.720207015,-0.058217739,0.006428486,0.230088252,0.294188420,0.000000000,0.350492331,-0.401143833,-0.866650962,-0.061062752,0.298704625,1.835524853,0.252427883,0.193508526,-0.051797081,0.214361696,0.501818700,-0.412870035,1.438488870,0.229924072,0.192982110,-0.888591536,0.243397035,1.386639264,-0.094926572
-1.943622910,-1.544925082,0.112080172,0.690744677,0.036843830,0.719883650,-0.057287460,0.008921787,0.229166787,0.292174106,0.000089369,0.342334638,-0.395085590,-0.857897946,-0.068892474,0.290297796,1.830748676,0.263727899,0.186636709,-0.048671583,0.214890839,0.502565630,-0.412911576,1.437862543,0.229171927,0.194478892,-0.887658060,0.243199841,1.388108154,-0.096106739
-1.944220798,-1.545150607,0.112401633,0.691366475,0.036821249,0.719328589,-0.056771247,0.011339695,0.228069833,0.289005760,0.000356064,0.334796948,-0.387042047,-0.844003428,-0.077508132,0.278572116,1.822705974,0.281062760,0.174054269,-0.046615080,0.216303331,0.503534703,-0.412857359,1.436689009,0.228315767,0.197472339,-0.886734191,0.243188325,1.388876990,-0.097866504
-1.944995110,-1.545473808,0.112886162,0.692345913,0.036149452,0.718420404,-0.056766858,0.011906543,0.227153463,0.281555402,0.005852145,0.326505341,-0.376952136,-0.830759577,-0.086937035,0.266981169,1.813755666,0.295347461,0.160426545,-0.045780520,0.218212095,0.504608365,-0.413426365,1.435517196,0.227632851,0.201848710,-0.885858683,0.243273096,1.389367422,-0.099692020
-1.945856742,-1.545845757,0.113451756,0.693500977,0.035156518,0.717335041,-0.057016258,0.011546293,0.226326867,0.271968513,0.013962208,0.317835759,-0.365843645,-0.817848288,-0.096769845,0.255463289,1.804365380,0.308095603,0.146291161,-0.045553218,0.220367637,0.505732178,-0.414305428,1.434346793,0.227036707,0.206914672,-0.885008445,0.243407521,1.389719303,-0.101549928
-1.946614850,-1.546383782,0.114118913,0.694692995,0.034705069,0.716179624,-0.057305730,0.006207636,0.225613428,0.255364570,0.033283499,0.306927589,-0.352751580,-0.810397144,-0.106899121,0.247411566,1.800642151,0.307697327,0.138160347,-0.045973701,0.222870396,0.505897332,-0.415704340,1.433485688,0.226908416,0.214010348,-0.884870328,0.244595027,1.389815364,-0.103286041
-1.947362985,-1.546980439,0.114765613,0.695850622,0.034156031,0.715041340,-0.057802770,-0.001312737,0.224722712,0.237505446,0.056729886,0.295465724,-0.339082580,-0.804163193,-0.117399135,0.239985984,1.798523234,0.305332920,0.130991004,-0.046547938,0.225113087,0.505775160,-0.417499194,1.432981428,0.226876000,0.221972293,-0.885107237,0.246782016,1.388471125,-0.105065515
-1.948091338,-1.547693408,0.115371731,0.696941758,0.033413490,0.713938834,-0.058711718,-0.013161128,0.223480319,0.217156333,0.088359503,0.282905458,-0.324269075,-0.800343868,-0.128634610,0.233802518,1.799586901,0.299068165,0.125728994,-0.047427188,0.226839865,0.505083000,-0.420079504,1.433185064,0.227033778,0.231652714,-0.886088113,0.250951748,1.384269667,-0.106931005
-1.948658312,-1.548465195,0.115913087,0.698042780,0.032793952,0.712788968,-0.059939316,-0.027628737,0.221273070,0.196746322,0.124868976,0.266308187,-0.309590277,-0.796860994,-0.140928997,0.227975347,1.800816776,0.293347414,0.122483367,-0.048261590,0.227910932,0.503710910,-0.423235796,1.434865136,0.227137166,0.243123984,-0.887405750,0.259341413,1.377192709,-0.109389958
-1.949145775,-1.549266369,0.116421915,0.699146028,0.032235004,0.711614377,-0.061324664,-0.043400817,0.218585837,0.176309134,0.163806291,0.247701459,-0.294972514,-0.793546746,-0.153748817,0.222324106,1.802128393,0.287899130,0.120236386,-0.049072941,0.228654150,0.502001834,-0.426679037,1.437276043,0.227213967,0.255487175,-0.888890103,0.269832548,1.368682376,-0.112143308
-1.949912181,-1.550186556,0.116707886,0.699849744,0.031504632,0.710838942,-0.062656148,-0.062208621,0.215077518,0.157505257,0.207042403,0.225023335,-0.277238733,-0.791196250,-0.166744089,0.216265731,1.803072178,0.283909268,0.117305753,-0.049446726,0.227946326,0.500394531,-0.430838326,1.438972788,0.227498526,0.269931784,-0.890221600,0.285098011,1.356154977,-0.114951354
-1.950485513,-1.551017195,0.116930491,0.700423274,0.031140216,0.710195911,-0.063712565,-0.082184335,0.211687465,0.138466996,0.252359499,0.204830338,-0.259988656,-0.789265850,-0.178912651,0.210481461,1.803368174,0.280697468,0.113008220,-0.049217327,0.227062418,0.498763762,-0.435114957,1.440324240,0.227868132,0.283790734,-0.891248442,0.300771996,1.343802742,-0.116956605
-1.950675919,-1.551670229,0.117027423,0.700742239,0.031501771,0.709819175,-0.064223763,-0.104476392,0.208531976,0.118963874,0.301803861,0.189566155,-0.243697918,-0.788168636,-0.189441580,0.205240828,1.802379394,0.279028813,0.105999681,-0.047791618,0.225829278,0.497086453,-0.439624314,1.440990865,0.228406411,0.296488134,-0.891671055,0.317256212,1.331797912,-0.117369657
-1.950716362,-1.552067338,0.117078442,0.700888511,0.032221242,0.709661982,-0.064007479,-0.129214062,0.206414856,0.097305024,0.355453605,0.176855912,-0.232670872,-0.788071263,-0.196734805,0.201386542,1.801058658,0.278520658,0.098103977,-0.045486403,0.224833546,0.495749648,-0.443261614,1.441566204,0.228661952,0.306044220,-0.890999339,0.332831383,1.322979193,-0.114721677
-1.950682425,-1.552337110,0.117106583,0.700948269,0.033119665,0.709613615,-0.063428153,-0.155173667,0.204812248,0.074584445,0.411199236,0.165415351,-0.224257854,-0.788472412,-0.202414786,0.198223889,1.799573973,0.278589674,0.089771656,-0.042741565,0.223955962,0.494582763,-0.446462861,1.442096370,0.228775824,0.314036334,-0.889784225,0.347953452,1.315746436,-0.110556720
-1.950632499,-1.552368941,0.117073507,0.700807210,0.034821372,0.709830099,-0.061627565,-0.186102537,0.203055107,0.055569550,0.472699594,0.155808637,-0.218151709,-0.790356844,-0.203337118,0.197327807,1.798420755,0.279615182,0.083135143,-0.038112806,0.223313236,0.493996193,-0.447715877,1.442671224,0.228105310,0.318574534,-0.888122956,0.361804213,1.311853334,-0.106722143
-1.950564708,-1.552306414,0.117024276,0.700639253,0.036533508,0.710071301,-0.059738485,-0.218477510,0.201145585,0.038130929,0.535747140,0.147734846,-0.211637288,-0.792495164,-0.203200884,0.196906275,1.797484643,0.280726433,0.077234471,-0.033197171,0.222781421,0.493736942,-0.448561611,1.443103621,0.227115840,0.322589459,-0.886319155,0.373998750,1.307556975,-0.103134167
-1.950461495,-1.552056787,0.116943014,0.700421675,0.038266502,0.710365280,-0.057674271,-0.253719934,0.198933912,0.023817868,0.601862571,0.142700656,-0.204313309,-0.795136916,-0.200965643,0.197425716,1.796979024,0.282007701,0.072792886,-0.027712697,0.222469531,0.494126725,-0.448599752,1.443253545,0.225493918,0.325566795,-0.884232733,0.382909191,1.302461011,-0.100035175
-1.950394964,-1.551692721,0.116829584,0.700125100,0.040108030,0.710740962,-0.055348671,-0.290025272,0.196310771,0.010483973,0.669530862,0.141538321,-0.198074022,-0.798187309,-0.197036837,0.198830198,1.796902945,0.283228570,0.070037249,-0.021741629,0.222497895,0.495208029,-0.448873776,1.442752988,0.223549885,0.326853877,-0.881783843,0.388563093,1.298260042,-0.097105796
-1.950346749,-1.551271839,0.116700120,0.699785246,0.042003520,0.711153083,-0.052892407,-0.326858496,0.193482005,-0.002364343,0.737970935,0.142307724,-0.192381843,-0.801441332,-0.192263962,0.200676112,1.797040474,0.284420267,0.068120190,-0.015527859,0.222695923,0.496633387,-0.449267544,1.441927733,0.221445929,0.327299680,-0.879154548,0.392594733,1.294507960,-0.094260241
-1.950366988,-1.550803985,0.116523714,0.699413824,0.044104326,0.711598079,-0.050032834,-0.364219877,0.189796578,-0.015091936,0.807475675,0.149524494,-0.191539066,-0.805248712,-0.185121578,0.203929038,1.797535863,0.286005290,0.067692087,-0.008538826,0.223411195,0.498718897,-0.451108989,1.439936079,0.219208480,0.325965661,-0.876146260,0.392476679,1.293454589,-0.091287600
-1.950413224,-1.550355580,0.116299548,0.698943948,0.046265230,0.712119739,-0.047141939,-0.401562072,0.185697332,-0.027622835,0.876600664,0.157993010,-0.191204078,-0.809364495,-0.177407363,0.207605900,1.798075309,0.287784511,0.067408488,-0.001387696,0.224092322,0.500816080,-0.453319398,1.437701125,0.217130981,0.323997952,-0.873258340,0.391647723,1.293433092,-0.088798579
-1.950511001,-1.549945734,0.115980701,0.698286894,0.048545768,0.712801519,-0.044189542,-0.438866232,0.180777718,-0.039763803,0.944972822,0.168943032,-0.191875746,-0.814091667,-0.168559526,0.212123188,1.798702093,0.289948717,0.067411358,0.006084780,0.224705758,0.502936406,-0.456261257,1.434983841,0.215370576,0.320773995,-0.870609042,0.389409451,1.295457219,-0.087268305
-1.950715957,-1.549587252,0.115567300,0.697440402,0.050839274,0.713653071,-0.041128445,-0.475744288,0.175016525,-0.051264217,1.011260587,0.182556813,-0.192556500,-0.819262544,-0.159016217,0.217116999,1.799540125,0.292187102,0.067736042,0.013547139,0.225030972,0.504984107,-0.459201321,1.432215912,0.213885301,0.316229818,-0.868445152,0.387014382,1.297692444,-0.086961971
-1.950973879,-1.549254386,0.115106998,0.696493802,0.053138051,0.714582143,-0.038014375,-0.512412058,0.168833648,-0.062448652,1.076518693,0.197513070,-0.193244285,-0.824652974,-0.149128979,0.222347065,1.800483282,0.294462170,0.068222262,0.021002008,0.225212866,0.506994880,-0.462140010,1.429423319,0.212536629,0.311032089,-0.866522245,0.384541825,1.300032943,-0.087264012
-1.951158705,-1.549001687,0.114624504,0.695590903,0.055093351,0.715440942,-0.035528527,-0.549516355,0.160334340,-0.074360316,1.143416229,0.223680444,-0.195195575,-0.829880152,-0.139600355,0.227630863,1.801646159,0.296699083,0.069737372,0.027218764,0.225150388,0.508535412,-0.464835300,1.426848159,0.211317704,0.306181641,-0.864816737,0.382175914,1.302704019,-0.088485900
-1.951343674,-1.548786381,0.114143746,0.694700248,0.056824977,0.716277536,-0.033301326,-0.586244538,0.151077656,-0.086016611,1.210120630,0.252753084,-0.198193790,-0.834895160,-0.130399230,0.232784651,1.802845061,0.298904274,0.071654127,0.032864882,0.224996430,0.509894539,-0.467171476,1.424442555,0.210108384,0.301283077,-0.863179612,0.379943564,1.305453459,-0.089670587
-1.951528925,-1.548645188,0.113666429,0.693844345,0.058114111,0.717080901,-0.031587300,-0.622227268,0.140319861,-0.097166768,1.276442238,0.287583937,-0.203266998,-0.839489650,-0.121847208,0.237680760,1.804115364,0.301046594,0.074366941,0.037379996,0.224661159,0.510894118,-0.468795891,1.422373008,0.208918096,0.296289147,-0.861678025,0.377975930,1.308358214,-0.090781542
-1.951720589,-1.548577940,0.113190499,0.692979419,0.059332371,0.717882928,-0.030054890,-0.656571196,0.128557826,-0.106588563,1.340861954,0.324336298,-0.208584721,-0.843717984,-0.113931488,0.242360847,1.805353866,0.303005667,0.077334442,0.041158090,0.224131737,0.511605885,-0.469802232,1.420660132,0.207834110,0.291504053,-0.860822135,0.377003803,1.310218902,-0.092033905
-1.951915447,-1.548547462,0.112715293,0.692108794,0.060514176,0.718682611,-0.028613921,-0.690095204,0.116296638,-0.115147041,1.404329874,0.362036430,-0.214004572,-0.847763501,-0.106334040,0.246932232,1.806576705,0.304872890,0.080428949,0.044567606,0.223505618,0.512174370,-0.470500492,1.419125143,0.206803452,0.286824553,-0.860286568,0.376525760,1.311563092,-0.093356904
-1.952119077,-1.548582869,0.112258275,0.691345015,0.061103277,0.719395046,-0.027914646,-0.719727437,0.103252715,-0.120289084,1.463159891,0.397671184,-0.210150253,-0.851124235,-0.100207573,0.250686718,1.807844794,0.306222000,0.083923616,0.046307302,0.222633016,0.512408512,-0.470293101,1.418163825,0.206095226,0.283182989,-0.859953792,0.376467770,1.313288949,-0.094960791
-1.952315609,-1.548608847,0.111800948,0.690596983,0.061503268,0.720098285,-0.027415599,-0.747653237,0.090583836,-0.123969078,1.518729114,0.430051653,-0.201782188,-0.854345386,-0.094367172,0.254161000,1.809091818,0.307495106,0.087601813,0.047626152,0.221669789,0.512607964,-0.469823924,1.417384855,0.205493864,0.279466265,-0.859700062,0.376675826,1.315182902,-0.096766588
-1.952498077,-1.548616143,0.111343005,0.689881893,0.061528681,0.720785110,-0.027313381,-0.772197662,0.078658124,-0.124751950,1.567836916,0.455983598,-0.184469921,-0.857289944,-0.089093629,0.257080041,1.810297104,0.308617603,0.091643683,0.048111075,0.220526987,0.512738678,-0.468836003,1.416967215,0.205104261,0.275600609,-0.859602965,0.377411062,1.317409944,-0.098972476
-1.952652846,-1.548562642,0.110899553,0.689131728,0.061689111,0.721504410,-0.026894271,-0.793421237,0.069119129,-0.123167042,1.607593763,0.472738507,-0.163922945,-0.860011003,-0.083097473,0.260237028,1.811288820,0.309768323,0.095916464,0.049001637,0.219383550,0.512993160,-0.467553096,1.416704554,0.205023251,0.272252135,-0.859384468,0.377716161,1.319036397,-0.100990815
-1.952793840,-1.548478843,0.110463599,0.688364151,0.061917150,0.722238517,-0.026317044,-0.812988655,0.060770425,-0.120408226,1.642690931,0.484921348,-0.141792551,-0.862619527,-0.076740697,0.263513269,1.812174477,0.310932911,0.100302826,0.050095629,0.218240946,0.513309556,-0.466123906,1.416518654,0.205095357,0.269162169,-0.859104984,0.377805970,1.320363882,-0.102914430
-1.952908135,-1.548308754,0.110180158,0.687884030,0.062520205,0.722683575,-0.025203896,-0.827213553,0.056261213,-0.117143744,1.664545285,0.484557422,-0.128634718,-0.864357723,-0.069105936,0.267452365,1.812931510,0.312045128,0.104309894,0.052380914,0.217643773,0.513914954,-0.464615362,1.416329820,0.205290579,0.267181570,-0.858419369,0.376835107,1.320989736,-0.103970100
-1.953002734,-1.548131970,0.109940059,0.687461083,0.063178917,0.723068562,-0.024032015,-0.839387174,0.052666242,-0.114367548,1.682864095,0.483162442,-0.118480625,-0.865818174,-0.061476305,0.271356616,1.813589117,0.313198552,0.107861908,0.054823309,0.217225938,0.514566216,-0.463279552,1.416068384,0.205497441,0.265443261,-0.857734594,0.375781648,1.321477342,-0.104924470
-1.953058312,-1.547941924,0.109785826,0.687152602,0.063947995,0.723335796,-0.022743823,-0.847497003,0.050882477,-0.112558697,1.694178624,0.479724835,-0.114277253,-0.866728382,-0.053856835,0.275191838,1.814049747,0.314433614,0.110512413,0.057576957,0.217163388,0.515308337,-0.462285945,1.415663116,0.205727363,0.264184953,-0.857051482,0.374564557,1.321691064,-0.105678151
-1.953090496,-1.547757428,0.109674494,0.686921707,0.064514977,0.723536671,-0.021704216,-0.851526522,0.050131224,-0.112187417,1.699795351,0.478438089,-0.112304572,-0.867102007,-0.046638358,0.278839026,1.814346202,0.315600916,0.113028608,0.059988912,0.217278299,0.515992504,-0.461486423,1.415150887,0.205984754,0.263125142,-0.856382219,0.373017203,1.321865846,-0.106514536
-1.953111005,-1.547575740,0.109584425,0.686729240,0.064981966,0.723704470,-0.020787852,-0.853525798,0.049892135,-0.112530900,1.702579370,0.478230824,-0.111443898,-0.867209093,-0.039620107,0.282392695,1.814560743,0.316734320,0.115478733,0.062230173,0.217480850,0.516647447,-0.460782928,1.414585556,0.206255550,0.262163673,-0.855719950,0.371306199,1.322021801,-0.107392195
-1.953090047,-1.547422103,0.109502710,0.686583663,0.065494943,0.723820298,-0.019936467,-0.851072733,0.050043010,-0.114196452,1.700240385,0.484683353,-0.113984068,-0.866938687,-0.033366789,0.285760206,1.814492078,0.317708901,0.118135273,0.063783604,0.217569847,0.517058902,-0.460038697,1.413959414,0.206433722,0.261221493,-0.855121347,0.369551015,1.322390445,-0.108417622
-1.953063523,-1.547281399,0.109404611,0.686413522,0.065713662,0.723975875,-0.019419695,-0.847584362,0.049603609,-0.116021485,1.697039006,0.493642953,-0.117138397,-0.866655984,-0.027757924,0.288794144,1.814380746,0.318594562,0.120930493,0.064580025,0.217497196,0.517441116,-0.459541764,1.413235653,0.206629946,0.260231926,-0.854528443,0.367797260,1.322763529,-0.109328543
-1.953025974,-1.547166312,0.109274057,0.686195769,0.065349657,0.724211276,-0.019565708,-0.842045401,0.047995070,-0.118162397,1.692129517,0.507568209,-0.121509163,-0.866348922,-0.023425498,0.291167387,1.814184904,0.319304103,0.124000393,0.063877069,0.217104373,0.517765417,-0.459534648,1.412318544,0.206861924,0.259148499,-0.853946827,0.366046332,1.323145409,-0.110012665
-1.952969432,-1.547108584,0.109174310,0.686079322,0.064591528,0.724370997,-0.020242445,-0.835485104,0.044943235,-0.120481961,1.686320676,0.524794993,-0.126731440,-0.865549155,-0.020727252,0.292878965,1.814088142,0.319712981,0.128059230,0.061604978,0.216805371,0.517846881,-0.459793904,1.411466688,0.207104647,0.258136306,-0.853343419,0.364321118,1.323532454,-0.109701077
-1.952903342,-1.547079464,0.109089969,0.686012288,0.063637484,0.724492007,-0.021183566,-0.828419533,0.041174458,-0.122891143,1.680066741,0.543653640,-0.132382976,-0.864503703,-0.018841697,0.294262614,1.814040508,0.319972052,0.132612498,0.058553807,0.216552569,0.517807450,-0.460185687,1.410645079,0.207352594,0.257160858,-0.852732147,0.362612754,1.323920073,-0.108897314
-1.952772163,-1.547145129,0.109075964,0.686048916,0.062370432,0.724516173,-0.022871997,-0.821537417,0.036338760,-0.125829067,1.673897030,0.561256510,-0.141517026,-0.862667874,-0.018587149,0.295495727,1.814026060,0.319801909,0.139344060,0.054511253,0.216185666,0.517466162,-0.460868799,1.408887038,0.207555996,0.256855619,-0.853449521,0.362775817,1.323406948,-0.108463261
-1.952647152,-1.547209592,0.109070079,0.686074895,0.061474152,0.724526448,-0.024157682,-0.815860046,0.032234415,-0.128335492,1.668598554,0.574949217,-0.149446585,-0.860914954,-0.017984691,0.296936431,1.813927154,0.319726970,0.145236851,0.051266634,0.215961685,0.517089810,-0.461667376,1.407431927,0.207744141,0.256808600,-0.854298775,0.363471339,1.322706282,-0.108768821
-1.952534357,-1.547271674,0.109080276,0.686084704,0.061312530,0.724514407,-0.024646008,-0.812568335,0.029578306,-0.129987454,1.665025314,0.580898953,-0.154990989,-0.859326212,-0.016693292,0.298788211,1.813661004,0.319840553,0.149468695,0.049602099,0.216020722,0.516644022,-0.462694601,1.406576684,0.207902071,0.257272913,-0.855409185,0.365221247,1.321634246,-0.110538977
-1.952452465,-1.547296825,0.109076733,0.686106909,0.061181601,0.724495861,-0.024897185,-0.811128627,0.028159008,-0.130841247,1.663453039,0.582547472,-0.157824370,-0.858011805,-0.014836510,0.300524186,1.813404136,0.320147580,0.152342456,0.048979280,0.216112567,0.516435060,-0.464052425,1.405851388,0.208201821,0.257895074,-0.855639152,0.366926254,1.320972420,-0.111821497
-1.952385879,-1.547303640,0.109066326,0.686135265,0.061065663,0.724474177,-0.025030969,-0.810607776,0.027354303,-0.131298402,1.662873101,0.582065242,-0.159310110,-0.856833828,-0.012699906,0.302201816,1.813151866,0.320550361,0.154542118,0.048872774,0.216220901,0.516343929,-0.465575735,1.405189481,0.208571684,0.258595526,-0.855432170,0.368611097,1.320513946,-0.112860836
-1.952323221,-1.547285970,0.109027961,0.686152872,0.060858721,0.724470362,-0.025162400,-0.811026062,0.027602736,-0.131069920,1.663118437,0.580852299,-0.158271978,-0.855936924,-0.010582371,0.303426471,1.812900812,0.320952554,0.155921726,0.049060846,0.216439887,0.516519884,-0.467915539,1.404112579,0.208902011,0.259364916,-0.854723381,0.371211632,1.320187141,-0.113099416
-1.952257203,-1.547262299,0.108983217,0.686139230,0.060709058,0.724492366,-0.025262228,-0.811391131,0.028142613,-0.130687371,1.663243202,0.580004288,-0.157273659,-0.855156895,-0.008496900,0.304612114,1.812626520,0.321328222,0.157161637,0.049181614,0.216681174,0.516732157,-0.470806311,1.402955265,0.209149265,0.260183160,-0.854085007,0.374410651,1.319571785,-0.113216340
-1.952184537,-1.547226749,0.108925844,0.686063781,0.060672802,0.724565549,-0.025299490,-0.811650843,0.029259484,-0.129999807,1.663129261,0.579878760,-0.156354161,-0.854608252,-0.006474907,0.305720521,1.812306225,0.321651378,0.158124979,0.049169137,0.216966608,0.517016330,-0.474787875,1.401638756,0.209232057,0.261098124,-0.853586039,0.378794533,1.318385165,-0.113092412
-1.952088133,-1.547141682,0.108873797,0.685976217,0.060487572,0.724660087,-0.025409484,-0.811815794,0.030783548,-0.129321513,1.662737041,0.580111559,-0.155735797,-0.854230257,-0.004466856,0.306584142,1.811914397,0.321952835,0.158861526,0.048613246,0.217388670,0.517289547,-0.481204851,1.400160662,0.209024930,0.261904476,-0.853092191,0.383962355,1.316411841,-0.113403654
-1.951979779,-1.547031968,0.108824411,0.685882457,0.060228699,0.724765264,-0.025555271,-0.811933957,0.032510473,-0.128647105,1.662206729,0.580520692,-0.155265447,-0.853936722,-0.002465528,0.307326564,1.811487006,0.322243163,0.159487374,0.047786406,0.217880888,0.517556479,-0.488839124,1.398599313,0.208670585,0.262654991,-0.852602352,0.389524549,1.314045357,-0.113932834
-1.951783157,-1.546861020,0.108786086,0.685727407,0.060008120,0.724928149,-0.025614976,-0.812099684,0.034822026,-0.127667374,1.661513566,0.580496051,-0.154355275,-0.853647112,-0.000387879,0.308044258,1.810988611,0.322363702,0.160782322,0.046082178,0.219476720,0.517448617,-0.501704879,1.395608157,0.206690523,0.262499278,-0.852753523,0.397871202,1.310015063,-0.115581711
-1.951496745,-1.546681068,0.108746759,0.685484303,0.059841012,0.725169377,-0.025684585,-0.812219532,0.037299369,-0.126455482,1.660663035,0.580225682,-0.153160953,-0.853421843,0.001802462,0.308957884,1.810258447,0.322523326,0.162376955,0.043952472,0.221653800,0.517058427,-0.516450193,1.392115722,0.204149645,0.261396679,-0.852997051,0.407273849,1.305522362,-0.117207902
-1.951032611,-1.546483294,0.108705448,0.685066870,0.059779738,0.725565627,-0.025773796,-0.812248572,0.040104864,-0.124784069,1.659501021,0.579468934,-0.151404205,-0.853323924,0.004215858,0.310259323,1.809069535,0.322760310,0.164564766,0.040980601,0.224981364,0.516109417,-0.534915777,1.387631092,0.200498730,0.258419880,-0.853423383,0.418766657,1.300114406,-0.118789187
-1.950326351,-1.546197288,0.108632116,0.684484098,0.060105697,0.726106058,-0.025274837,-0.812332927,0.043907759,-0.122463985,1.657727709,0.578888420,-0.149437284,-0.853265003,0.007629790,0.312056891,1.807052375,0.323468051,0.167271003,0.037885236,0.228719954,0.514740970,-0.558380811,1.383407681,0.195005277,0.253970138,-0.853392573,0.433645482,1.294697162,-0.118597457
-1.949499482,-1.545867446,0.108542575,0.683817943,0.060622201,0.726717584,-0.024485162,-0.812445791,0.048204130,-0.119823073,1.655650549,0.578395205,-0.147364955,-0.853227054,0.011539626,0.314098743,1.804623478,0.324410931,0.170232185,0.034725237,0.232656753,0.513161604,-0.584321955,1.379317907,0.188597446,0.248783607,-0.853133399,0.450215562,1.289275220,-0.117527359
-1.948328097,-1.545460816,0.108297468,0.682861239,0.060725934,0.727629537,-0.023835832,-0.813043608,0.052494711,-0.117233357,1.652981549,0.577945197,-0.144688539,-0.853902441,0.015815415,0.315634788,1.801369747,0.326297579,0.172529154,0.030063968,0.234399696,0.510139511,-0.611323307,1.377095515,0.181027569,0.240190206,-0.851946921,0.473560187,1.283809897,-0.115980737
-1.946896215,-1.545026958,0.107899020,0.681643896,0.060958361,0.728767515,-0.023314947,-0.814322306,0.056379646,-0.114768726,1.649857322,0.577340798,-0.141923406,-0.855085241,0.019866083,0.316994741,1.797599636,0.328663999,0.173997990,0.025577148,0.234318939,0.506226469,-0.636199572,1.377013685,0.174355894,0.231136423,-0.851388764,0.499054943,1.276432741,-0.114638510
-1.944948842,-1.544539219,0.107197128,0.679910574,0.061445440,0.730352550,-0.023048232,-0.816948394,0.059461854,-0.112551626,1.645832254,0.576430877,-0.138982710,-0.857272158,0.023471262,0.318006230,1.792807664,0.331979833,0.173828043,0.021435540,0.230629283,0.500550339,-0.656870526,1.381167791,0.169461663,0.221171596,-0.852073986,0.528804568,1.265272282,-0.113700760
-1.942778035,-1.544022003,0.106126426,0.677755562,0.061927151,0.732339333,-0.022170442,-0.822229704,0.062106872,-0.111077159,1.642342579,0.573107493,-0.135041056,-0.861586033,0.026850436,0.318158746,1.787354149,0.335659575,0.172121386,0.019036717,0.224864129,0.497999087,-0.685309629,1.382858878,0.157737030,0.212510045,-0.854405996,0.564244398,1.242583467,-0.112600132
-1.940495284,-1.543489822,0.104872283,0.675385665,0.062404275,0.734519791,-0.020990165,-0.828830884,0.064533802,-0.109972893,1.639118743,0.568584385,-0.130599692,-0.866957723,0.030116674,0.317883465,1.781570763,0.339520239,0.169652480,0.017502427,0.218065913,0.496997289,-0.717573376,1.383318630,0.142612599,0.204498968,-0.857562843,0.602510239,1.214152673,-0.111420089
-1.937620997,-1.542797661,0.103201000,0.672668595,0.062285290,0.737051967,-0.019796520,-0.838105627,0.066201553,-0.110053521,1.636310907,0.561618833,-0.124254778,-0.874694972,0.032909062,0.316404552,1.774692942,0.343759459,0.166313472,0.016982356,0.208609664,0.497529105,-0.742342106,1.378380388,0.118730575,0.198897333,-0.864978116,0.645464064,1.169360696,-0.110720991
-1.935062193,-1.542223654,0.101511466,0.669797790,0.062166596,0.739692619,-0.019001699,-0.847407386,0.067231377,-0.110322585,1.634327253,0.554862341,-0.117759915,-0.882823299,0.035041362,0.314859316,1.768801448,0.347050071,0.162972119,0.016364570,0.198353631,0.497693017,-0.762805685,1.375385145,0.094297796,0.194904103,-0.873268518,0.687847012,1.120112659,-0.108907470
-1.933127551,-1.541883409,0.099785823,0.666631526,0.062049281,0.742557365,-0.018996194,-0.856762594,0.066999096,-0.110964458,1.633974198,0.548519461,-0.110968387,-0.891725353,0.035867717,0.313182865,1.764861347,0.348463913,0.159626128,0.015553460,0.186515271,0.497129050,-0.774751755,1.376234015,0.068775379,0.194093012,-0.883290317,0.729100514,1.062048549,-0.104889123
-1.931842342,-1.541714106,0.098570016,0.664775083,0.061409535,0.744268860,-0.019152604,-0.861875414,0.066280093,-0.112029669,1.634565668,0.545004817,-0.105500528,-0.897452872,0.036054798,0.311245852,1.763119652,0.347576687,0.156590305,0.015938970,0.175935759,0.495950204,-0.786113552,1.374009454,0.046429148,0.196808124,-0.891911840,0.762508307,1.003969147,-0.099062680
-1.930877897,-1.541629284,0.097607243,0.663570571,0.060513981,0.745410131,-0.019387944,-0.864878525,0.065324444,-0.113302019,1.635619146,0.542902183,-0.100696755,-0.901604877,0.035928552,0.309182437,1.762466124,0.345550786,0.153707469,0.016920743,0.165990618,0.494468217,-0.797210006,1.370243300,0.025669930,0.201267643,-0.899834046,0.792033160,0.945898660,-0.092333995
-1.929743988,-1.541520497,0.097008255,0.663248788,0.060587224,0.745697079,-0.019133733,-0.863143870,0.066026681,-0.113666266,1.634586949,0.546221611,-0.099751527,-0.903500180,0.036955647,0.308122882,1.762193823,0.343251859,0.150658876,0.019725529,0.160858982,0.493373507,-0.817938253,1.357661541,0.011525119,0.205934510,-0.904980649,0.820412538,0.894549080,-0.082326220
-1.928545639,-1.541340038,0.095925773,0.661936304,0.060464637,0.746887700,-0.018523495,-0.864150737,0.068422777,-0.114272072,1.633088967,0.550729052,-0.100588387,-0.908900917,0.039322771,0.306977138,1.761607052,0.341977496,0.147834946,0.022728466,0.156396455,0.492522426,-0.841363577,1.341911251,-0.001358107,0.207401020,-0.908470031,0.852682157,0.847438810,-0.072956259
-1.927219830,-1.541017810,0.093886939,0.658654940,0.059953850,0.749855362,-0.017208767,-0.870580341,0.074169333,-0.115355683,1.630669659,0.557586384,-0.104950226,-0.921235411,0.044340474,0.305660911,1.760398256,0.342729720,0.145455400,0.026123349,0.153257425,0.492153243,-0.870123725,1.319893599,-0.011745919,0.202537215,-0.908681428,0.892646683,0.808713905,-0.064847896
-1.925179828,-1.540480255,0.090365080,0.650608300,0.059059486,0.756961489,-0.015169718,-0.889187395,0.084537784,-0.117313252,1.627318875,0.564969188,-0.111016418,-0.946387022,0.052242634,0.302651608,1.756958111,0.346819398,0.143759120,0.026076837,0.149553379,0.491661607,-0.900578457,1.295363647,-0.020354841,0.178931303,-0.903429171,0.948682957,0.783666643,-0.061657312
-1.922786723,-1.539835490,0.086108219,0.640100015,0.057962059,0.765995712,-0.012764837,-0.913844005,0.097200583,-0.119715194,1.623511454,0.572605702,-0.117918369,-0.977896086,0.061571076,0.298786826,1.752412445,0.352562126,0.142398574,0.024310467,0.145561974,0.491115662,-0.931875297,1.269597735,-0.028063003,0.145999306,-0.895418552,1.012694231,0.765464808,-0.060906919
-1.920403469,-1.538893702,0.081159570,0.628585403,0.055242061,0.775732447,-0.008238770,-0.949892538,0.113494437,-0.127013151,1.621273036,0.577801873,-0.122043370,-1.017446261,0.070932466,0.287587293,1.746968434,0.359451484,0.140198381,0.015235271,0.138376890,0.493063251,-0.964864151,1.246321510,-0.027296336,0.089412919,-0.864665252,1.088070848,0.780283696,-0.063605291
-1.917770027,-1.537951075,0.076489294,0.616813550,0.049799884,0.785509993,-0.005921699,-0.987342610,0.126579218,-0.137228683,1.619166257,0.583261490,-0.124646965,-1.055851223,0.075782864,0.272873290,1.741152063,0.365949960,0.137034890,0.001052470,0.130125002,0.493924599,-0.990731846,1.226941065,-0.025883266,0.027926153,-0.824172910,1.162535407,0.807058235,-0.060265473
-1.914641824,-1.537006785,0.072369519,0.604645639,0.038985948,0.795499935,-0.007974937,-1.027564308,0.133317866,-0.153213896,1.617319805,0.589242089,-0.124241884,-1.091991456,0.071712504,0.251209211,1.734599326,0.371675443,0.131966421,-0.023230929,0.119763445,0.492637841,-1.002517020,1.215264756,-0.023191895,-0.043251408,-0.764421030,1.235196318,0.857475792,-0.044984774
-1.912485712,-1.536394008,0.070897549,0.597154947,0.031597230,0.801445618,-0.009617965,-1.060997762,0.136089078,-0.165884203,1.619076159,0.593403432,-0.121839578,-1.119265878,0.062623776,0.232273693,1.731004744,0.373122734,0.126622339,-0.045505875,0.114107125,0.485287370,-0.996001486,1.214908677,-0.025228126,-0.109832075,-0.695468311,1.302149797,0.921242843,-0.016200374
-1.910812052,-1.535945415,0.070741155,0.591986189,0.025905632,0.805455746,-0.011058581,-1.091102731,0.136894960,-0.176905106,1.622614407,0.596659638,-0.118449035,-1.142183763,0.051051535,0.214696474,1.728877097,0.372455440,0.121154962,-0.066752943,0.110751906,0.474940082,-0.980443014,1.220161096,-0.029617357,-0.174115629,-0.621977523,1.366234518,0.991613257,0.019266209
-1.909889723,-1.535617326,0.073203197,0.576655087,0.020571853,0.816632624,-0.012524694,-1.131851256,0.136094249,-0.183717404,1.626510444,0.597634219,-0.114689077,-1.175334910,0.038392047,0.200836387,1.728561596,0.371890329,0.120762005,-0.074270521,0.097659537,0.464855555,-0.966328124,1.230330922,-0.040274528,-0.228711877,-0.552482438,1.411747192,1.063661649,0.057426718
-1.909321047,-1.535450446,0.075794289,0.560911968,0.015993086,0.827592217,-0.014598201,-1.174397142,0.134307233,-0.189096385,1.630718161,0.598113890,-0.111766496,-1.210612948,0.025839919,0.189128410,1.728956837,0.371485383,0.121756353,-0.079949050,0.082023082,0.456903206,-0.956671017,1.235768064,-0.053102390,-0.278958377,-0.490456847,1.450936877,1.131811870,0.093784110
-1.909451584,-1.535602295,0.078640525,0.544575325,0.012916533,0.838421918,-0.017876400,-1.220496622,0.130570172,-0.191641532,1.635542107,0.597615066,-0.110499506,-1.250096103,0.013500054,0.181675406,1.730757299,0.371397101,0.125493566,-0.081991564,0.061356668,0.453166422,-0.955827472,1.231848135,-0.070221963,-0.320604916,-0.443199321,1.477625270,1.192254950,0.126576526
-1.910067027,-1.536019719,0.081472931,0.528310434,0.011910314,0.848750269,-0.019214873,-1.265334043,0.128332561,-0.191978636,1.640856902,0.595741527,-0.111126516,-1.290024244,0.003397756,0.177612549,1.731939296,0.371134207,0.129074375,-0.081063368,0.040769929,0.452845963,-0.962827776,1.219975504,-0.088080068,-0.354955461,-0.407997200,1.489583908,1.237584890,0.157146598
-1.910923201,-1.536568869,0.084298201,0.511994650,0.011923567,0.858682314,-0.019595661,-1.309541467,0.126832149,-0.191223027,1.646409705,0.593187096,-0.112690595,-1.330168754,-0.005598414,0.175230215,1.732816077,0.370783699,0.132579701,-0.078670976,0.020229915,0.454219932,-0.973710987,1.204160612,-0.106283548,-0.385673545,-0.378788846,1.494235543,1.275411898,0.186591077
-1.912195226,-1.537300655,0.087008086,0.495939656,0.011198406,0.868013085,-0.021719514,-1.351342720,0.123849159,-0.189908713,1.650203099,0.590064401,-0.114644321,-1.368948089,-0.014488535,0.174786269,1.733862865,0.369927279,0.136783238,-0.077811493,0.002513605,0.457903732,-0.987021135,1.183782345,-0.116946490,-0.406156510,-0.363316172,1.488410871,1.300283022,0.205557060
-1.913563294,-1.538082782,0.089619892,0.479988502,0.010600160,0.876887618,-0.023807129,-1.392273572,0.120566525,-0.188321831,1.653619671,0.587363258,-0.116336049,-1.407062329,-0.023190639,0.174903167,1.735112432,0.369612158,0.141204213,-0.077057199,-0.014010103,0.461494679,-0.998013935,1.163965272,-0.123672991,-0.424652674,-0.351000718,1.482621304,1.321033186,0.221075628
-1.915121210,-1.538964419,0.092037830,0.464425840,0.010256971,0.885175805,-0.025830746,-1.431483921,0.116691593,-0.186196168,1.656291390,0.585495385,-0.117509889,-1.443861890,-0.031521092,0.176128672,1.736762827,0.370367011,0.146054992,-0.076510828,-0.028176423,0.464902084,-1.004426090,1.145257499,-0.122618425,-0.439221577,-0.344926062,1.476901129,1.333637548,0.229779778
-1.916939117,-1.539809909,0.094209369,0.449677264,0.010092917,0.892713718,-0.027399053,-1.468623513,0.114224926,-0.183662825,1.659466394,0.584609155,-0.117858479,-1.479612425,-0.037955751,0.177764687,1.739337685,0.371141312,0.149438835,-0.075233155,-0.040067808,0.468315593,-1.006257855,1.130697325,-0.117200284,-0.450063307,-0.342040808,1.470187129,1.340922971,0.236324371
-1.918886440,-1.540636955,0.096258232,0.435285696,0.010017095,0.899777944,-0.028734524,-1.504732088,0.112464526,-0.180929197,1.662893189,0.584210992,-0.117795520,-1.514839715,-0.043442409,0.179601319,1.742372452,0.371924761,0.152089632,-0.073591421,-0.050826198,0.471735070,-1.005819648,1.118205563,-0.109627070,-0.459052107,-0.340736220,1.462979350,1.345568152,0.241798690
-1.921192593,-1.541243639,0.097957169,0.422447891,0.010259294,0.905887313,-0.028296698,-1.537885599,0.114636583,-0.178629823,1.667493543,0.584954615,-0.116305560,-1.548215168,-0.044678602,0.180601248,1.746584632,0.372534200,0.151641359,-0.070925136,-0.058218018,0.476267924,-1.002832422,1.112895168,-0.102434177,-0.463780764,-0.341224136,1.454745534,1.345648403,0.246059466
-1.923648347,-1.541869189,0.099547518,0.409980860,0.010506729,0.911607847,-0.027864617,-1.569917441,0.116919471,-0.176489842,1.672491732,0.586106658,-0.114571878,-1.580750399,-0.045557541,0.181582070,1.751393251,0.372947715,0.150459686,-0.068652066,-0.064980534,0.480986446,-1.000293932,1.107863572,-0.096607296,-0.467669514,-0.341869003,1.447156218,1.345008762,0.248906068
-1.926399746,-1.542532021,0.100923273,0.398342273,0.010766795,0.916762779,-0.027450270,-1.599732602,0.119421389,-0.174664858,1.678276138,0.588065835,-0.112356543,-1.611625153,-0.045730463,0.182525136,1.757380573,0.372974037,0.147828645,-0.067156080,-0.070499399,0.486071893,-0.998642246,1.103382950,-0.093479974,-0.469898417,-0.342824039,1.440840585,1.342946445,0.248957934
-1.929406089,-1.543161725,0.102122210,0.388592907,0.011037277,0.920935994,-0.027397559,-1.626680241,0.121081352,-0.173280947,1.684750094,0.590192672,-0.110350148,-1.640248977,-0.046035449,0.183832595,1.764898820,0.371428716,0.143886275,-0.067085835,-0.074918115,0.490501383,-0.996835252,1.099587287,-0.090003880,-0.470319027,-0.342992022,1.435332716,1.341344933,0.246480019
-1.932538736,-1.543774647,0.103233967,0.379767249,0.011311555,0.924603334,-0.027523806,-1.652209137,0.122321906,-0.172118691,1.691566078,0.592403378,-0.108450315,-1.667759125,-0.046405558,0.185320546,1.773175392,0.369105692,0.139294982,-0.067723922,-0.078793947,0.494603623,-0.994944081,1.096146574,-0.086345597,-0.469844658,-0.342767772,1.430226977,1.339973942,0.242754509
-1.935806201,-1.544233489,0.104407449,0.370554381,0.011182329,0.928321369,-0.027997201,-1.676926623,0.122272857,-0.172349819,1.698896951,0.595000426,-0.107789296,-1.694631767,-0.046732011,0.186986671,1.782210876,0.366295514,0.134285925,-0.069849553,-0.082886681,0.497518856,-0.990294300,1.098841687,-0.079024738,-0.468745728,-0.341273945,1.426266998,1.339670387,0.239809719
-1.939036600,-1.544603952,0.105566094,0.361395963,0.011015901,0.931915267,-0.028382098,-1.701560414,0.122175421,-0.173082817,1.706015418,0.597436264,-0.107475350,-1.721090171,-0.046586897,0.188770542,1.791097963,0.363684444,0.130241360,-0.071908575,-0.087067635,0.500454555,-0.984913294,1.102577464,-0.071803567,-0.467396252,-0.339819736,1.422550070,1.339089695,0.236807635
-1.942193765,-1.544799794,0.106695423,0.352382711,0.010777098,0.935356942,-0.028594929,-1.726028838,0.121982386,-0.174807406,1.712714215,0.599553585,-0.107847148,-1.746730125,-0.045510067,0.190787056,1.799691849,0.361466771,0.128102428,-0.073835989,-0.091422893,0.503430692,-0.978087541,1.108369375,-0.064779357,-0.465551750,-0.338443803,1.419313362,1.337961437,0.233692352
-1.945208879,-1.544921420,0.107762003,0.343589333,0.010532043,0.938620256,-0.028765610,-1.749532067,0.121895932,-0.177020680,1.719098442,0.600634797,-0.108924023,-1.771195937,-0.043983936,0.192842035,1.807668521,0.359737133,0.127507833,-0.075601778,-0.095187565,0.506256560,-0.969699532,1.113944156,-0.060448810,-0.462916473,-0.337711596,1.415347546,1.335586547,0.230393626
-1.948152446,-1.545006017,0.108797503,0.334889973,0.010283196,0.941757382,-0.028913591,-1.772557185,0.121862759,-0.179474874,1.725323163,0.601204987,-0.110347515,-1.795079082,-0.042233421,0.194915522,1.815334513,0.358251588,0.127679047,-0.077286207,-0.098658405,0.509010859,-0.960546477,1.119403144,-0.057457080,-0.459889185,-0.337299667,1.411020151,1.332591458,0.227005564
-1.950591849,-1.544953870,0.109800645,0.325896692,0.009932234,0.944914338,-0.028802624,-1.795068726,0.122062724,-0.181770608,1.730041748,0.602028505,-0.111185342,-1.817953902,-0.039581144,0.196811182,1.820876438,0.357877595,0.128970079,-0.078412813,-0.101347994,0.512726542,-0.953765713,1.121754213,-0.057536347,-0.456332093,-0.337741896,1.406153430,1.327960702,0.224077027
-1.952790397,-1.544900909,0.110811286,0.316520064,0.009597701,0.948101042,-0.028763653,-1.817731259,0.121923552,-0.183804344,1.733873055,0.602852191,-0.111502174,-1.840899785,-0.036826132,0.198607088,1.825287734,0.357889780,0.130165051,-0.079483220,-0.103490735,0.516657693,-0.947634993,1.122434768,-0.058447644,-0.452975912,-0.338646665,1.401219543,1.322431585,0.221586039
-1.954513177,-1.544846339,0.111836735,0.306410709,0.009296372,0.951416120,-0.028869030,-1.840692054,0.121114465,-0.185320541,1.735951680,0.603676210,-0.110789857,-1.863986042,-0.033868185,0.200205942,1.827465642,0.358664803,0.131170273,-0.080442616,-0.104553258,0.521014466,-0.942788336,1.119815472,-0.061002494,-0.450016601,-0.340465114,1.396152978,1.315127892,0.219959361
-1.955822681,-1.544732148,0.112850262,0.295825043,0.008882879,0.954770270,-0.028676991,-1.863675021,0.120217811,-0.186665669,1.736470906,0.604094014,-0.108491550,-1.886800319,-0.030352636,0.200936493,1.827490826,0.360837756,0.131711760,-0.080931598,-0.103432640,0.526021968,-0.937033939,1.113406723,-0.065968078,-0.447546666,-0.343019619,1.390306067,1.306284189,0.218157121
-1.956926610,-1.544588411,0.113857686,0.284982630,0.008413129,0.958076847,-0.028335064,-1.886667995,0.119278363,-0.187925553,1.736214879,0.604308505,-0.105399340,-1.909479328,-0.026560653,0.201235117,1.826445671,0.363701703,0.132023848,-0.081185151,-0.101220530,0.531354648,-0.930820449,1.105111600,-0.072132096,-0.445316996,-0.345941186,1.384052624,1.296672407,0.216275041
-1.957491954,-1.544406237,0.114787854,0.273734602,0.007848970,0.961376457,-0.027623694,-1.909325164,0.118496938,-0.188908476,1.734082032,0.603547465,-0.098460217,-1.931811839,-0.022374646,0.200398465,1.822767862,0.366826723,0.132186132,-0.080314828,-0.094187113,0.538066103,-0.920727553,1.091379773,-0.081177024,-0.442596476,-0.350152904,1.370229236,1.284327475,0.216836576
-1.957940160,-1.544202495,0.115667311,0.262522474,0.007250559,0.964528342,-0.026729345,-1.931516805,0.117972086,-0.189994082,1.731565193,0.602832480,-0.091219193,-1.953666444,-0.018229776,0.199269450,1.818884363,0.369338833,0.132512445,-0.078983079,-0.085493046,0.545543946,-0.910252996,1.075806451,-0.089197738,-0.438420717,-0.355202449,1.353582385,1.270461737,0.218451038
-1.958157033,-1.543956156,0.116446616,0.251419531,0.006585616,0.967520412,-0.025477471,-1.952789076,0.117953941,-0.191282476,1.728290006,0.602208449,-0.083381941,-1.974577229,-0.014166147,0.197563048,1.814594644,0.370640504,0.133162699,-0.076740054,-0.073519349,0.554535337,-0.899024692,1.056596348,-0.095195722,-0.431370997,-0.361906626,1.331359453,1.253592544,0.222144933
-1.958318880,-1.543682908,0.117112509,0.241977525,0.006042273,0.969957488,-0.024348290,-1.971751164,0.117665934,-0.193084070,1.725084446,0.601611330,-0.078796014,-1.992929054,-0.011265784,0.196037022,1.810921657,0.371121173,0.133941637,-0.074674393,-0.058201415,0.565385442,-0.890744472,1.033502366,-0.095042302,-0.418509150,-0.371466561,1.307016159,1.232140189,0.225936462
-1.958453370,-1.543396311,0.117722649,0.233348911,0.005555129,0.972098342,-0.023286047,-1.989574240,0.117238430,-0.195138536,1.721912315,0.601025899,-0.075824304,-2.010017078,-0.008948498,0.194602488,1.807554593,0.371194697,0.134783898,-0.072702077,-0.041225375,0.577161951,-0.883929304,1.008470155,-0.091818855,-0.402756170,-0.382450939,1.281643726,1.208399563,0.229764718
-1.958520030,-1.543087458,0.118415480,0.224267520,0.003769318,0.974208780,-0.024639882,-2.007902065,0.114610760,-0.197026337,1.718409384,0.599880262,-0.076062295,-2.026917165,-0.009720969,0.194025718,1.804701264,0.370620698,0.135555641,-0.072758713,-0.021732816,0.592031980,-0.880511242,0.976111768,-0.076922419,-0.379327306,-0.398573679,1.262442562,1.175639662,0.229572223
-1.958578275,-1.542834467,0.119119519,0.215063589,0.002516984,0.976265447,-0.025438041,-2.026478894,0.112714979,-0.198446754,1.715175465,0.598094332,-0.076757823,-2.044079555,-0.010162664,0.193619839,1.801644982,0.370224459,0.136180658,-0.071949478,-0.002132054,0.607655191,-0.876675703,0.940248818,-0.058046473,-0.353549012,-0.416740864,1.245966019,1.139968132,0.227277235
-1.958619904,-1.542691774,0.119845690,0.205638001,0.002318390,0.978302386,-0.025141171,-2.045547372,0.112264287,-0.198944336,1.712472702,0.595044165,-0.078356744,-2.061759853,-0.009951251,0.193551379,1.798187976,0.370179201,0.136515973,-0.069430613,0.017682350,0.624765530,-0.872015872,0.897466227,-0.031313120,-0.323131850,-0.438944734,1.234869149,1.098547691,0.220830947
-1.958750033,-1.542677570,0.120518176,0.196546888,0.002309391,0.980165212,-0.025301076,-2.064313379,0.112630782,-0.198387127,1.710477897,0.591276150,-0.079264162,-2.079212290,-0.009873557,0.193679191,1.794982919,0.370699428,0.136530383,-0.065606322,0.040327595,0.640478414,-0.859234488,0.849633055,-0.005159402,-0.289437752,-0.464372395,1.222201434,1.053590374,0.213531497
-1.958923672,-1.542727039,0.121163852,0.187614263,0.002393215,0.981904049,-0.025682672,-2.082926902,0.113406465,-0.197310773,1.708833985,0.587155236,-0.079826335,-2.096547151,-0.009860692,0.193899695,1.791901283,0.371502767,0.136385976,-0.061128763,0.064388522,0.655487919,-0.842407075,0.799312271,0.020661880,-0.254142721,-0.491408156,1.208724402,1.006867110,0.205816668
-1.959038255,-1.542864722,0.121701856,0.178952948,0.002248731,0.983534567,-0.025110571,-2.100438539,0.116201927,-0.196733511,1.707699079,0.583515228,-0.079026590,-2.112120565,-0.009445621,0.192680914,1.788499489,0.373688897,0.136091994,-0.053561072,0.094826968,0.665791424,-0.812621919,0.750752288,0.030516064,-0.224499161,-0.524296891,1.183527907,0.953145860,0.200065445
-1.959262967,-1.542982037,0.122189174,0.170928236,0.002079936,0.984980795,-0.024331983,-2.116911345,0.119658834,-0.196425145,1.706905999,0.580669229,-0.078263285,-2.126611138,-0.008906439,0.191024924,1.785400514,0.376274941,0.135747212,-0.045668848,0.125677195,0.675155330,-0.782500383,0.705376401,0.036930913,-0.192959286,-0.557112086,1.153485484,0.898805038,0.195080820
-1.959705075,-1.543059144,0.122576439,0.164177522,0.001863367,0.986157406,-0.023148203,-2.131333473,0.124421447,-0.196647582,1.706787690,0.579390625,-0.077571912,-2.138964157,-0.008122257,0.188505876,1.782899311,0.379650428,0.135302148,-0.037135987,0.157340291,0.682664445,-0.751714825,0.666285997,0.036556435,-0.157676039,-0.589782111,1.113877085,0.843241165,0.191609479
-1.960425202,-1.543167813,0.122891835,0.158254627,0.001727183,0.987144614,-0.022315949,-2.143763614,0.129077276,-0.196496893,1.707153161,0.579907505,-0.077512418,-2.149820501,-0.007848817,0.186307954,1.781444630,0.383436254,0.134834215,-0.029111301,0.183736640,0.687634529,-0.724443390,0.637371911,0.037569283,-0.120286065,-0.620871575,1.078491469,0.789908943,0.184422653
-1.961283575,-1.543292020,0.123171553,0.152741705,0.001631106,0.988027410,-0.021659805,-2.155202564,0.133675866,-0.196156392,1.707757712,0.581317165,-0.077766687,-2.159935847,-0.007830838,0.184274683,1.780513778,0.387425183,0.134355274,-0.021348504,0.207497087,0.691336374,-0.698926461,0.613525821,0.039273219,-0.081868938,-0.651165543,1.045217878,0.737707007,0.175390689
-1.962501023,-1.543404029,0.123379204,0.148275038,0.001689997,0.988700467,-0.021978252,-2.163843226,0.136735045,-0.193887632,1.708484991,0.585034242,-0.078687865,-2.169212666,-0.008977576,0.184338628,1.782099018,0.391624921,0.133969963,-0.017356314,0.218704827,0.689831998,-0.680349010,0.605453793,0.043186874,-0.047647789,-0.676183113,1.021537310,0.695357579,0.162375069
-1.963749261,-1.543521956,0.123572113,0.144081495,0.001852836,0.989295938,-0.023035566,-2.171699441,0.138733309,-0.190503420,1.708826084,0.589985875,-0.079485821,-2.179006978,-0.010613755,0.185593208,1.784616778,0.396070459,0.133438264,-0.014999147,0.225523324,0.686460292,-0.664448578,0.601501093,0.047367047,-0.017327180,-0.699765435,1.002626573,0.656952499,0.149395084
-1.965058264,-1.543651564,0.123735930,0.140430038,0.002220857,0.989758350,-0.025551539,-2.178007484,0.138637768,-0.184917771,1.708405005,0.597374005,-0.080040588,-2.189822608,-0.013215885,0.189197605,1.788974946,0.401001106,0.132617661,-0.015868830,0.223679287,0.679403258,-0.653831467,0.605678228,0.052073215,0.005295390,-0.720515176,0.993129493,0.626331916,0.136485430
-1.966264191,-1.543722686,0.123892201,0.136697961,0.002635073,0.990195999,-0.028611303,-2.183539211,0.137511713,-0.178411550,1.706854228,0.606453575,-0.080058996,-2.201141449,-0.016451050,0.193881557,1.794128209,0.405838808,0.132294410,-0.018828329,0.216359410,0.674020375,-0.652022577,0.611168393,0.055048175,0.020843045,-0.737091466,0.987586733,0.603273510,0.124898564
-1.967418649,-1.543764842,0.124044713,0.132924177,0.003071738,0.990606738,-0.031937737,-2.188688639,0.135877113,-0.171454757,1.704744788,0.616364156,-0.079816731,-2.212703371,-0.019999369,0.199096440,1.799672039,0.410626901,0.132220243,-0.022821980,0.206343385,0.669479498,-0.654578968,0.617288659,0.057157603,0.032881330,-0.751593477,0.984000205,0.583966826,0.113966252
-1.968366803,-1.543768988,0.124185365,0.129173847,0.003408523,0.991002521,-0.034878406,-2.194064843,0.134188726,-0.165687485,1.702186002,0.625133780,-0.080882357,-2.222544819,-0.023833639,0.203763450,1.804657489,0.414164269,0.133385978,-0.027876003,0.198074151,0.670298187,-0.663769560,0.617530632,0.055445945,0.038558899,-0.760970251,0.982228356,0.571677680,0.103694497
-1.969247716,-1.543747900,0.124318287,0.125534736,0.003702506,0.991370955,-0.037562627,-2.199375754,0.132704813,-0.160629870,1.699922043,0.632929581,-0.082339854,-2.231818749,-0.027500599,0.207953472,1.809009074,0.417625267,0.134768027,-0.032734707,0.191970760,0.672246400,-0.672216487,0.615763975,0.053088230,0.043798579,-0.769101245,0.979883337,0.560403411,0.094213418
-1.969995953,-1.543677022,0.124435956,0.122118545,0.003912122,0.991711828,-0.039741748,-2.204557831,0.131624354,-0.156972508,1.698239818,0.638803892,-0.084570571,-2.239972884,-0.030837430,0.211202329,1.812109953,0.420935576,0.136576890,-0.037208019,0.190140885,0.676423320,-0.679196058,0.610034004,0.049455752,0.048174240,-0.774774137,0.976407374,0.551131637,0.086292458
-1.970645752,-1.543589805,0.124534112,0.119152684,0.004055720,0.992003457,-0.041416556,-2.209717013,0.130800016,-0.154275783,1.697236682,0.641774123,-0.086171540,-2.246907663,-0.033693316,0.213618786,1.814376592,0.424220437,0.138315568,-0.040878877,0.191865714,0.681438840,-0.683372715,0.602252323,0.046309435,0.053270907,-0.779118862,0.971408454,0.542729885,0.079807094
-1.971246534,-1.543494564,0.124622568,0.116410440,0.004166621,0.992268043,-0.042841327,-2.214863024,0.130101551,-0.152053876,1.696570736,0.643302563,-0.087454658,-2.253236798,-0.036310199,0.215622747,1.816229285,0.427489900,0.140017386,-0.044150953,0.195349047,0.686861823,-0.686151578,0.593464379,0.043411983,0.058726979,-0.782803019,0.965650335,0.534762352,0.074034515
-1.971694721,-1.543410449,0.124685841,0.114259164,0.004236922,0.992472524,-0.043876883,-2.219393934,0.129256039,-0.150163937,1.696641542,0.641737281,-0.086364441,-2.258179407,-0.038339811,0.216991000,1.817268994,0.429827397,0.140984877,-0.046441656,0.200554721,0.690271481,-0.683904687,0.586534983,0.043488339,0.065424356,-0.784689131,0.957256403,0.528467609,0.069809265
-1.972097070,-1.543325204,0.124741077,0.112359714,0.004301242,0.992646780,-0.044823706,-2.223525089,0.128411005,-0.148286732,1.696723876,0.640045451,-0.084544094,-2.262583289,-0.040235651,0.218084443,1.818158223,0.432056770,0.141719072,-0.048606017,0.205306757,0.693114874,-0.681323901,0.580735916,0.043909684,0.071923163,-0.786029455,0.948734563,0.522939403,0.065909634
-1.972408995,-1.543237729,0.124780457,0.110957924,0.004353797,0.992769059,-0.045595822,-2.226867650,0.127566914,-0.146434648,1.696828949,0.638103977,-0.081283421,-2.265924422,-0.041867599,0.218635767,1.818750603,0.434072846,0.141993045,-0.050521145,0.209163902,0.694841197,-0.678084439,0.577166646,0.045011587,0.078030247,-0.786293101,0.939960398,0.518923345,0.062652349
-1.972621422,-1.543172766,0.124805624,0.110045477,0.004397520,0.992842752,-0.046194431,-2.228990479,0.126890506,-0.144827846,1.696816465,0.637173309,-0.078538115,-2.268046011,-0.043414574,0.218814432,1.818952850,0.436099880,0.142008609,-0.052463123,0.211746354,0.696121315,-0.675830083,0.575250915,0.045943124,0.082709147,-0.785671978,0.932316176,0.516518238,0.059900898
-1.972784409,-1.543118896,0.124823725,0.109376450,0.004436903,0.992892516,-0.046707148,-2.230506213,0.126298137,-0.143343409,1.696745269,0.636745650,-0.076051198,-2.269562345,-0.044920524,0.218808290,1.818962695,0.438129911,0.141895668,-0.054418640,0.213699622,0.697182094,-0.674065537,0.574151973,0.046789735,0.086680470,-0.784609908,0.925230230,0.514912442,0.057402615
-1.972825965,-1.543062820,0.124823175,0.109382201,0.004480724,0.992872723,-0.047108525,-2.230206516,0.126141807,-0.142314333,1.696434700,0.637791650,-0.074936434,-2.269825706,-0.046708726,0.218465519,1.818964273,0.439384696,0.141433733,-0.056470680,0.215451721,0.698464739,-0.673605265,0.573509882,0.047340881,0.089578724,-0.782046263,0.918496567,0.514898208,0.056108756
-1.972825626,-1.542996347,0.124816789,0.109613171,0.004531167,0.992827585,-0.047516396,-2.229300391,0.126119593,-0.141341373,1.696084112,0.639245630,-0.074113684,-2.269704369,-0.048825538,0.218002144,1.819091490,0.440245809,0.140802826,-0.058732343,0.218598040,0.700097609,-0.673127955,0.571447929,0.047865868,0.093572885,-0.778824042,0.910189751,0.514481482,0.056136789
-1.972742657,-1.542909370,0.124798895,0.110288315,0.004594671,0.992732297,-0.047937069,-2.227198234,0.126361889,-0.140479088,1.695654598,0.641504252,-0.073866860,-2.268824310,-0.051590456,0.217300910,1.819466500,0.440330496,0.139838661,-0.061407435,0.224494121,0.702421212,-0.672617043,0.566585644,0.048339262,0.099728459,-0.774302936,0.898780271,0.513270935,0.058771936
-1.972544372,-1.542836624,0.124770017,0.111271276,0.004667708,0.992601622,-0.048362536,-2.224084644,0.126813422,-0.139537527,1.695141629,0.643747422,-0.073779096,-2.266892960,-0.054794687,0.216364088,1.819826756,0.440054951,0.138621380,-0.064278620,0.237201581,0.705108747,-0.670384441,0.554244001,0.048917952,0.110772817,-0.771105143,0.884720023,0.507875035,0.065145081
-1.972288461,-1.542771212,0.124735657,0.112408372,0.004745340,0.992452263,-0.048788786,-2.220466295,0.127370157,-0.138557196,1.694587191,0.645984092,-0.073767330,-2.264436390,-0.058215509,0.215308289,1.820177516,0.439601478,0.137277523,-0.067245986,0.253306263,0.707975771,-0.667294447,0.538172907,0.049571643,0.124269311,-0.768568094,0.869323904,0.500389103,0.073365284
-1.971786130,-1.542806762,0.124679916,0.114336742,0.004791108,0.992234665,-0.048729093,-2.214905554,0.128576385,-0.137675840,1.693929074,0.648574452,-0.072988753,-2.259780313,-0.061640254,0.213354388,1.819823176,0.439041355,0.135365795,-0.070057282,0.281852351,0.710865433,-0.661476213,0.508735476,0.057545876,0.151077252,-0.768680498,0.844716966,0.484447896,0.082930571
-1.971176094,-1.542896223,0.124618452,0.116417832,0.004821018,0.992003619,-0.048502233,-2.208997462,0.129941893,-0.136874051,1.693130402,0.650766027,-0.071714045,-2.254749255,-0.064907647,0.211190720,1.819053996,0.438213168,0.132871828,-0.072567944,0.314304001,0.712510795,-0.653855031,0.476299221,0.069262060,0.184034306,-0.769599595,0.815595088,0.465242778,0.092028301
-1.970353683,-1.543091987,0.124545706,0.118800298,0.004819670,0.991748181,-0.047945856,-2.202404458,0.131621474,-0.136229152,1.692054579,0.652171268,-0.069461056,-2.248978799,-0.067864767,0.208613431,1.817466824,0.436856403,0.129229790,-0.074485809,0.354456713,0.711702619,-0.642678762,0.437949830,0.088356691,0.229116297,-0.772109345,0.777570569,0.439601820,0.100204095
-1.969335077,-1.543333895,0.124464664,0.121430078,0.005023836,0.991460121,-0.047289806,-2.195482012,0.133368999,-0.135720256,1.690945599,0.651804097,-0.066942482,-2.242616253,-0.070792057,0.205854797,1.815605219,0.435070197,0.124243362,-0.075760958,0.400032213,0.705705199,-0.625632500,0.400205010,0.109337836,0.288000547,-0.775397177,0.729898261,0.408047735,0.108213505
-1.968218308,-1.543597957,0.124379459,0.124183065,0.005329144,0.991150860,-0.046584759,-2.188396887,0.135147922,-0.135280073,1.689818477,0.650550263,-0.064293310,-2.235960775,-0.073706268,0.203004845,1.813606803,0.433067876,0.118584708,-0.076719744,0.448286422,0.697135650,-0.605672119,0.362780949,0.131225473,0.353748633,-0.779072292,0.677451316,0.373552811,0.116139489
-1.966646233,-1.543678424,0.124270954,0.127531083,0.005594461,0.990751863,-0.045992070,-2.181217221,0.136274685,-0.135364269,1.688130096,0.645218873,-0.061739317,-2.228962215,-0.077127585,0.199550635,1.811125269,0.429677315,0.109931266,-0.077810896,0.498382344,0.684062147,-0.579192837,0.332464622,0.145828878,0.438507284,-0.783926316,0.618952719,0.330834093,0.123623079
-1.964957337,-1.543580303,0.124159344,0.130590907,0.005578425,0.990376787,-0.045483146,-2.174651240,0.137027071,-0.135674528,1.686374099,0.637711841,-0.059131291,-2.222532615,-0.080711748,0.195892302,1.808545690,0.425360257,0.101274388,-0.079435377,0.546168707,0.671788151,-0.549755522,0.307483065,0.156240104,0.526887831,-0.787705031,0.560980066,0.287708136,0.134063258
-1.963038146,-1.543130119,0.124041611,0.133084471,0.005007821,0.990063544,-0.045140041,-2.169295065,0.137041421,-0.136430445,1.684484807,0.625915797,-0.056416748,-2.217224650,-0.084616945,0.191831567,1.805772828,0.419216721,0.092610740,-0.082111251,0.589402056,0.661090286,-0.514486803,0.293018357,0.158386956,0.622408506,-0.789363905,0.504044246,0.243779354,0.150331993
-1.961256326,-1.542540834,0.123931800,0.135778579,0.005107071,0.989681287,-0.045486751,-2.164981905,0.137185926,-0.136958489,1.683850886,0.608285019,-0.053444775,-2.213274501,-0.087332402,0.188369483,1.803757648,0.410594648,0.085364957,-0.084446069,0.630728291,0.651480548,-0.480029310,0.281068591,0.154928360,0.714501914,-0.786655969,0.454632155,0.204111508,0.168134302
-1.959543790,-1.541883223,0.123825895,0.138573222,0.005538557,0.989260232,-0.046162547,-2.161191005,0.137404654,-0.137387377,1.683849209,0.587752980,-0.050359686,-2.209997149,-0.089446510,0.185195665,1.802123278,0.400736278,0.078830807,-0.086587926,0.671084441,0.642421279,-0.446024180,0.270354791,0.148698332,0.804829687,-0.781773015,0.408986325,0.166585086,0.186680040
-1.958320186,-1.541292343,0.123720746,0.142101133,0.006638587,0.988870112,-0.043578641,-2.159947307,0.140721954,-0.141851271,1.688034778,0.559213919,-0.051495799,-2.207857509,-0.086927810,0.179953325,1.802776102,0.386287843,0.076274225,-0.081079906,0.702127779,0.637746500,-0.428183932,0.258618435,0.139636470,0.871569901,-0.769770511,0.381397778,0.141886675,0.201453803
-1.957192476,-1.540753441,0.123606586,0.145826392,0.007827049,0.988435522,-0.040848742,-2.159671628,0.143893483,-0.147874734,1.693865779,0.528989201,-0.055413055,-2.206595081,-0.084219836,0.174681859,1.805041731,0.370942331,0.076098327,-0.074534823,0.726868907,0.634241059,-0.415902256,0.248258593,0.135375047,0.926125471,-0.757059011,0.359763107,0.121539236,0.213958750
-1.956253767,-1.540316985,0.123474665,0.149942662,0.009189888,0.987927882,-0.037831774,-2.161303854,0.146777709,-0.156972010,1.702939819,0.495442156,-0.064811773,-2.207061579,-0.081138814,0.169352990,1.810486095,0.353828737,0.080614609,-0.065945754,0.739188774,0.633040312,-0.414576176,0.240611772,0.140574991,0.956665872,-0.742950129,0.349863153,0.109767292,0.221992002
-1.955238385,-1.539907320,0.123333056,0.153348598,0.009519033,0.987452314,-0.036490031,-2.165921033,0.146616456,-0.168249805,1.715586529,0.465323460,-0.075572135,-2.211417629,-0.081018689,0.165627591,1.822478490,0.338041075,0.086738859,-0.060400466,0.741373064,0.633259944,-0.415975109,0.237964999,0.145798282,0.966533130,-0.732466698,0.348200314,0.104032264,0.228779495
-1.954186065,-1.539511838,0.123186934,0.156401054,0.009342577,0.986994105,-0.035973083,-2.172023718,0.144945223,-0.180611969,1.730022525,0.436929913,-0.086977295,-2.217718799,-0.082365388,0.162704084,1.837742047,0.322933664,0.093630380,-0.056365032,0.738563464,0.634186141,-0.418725804,0.237788069,0.151007040,0.966188991,-0.723823894,0.350638136,0.101270926,0.234959857
-1.953386263,-1.539413989,0.123119914,0.158344685,0.010270223,0.986699781,-0.035284910,-2.182645372,0.140373030,-0.196033546,1.753284301,0.419468862,-0.090505553,-2.232760775,-0.086163599,0.163388304,1.866681296,0.316000514,0.092983179,-0.055445557,0.735609499,0.637169431,-0.424276512,0.239580402,0.148337697,0.957818412,-0.731673546,0.365950663,0.098368139,0.243139264
-1.952697896,-1.539436462,0.123094250,0.159577149,0.011390908,0.986501120,-0.034941665,-2.194954377,0.134696390,-0.212206617,1.780224612,0.404764285,-0.087199172,-2.251310807,-0.090650166,0.165680218,1.900029128,0.311648525,0.089141208,-0.055278277,0.732964214,0.639904419,-0.430140198,0.241873154,0.142776228,0.950859688,-0.743346386,0.383009626,0.094790189,0.252434869
-1.952229112,-1.539696031,0.123150081,0.159409357,0.012892047,0.986497791,-0.035278341,-2.210588301,0.126843438,-0.229860503,1.814413463,0.395491331,-0.070425158,-2.276773453,-0.096493135,0.171140088,1.942064060,0.312382707,0.079003952,-0.056593196,0.730927181,0.642150130,-0.436620605,0.245151982,0.131515836,0.946683018,-0.762552803,0.403509935,0.089881831,0.263929939
-1.951803936,-1.540087866,0.123279742,0.158223460,0.014795718,0.986661775,-0.035284070,-2.228021036,0.119624839,-0.249190383,1.855812734,0.391540710,-0.052304330,-2.306936783,-0.103180670,0.179099657,1.989460330,0.314543747,0.065363750,-0.058536774,0.727413043,0.642187251,-0.442591647,0.250664463,0.118700644,0.944194695,-0.782835434,0.423673592,0.085185991,0.278343680
-1.951399703,-1.540544648,0.123445997,0.156530000,0.016897707,0.986903724,-0.035126420,-2.246335344,0.112732400,-0.269346832,1.900782798,0.390244879,-0.033587988,-2.339419353,-0.110288808,0.188294186,2.039509978,0.317403155,0.049989768,-0.060792388,0.723161739,0.641119726,-0.448299218,0.257287799,0.105125637,0.942534718,-0.803638640,0.443664460,0.080604021,0.294197019
-1.950835506,-1.540941834,0.123680473,0.153270233,0.019038462,0.987383795,-0.034914381,-2.263328564,0.109926536,-0.289818031,1.951503662,0.398865155,-0.035097504,-2.373069183,-0.118771445,0.198600945,2.093329076,0.318941023,0.032111953,-0.063760693,0.716044265,0.635043603,-0.450256607,0.267090744,0.093339553,0.939906521,-0.821606616,0.461577574,0.078762626,0.310647922
-1.950227573,-1.541256754,0.123911146,0.149710604,0.020910210,0.987897458,-0.034757892,-2.279974128,0.108385647,-0.310394458,2.000990083,0.407571454,-0.040722026,-2.403899148,-0.127309249,0.207367022,2.145187619,0.320503956,0.013908093,-0.066421965,0.708054621,0.628799048,-0.452082029,0.276995457,0.081035015,0.936812098,-0.839243746,0.479669471,0.077712141,0.326540684
-1.949533480,-1.541409606,0.124134326,0.145562159,0.022252217,0.988489567,-0.034711277,-2.295934792,0.109336830,-0.331178191,2.048044581,0.416447223,-0.054453346,-2.429173818,-0.135955736,0.213097870,2.193183760,0.322116266,-0.004938094,-0.068478364,0.698346751,0.622222671,-0.453647471,0.287100655,0.067709091,0.932799187,-0.856229094,0.498113580,0.078219794,0.341333876
-1.948486031,-1.541337252,0.124307559,0.143392296,0.023619518,0.988891937,-0.031201029,-2.311361366,0.114029077,-0.354589562,2.087559064,0.414533179,-0.061272063,-2.439920181,-0.140892497,0.210237852,2.224514103,0.321126435,-0.021037721,-0.066405620,0.690450283,0.618384028,-0.456911114,0.294508352,0.055466759,0.930782744,-0.872717882,0.514578055,0.078603317,0.353160188
-1.947264015,-1.541153360,0.124456247,0.142188120,0.024996670,0.989182807,-0.025982277,-2.326523721,0.120566922,-0.379300535,2.123323255,0.407273839,-0.064674876,-2.443500040,-0.143991083,0.203123050,2.247579581,0.318828256,-0.035756823,-0.062291375,0.683450221,0.615894397,-0.461007304,0.300581080,0.043764837,0.929749832,-0.888952513,0.530051206,0.078933712,0.363505409
-1.945877695,-1.540781998,0.124620391,0.139248855,0.025742543,0.989718919,-0.020088299,-2.341330093,0.128088733,-0.405670793,2.148137301,0.390627723,-0.064593434,-2.443500040,-0.143753830,0.188871858,2.253623123,0.308616091,-0.042250601,-0.055784117,0.677741994,0.613652227,-0.464012463,0.304711759,0.034061446,0.928832437,-0.902358506,0.540686485,0.081613109,0.367953307
-1.944592826,-1.540391294,0.124791764,0.135787135,0.026476333,0.990273839,-0.014784532,-2.355128704,0.135206691,-0.430738497,2.169953356,0.373884576,-0.066315398,-2.443500040,-0.143618792,0.175386334,2.257193992,0.299266115,-0.047243551,-0.049710626,0.671777648,0.610268559,-0.465663613,0.309141863,0.025200986,0.927465667,-0.915102615,0.551994223,0.085036754,0.373488943
-1.943507775,-1.539962494,0.124977375,0.131302964,0.027187520,0.990912241,-0.010644295,-2.366942414,0.141529213,-0.453240667,2.185864519,0.356950316,-0.071589380,-2.443500040,-0.143685079,0.163408881,2.255894643,0.291614322,-0.049280448,-0.044491489,0.665308846,0.604636579,-0.464647887,0.314161721,0.018000776,0.925213804,-0.926543066,0.564626445,0.089926282,0.381167003
-1.942679046,-1.539565710,0.125225024,0.126372689,0.027842435,0.991563785,-0.007483478,-2.376319783,0.146801214,-0.469797300,2.195644660,0.341945715,-0.079240537,-2.443474541,-0.145102769,0.155563547,2.251159436,0.282843883,-0.048619091,-0.041018829,0.656319944,0.596924898,-0.462732239,0.320807785,0.012785840,0.923202715,-0.934878704,0.576831209,0.096487492,0.389616187
-1.941977796,-1.539184470,0.125504965,0.121220126,0.028469694,0.992205600,-0.004817097,-2.384481418,0.151549275,-0.483389599,2.202377307,0.327917975,-0.088062848,-2.443436714,-0.147191753,0.149762610,2.244728935,0.273546446,-0.046629064,-0.038417339,0.646063089,0.588180979,-0.460390772,0.328271929,0.008558072,0.921305651,-0.941664455,0.588824306,0.103888539,0.398441284
-1.941648416,-1.538740147,0.126290699,0.115879511,0.029243139,0.992816221,-0.005720913,-2.387939283,0.154347500,-0.486223095,2.200712464,0.321655974,-0.097117906,-2.443463894,-0.151005392,0.146866287,2.237221108,0.271120149,-0.044568517,-0.039094445,0.627924380,0.577023093,-0.463037584,0.340786615,0.007154777,0.918102239,-0.942286733,0.600465138,0.116157028,0.406186419
-1.941575472,-1.538221292,0.127343658,0.111068446,0.029854394,0.993342250,-0.006609817,-2.388404255,0.157419924,-0.487833291,2.198392961,0.317925139,-0.106119609,-2.443485582,-0.154783170,0.143848719,2.231597473,0.268095075,-0.044383104,-0.038962708,0.609378822,0.567156976,-0.467898232,0.354262194,0.005304125,0.913862986,-0.940378110,0.613094402,0.130775435,0.413476501
-1.942007495,-1.537555670,0.128922834,0.107304773,0.030147420,0.993740924,-0.007469575,-2.382975695,0.161032297,-0.487034593,2.194784315,0.319178620,-0.115016245,-2.443496454,-0.158490333,0.140592395,2.229684144,0.263890904,-0.047890161,-0.037238216,0.590032106,0.559834579,-0.477118310,0.369629939,0.002572549,0.907583980,-0.933485694,0.627670065,0.150021245,0.419870504
-1.943024727,-1.536669460,0.131517701,0.104108236,0.030718192,0.994058529,-0.008093752,-2.372665843,0.166315035,-0.486056254,2.191625949,0.319510554,-0.123572379,-2.443500040,-0.161601492,0.139381829,2.232158882,0.257258906,-0.050636334,-0.033856011,0.570644743,0.555811835,-0.491959095,0.390603915,0.000332775,0.896698502,-0.920354500,0.644295698,0.175285474,0.425832464
-1.944332634,-1.535674325,0.134617739,0.101194048,0.031432986,0.994332807,-0.008602336,-2.359936002,0.172427416,-0.484981946,2.188697162,0.319356368,-0.131950330,-2.443500039,-0.164417230,0.139206242,2.236812107,0.249426557,-0.052984900,-0.029658546,0.551232149,0.553404579,-0.509583634,0.414385432,-0.001664635,0.883516755,-0.904119420,0.661926165,0.203520181,0.431575100
-1.946389011,-1.534579398,0.139209512,0.099271850,0.034258184,0.994427692,-0.009221824,-2.342261715,0.180667700,-0.481755288,2.188033687,0.309926450,-0.137310680,-2.443499757,-0.166645819,0.147023332,2.246771996,0.240072411,-0.048748396,-0.025659181,0.530329700,0.548527809,-0.532098643,0.451874487,-0.003579534,0.862096062,-0.878456682,0.678359866,0.234067878,0.435416705
-1.948721595,-1.533457633,0.144173052,0.097437961,0.037240906,0.994493152,-0.010115840,-2.323363591,0.189135734,-0.477824562,2.187972877,0.298196350,-0.142308148,-2.443497690,-0.169021184,0.156736392,2.258191644,0.230042928,-0.044410567,-0.023367097,0.509321614,0.542393050,-0.556391644,0.493610151,-0.006481312,0.839437800,-0.851235356,0.693764150,0.265859216,0.437449871
-1.951597957,-1.532283031,0.149868503,0.095778864,0.040534049,0.994509924,-0.011550412,-2.302056052,0.198052148,-0.472507708,2.189098554,0.281937799,-0.146591195,-2.443492110,-0.171685511,0.170182119,2.272485173,0.218683883,-0.039873257,-0.024436197,0.488105558,0.533781643,-0.584185043,0.543706269,-0.011325994,0.814343088,-0.820945583,0.707141783,0.300098958,0.435922695
-1.954945721,-1.531075685,0.155838138,0.094235512,0.044070286,0.994489624,-0.012956276,-2.279446368,0.207079917,-0.466419857,2.190791229,0.263490936,-0.151123974,-2.443487105,-0.173890002,0.183320578,2.288033293,0.207245455,-0.038787815,-0.030690724,0.470241902,0.523548713,-0.618312382,0.599312971,-0.019030014,0.789581702,-0.791192794,0.716676111,0.335841986,0.430884977
-1.958526860,-1.529851345,0.161940919,0.092747774,0.047726135,0.994441620,-0.014350272,-2.256200342,0.216157245,-0.459954986,2.192762119,0.243964486,-0.155779174,-2.443482438,-0.175862862,0.196295572,2.304197743,0.195778210,-0.039419884,-0.039524933,0.454047833,0.512497730,-0.655574594,0.657675085,-0.028155197,0.764995600,-0.761712725,0.724293955,0.372318108,0.424099195
-1.962500147,-1.528379620,0.167542545,0.091130203,0.051498015,0.994371049,-0.016415177,-2.234206295,0.223760865,-0.454162949,2.194505929,0.223677227,-0.160301505,-2.443493022,-0.176333371,0.205823812,2.320063990,0.187192669,-0.045345423,-0.056204847,0.443435478,0.495796896,-0.697870735,0.728303253,-0.041235910,0.743573656,-0.734613740,0.724834479,0.406914676,0.411547762
-1.966521532,-1.526747412,0.172624368,0.089326600,0.054380068,0.994343433,-0.018566184,-2.214243362,0.230131006,-0.449993037,2.196311233,0.203825262,-0.164586051,-2.443500040,-0.176861724,0.214025590,2.334857740,0.180120409,-0.052754066,-0.074943298,0.432022268,0.477767445,-0.739342923,0.806230698,-0.057516405,0.723204667,-0.707920122,0.723359636,0.439655843,0.396882683
-1.970637585,-1.524799324,0.176683064,0.087159293,0.055512047,0.994427172,-0.020887098,-2.198278264,0.234073293,-0.449015952,2.198237576,0.184830088,-0.168402569,-2.443500040,-0.177503932,0.219616496,2.347540498,0.176026736,-0.063081897,-0.097733558,0.419032736,0.457122885,-0.779193330,0.898525287,-0.080095019,0.704908207,-0.682024386,0.717917952,0.468745029,0.378057322
-1.974455496,-1.522857273,0.179575614,0.084442966,0.055743527,0.994612824,-0.022524980,-2.186671010,0.236388442,-0.451551122,2.200899226,0.167106842,-0.171474901,-2.443500040,-0.177532975,0.222792567,2.353523251,0.177985948,-0.071677700,-0.121158976,0.405617665,0.431549897,-0.813162596,0.993305641,-0.107358991,0.689446273,-0.657891454,0.708927219,0.491896316,0.356755103
-1.978125243,-1.520919718,0.181892776,0.081456252,0.055529386,0.994843610,-0.023823473,-2.177212342,0.237902425,-0.455822375,2.203926923,0.150012102,-0.174184268,-2.443489496,-0.177246348,0.224776564,2.356199980,0.182921946,-0.079402356,-0.144893440,0.392009844,0.403564004,-0.844198684,1.089198312,-0.136930112,0.675382075,-0.634629497,0.698168907,0.512106165,0.334213141
-1.981384842,-1.519405297,0.183752934,0.078513483,0.054679884,0.995117431,-0.024228957,-2.169014718,0.239243775,-0.462331553,2.208140969,0.133673281,-0.177772688,-2.440555347,-0.173079137,0.225655005,2.356199980,0.187524788,-0.081858985,-0.167671835,0.383008457,0.378865817,-0.864230229,1.154405607,-0.167048679,0.662194880,-0.612388970,0.681458865,0.526764655,0.305808979
-1.984529288,-1.518069168,0.186248333,0.075653604,0.055345579,0.995312339,-0.023806439,-2.158579619,0.242396903,-0.467537181,2.212163222,0.116756305,-0.182448485,-2.435248520,-0.166226130,0.227196711,2.356199980,0.189381670,-0.082146888,-0.189616586,0.377704553,0.359492624,-0.881672039,1.203139253,-0.192386945,0.646798844,-0.590578645,0.663238178,0.543832165,0.274517723
-1.987447129,-1.517083892,0.189993798,0.072956810,0.058992930,0.995351134,-0.021754506,-2.143741489,0.249115349,-0.470177609,2.215808055,0.098701604,-0.189264082,-2.425272605,-0.154087859,0.230043627,2.356199980,0.185834896,-0.078167049,-0.209920842,0.379676765,0.350598258,-0.894017619,1.219455114,-0.208318263,0.627056123,-0.569614898,0.642044760,0.565640279,0.237545078
-1.990362046,-1.516374198,0.194240430,0.069808572,0.063176782,0.995375591,-0.019049709,-2.127224663,0.257204551,-0.470579779,2.219083054,0.080218940,-0.196811466,-2.414645423,-0.140222463,0.233824263,2.356188952,0.179746110,-0.073118226,-0.227676214,0.385830750,0.351720689,-0.901886873,1.219326752,-0.209866926,0.604827334,-0.548433367,0.617923306,0.591554380,0.196026344
-1.993276103,-1.515801301,0.198733379,0.066434748,0.067623990,0.995367598,-0.016023867,-2.109883317,0.265967885,-0.469870549,2.222176951,0.061522462,-0.204713827,-2.403706507,-0.125510775,0.238069348,2.356172597,0.172408590,-0.067550503,-0.244169025,0.394039898,0.357808661,-0.907487308,1.211080473,-0.204305165,0.581376232,-0.527144258,0.592331524,0.619494653,0.152247374
-1.996348230,-1.515568337,0.203172077,0.062575988,0.072368993,0.995326101,-0.013150219,-2.092871072,0.274698115,-0.466307324,2.225492908,0.041921830,-0.211255138,-2.395123067,-0.111689093,0.243727739,2.356182755,0.165519840,-0.063873663,-0.258254304,0.401761304,0.374408625,-0.894769040,1.194830127,-0.188945574,0.558073969,-0.505730682,0.558515004,0.649213468,0.101881701
-1.999540442,-1.515439937,0.207404006,0.058651163,0.077224750,0.995234454,-0.010235274,-2.076543474,0.284084164,-0.461898842,2.229100281,0.022228563,-0.217118561,-2.387520270,-0.098106946,0.250058412,2.356191563,0.159149721,-0.060919654,-0.272215218,0.407116895,0.393321302,-0.875244232,1.180433082,-0.177135289,0.535385017,-0.485785358,0.523280482,0.676965189,0.051137308
-2.002968912,-1.515517260,0.211229133,0.054598985,0.082301227,0.995084442,-0.007239676,-2.061562867,0.294760482,-0.455827387,2.233280991,0.002353048,-0.221648294,-2.381846805,-0.084996061,0.257711743,2.356197713,0.153799966,-0.059387758,-0.285931457,0.407817942,0.416784052,-0.842328121,1.169682252,-0.172307971,0.513902704,-0.468728698,0.485256160,0.700846815,-0.000352183
-2.006776501,-1.515801423,0.214483012,0.050481012,0.088397754,0.994797985,-0.003804552,-2.048051360,0.308770243,-0.448043390,2.238360234,-0.016447983,-0.225701762,-2.378345826,-0.071570033,0.267604038,2.356199837,0.149230018,-0.056323883,-0.300641328,0.404382455,0.442284665,-0.807914595,1.161281938,-0.176098923,0.494691613,-0.456992257,0.450708439,0.716217914,-0.045899104
-2.010772612,-1.516189451,0.217454386,0.046324142,0.094993151,0.994399494,-0.000149507,-2.035271055,0.324436411,-0.439409470,2.243887822,-0.034720612,-0.229515628,-2.375926750,-0.057988847,0.278607945,2.356199980,0.145047168,-0.052492589,-0.315842228,0.398891924,0.468801216,-0.772775935,1.154048600,-0.184136284,0.476614360,-0.447908090,0.417905766,0.727371141,-0.088482853
-2.015329981,-1.517156198,0.219999542,0.041002420,0.101934452,0.993935623,0.004488460,-2.024848249,0.344718495,-0.428686731,2.251160902,-0.052993721,-0.231876103,-2.377158580,-0.044359374,0.292457670,2.356199980,0.141838338,-0.044875263,-0.331686749,0.387788076,0.499032766,-0.740672935,1.149797647,-0.194379573,0.463099324,-0.448517959,0.394638927,0.729723247,-0.120066818
-2.020052824,-1.518371013,0.222373110,0.035398554,0.109470647,0.993314370,0.009470058,-2.014777362,0.365928552,-0.416698834,2.259215400,-0.071699564,-0.233415929,-2.379705325,-0.030412559,0.307303171,2.356199980,0.138642119,-0.036927581,-0.347204596,0.376389092,0.530434481,-0.709023661,1.145499180,-0.204380223,0.450861345,-0.452279944,0.375653601,0.728507486,-0.146853610
-2.025101148,-1.520073770,0.224409168,0.029242633,0.118182925,0.992445879,0.015127549,-2.005398693,0.388963915,-0.402222396,2.268806928,-0.091256586,-0.233341560,-2.384838478,-0.015841540,0.324107343,2.356199980,0.135470706,-0.028330097,-0.362079882,0.364409583,0.564137883,-0.678266856,1.141107250,-0.213903608,0.441135308,-0.462242072,0.365089919,0.720273809,-0.164204466
-2.030438422,-1.522212446,0.226490798,0.022126854,0.127244361,0.991392555,0.021449418,-1.996704374,0.412167933,-0.385626020,2.279615835,-0.111437291,-0.231823466,-2.392232703,-0.001419425,0.341833715,2.356199980,0.131176161,-0.021104641,-0.374710319,0.354301568,0.601640421,-0.651965011,1.134744308,-0.220325300,0.431864479,-0.478770059,0.362764007,0.710598014,-0.177750071
-2.035918567,-1.524566811,0.228596159,0.014530074,0.136461110,0.990140345,0.028095190,-1.988354656,0.435444467,-0.367981118,2.291026550,-0.131921746,-0.229589021,-2.400750822,0.012923732,0.360015607,2.356199980,0.126324436,-0.014556865,-0.386224453,0.345128665,0.641041017,-0.627893382,1.127403534,-0.225183437,0.422812981,-0.498547870,0.364520716,0.700242558,-0.189415204
-2.041613350,-1.527284022,0.231054545,0.005093388,0.145081647,0.988798390,0.034685970,-1.982169207,0.455951787,-0.348677318,2.303307328,-0.151636742,-0.225617595,-2.412519183,0.025736942,0.378759178,2.356199980,0.120147604,-0.008835544,-0.394386335,0.339940148,0.688470348,-0.614436462,1.117731174,-0.219775960,0.412569720,-0.524085597,0.374907119,0.697705307,-0.198531954
-2.047299065,-1.530051891,0.233559268,-0.004953522,0.153088595,0.987359007,0.040761951,-1.977300484,0.474814006,-0.330241363,2.316204239,-0.170942607,-0.221181107,-2.424331234,0.038111298,0.397376606,2.356199980,0.113002169,-0.002409862,-0.401417477,0.335760611,0.737545776,-0.600527496,1.108283867,-0.211727913,0.401696943,-0.549922549,0.386013448,0.699400938,-0.207431454
-2.052966950,-1.532919380,0.236155118,-0.016198566,0.159918141,0.985932659,0.045832150,-1.975021158,0.490441069,-0.313512062,2.330312798,-0.189443901,-0.215830056,-2.436229203,0.049622629,0.415745970,2.356199980,0.103951939,0.005400973,-0.406224974,0.333565273,0.789858314,-0.585729566,1.099279140,-0.198487083,0.389586202,-0.576347936,0.398535537,0.709420698,-0.215903724
-2.058750503,-1.535612267,0.238808285,-0.026089766,0.165480059,0.984520913,0.051519370,-1.972680111,0.504625822,-0.299605279,2.340884439,-0.203665392,-0.212160978,-2.441497776,0.062359212,0.432421419,2.356199980,0.087209289,0.015427273,-0.407164607,0.331947867,0.840073212,-0.559285188,1.094658442,-0.190663549,0.377552906,-0.599774764,0.414285431,0.729577064,-0.218794569
-2.064589720,-1.538217570,0.241487816,-0.035310015,0.170407460,0.983060332,0.057505509,-1.970315169,0.518095288,-0.287099814,2.349698303,-0.215759112,-0.209325728,-2.443500040,0.075703484,0.448257179,2.356199980,0.066661488,0.026556667,-0.406192950,0.330593046,0.889239842,-0.527071296,1.092222743,-0.185557496,0.365542082,-0.621689576,0.431656455,0.754747985,-0.218896442
-2.070115553,-1.540360785,0.243691666,-0.043589450,0.174868202,0.981595279,0.063180536,-1.969642682,0.529905101,-0.278246487,2.353469167,-0.221541377,-0.208342832,-2.443500040,0.090469926,0.462242678,2.356199980,0.039827007,0.041384236,-0.402584431,0.323591677,0.933897066,-0.483119447,1.097672759,-0.194792452,0.349434899,-0.633605427,0.458088477,0.788296460,-0.207069973
-2.075485028,-1.542382075,0.245763820,-0.052082959,0.178067439,0.980282606,0.068010030,-1.970966063,0.540575667,-0.271556552,2.356015493,-0.225989542,-0.207517874,-2.443500040,0.103869815,0.475429502,2.356199980,0.013732562,0.058209702,-0.399496160,0.313652621,0.978181900,-0.438672236,1.103431273,-0.205771378,0.331207295,-0.641793992,0.484307294,0.831667943,-0.195628089
-2.080547087,-1.544163649,0.247577047,-0.061003126,0.178810725,0.979406930,0.071185736,-1.976213517,0.549006364,-0.269120063,2.356154257,-0.227814732,-0.207003439,-2.443500040,0.114582929,0.487046051,2.356199980,-0.010906901,0.078963236,-0.397430749,0.297937777,1.021734580,-0.393251095,1.109796322,-0.220179124,0.308810733,-0.642654346,0.510106933,0.894352437,-0.184942339
-2.085185966,-1.545968339,0.248693668,-0.069023807,0.178641685,0.978691032,0.074072434,-1.983469208,0.557144661,-0.268891422,2.356199980,-0.229498039,-0.206396014,-2.443488245,0.124623859,0.496597833,2.356199980,-0.035233480,0.100127389,-0.395670626,0.277684535,1.062315811,-0.349654475,1.111695204,-0.236228912,0.275005441,-0.638720759,0.538572359,0.981154303,-0.173558274
-2.089613017,-1.547786678,0.249464318,-0.076599548,0.178027459,0.978027685,0.076815240,-1.991710017,0.565136349,-0.269734591,2.356199899,-0.231116655,-0.205748226,-2.443470767,0.134353186,0.505150043,2.356199957,-0.059405620,0.121508662,-0.394059327,0.255197974,1.101418776,-0.306997316,1.111347076,-0.253102501,0.235508993,-0.632418757,0.568397783,1.079826286,-0.161821423
-2.093039267,-1.550198330,0.249293593,-0.083909328,0.179385946,0.976958965,0.079568139,-1.999481630,0.572373057,-0.267152367,2.356178724,-0.234040954,-0.206483838,-2.443482923,0.148939086,0.517625909,2.356193951,-0.083402799,0.146862205,-0.392135234,0.231941604,1.135861688,-0.275439364,1.097479486,-0.274340373,0.174121404,-0.622881405,0.611164030,1.183133992,-0.147594809
-2.096172290,-1.552495760,0.249440279,-0.090830723,0.180387404,0.975961013,0.081916215,-2.007207518,0.578040178,-0.263796185,2.356171830,-0.237456428,-0.207275426,-2.443492813,0.162583817,0.529889257,2.356181770,-0.103182642,0.170861439,-0.391023592,0.209320482,1.168472680,-0.247261514,1.079259966,-0.293378649,0.113035934,-0.611281710,0.655643499,1.271512361,-0.132913533
-2.098728928,-1.554568666,0.250210885,-0.096995026,0.180700868,0.975177495,0.083474631,-2.014843524,0.580622027,-0.258918665,2.356193004,-0.241837386,-0.208177041,-2.443498249,0.174378529,0.541734868,2.356157452,-0.114672634,0.192198562,-0.391508951,0.187948043,1.197482742,-0.225727802,1.052486031,-0.308093269,0.052544324,-0.595628146,0.703490580,1.330544724,-0.117338545
-2.100729787,-1.556400372,0.252197183,-0.105933976,0.178221500,0.974743010,0.083012973,-2.027375623,0.577784232,-0.255064162,2.356199980,-0.247526649,-0.208377742,-2.443500040,0.176978443,0.547389616,2.356161140,-0.129957089,0.208105448,-0.393292891,0.161247440,1.221477473,-0.204550868,1.022086594,-0.317602393,0.005724930,-0.577540227,0.745195741,1.366195063,-0.107348605
-2.102453734,-1.558113568,0.254786317,-0.116235887,0.174345665,0.974392761,0.081557068,-2.042331763,0.572267729,-0.251713924,2.356199980,-0.253867776,-0.208231697,-2.443500017,0.175028736,0.549947777,2.356178570,-0.147142673,0.221307323,-0.395703667,0.131906319,1.242973157,-0.183555082,0.989886404,-0.324556319,-0.034345146,-0.558264922,0.783878237,1.390337428,-0.100130421
-2.103194459,-1.559826405,0.258791145,-0.128890411,0.168301242,0.973864907,0.081541994,-2.062009218,0.562687641,-0.248779969,2.356199980,-0.262526301,-0.207480134,-2.443494011,0.164903108,0.538474495,2.356191446,-0.173743934,0.225047030,-0.395250405,0.096772701,1.255546264,-0.164056685,0.952711832,-0.332127198,-0.066287322,-0.541211302,0.821290491,1.409435517,-0.099990006
-2.103612146,-1.561538230,0.263195369,-0.142065767,0.162179827,0.973017174,0.082174209,-2.081917084,0.552598440,-0.245248100,2.355756719,-0.272077415,-0.205898024,-2.443481780,0.154097863,0.523673241,2.356199980,-0.200935502,0.225914297,-0.393624386,0.062639211,1.265916743,-0.147471554,0.912623101,-0.338790449,-0.098384187,-0.525507137,0.861697555,1.429583746,-0.100359532
-2.103394992,-1.563248068,0.268384493,-0.156283516,0.155934179,0.971693702,0.084091283,-2.102277759,0.541508718,-0.240541196,2.354442352,-0.283382664,-0.202683705,-2.443457318,0.141957018,0.502331781,2.356199980,-0.229287155,0.221136582,-0.389693641,0.030471197,1.271958569,-0.136611638,0.866807402,-0.343670008,-0.130785050,-0.512454949,0.907990084,1.451795733,-0.101731205
-2.103016773,-1.564755493,0.274849548,-0.170751342,0.149625977,0.970189763,0.084781307,-2.120410363,0.528982060,-0.234220870,2.346725133,-0.293637238,-0.198733919,-2.443462498,0.128727957,0.478891937,2.355454315,-0.246380236,0.210824322,-0.385177951,0.002998033,1.275331093,-0.132381488,0.817741978,-0.346857445,-0.168309602,-0.500238983,0.960885310,1.461345822,-0.104333514
-2.102557536,-1.566163272,0.281948148,-0.185320466,0.143267038,0.968467899,0.084857576,-2.137431592,0.515752686,-0.227107379,2.335836715,-0.303369141,-0.194434666,-2.443482202,0.114959762,0.454416689,2.354274506,-0.257858806,0.197783510,-0.380369357,-0.022146419,1.277391535,-0.131442934,0.767106485,-0.349207384,-0.208381792,-0.488434131,1.017033087,1.464626755,-0.107577990
-2.101618107,-1.567515692,0.290761063,-0.200334984,0.136755358,0.966406824,0.084980689,-2.150181581,0.503314443,-0.219836830,2.318378725,-0.311443135,-0.193117984,-2.443492930,0.100033522,0.428769543,2.335951763,-0.248091588,0.182245550,-0.374153954,-0.041602724,1.279231549,-0.139330012,0.723103548,-0.349966492,-0.256232503,-0.476717142,1.075502392,1.455426684,-0.120335624
-2.100415954,-1.568902200,0.300006604,-0.215222207,0.130141945,0.964048381,0.085750768,-2.161317923,0.491966266,-0.213140026,2.299180671,-0.319320707,-0.192737906,-2.443500040,0.085393963,0.402803063,2.311188527,-0.232158014,0.168049853,-0.367485304,-0.060227263,1.281071104,-0.148288688,0.683138910,-0.347586887,-0.308613428,-0.463642561,1.119648481,1.445256293,-0.126824184
-2.098697609,-1.570355684,0.310102165,-0.229909969,0.123365243,0.961358978,0.087814226,-2.169283801,0.482759831,-0.207570506,2.276563769,-0.326812353,-0.194198052,-2.443500040,0.071317670,0.376209160,2.273771122,-0.204108891,0.156491410,-0.359926120,-0.077217564,1.282909757,-0.159352821,0.651108652,-0.339040389,-0.369895238,-0.447900608,1.135652561,1.433179439,-0.120995372
-2.096762923,-1.571710881,0.320650752,-0.244017605,0.116766015,0.958601299,0.088908127,-2.173571454,0.473721814,-0.202168079,2.251308121,-0.334110937,-0.195350061,-2.442676421,0.057652922,0.351047719,2.232411561,-0.173461405,0.148814958,-0.352876518,-0.095273184,1.282356025,-0.169271644,0.624012179,-0.326794519,-0.433853479,-0.431557106,1.121148472,1.417200962,-0.098751898
-2.094724135,-1.573016582,0.331427862,-0.257796537,0.110240250,0.955706632,0.089514618,-2.176007557,0.464767654,-0.196847351,2.224739700,-0.341307928,-0.196346944,-2.441379274,0.044194589,0.326603612,2.189119954,-0.141603474,0.143056240,-0.346069587,-0.113848338,1.280605627,-0.178629262,0.599349494,-0.312742335,-0.499087843,-0.414943798,1.091641195,1.399270833,-0.068429981
-2.093220082,-1.574016450,0.343711017,-0.267663890,0.103461998,0.953722619,0.089804358,-2.167180923,0.456099204,-0.191436226,2.193964079,-0.346813914,-0.196396888,-2.422859255,0.031809521,0.305612543,2.146819453,-0.126116589,0.140106844,-0.337369576,-0.131512537,1.273429399,-0.188302227,0.577374007,-0.301302939,-0.554770288,-0.404721224,1.057039851,1.372475657,-0.033844377
-2.092004366,-1.574916641,0.356543038,-0.276057774,0.096361466,0.951995995,0.090610149,-2.154658568,0.448326901,-0.186476878,2.162175336,-0.351722277,-0.196156913,-2.398121323,0.020326921,0.284812254,2.104581880,-0.116714378,0.137652926,-0.326898036,-0.147767358,1.264504044,-0.198516165,0.556402331,-0.291165296,-0.606436948,-0.396157035,1.028681855,1.345215469,-0.002163293
-2.091355046,-1.575621030,0.370453221,-0.281604284,0.088646485,0.950944083,0.092445542,-2.134876544,0.442314938,-0.182404976,2.128396475,-0.355456700,-0.195347441,-2.361169270,0.010617083,0.264386725,2.062467915,-0.119264563,0.136172296,-0.312946601,-0.161253676,1.252142798,-0.209792758,0.537402481,-0.283584743,-0.650215220,-0.390850482,1.012587943,1.317041833,0.023812318
-2.091076173,-1.576267997,0.384844660,-0.285964734,0.080863724,0.950083888,0.095004391,-2.111013145,0.438410404,-0.178745886,2.093772058,-0.359062846,-0.193773023,-2.319281363,0.002482141,0.243163850,2.019592585,-0.126176722,0.133757588,-0.296368990,-0.173048237,1.237711410,-0.222397940,0.522141078,-0.276082445,-0.689580174,-0.386007484,1.005818137,1.292861114,0.044946804
-2.090981431,-1.576886280,0.399473291,-0.289722291,0.073045878,0.949283005,0.097913580,-2.085125371,0.435549581,-0.175286973,2.058730214,-0.362605206,-0.191818249,-2.274957263,-0.004870784,0.221549147,1.976339547,-0.135222324,0.130883508,-0.278496032,-0.184004716,1.222256840,-0.235667110,0.508743347,-0.268602750,-0.726754026,-0.381391560,1.003650248,1.270667079,0.063696010
-2.091439199,-1.577383529,0.414323096,-0.291207565,0.065527028,0.949100961,0.100557086,-2.054203126,0.434899156,-0.171208884,2.023131223,-0.365950008,-0.188688133,-2.227501859,-0.010068216,0.199851852,1.932130511,-0.142231175,0.127826027,-0.259168091,-0.193129074,1.205139600,-0.251808117,0.502271148,-0.257225581,-0.757970565,-0.376645111,1.007350371,1.254922286,0.080398521
-2.092013141,-1.577796870,0.429136859,-0.292030880,0.057944516,0.949034333,0.103412927,-2.021939696,0.434682108,-0.166800557,1.987297352,-0.368890856,-0.185311517,-2.179352068,-0.013779720,0.178742871,1.887799171,-0.148133636,0.125456867,-0.239729283,-0.202118046,1.187136287,-0.268761599,0.498815408,-0.245128069,-0.786243296,-0.371949075,1.009558942,1.239695640,0.099037914
-2.092815235,-1.578045422,0.443879840,-0.291571690,0.050241163,0.949251623,0.106691760,-1.987042304,0.435316170,-0.161743676,1.951002197,-0.371038379,-0.181450797,-2.129838566,-0.014573000,0.158789282,1.843227637,-0.151863249,0.124439504,-0.220072741,-0.210841133,1.167392814,-0.287310708,0.501283709,-0.231615868,-0.808734666,-0.367352044,1.008838245,1.225486586,0.121481164
-2.093863447,-1.578196155,0.458567900,-0.289894991,0.044052721,0.949966916,0.107624855,-1.947991463,0.433701143,-0.153079121,1.912876911,-0.372047750,-0.177798122,-2.079684686,-0.016427711,0.142562932,1.799742031,-0.155445361,0.122992695,-0.204009918,-0.218402967,1.146095789,-0.306981490,0.509950450,-0.220469014,-0.824887410,-0.363628016,1.003047160,1.211619598,0.147075383
-2.095034522,-1.578298219,0.473228749,-0.287612537,0.038612808,0.950922662,0.107397258,-1.906880244,0.430970080,-0.142630630,1.873843044,-0.372492678,-0.174249521,-2.029210662,-0.018816796,0.128179324,1.756796560,-0.158956516,0.121329850,-0.189732818,-0.225374548,1.124035515,-0.327203195,0.521688366,-0.210502199,-0.837892192,-0.360336777,0.994756556,1.197923294,0.174202463
-2.096703943,-1.578241782,0.487828211,-0.283829726,0.034413743,0.952475188,0.105106600,-1.860534071,0.425321167,-0.129022521,1.832327610,-0.371540574,-0.171174472,-1.977327136,-0.024450505,0.116982460,1.715570953,-0.162820249,0.118394782,-0.180717323,-0.227427800,1.101821098,-0.347500943,0.540350540,-0.205140507,-0.842032599,-0.358078639,0.983900582,1.184900716,0.197946740
-2.098527352,-1.578134565,0.502409603,-0.279583171,0.030402367,0.954136877,0.102624399,-1.813021718,0.419274407,-0.115391481,1.790295834,-0.370128015,-0.168072249,-1.924691894,-0.030361087,0.106018470,1.674376240,-0.166681989,0.115172481,-0.172655294,-0.227400361,1.080160504,-0.367695950,0.560304304,-0.199858722,-0.843535036,-0.355730703,0.972786570,1.172061235,0.219276991
-2.100653114,-1.577927641,0.516955511,-0.274434720,0.026760648,0.956041595,0.099769334,-1.763219607,0.412446490,-0.101715413,1.747250241,-0.367811368,-0.164916670,-1.870580684,-0.036815303,0.095511718,1.633242187,-0.170539813,0.111386205,-0.166465364,-0.223287555,1.059587324,-0.387689229,0.582794064,-0.194733827,-0.839857905,-0.353206451,0.961165909,1.159581261,0.235867379
-2.103074331,-1.577598275,0.531408986,-0.268668450,0.023239643,0.958068628,0.096859106,-1.711914738,0.405778956,-0.088742767,1.703428920,-0.364768854,-0.161869387,-1.815027937,-0.042589511,0.084994681,1.591602914,-0.174124011,0.107683837,-0.160983807,-0.216060526,1.038777563,-0.405814493,0.607478949,-0.188577312,-0.831698692,-0.349883475,0.948839544,1.148781135,0.248803100
-2.105642290,-1.577208402,0.545815979,-0.262584852,0.019777886,0.960123663,0.093917960,-1.659863497,0.399192538,-0.076118313,1.659223545,-0.361365222,-0.158877045,-1.758759269,-0.048025801,0.074472919,1.549712764,-0.177570720,0.104024012,-0.155852696,-0.207293029,1.017842778,-0.423007496,0.633259618,-0.181931050,-0.821320604,-0.346164606,0.936173312,1.138823397,0.259923177
-2.108628514,-1.576718731,0.559953757,-0.255320647,0.016501017,0.962437334,0.090848562,-1.605682908,0.393184276,-0.064208128,1.614213267,-0.356788040,-0.156315724,-1.700458547,-0.052455406,0.064028628,1.507118789,-0.180248137,0.100692237,-0.151393514,-0.195619116,0.994764425,-0.436477130,0.663481083,-0.179262467,-0.806330519,-0.341507976,0.925063312,1.133183472,0.265747401
-2.111734807,-1.576246080,0.573973095,-0.247688861,0.013343455,0.964757500,0.087835903,-1.550916546,0.387291335,-0.052343603,1.569074013,-0.351607773,-0.153693320,-1.641573938,-0.056585002,0.053785811,1.464168754,-0.182580910,0.097499250,-0.147070939,-0.183697519,0.971198707,-0.449377891,0.694844074,-0.177409561,-0.789844937,-0.336710619,0.913691676,1.128388894,0.270457711
-2.115076798,-1.575806839,0.587759930,-0.239352680,0.010421319,0.967153948,0.084940757,-1.495000296,0.381624772,-0.040568706,1.523681574,-0.345243633,-0.150951012,-1.581543140,-0.060125672,0.043938492,1.420519765,-0.184237137,0.094578706,-0.143016525,-0.171289711,0.946676277,-0.461161936,0.728447910,-0.177157851,-0.770423655,-0.331637009,0.901806439,1.125253755,0.272981373
-2.118600647,-1.575374071,0.601240899,-0.230490231,0.007737024,0.969578139,0.082052572,-1.438061245,0.376088471,-0.028694660,1.477922014,-0.338429773,-0.147731879,-1.520766497,-0.063005866,0.034671955,1.376114371,-0.185185424,0.091743821,-0.138895361,-0.159486367,0.921105685,-0.471522269,0.763500806,-0.175333700,-0.747268058,-0.326994081,0.887959254,1.121402760,0.274688211
-2.122214774,-1.574944745,0.614569304,-0.221354460,0.005170714,0.971961235,0.079163276,-1.380615379,0.370615480,-0.016772009,1.431978253,-0.331395500,-0.144279890,-1.459622506,-0.065558971,0.025694048,1.331333940,-0.185779897,0.088950466,-0.134737532,-0.147984471,0.895012145,-0.481169482,0.799269975,-0.172741051,-0.722258585,-0.322572506,0.873152116,1.117187894,0.275991453
-2.126077481,-1.574578676,0.627307277,-0.211677150,0.003001733,0.974353341,0.076284597,-1.321990144,0.364999218,-0.004860072,1.385068027,-0.324420185,-0.141089844,-1.398148526,-0.067394912,0.017585810,1.285627644,-0.184841088,0.086038510,-0.129650252,-0.137636924,0.866863154,-0.487358705,0.836291946,-0.170870460,-0.692121984,-0.320533846,0.858986692,1.109973536,0.276627412
-2.130045017,-1.574249689,0.639827456,-0.201784018,0.000960523,0.976672959,0.073431726,-1.263059596,0.359213272,0.006947985,1.338008327,-0.317218811,-0.138251534,-1.336558875,-0.069016745,0.009916223,1.239723517,-0.183580261,0.083462159,-0.124146372,-0.127354849,0.838163445,-0.492555349,0.873252448,-0.170345983,-0.660459646,-0.319192494,0.845519766,1.102205649,0.276868333
-2.134218293,-1.573993480,0.651920190,-0.191489347,-0.000829502,0.978949180,0.070637415,-1.203529846,0.353094306,0.018552168,1.290655272,-0.309573777,-0.136103537,-1.274742208,-0.070218374,0.003107528,1.193431129,-0.181687442,0.081544463,-0.117824879,-0.117201273,0.808382902,-0.495803966,0.910092313,-0.172463375,-0.625802907,-0.319219674,0.833423705,1.093351408,0.276333960
-2.138531781,-1.573824993,0.663578144,-0.180922713,-0.002287578,0.981138952,0.068030103,-1.143687363,0.346287046,0.029797934,1.243052744,-0.301108547,-0.134064697,-1.212816517,-0.070922419,-0.002255987,1.146465159,-0.178930934,0.079809410,-0.111154647,-0.106675606,0.777635505,-0.496899971,0.946239421,-0.176558625,-0.589875247,-0.320095194,0.823208809,1.085188751,0.274064758
-2.142914811,-1.573700176,0.675019762,-0.170209698,-0.003580528,0.983221380,0.065509971,-1.083691161,0.339136401,0.040864819,1.195325572,-0.292238137,-0.132077896,-1.150838650,-0.071382466,-0.006902066,1.099165928,-0.175745993,0.078165804,-0.104315973,-0.095964726,0.746411000,-0.496929550,0.982038835,-0.181621082,-0.553322852,-0.321386301,0.813920165,1.077379520,0.270942273
-2.147476182,-1.573725136,0.685744878,-0.159181298,-0.004380209,0.985230234,0.062956455,-1.023622812,0.330638237,0.051213810,1.147067211,-0.282703111,-0.129736930,-1.089167250,-0.071864356,-0.009553005,1.051201185,-0.171446441,0.076956907,-0.098095032,-0.084623750,0.714525654,-0.494504505,1.015992759,-0.185971410,-0.516469719,-0.322543936,0.805439829,1.072896107,0.267289711
-2.152050981,-1.573830965,0.696175236,-0.148239584,-0.005032269,0.987093045,0.060390578,-0.964034935,0.321652038,0.061051889,1.098783448,-0.272944256,-0.127442487,-1.028002922,-0.072595740,-0.011919157,1.003131766,-0.166746961,0.075979017,-0.092344294,-0.073021174,0.682989252,-0.492197211,1.048521530,-0.189103978,-0.480297995,-0.323573274,0.797569259,1.069755133,0.263552986
-2.156652127,-1.574095472,0.706027231,-0.137489719,-0.005395211,0.988800078,0.057808955,-0.905389816,0.311708239,0.069887480,1.050449846,-0.262746217,-0.125239330,-0.967833545,-0.073816667,-0.013726515,0.954856957,-0.161262763,0.075454399,-0.087516167,-0.060905296,0.652137533,-0.490120964,1.078253933,-0.189847119,-0.445463298,-0.324350872,0.790895141,1.069248230,0.259651120
-2.161269396,-1.574507883,0.715220035,-0.126918608,-0.005596874,0.990353044,0.055328021,-0.848210960,0.301368379,0.077498544,1.002839909,-0.252224413,-0.123135851,-0.908868380,-0.075467782,-0.015684106,0.906716857,-0.155189530,0.075351771,-0.083494827,-0.048054701,0.622510182,-0.489292421,1.104128851,-0.188596736,-0.412302528,-0.324519452,0.784659940,1.071191501,0.255597029
-2.165894591,-1.574993721,0.724085384,-0.116429188,-0.005719211,0.991772954,0.052895584,-0.791760731,0.290836462,0.084502148,0.955593141,-0.241543733,-0.121079152,-0.850500636,-0.077327576,-0.017714706,0.858643595,-0.148823464,0.075457139,-0.079871034,-0.034843347,0.593489457,-0.489077547,1.128090847,-0.186363336,-0.379972530,-0.324384114,0.778631925,1.074351513,0.251474162
-2.170524057,-1.575685954,0.731985140,-0.106173779,-0.005863394,0.993022650,0.050978099,-0.737517019,0.280812393,0.089904631,0.910260817,-0.230842470,-0.118533934,-0.793716560,-0.078652985,-0.019589583,0.810749486,-0.141541936,0.075802124,-0.076679996,-0.021533677,0.565894151,-0.489266894,1.147168842,-0.182897879,-0.349917828,-0.323034824,0.770730201,1.081008393,0.248715465
-2.175129616,-1.576404147,0.739506220,-0.095994460,-0.006025978,0.994145706,0.049224646,-0.684188554,0.271083023,0.094733739,0.865925743,-0.220490201,-0.116153175,-0.737754560,-0.079977303,-0.021487572,0.763406256,-0.134033894,0.076306478,-0.073412147,-0.008511180,0.538985678,-0.489134047,1.164734447,-0.179573350,-0.320606163,-0.321321245,0.762186804,1.088635270,0.246682604
-2.179688275,-1.577173264,0.746284444,-0.085976651,-0.006225299,0.995130415,0.047798720,-0.632655544,0.261931771,0.098438045,0.823546990,-0.210822556,-0.114095037,-0.683405239,-0.081299479,-0.023430897,0.717143697,-0.126081499,0.077123469,-0.069993620,0.003947965,0.513424579,-0.488369145,1.179333174,-0.176525285,-0.292752128,-0.318893034,0.752384627,1.098165003,0.246073630
-2.184125410,-1.577964126,0.752356731,-0.076344698,-0.006427505,0.995979108,0.046430494,-0.583320905,0.253288100,0.101259056,0.783077854,-0.201673979,-0.112476164,-0.631006641,-0.082665099,-0.025499731,0.672066603,-0.117852552,0.078310610,-0.066474963,0.014882263,0.488658805,-0.484227943,1.192535820,-0.176060119,-0.266900709,-0.316404244,0.742879818,1.108655568,0.245283971
-2.188502077,-1.578765742,0.758078869,-0.066900490,-0.006630781,0.996718242,0.045089948,-0.535077120,0.244896638,0.103642808,0.743557111,-0.192783531,-0.111074761,-0.579576890,-0.084051945,-0.027632398,0.627579981,-0.109487380,0.079677752,-0.062907289,0.025053089,0.464291897,-0.478418577,1.205052540,-0.176869205,-0.242042951,-0.313885604,0.733524401,1.119618153,0.244399103
-2.192676781,-1.579588296,0.762882324,-0.057818775,-0.006818673,0.997331300,0.044054209,-0.489797385,0.237268449,0.105074165,0.706799716,-0.184721714,-0.110151755,-0.530978711,-0.085421396,-0.030290702,0.585203122,-0.100978881,0.080701910,-0.059357815,0.031602542,0.441964252,-0.469705959,1.217251489,-0.179461639,-0.219872162,-0.311333475,0.724990708,1.130786124,0.241997465
-2.196764047,-1.580407130,0.767419434,-0.048919171,-0.007046390,0.997853040,0.042971780,-0.445563489,0.230010946,0.106418260,0.670802998,-0.176856700,-0.109351848,-0.483474008,-0.086645505,-0.032869217,0.543779062,-0.092778316,0.081491565,-0.056257464,0.037121196,0.420829288,-0.462007490,1.229045379,-0.181879755,-0.198701075,-0.308585934,0.716680099,1.141932357,0.239313115
-2.200679824,-1.581218668,0.771434169,-0.040382066,-0.007352800,0.998282449,0.041801648,-0.403380772,0.223480462,0.107591211,0.636298181,-0.169377670,-0.108793375,-0.438113914,-0.087584556,-0.035291245,0.504223702,-0.085181697,0.081821292,-0.054037970,0.040618165,0.402033502,-0.456298047,1.240044833,-0.183955985,-0.179490679,-0.305455140,0.708807021,1.153035954,0.236074289
-2.204444990,-1.581975106,0.774949518,-0.032368068,-0.007729315,0.998621292,0.040596563,-0.363610211,0.217538729,0.107863369,0.603590473,-0.162582539,-0.108524889,-0.395067283,-0.087988792,-0.036912272,0.466821661,-0.078383579,0.081578104,-0.053108710,0.042795870,0.385782742,-0.454216637,1.249101411,-0.184841549,-0.162299379,-0.301662548,0.700503698,1.164053110,0.232618095
-2.208135398,-1.582704223,0.778217151,-0.024611902,-0.008140916,0.998888377,0.039369916,-0.325038520,0.211889304,0.107684100,0.571776974,-0.156127847,-0.108400774,-0.353167317,-0.088127616,-0.038134068,0.430488555,-0.071980424,0.081052146,-0.052822797,0.044321771,0.370794697,-0.453934683,1.257189233,-0.185139798,-0.146112028,-0.297542480,0.691988757,1.175026962,0.229054451
-2.211616297,-1.583362904,0.780825929,-0.017343737,-0.008764859,0.999111948,0.037385659,-0.290180792,0.207076586,0.105273964,0.542962931,-0.150846990,-0.108778164,-0.314114840,-0.087532875,-0.037867596,0.397178101,-0.066375553,0.080091843,-0.054996291,0.044697427,0.359228396,-0.458395885,1.261577443,-0.184615743,-0.133131915,-0.292731140,0.683314585,1.185790092,0.225288458
-2.215008489,-1.583975664,0.783238488,-0.010330492,-0.009462417,0.999278997,0.035287818,-0.256682245,0.202693822,0.102141221,0.515330452,-0.145994667,-0.109339996,-0.276166914,-0.086638333,-0.037352881,0.364988020,-0.061040576,0.079008891,-0.057762859,0.044540788,0.348777600,-0.463848388,1.265005926,-0.184150499,-0.121185547,-0.287703451,0.674926884,1.196308146,0.222065316
-2.218226741,-1.584498383,0.785266294,-0.003818309,-0.010304843,0.999395937,0.032969571,-0.225848836,0.199154129,0.097591564,0.490014831,-0.141982633,-0.110263490,-0.240384833,-0.085155928,-0.036351399,0.334994813,-0.056234821,0.077685445,-0.061692353,0.043340402,0.340514132,-0.471244670,1.266552537,-0.183800575,-0.111266188,-0.282251539,0.667100907,1.206345646,0.219906616
-2.221186752,-1.584934362,0.786973551,0.002225311,-0.011249324,0.999457741,0.030866223,-0.197464970,0.196707671,0.093361669,0.466976184,-0.138666291,-0.111175370,-0.207217754,-0.083300033,-0.036053917,0.308118076,-0.052094777,0.076356541,-0.065967085,0.040816118,0.334447309,-0.479973249,1.266645114,-0.183394256,-0.103410295,-0.276794082,0.661042196,1.215148037,0.217873667
-2.224019301,-1.585327207,0.788522001,0.008037556,-0.012243400,0.999475941,0.028867622,-0.170289994,0.194802512,0.089297604,0.445060711,-0.135695452,-0.112082910,-0.175346408,-0.081262047,-0.036109449,0.282777145,-0.048277650,0.075027266,-0.070411647,0.037637050,0.329467768,-0.489354928,1.266019050,-0.182967504,-0.096575551,-0.271335352,0.655860783,1.223335994,0.215901742
-2.226651324,-1.585580835,0.789688631,0.013483957,-0.013186416,0.999461572,0.026848974,-0.144986122,0.194129109,0.087275708,0.424760817,-0.133741774,-0.113293077,-0.146635059,-0.079439428,-0.037953272,0.259318231,-0.043708683,0.074214021,-0.074996146,0.033129074,0.326883523,-0.498765713,1.264046999,-0.184156253,-0.091942910,-0.266200283,0.653177295,1.229485114,0.213793826
-2.229223475,-1.585794721,0.790767085,0.018811925,-0.014128583,0.999412526,0.024921835,-0.119845890,0.193712611,0.086057849,0.404327712,-0.131948340,-0.114608489,-0.118661511,-0.077663530,-0.040287222,0.236350437,-0.039070956,0.073718700,-0.079325329,0.028230006,0.324702713,-0.506968255,1.262038753,-0.185677349,-0.087850656,-0.261306987,0.651341351,1.234720921,0.211641120
-2.231678256,-1.585930694,0.791672679,0.023908135,-0.015069554,0.999331889,0.023175093,-0.095026460,0.193799748,0.086416227,0.383633458,-0.130469052,-0.116130224,-0.092134352,-0.075979224,-0.043582020,0.214345437,-0.034298431,0.073846638,-0.083153988,0.022564242,0.323312796,-0.512802153,1.259959552,-0.187849977,-0.084817781,-0.256887664,0.651166934,1.238166269,0.209400603
-2.233972609,-1.586022263,0.792449838,0.028790540,-0.015839897,0.999218743,0.021956917,-0.070207353,0.193971637,0.088434243,0.362236481,-0.128870185,-0.117474886,-0.066518130,-0.074590919,-0.047257914,0.194463097,-0.030630761,0.074187502,-0.085706313,0.016184603,0.322502100,-0.516368737,1.258210287,-0.190007083,-0.082417320,-0.253273661,0.652536048,1.239250333,0.208255545
-2.236186800,-1.586091811,0.793163131,0.033564963,-0.016526312,0.999079100,0.021005400,-0.045388478,0.194184344,0.091275139,0.340488906,-0.127211490,-0.118733718,-0.041349199,-0.073350783,-0.051118620,0.175647137,-0.027525962,0.074632219,-0.087621185,0.009452239,0.321979481,-0.518816033,1.256622741,-0.192155162,-0.080331148,-0.250060833,0.654672945,1.239160126,0.207654315
-2.238056784,-1.586103181,0.793669573,0.037699820,-0.017179184,0.998903542,0.021801686,-0.020586044,0.194239858,0.096257392,0.317352727,-0.125279274,-0.120199721,-0.016387036,-0.072804085,-0.054553011,0.162655844,-0.029185260,0.074970373,-0.086865533,0.002071126,0.322401414,-0.519421861,1.255046880,-0.193988551,-0.079221825,-0.248304013,0.659349226,1.235247643,0.208616933
-2.239958134,-1.586133255,0.794061800,0.041810946,-0.017678519,0.998716649,0.022458161,0.004235022,0.193906445,0.100835260,0.294006178,-0.123602986,-0.121829095,0.007366991,-0.072391721,-0.057972900,0.148602594,-0.029919574,0.075516360,-0.086056642,-0.004964246,0.322848739,-0.519481666,1.253447455,-0.195840746,-0.078106532,-0.247168413,0.664577149,1.230077753,0.210215274
-2.241920958,-1.586199988,0.794230174,0.045876223,-0.017877239,0.998525946,0.022841009,0.029092606,0.192810752,0.104620547,0.270247309,-0.122428305,-0.123778674,0.028753113,-0.072242647,-0.061364368,0.132467945,-0.028840950,0.076469694,-0.085143408,-0.011321977,0.323345829,-0.518471285,1.251801849,-0.197729800,-0.076979542,-0.247250382,0.670886268,1.222443391,0.213059606
-2.243857761,-1.586330668,0.794234696,0.049725701,-0.018007884,0.998323232,0.023532861,0.053351770,0.191232075,0.106943488,0.246821008,-0.121414813,-0.126040706,0.048551981,-0.072312155,-0.064383299,0.115800225,-0.026755763,0.077437715,-0.084390109,-0.016721335,0.324259723,-0.518840651,1.249889989,-0.200380948,-0.076089977,-0.248468859,0.678086725,1.212970906,0.216229210
-2.245781379,-1.586492755,0.794158117,0.053467770,-0.018104805,0.998107867,0.024374167,0.077306587,0.189416414,0.108537005,0.223568691,-0.120482206,-0.128455938,0.067567758,-0.072488853,-0.067214675,0.098874614,-0.024178247,0.078412434,-0.083719145,-0.021641656,0.325378831,-0.519890040,1.247845367,-0.203408069,-0.075317814,-0.250245920,0.685716291,1.202596022,0.219560316
-2.247608589,-1.586672289,0.793899192,0.056916551,-0.018146567,0.997905152,0.024829723,0.098808852,0.187517981,0.107272469,0.202741112,-0.119970292,-0.130900367,0.085374835,-0.072689175,-0.068938821,0.082662041,-0.021770170,0.079278090,-0.083921587,-0.024470947,0.326723006,-0.521838737,1.245290740,-0.207011849,-0.074784429,-0.252422662,0.691691955,1.191798914,0.223364174
-2.249342992,-1.586859290,0.793644907,0.060184084,-0.018223551,0.997703986,0.025150226,0.118797291,0.185794441,0.105340905,0.183579157,-0.119387111,-0.133321597,0.102803166,-0.072784678,-0.070201680,0.066436371,-0.019324245,0.079988903,-0.084368276,-0.026843946,0.327906059,-0.523049014,1.243064820,-0.209993536,-0.074533471,-0.254353088,0.696700397,1.181831958,0.227226711
-2.250895538,-1.587060922,0.793399715,0.063097241,-0.018369808,0.997519886,0.025206439,0.135819349,0.184413608,0.102102279,0.167681035,-0.118664280,-0.135697369,0.119489333,-0.072674782,-0.070560635,0.050185037,-0.016804156,0.080396299,-0.085293576,-0.028322829,0.328773387,-0.522812334,1.241483012,-0.211756212,-0.074835938,-0.255800852,0.699813543,1.173491707,0.231204234
-2.252235206,-1.587214397,0.793211825,0.065616302,-0.018525836,0.997361753,0.024916410,0.149232371,0.183548142,0.098549932,0.156196136,-0.118249355,-0.137294792,0.135170038,-0.072317166,-0.070525785,0.034230551,-0.014353723,0.080607667,-0.086654309,-0.029141325,0.329803582,-0.523577459,1.241228436,-0.213278801,-0.075463769,-0.256402582,0.700887764,1.167396568,0.235190874
-2.253468951,-1.587344156,0.793052154,0.067940273,-0.018686656,0.997214510,0.024457106,0.160857221,0.182937522,0.094852567,0.146899277,-0.117989816,-0.138508044,0.150341264,-0.071838354,-0.070297764,0.018448066,-0.011952334,0.080722504,-0.088226044,-0.029632529,0.330912310,-0.524833960,1.241631447,-0.214671670,-0.076252045,-0.256584788,0.700953396,1.162416639,0.239179836
-2.254342427,-1.587445725,0.792926017,0.069843846,-0.018857119,0.997089104,0.024074149,0.168027231,0.182854194,0.093027293,0.143357402,-0.118723309,-0.139080764,0.161821162,-0.071388391,-0.070005955,0.008434872,-0.012786888,0.080724351,-0.089307088,-0.029288808,0.331753423,-0.526245174,1.243669157,-0.213434765,-0.077276351,-0.255649045,0.698857497,1.160819957,0.242704455
-2.255101428,-1.587545094,0.792799614,0.071572370,-0.018986835,0.996967849,0.023916620,0.174296482,0.182759197,0.092337831,0.140806607,-0.119576523,-0.139588637,0.171549674,-0.071104088,-0.069660679,0.001439447,-0.015150783,0.080636408,-0.089760409,-0.028774554,0.332473521,-0.528151884,1.246245897,-0.211773819,-0.078177021,-0.254509414,0.696721449,1.159920507,0.246218097
-2.255636159,-1.587640153,0.792672691,0.072958294,-0.019036812,0.996859572,0.024200840,0.178801064,0.182641340,0.093873532,0.140197427,-0.120664282,-0.139969470,0.177847063,-0.071144326,-0.069210658,0.000356104,-0.020510795,0.080372561,-0.088983965,-0.027926210,0.332956537,-0.531029314,1.249878645,-0.209282139,-0.078835479,-0.252970347,0.694506745,1.160387000,0.249710233
-2.256013787,-1.587726951,0.792531339,0.074055316,-0.018980020,0.996756969,0.025121995,0.182438910,0.182252384,0.097141221,0.140254695,-0.121814270,-0.140225092,0.182147178,-0.071500193,-0.068904259,0.000000000,-0.025856187,0.080196635,-0.086450537,-0.026652814,0.332686259,-0.532277933,1.254248185,-0.205884961,-0.079299773,-0.252081440,0.694889988,1.160925566,0.252138664
-2.256313694,-1.587809716,0.792382989,0.075008672,-0.018870597,0.996655832,0.026358165,0.185647725,0.181728621,0.101256534,0.140640693,-0.122994881,-0.140417915,0.185459766,-0.072012590,-0.068667812,0.000000000,-0.031184813,0.080066514,-0.083047220,-0.025168650,0.332039979,-0.532709855,1.258986348,-0.202037958,-0.079666200,-0.251517096,0.696563384,1.161495380,0.254038155
-2.256443872,-1.587895121,0.792248913,0.075511954,-0.018691934,0.996568702,0.028273281,0.187866015,0.180763123,0.105270925,0.141539966,-0.124207645,-0.140291787,0.186728508,-0.072948825,-0.068351080,0.000000000,-0.034453395,0.080526499,-0.077594686,-0.023119274,0.329862791,-0.529041093,1.265406190,-0.196811049,-0.079434035,-0.252282981,0.702102559,1.161198047,0.254205169
-2.256523571,-1.587992130,0.792132279,0.075926129,-0.018478297,0.996479443,0.030372605,0.189819480,0.179645859,0.108845026,0.142554428,-0.125328927,-0.140094043,0.187439520,-0.073991377,-0.067981679,0.000005337,-0.036915218,0.081071813,-0.071951565,-0.020779794,0.327522117,-0.525469358,1.272285508,-0.191980978,-0.078959267,-0.253348229,0.707999092,1.160747827,0.253938751
-2.256504400,-1.588111867,0.792049809,0.076165944,-0.018196205,0.996388305,0.032832789,0.191254244,0.178231337,0.111556753,0.143794506,-0.126271027,-0.139756028,0.187058133,-0.075242171,-0.067509118,0.000021129,-0.037796883,0.081784255,-0.065935149,-0.017872098,0.324861232,-0.522087666,1.280064777,-0.187928174,-0.078009327,-0.254999825,0.714595568,1.159998156,0.252823388
-2.256424918,-1.588231073,0.792008299,0.076301858,-0.017928931,0.996301452,0.035213571,0.192271588,0.176739451,0.113179734,0.145031937,-0.126958256,-0.139278908,0.186038255,-0.076451291,-0.066713024,0.000018322,-0.037567003,0.082313140,-0.060656037,-0.013890993,0.322029508,-0.519278981,1.288069926,-0.185549188,-0.076371646,-0.256551038,0.719154881,1.159479072,0.251881083
-2.256315807,-1.588349998,0.791987025,0.076386010,-0.017668878,0.996214213,0.037553036,0.193082594,0.175210100,0.114262861,0.146265973,-0.127519073,-0.138732857,0.184704439,-0.077639466,-0.065757845,0.000006447,-0.036788767,0.082751485,-0.055746059,-0.009379613,0.319110737,-0.516747475,1.296188267,-0.183988672,-0.074393883,-0.258052377,0.722697999,1.159077359,0.251027196
-2.256185059,-1.588464581,0.792004728,0.076322148,-0.017411447,0.996152543,0.039393933,0.193471714,0.173767298,0.113892261,0.147054541,-0.127732212,-0.138009985,0.183081731,-0.078712606,-0.064654990,0.000002568,-0.035120893,0.083045811,-0.052571990,-0.003853801,0.315467742,-0.513507691,1.304860760,-0.182225120,-0.071695589,-0.259398627,0.722233256,1.159627042,0.250957244
-2.256053876,-1.588591206,0.792021283,0.076274407,-0.017176149,0.996097926,0.040940403,0.193777983,0.172434108,0.113168183,0.147702253,-0.127939174,-0.137301174,0.181616515,-0.079726954,-0.063648489,0.000000000,-0.033440373,0.083373054,-0.050153965,0.001875995,0.311773482,-0.510832665,1.313456653,-0.179929430,-0.068758227,-0.260625947,0.720622533,1.160544388,0.250977291
-2.255921839,-1.588741411,0.792035587,0.076258615,-0.016984281,0.996062080,0.041910517,0.193922010,0.171315563,0.111751918,0.148074136,-0.128134038,-0.136619895,0.180459703,-0.080626174,-0.062830671,0.000000000,-0.031735091,0.083764754,-0.049216436,0.008005237,0.307978834,-0.509263557,1.321902547,-0.176591700,-0.065352718,-0.261620377,0.716767731,1.162181696,0.251173577
-2.255821686,-1.588885953,0.792027178,0.076323911,-0.016856816,0.996043364,0.042286241,0.194037308,0.170553551,0.110356053,0.148270756,-0.128435932,-0.136165515,0.179901882,-0.081275720,-0.062335293,0.000000000,-0.030550130,0.084170732,-0.049667641,0.014347526,0.304403695,-0.509605274,1.329652747,-0.172521706,-0.061628661,-0.262425816,0.711648842,1.164764222,0.251010165
-2.255737233,-1.589027531,0.792007513,0.076429165,-0.016761267,0.996033391,0.042368928,0.194140170,0.169968360,0.108975055,0.148378693,-0.128789939,-0.135823786,0.179641203,-0.081801172,-0.061999578,0.000000000,-0.029624644,0.084583672,-0.050803256,0.020792450,0.300936952,-0.510882205,1.337057126,-0.168084358,-0.057748369,-0.263136072,0.705906486,1.167818129,0.250665847
-2.255672577,-1.589129028,0.791958804,0.076586059,-0.016747315,0.996036998,0.042004791,0.194584205,0.169869439,0.108618899,0.147877679,-0.129086916,-0.135817375,0.180213404,-0.081929258,-0.062051405,0.000000016,-0.029708165,0.084991113,-0.052926409,0.026893255,0.297671455,-0.512153120,1.343345501,-0.161768264,-0.053800008,-0.263283345,0.699163309,1.172708958,0.249302529
-2.255618704,-1.589230065,0.791910312,0.076847933,-0.016773913,0.996035884,0.041539731,0.195380376,0.169859663,0.108690149,0.146941169,-0.129231910,-0.135873062,0.181073337,-0.081979008,-0.062165587,0.000000024,-0.030000983,0.085421632,-0.055079093,0.032711291,0.294469074,-0.512826463,1.349358777,-0.154787572,-0.049890564,-0.263195153,0.692113367,1.178344749,0.247595920
-2.255585944,-1.589330200,0.791862246,0.077315324,-0.016879898,0.996025338,0.040877078,0.196865950,0.170024415,0.109598166,0.145152055,-0.129079353,-0.136050322,0.182496585,-0.081875393,-0.062401845,0.000000017,-0.030703555,0.085897336,-0.057289593,0.037975730,0.291390261,-0.512329892,1.354833472,-0.146505740,-0.046057312,-0.262645974,0.684462844,1.185439009,0.245217224
-2.255538680,-1.589426685,0.791824963,0.077700393,-0.016973251,0.996012648,0.040414872,0.198616176,0.170111342,0.110630402,0.142764241,-0.128668274,-0.136118852,0.183713635,-0.081784274,-0.062501194,0.000000009,-0.031341757,0.086211045,-0.058876377,0.042578841,0.288820712,-0.511612138,1.359153053,-0.139376837,-0.042404701,-0.261934396,0.677023778,1.193285209,0.242049424
-2.255483771,-1.589521398,0.791793051,0.078043818,-0.017060069,0.995998952,0.040052505,0.200492562,0.170158744,0.111719463,0.140084543,-0.128130055,-0.136133511,0.184824716,-0.081700202,-0.062532576,0.000000001,-0.031945986,0.086444549,-0.060152194,0.046851589,0.286503334,-0.510782724,1.362898821,-0.132826277,-0.038842213,-0.261143885,0.669693337,1.201499043,0.238494950
-2.255314972,-1.589619031,0.791781142,0.078104452,-0.017073317,0.995993892,0.040054504,0.201674722,0.169906864,0.111986234,0.137629206,-0.127459576,-0.136009994,0.184883028,-0.081809897,-0.062361858,0.000000000,-0.032036462,0.086483410,-0.060231159,0.049721816,0.284803029,-0.509241117,1.364863073,-0.129220413,-0.035638984,-0.260464404,0.663432998,1.209647821,0.234828655
-2.255105006,-1.589726701,0.791775521,0.078080475,-0.017046358,0.995995411,0.040074958,0.202431937,0.169568359,0.111986040,0.135506720,-0.126807343,-0.135853363,0.184619863,-0.082003571,-0.062142743,0.000000000,-0.031958014,0.086502350,-0.060077751,0.052023596,0.283333494,-0.507618633,1.366325007,-0.126447748,-0.032568512,-0.259944816,0.657717171,1.217545716,0.231545406
-2.254814465,-1.589854016,0.791782209,0.077890885,-0.016940702,0.996009780,0.040131533,0.202357389,0.169060299,0.111463304,0.134035738,-0.126190822,-0.135631918,0.183727456,-0.082361623,-0.061828897,0.000000000,-0.031548922,0.086482296,-0.059469509,0.053212732,0.282315657,-0.505837843,1.366803734,-0.125305938,-0.029757891,-0.259738194,0.653067140,1.224952550,0.229011910
-2.254457164,-1.589972737,0.791798310,0.077556364,-0.016837001,0.996035172,0.040192815,0.201517650,0.168589918,0.110683442,0.133164574,-0.125642509,-0.135442124,0.182338967,-0.082705197,-0.061465933,0.000000000,-0.030958946,0.086481231,-0.058701069,0.053259786,0.281741179,-0.504431946,1.366636513,-0.124919752,-0.027229693,-0.259714864,0.649398995,1.231472906,0.226768570
-2.254066730,-1.590087324,0.791819063,0.077149694,-0.016734264,0.996065925,0.040256213,0.200298388,0.168138511,0.109778395,0.132589992,-0.125128059,-0.135267595,0.180704619,-0.083041389,-0.061078435,0.000000000,-0.030280047,0.086488788,-0.057854693,0.052740803,0.281386066,-0.503213073,1.366149234,-0.124903814,-0.024843611,-0.259782329,0.646218313,1.237553045,0.224666889
-2.253579352,-1.590216284,0.791849211,0.076489031,-0.016633601,0.996117503,0.040282400,0.198015421,0.167798359,0.108997744,0.132660016,-0.124715316,-0.135047920,0.178419837,-0.083316256,-0.060587211,0.000000000,-0.029512747,0.086359013,-0.057098316,0.050720552,0.281537666,-0.502738031,1.364830223,-0.125007039,-0.023269282,-0.260080862,0.644497175,1.242290519,0.222505338
-2.253075717,-1.590350446,0.791880932,0.075757941,-0.016535850,0.996177171,0.040228638,0.195492399,0.167501512,0.108390683,0.132824365,-0.124309176,-0.134807950,0.176017787,-0.083561678,-0.060095907,0.000000000,-0.028760120,0.086190091,-0.056583310,0.048438701,0.281913195,-0.502945292,1.363140988,-0.125329624,-0.021987320,-0.260412728,0.643084769,1.246549232,0.220441858
-2.252540272,-1.590494789,0.791915730,0.074889047,-0.016443801,0.996252858,0.040018430,0.192499615,0.167289410,0.108123322,0.133173297,-0.123915957,-0.134528264,0.173386254,-0.083749479,-0.059604450,0.000000000,-0.028036208,0.085944564,-0.056540642,0.045644922,0.282726932,-0.504487756,1.360727260,-0.126081473,-0.021277494,-0.260809824,0.642276522,1.249871057,0.218570291
-2.252011644,-1.590632166,0.791936814,0.074052066,-0.016375105,0.996325572,0.039793245,0.189611487,0.167150696,0.108292520,0.133320623,-0.123586911,-0.134221860,0.170786345,-0.083858936,-0.059243665,0.000000000,-0.027397627,0.085683321,-0.056910863,0.042761877,0.283926721,-0.506850333,1.357391688,-0.127909113,-0.021098920,-0.261159764,0.641646117,1.252092351,0.216734306
-2.251486451,-1.590766096,0.791951040,0.073230705,-0.016318105,0.996396452,0.039561271,0.186777867,0.167047787,0.108678396,0.133364922,-0.123289461,-0.133901710,0.168202424,-0.083929704,-0.058948213,0.000000000,-0.026801841,0.085414691,-0.057485408,0.039837021,0.285317827,-0.509614349,1.353599214,-0.130269989,-0.021184096,-0.261485612,0.641101100,1.253767550,0.214914422
-2.250981618,-1.590892049,0.791934732,0.072416877,-0.016317559,0.996460685,0.039441545,0.184619293,0.166926622,0.109705814,0.132510174,-0.123034126,-0.133443718,0.165724325,-0.083925507,-0.058941641,0.000000000,-0.026421698,0.085207261,-0.058543022,0.037288425,0.287216492,-0.512441676,1.348582786,-0.134065880,-0.022064522,-0.261602575,0.640231268,1.253853453,0.212829573
-2.250491833,-1.591021585,0.791919585,0.071668824,-0.016297373,0.996515436,0.039432999,0.182856694,0.166712681,0.110506479,0.131254458,-0.122655150,-0.132957009,0.163354528,-0.083987482,-0.059066586,0.000000000,-0.026108284,0.085052814,-0.059517879,0.034654039,0.289108963,-0.515292350,1.343649487,-0.137581503,-0.023141921,-0.261784116,0.639713980,1.253410639,0.211205371
-2.250031491,-1.591158128,0.791906711,0.071049518,-0.016238773,0.996552447,0.039642005,0.181868809,0.166317231,0.110863511,0.129214260,-0.122034275,-0.132414116,0.161196625,-0.084178922,-0.059448838,0.000000000,-0.025925426,0.085002031,-0.060330825,0.031851808,0.290989318,-0.518188699,1.338878827,-0.140548789,-0.024604690,-0.262092002,0.639886429,1.251933406,0.210482410
-2.249596224,-1.591309516,0.791883244,0.070497970,-0.016151765,0.996581087,0.039941129,0.181371519,0.165762365,0.110682824,0.126680362,-0.121365838,-0.131929365,0.159138535,-0.084500904,-0.059509766,0.000000000,-0.025768369,0.085011467,-0.061190942,0.029111612,0.292792922,-0.521788254,1.334345611,-0.144283655,-0.026361530,-0.262525238,0.640931124,1.249354170,0.210765284
-2.249173301,-1.591468206,0.791854483,0.069979214,-0.016051037,0.996605425,0.040285243,0.181114775,0.165129119,0.110238254,0.123903940,-0.120675074,-0.131473338,0.157128417,-0.084886900,-0.059411567,0.000000000,-0.025623247,0.085050527,-0.062073590,0.026401730,0.294555561,-0.525724233,1.329932058,-0.148390133,-0.028263984,-0.263018643,0.642406372,1.246231312,0.211542623
-2.248766743,-1.591635434,0.791802590,0.069394439,-0.015985521,0.996625748,0.040816585,0.180987575,0.164410047,0.109604974,0.120905227,-0.120171734,-0.131076287,0.154949708,-0.085308973,-0.058910988,0.000000000,-0.025340919,0.085125102,-0.062848168,0.023687847,0.295626327,-0.528161098,1.326234077,-0.151744564,-0.030531816,-0.263284971,0.644691995,1.242153671,0.212845877
-2.248363285,-1.591803315,0.791761478,0.068797013,-0.015902034,0.996646072,0.041360659,0.180764080,0.163682776,0.109018031,0.118057742,-0.119579948,-0.130726573,0.152712244,-0.085753679,-0.058266364,0.000000000,-0.024967794,0.085201198,-0.063593998,0.020913518,0.296560969,-0.530181102,1.322833522,-0.154616782,-0.032868586,-0.263461607,0.647039065,1.237948610,0.214413193
-2.247965889,-1.591972475,0.791741450,0.068174875,-0.015783406,0.996666933,0.041929656,0.180352232,0.162939466,0.108521723,0.115506064,-0.118815158,-0.130469453,0.150359852,-0.086242660,-0.057339982,0.000000000,-0.024417067,0.085280271,-0.064283597,0.018020952,0.297229346,-0.531385712,1.320014742,-0.156545775,-0.035340204,-0.263462806,0.649506329,1.233494310,0.216497021
