time_s,root_x_m,root_y_m,root_z_m,root_qw,root_qx,root_qy,root_qz,left_hip_pitch_joint,left_hip_roll_joint,left_hip_yaw_joint,left_knee_joint,left_ankle_pitch_joint,left_ankle_roll_joint,right_hip_pitch_joint,right_hip_roll_joint,right_hip_yaw_joint,right_knee_joint,right_ankle_pitch_joint,right_ankle_roll_joint,waist_yaw_joint,left_shoulder_pitch_joint,left_shoulder_roll_joint,left_shoulder_yaw_joint,left_elbow_joint,left_wrist_roll_joint,right_shoulder_pitch_joint,right_shoulder_roll_joint,right_shoulder_yaw_joint,right_elbow_joint,right_wrist_roll_joint
0,0.00634581288,0.00136047064,0.795647359,0.99995543,0.00035279996,0.00910949738,-0.00245589996,0.00307627136,-0.0916964954,-0.000919729725,0.0453232288,-0.0658186601,0.0776184266,-0.0408869662,0.0718350839,-0.0063755334,0.119755776,-0.0972227622,-0.0727252457,0.0118378893,-0.0420127124,0.190441825,-0.322850079,1.30130417,0.0656706534,-0.0810356763,-0.197648197,0.287644509,1.35685921,-0.2150285
0.0166666667,0.00611643034,0.00128007644,0.795623169,0.999953366,0.000314198605,0.0093574562,-0.00236763194,0.00241978468,-0.0916449294,-0.00108144879,0.0440585256,-0.0648565492,0.0790200689,-0.0424238329,0.0720068133,-0.00662851576,0.119812899,-0.0966594808,-0.0726956184,0.0117579804,-0.0494472487,0.195552875,-0.321542534,1.30310112,0.0651708403,-0.0876676859,-0.19782189,0.287926938,1.36313119,-0.218398574
0.0333333333,0.00593546299,0.0012475555,0.795622313,0.999951669,0.000326686739,0.00956088549,-0.002267521,0.00154962534,-0.09163715,-0.00102382763,0.0441343756,-0.064508412,0.0788824154,-0.0434461905,0.0717512589,-0.00662834949,0.120434692,-0.0967461219,-0.072515084,0.0121297744,-0.0523734461,0.195540949,-0.320981965,1.30546268,0.0663064039,-0.0921917871,-0.198829841,0.28733868,1.36777687,-0.218706104
0.05,0.00603570829,0.00121063907,0.795614496,0.999953332,0.000360265599,0.00942831718,-0.00207603414,0.00178981223,-0.0915778167,-0.00140218695,0.044696577,-0.0649156502,0.078744132,-0.0429374684,0.0718542365,-0.00684891917,0.120696365,-0.0971335948,-0.0726659873,0.0123666372,-0.0520535523,0.194107253,-0.321090675,1.30694342,0.0669766427,-0.0872917892,-0.198062085,0.285567553,1.36336404,-0.211771802
0.0666666667,0.00630740361,0.00122102359,0.7956092,0.999956519,0.000420459828,0.00910060926,-0.00199071516,0.0024514363,-0.0915764005,-0.00153731099,0.045812034,-0.0658060938,0.0782829895,-0.0417037295,0.0721985364,-0.00667160616,0.120837135,-0.0976341519,-0.0731735562,0.0133989627,-0.0464508548,0.190104791,-0.322019646,1.30530163,0.0678137618,-0.0787366566,-0.19889497,0.284485561,1.35421896,-0.200578407
0.0833333333,0.00643872372,0.00112825324,0.795573681,0.999958041,0.000417498782,0.00891981102,-0.00204427617,0.00254167387,-0.0915923477,-0.00139508518,0.0470020397,-0.066764917,0.0787832812,-0.0410681813,0.073466388,-0.00620210341,0.120216846,-0.0971917256,-0.074474163,0.0137109872,-0.0420266124,0.188543122,-0.322358148,1.30275089,0.0665888915,-0.0765935445,-0.198436878,0.285608662,1.3511917,-0.200118073
0.1,0.00633583955,0.0009775834,0.795537534,0.999956192,0.000447753229,0.00911152074,-0.00209631283,0.00137059219,-0.0920034943,-0.00113103394,0.0483365668,-0.0672409845,0.0798833867,-0.0415630753,0.0749031033,-0.00579634515,0.119417687,-0.0962153284,-0.0759291734,0.0136591573,-0.04272689,0.189355972,-0.321812062,1.30338327,0.0603315214,-0.0793442042,-0.196992941,0.286201687,1.35465771,-0.204752089
0.116666667,0.00610839817,0.000942184703,0.795560485,0.999952349,0.000591436992,0.00954533213,-0.00195858914,-0.00155767374,-0.0932847352,-0.00111629043,0.0497481615,-0.066354257,0.0782071208,-0.0434983887,0.0734451904,-0.00616829817,0.121057748,-0.097193225,-0.0749294741,0.0134317529,-0.0482449267,0.1906925,-0.321690678,1.30832654,0.0519691743,-0.0832193822,-0.196047441,0.286211713,1.35939794,-0.207347182
0.133333333,0.00602690609,0.000901198653,0.795543386,0.999952721,0.00056082789,0.00956146943,-0.00167914304,-0.00332309636,-0.0943221879,-0.00151055358,0.0517992159,-0.0666978281,0.0790419133,-0.0415760052,0.074846355,-0.00656002192,0.118341634,-0.0965120199,-0.0761411333,0.012729361,-0.051467334,0.190699463,-0.321320422,1.31138252,0.0504647283,-0.0839410849,-0.196106138,0.286792918,1.36024349,-0.211100878
0.15,0.00614996869,0.000873918433,0.795574991,0.999956311,0.000523918163,0.00919217462,-0.00161392053,-0.00070013315,-0.0926695239,-0.00178128058,0.0495908798,-0.0664779389,0.0783026488,-0.0405459642,0.0740134304,-0.00681060494,0.117891453,-0.0962601751,-0.0752973951,0.0130636674,-0.047361224,0.18896645,-0.320186234,1.3078895,0.0572868586,-0.082104692,-0.196826999,0.286492307,1.35843649,-0.214637249
0.166666667,0.00625787566,0.000853626666,0.795640141,0.999958353,0.000606328686,0.00894852702,-0.0016877802,0.00177173468,-0.0912967269,-0.00181847167,0.0467890283,-0.065758434,0.0767561891,-0.0406458815,0.0728163274,-0.00698288733,0.119115866,-0.0968195286,-0.0742039678,0.0137094956,-0.0423478948,0.187966043,-0.319031536,1.30290021,0.0651585523,-0.0801529671,-0.197384378,0.2852716,1.35611461,-0.216601429
0.183333333,0.00627238129,0.000794989972,0.795664846,0.999958844,0.000677950789,0.00888045053,-0.00172857229,0.00252217669,-0.0907316355,-0.00177722136,0.0457734253,-0.0654657068,0.075917871,-0.0410133159,0.0723698567,-0.00710216373,0.120072948,-0.0972832243,-0.0738401746,0.0143164979,-0.03971214,0.187819115,-0.318596243,1.30008408,0.0695653609,-0.0789302427,-0.197507593,0.283461065,1.35432781,-0.217487446
0.2,0.0062482985,0.000721194184,0.795659996,0.999959229,0.000721051309,0.00882981262,-0.00174792985,0.00251089022,-0.0907168609,-0.00176897424,0.0459503035,-0.0655431406,0.0757828749,-0.0411276449,0.072284685,-0.00718094328,0.120553294,-0.0975367082,-0.073834496,0.0145423981,-0.039087495,0.187966901,-0.318673625,1.29961541,0.0702564798,-0.0786104607,-0.197407749,0.283396319,1.35415205,-0.217422359
0.216666667,0.0062090042,0.000646480048,0.795645985,0.99995969,0.000800044606,0.00876260911,-0.00178750786,0.00265314176,-0.0914308318,-0.0017855147,0.0458648089,-0.0651191734,0.0758621275,-0.0411413807,0.0722238122,-0.00715816006,0.120968488,-0.0978168128,-0.073966213,0.0145308796,-0.039679673,0.188478389,-0.318342204,1.30051825,0.0670087964,-0.0789459156,-0.197406096,0.284219374,1.35451685,-0.216529888
0.233333333,0.00614735806,0.000597234035,0.795649616,0.999960751,0.00104046538,0.00858879549,-0.00190943772,0.00371645357,-0.0934740794,-0.00172146609,0.0444081774,-0.0633080216,0.0757673366,-0.0410708086,0.071911559,-0.00697225232,0.121917405,-0.0985307188,-0.0741693725,0.0142522914,-0.0419205979,0.189527388,-0.316996683,1.30339738,0.0582361425,-0.0805424719,-0.197594994,0.285737848,1.3565993,-0.214993234
0.25,0.00601355676,0.000592473108,0.795678972,0.999960802,0.0013063351,0.00849497102,-0.00212680973,0.00499290006,-0.0959107727,-0.0015371707,0.0421077053,-0.0607524653,0.0751415874,-0.0413147129,0.0713894157,-0.0066358754,0.123410865,-0.099540449,-0.0743366267,0.014190491,-0.0454375667,0.190367925,-0.316347506,1.30798274,0.0489311626,-0.0840839859,-0.198571821,0.287419178,1.36060282,-0.216027487
0.266666667,0.00585966628,0.000523461588,0.795669791,0.999958859,0.00122915463,0.00870033286,-0.00225239608,0.00358687082,-0.0940482485,-0.00146969655,0.0428924369,-0.0617557968,0.0744217812,-0.0422559084,0.0716006009,-0.00639439481,0.123284942,-0.0990025185,-0.0743068297,0.0148987889,-0.044916657,0.188894832,-0.318629242,1.306924,0.059712057,-0.087927346,-0.199940152,0.288231277,1.364587,-0.222355568
0.283333333,0.00582078575,0.000295327428,0.795661348,0.999958669,0.000998018184,0.00877765593,-0.00214858235,0.00287623337,-0.0921687778,-0.00192238329,0.0442997702,-0.0636733879,0.0747580446,-0.0420960602,0.0723842386,-0.00658939342,0.121992762,-0.0979444877,-0.074564866,0.0150766337,-0.0427239891,0.18932268,-0.319253714,1.30263462,0.0789090931,-0.084910841,-0.198245674,0.286745721,1.36230271,-0.228425707
0.3,0.00584167427,8.45804293e-05,0.795636291,0.999960062,0.000878741601,0.0086563953,-0.00204186027,0.00331394654,-0.0916914457,-0.00233115132,0.0443744443,-0.0643177223,0.0756617833,-0.0416179936,0.0729792222,-0.00678122507,0.121246731,-0.0974076587,-0.0748760134,0.0148632401,-0.042742386,0.190974433,-0.316520428,1.30034427,0.0704114903,-0.0817756644,-0.196894261,0.284143558,1.35844075,-0.218252284
0.316666667,0.00588237751,6.40393995e-05,0.795626902,0.999960352,0.000788753227,0.00862200794,-0.00208168674,0.00279933143,-0.0910130514,-0.00225666766,0.0454462693,-0.0649083883,0.0764992615,-0.0414949096,0.0731120161,-0.00667063815,0.120954258,-0.0971415348,-0.0748370915,0.0145786709,-0.0447381173,0.190149214,-0.309750788,1.30328417,-0.0047527792,-0.0845228043,-0.197964578,0.279739701,1.35553688,-0.16005743
0.333333333,0.0058429191,0.000118956839,0.795608425,0.999959345,0.000651180252,0.0087385391,-0.00212657744,0.00170324068,-0.0904496487,-0.00205718647,0.0468720738,-0.065620339,0.0777329579,-0.0418176757,0.0732944185,-0.00655676879,0.1206084,-0.0967331235,-0.0747084124,0.0140005051,-0.0536795002,0.190727988,-0.302196879,1.31222943,-0.146583715,-0.0939269055,-0.20064676,0.275429464,1.35354755,-0.0368950512
0.35,0.00565238303,4.13591679e-05,0.795589725,0.999958321,0.000546608042,0.00888636015,-0.00202221651,0.000615179915,-0.0901172399,-0.00205901247,0.0480200448,-0.066040669,0.0788466745,-0.0419163563,0.0739501013,-0.00663703127,0.119538444,-0.0958530996,-0.0751546786,0.0131233629,-0.0644917586,0.192348641,-0.307070473,1.32292468,-0.282790208,-0.100492641,-0.202556307,0.281374221,1.35231287,0.0669926125
0.366666667,0.00550340071,-0.000167653416,0.795559086,0.999959644,0.000436321201,0.0087668383,-0.00191401835,0.000199844654,-0.0898421466,-0.00213955942,0.0490915636,-0.0666163996,0.0801768622,-0.0406104488,0.075514213,-0.00662269198,0.11665519,-0.0940659591,-0.0765035546,0.0123359101,-0.0722283157,0.193421338,-0.31489376,1.33104646,-0.352330035,-0.102566827,-0.203003678,0.287895608,1.35188297,0.110819856
0.383333333,0.00552382143,-0.000343385409,0.795541693,0.999962417,0.000349399972,0.00842000889,-0.00203629385,0.00128564739,-0.0895724481,-0.00165060907,0.049589223,-0.0673969612,0.0812465077,-0.0379927684,0.0772675343,-0.00587653516,0.113168362,-0.0921756424,-0.0780684171,0.0126369495,-0.0709470852,0.193041385,-0.317563534,1.33152245,-0.368231718,-0.101671956,-0.202770173,0.288984027,1.35126527,0.11147324
0.4,0.00549558211,-0.000387597961,0.795562391,0.999962092,0.0004229586,0.00842774374,-0.00214673975,0.00120887346,-0.0894019035,-0.00122931117,0.0493297683,-0.0671154858,0.0801210992,-0.0391911762,0.0761757451,-0.0057468585,0.115015167,-0.092979498,-0.077213809,0.0128859531,-0.0665003351,0.192241292,-0.316534202,1.32629515,-0.368168807,-0.100510317,-0.202819241,0.286601996,1.34838373,0.0977751281
0.416666667,0.00536787151,-0.000413326993,0.795588071,0.999961003,0.000522137712,0.00856170896,-0.00210173529,0.000752955273,-0.0893178021,-0.00106058078,0.0492179907,-0.0668073248,0.0791021034,-0.0409180043,0.0750103888,-0.00594580044,0.117888868,-0.0944583822,-0.0762198515,0.012580844,-0.0630613922,0.191499288,-0.315451498,1.31956089,-0.372831332,-0.0994382795,-0.203232081,0.283801365,1.34245734,0.0849455526
0.433333333,0.00519014414,-0.000493243673,0.795580965,0.999961815,0.000488026607,0.0084981796,-0.00197794494,0.000848340642,-0.0892418036,-0.00104626236,0.0491509088,-0.0667565428,0.0795148576,-0.041265227,0.0749250059,-0.00608479474,0.118611444,-0.0947155555,-0.0760293797,0.0116978627,-0.0617148411,0.19110629,-0.315506469,1.31243745,-0.383104198,-0.0986237402,-0.203589847,0.28225885,1.33498268,0.0761212084
0.45,0.00498766657,-0.000585068278,0.795549815,0.999963188,0.000389804761,0.00838115985,-0.00179615303,0.00152449676,-0.0895824649,-0.00117264101,0.0483420583,-0.066408727,0.0808358806,-0.040951197,0.0754614399,-0.00616681385,0.117963566,-0.0941380513,-0.0763320028,0.0105258243,-0.0620201539,0.191031563,-0.316733731,1.30421907,-0.39119911,-0.0976791185,-0.20366172,0.281969764,1.32674674,0.0680938025
0.466666667,0.00484756421,-0.000610844928,0.795505036,0.999963997,0.00039557511,0.00832703698,-0.00158405855,0.00230406968,-0.0909527477,-0.00134739981,0.0468771186,-0.0654871976,0.0818127947,-0.0410071634,0.0757383579,-0.00614730907,0.118218825,-0.0942549987,-0.0766164252,0.00959458328,-0.0615276495,0.190059377,-0.319220853,1.29584254,-0.391462341,-0.0972152963,-0.203321033,0.28292121,1.32166324,0.0573179703
0.483333333,0.00478530497,-0.000589821095,0.795462016,0.999962493,0.000499115271,0.00849987371,-0.00158602184,0.00279915718,-0.0931316306,-0.00121728388,0.0449477139,-0.0641417253,0.0820287686,-0.0423576798,0.0756183696,-0.00583479884,0.120597814,-0.0956683117,-0.0767790914,0.0094359628,-0.0599532672,0.188440879,-0.323248546,1.28763699,-0.383456828,-0.100544478,-0.202410907,0.283800778,1.32655091,0.0455554067
0.5,0.00482957048,-0.000617287028,0.795424475,0.99995919,0.000593963605,0.00881520891,-0.0018860287,0.0019409561,-0.0935167964,-0.000189799397,0.0448486039,-0.0640719061,0.0821664442,-0.0445755642,0.0753636556,-0.00482125552,0.123332112,-0.0969727212,-0.0766766971,0.010601921,-0.0545540239,0.186562887,-0.327040621,1.27875275,-0.369288151,-0.108494316,-0.201251303,0.284228439,1.34208321,0.0390495041
0.516666667,0.00498554118,-0.000765848712,0.795363667,0.999959052,0.000682970748,0.00885348175,-0.00174490279,0.00256317418,-0.0955620281,-0.000143528034,0.0438813522,-0.0634760962,0.0826648537,-0.0448985016,0.0756452113,-0.00469346831,0.125479442,-0.098862003,-0.077197648,0.0100533295,-0.0514718542,0.186444858,-0.329371717,1.27467787,-0.350989669,-0.112484624,-0.199075065,0.283321933,1.35514799,0.0465155113
0.533333333,0.00514340142,-0.00112262754,0.795304594,0.999960894,0.000695563691,0.00873622781,-0.00118505062,0.00250111922,-0.0964199366,-0.00117725679,0.0441838049,-0.0633914356,0.0841312414,-0.0439445166,0.0765332114,-0.00563144212,0.125258997,-0.099556108,-0.0781101287,0.00790480656,-0.0538005952,0.187980152,-0.330123204,1.27774161,-0.330653373,-0.109382807,-0.197116459,0.281354499,1.35743791,0.0692647253
0.55,0.0052281521,-0.00161757184,0.795302506,0.999960898,0.000691252708,0.00874081146,-0.00115015674,0.00283185877,-0.0948029753,-0.00109882199,0.0446898889,-0.0642377884,0.0845737643,-0.0434587789,0.0770023875,-0.00535811322,0.124469491,-0.0990041813,-0.0785347105,0.00808310525,-0.0524633335,0.190157336,-0.32816787,1.27598607,-0.31449654,-0.107122965,-0.197465587,0.279302167,1.35797854,0.098380938
0.566666667,0.00519893333,-0.00216040409,0.795332967,0.999959648,0.000767235755,0.00883957138,-0.0014053269,0.00160763112,-0.0919839465,-0.00047289012,0.0468086133,-0.065847409,0.0834522034,-0.0442531,0.0770388515,-0.00453678598,0.123916316,-0.0978424464,-0.0786307042,0.00898601988,-0.0499565481,0.193410808,-0.326022211,1.27294368,-0.301501656,-0.109489389,-0.199115237,0.2785058,1.36158766,0.124116055
0.583333333,0.00509407803,-0.00273035729,0.795352497,0.999960248,0.000883512983,0.00876179693,-0.00139776191,0.00141943422,-0.0909197892,-0.000457983231,0.0481552396,-0.066754852,0.0824332953,-0.0434749691,0.0779006143,-0.00395261239,0.12267593,-0.0969398672,-0.0796856409,0.00874204352,-0.0501780548,0.19648182,-0.325377784,1.27338234,-0.290134517,-0.112352722,-0.20143664,0.278899021,1.36360823,0.140983523
0.6,0.00485824445,-0.00339544299,0.795389121,0.999958587,0.000986276659,0.00896116807,-0.00124443597,-0.00134866563,-0.088748168,-0.00064101181,0.0516708321,-0.0682293051,0.081163358,-0.0437386158,0.0787706,-0.00344961083,0.120531688,-0.0949986623,-0.0807270886,0.00814232566,-0.0536562644,0.1989417,-0.326496289,1.27560625,-0.280805241,-0.115234754,-0.203293523,0.2801928,1.36365327,0.151207127
0.616666667,0.00450652762,-0.00400774892,0.79538481,0.999953627,0.0011502934,0.0095000675,-0.0010810828,-0.00495754741,-0.0884796161,-0.000879648877,0.0549439342,-0.0688760143,0.0804693209,-0.0454035387,0.0795762535,-0.00291571941,0.120563807,-0.0943743879,-0.0818602834,0.00763664107,-0.0585126397,0.200100057,-0.328029504,1.27780684,-0.274666891,-0.118376076,-0.204945233,0.28355135,1.36304069,0.155457786
0.633333333,0.00417249694,-0.0045317564,0.795340939,0.999950657,0.00142393797,0.00979033935,-0.000897620024,-0.00732330334,-0.0902004672,-0.0012951396,0.0557203334,-0.0678260768,0.0804532971,-0.0476588441,0.0802017846,-0.00244096758,0.123307577,-0.0957252536,-0.0830729993,0.00691781391,-0.0641965517,0.200201484,-0.329586636,1.28077356,-0.27249743,-0.122438971,-0.206403456,0.285760264,1.36295004,0.157270152
0.65,0.0038838038,-0.00520963175,0.795349566,0.999951414,0.00170394358,0.00968641615,-0.000662345667,-0.00527043014,-0.0897863936,-0.00193158135,0.052651026,-0.0662187005,0.0794264314,-0.0482900192,0.0804739404,-0.00185521086,0.125098201,-0.0962796227,-0.0839221006,0.00602870274,-0.0712047942,0.199793464,-0.331439845,1.2859017,-0.272509538,-0.12723419,-0.207131884,0.286261067,1.36414723,0.158543144
0.666666667,0.003442457,-0.00607638617,0.795430923,0.999948601,0.00190290103,0.00994746995,-0.000470537447,-0.00694997961,-0.0862669192,-0.00216319358,0.0534385369,-0.0663647213,0.076928683,-0.0500107575,0.0805941565,-0.00128668815,0.12398212,-0.0940093674,-0.0843585871,0.00523671885,-0.0807527756,0.200013286,-0.332916141,1.29168666,-0.273663573,-0.135149449,-0.207407823,0.285240319,1.36659151,0.159345505
0.683333333,0.00290427297,-0.00690342868,0.795473348,0.99994383,0.00211845202,0.0103663621,-0.000621931451,-0.00812554899,-0.084247264,-0.00143544574,0.0534381289,-0.0661926307,0.0751942208,-0.0523856644,0.0809397377,-0.000243571373,0.124141199,-0.0923765253,-0.0850352076,0.00601542287,-0.0884712791,0.201293448,-0.332899625,1.29159831,-0.275747262,-0.146276119,-0.207973857,0.282959129,1.37186945,0.159681929
0.7,0.00237404493,-0.00768764065,0.795477505,0.999940278,0.0023967896,0.0106299752,-0.000836290337,-0.00912310481,-0.0836261232,-0.000409738981,0.0526773804,-0.0652292213,0.0741796199,-0.0551947168,0.0812991572,0.000429966595,0.126156898,-0.0921794564,-0.0859279236,0.00707283271,-0.09582413,0.202846245,-0.332214362,1.28916314,-0.277812166,-0.159146718,-0.208893445,0.281816401,1.37856186,0.160013239
0.716666667,0.0019349911,-0.00854644587,0.795467873,0.999940042,0.00264100085,0.0105997554,-0.000763314864,-0.0102076209,-0.083104633,8.3682396e-05,0.0539635328,-0.0653121668,0.0732776144,-0.0560044295,0.0821812326,-1.02149645e-05,0.126870104,-0.091955984,-0.087302949,0.00698441868,-0.10479278,0.203806034,-0.330403592,1.28911559,-0.279768974,-0.166150306,-0.209212477,0.28080881,1.37785904,0.163797779
0.733333333,0.00151911627,-0.00943126123,0.795435983,0.99994123,0.00285656553,0.0104379159,-0.000653781632,-0.0126500193,-0.0824662362,0.000767197856,0.0588832331,-0.0674061619,0.0721161595,-0.0570207782,0.083060442,-0.00124990159,0.128470089,-0.0921853718,-0.0886814832,0.00705972599,-0.115587577,0.203445615,-0.328297942,1.29150789,-0.280206259,-0.170310048,-0.209692124,0.27867842,1.37389901,0.170598241
0.75,0.000968529444,-0.0103036006,0.795361564,0.999940534,0.00308511701,0.0104406909,-0.000634815747,-0.0175336511,-0.0818804603,0.00203839817,0.067875751,-0.0716275136,0.0708089306,-0.0600392859,0.0837705717,-0.00323395779,0.132789196,-0.0936150666,-0.0899384725,0.00748590521,-0.128289734,0.202882319,-0.327094844,1.29440782,-0.280028021,-0.178818877,-0.209582533,0.275403363,1.37313522,0.179728102
0.766666667,0.000293397453,-0.0111809834,0.795237687,0.99993855,0.00330026461,0.0105679053,-0.000569438822,-0.024796312,-0.0812740409,0.00380618233,0.0810355111,-0.0780431493,0.0693056118,-0.0646368041,0.0844650925,-0.00599468714,0.139411884,-0.0961801853,-0.0911685372,0.00800308441,-0.142362444,0.202471064,-0.325469549,1.29703207,-0.281361254,-0.192162312,-0.207967426,0.271030089,1.37692346,0.190094876
0.783333333,-0.00042786995,-0.0120663981,0.795068246,0.999936952,0.00345377254,0.0106791855,-0.00034406444,-0.0337335111,-0.0806121149,0.00583208448,0.0979166952,-0.0865682232,0.0671249143,-0.0698814411,0.0852983667,-0.00940003284,0.147431674,-0.0995535979,-0.0924675912,0.00839360788,-0.157691914,0.201519581,-0.321467316,1.30001226,-0.286233129,-0.207805164,-0.20557715,0.268224592,1.38253384,0.199610817
0.8,-0.00113408146,-0.0129352755,0.794866474,0.999936699,0.00358498542,0.0106644662,0.000120757716,-0.0432148496,-0.0803368883,0.00779643764,0.117187716,-0.0966880361,0.0631567019,-0.0750689124,0.0862293919,-0.0131539417,0.156424504,-0.103679102,-0.093900243,0.00830681148,-0.173754824,0.1996574,-0.315407647,1.30384717,-0.292760083,-0.22326341,-0.202923444,0.266767055,1.38743638,0.209896287
0.816666667,-0.0017130717,-0.013716566,0.794662349,0.999938897,0.00391343373,0.010299406,0.000899652208,-0.0513515965,-0.0818356184,0.00930869963,0.135972948,-0.106986611,0.0560386301,-0.0796550217,0.0868421907,-0.0169600709,0.166814177,-0.109113858,-0.0954901005,0.00768069589,-0.190101431,0.196642713,-0.306295269,1.30895888,-0.30192515,-0.23574352,-0.199293966,0.265258705,1.38986507,0.222276272
0.833333333,-0.00218211012,-0.0144706213,0.794480882,0.99994083,0.00434693548,0.00977584574,0.00196824054,-0.0579119078,-0.0846689127,0.0103246785,0.153451877,-0.116962899,0.0448421526,-0.083408699,0.0869075703,-0.0204838284,0.177895349,-0.115406177,-0.0970429671,0.00647767432,-0.205878211,0.192333541,-0.294851755,1.31460823,-0.313424781,-0.24434258,-0.194560738,0.262191508,1.38895307,0.235565099
0.85,-0.00270576216,-0.0152768477,0.794332763,0.99993855,0.00458313555,0.00956563999,0.00322338433,-0.0678727062,-0.0832786781,0.0116742821,0.175295464,-0.129255072,0.0304048696,-0.0872813361,0.0874440712,-0.0232418378,0.185541359,-0.119057788,-0.0982577264,0.00493185576,-0.222259589,0.188259573,-0.28447342,1.3194034,-0.324902702,-0.254586851,-0.189736239,0.257868475,1.38805145,0.248411245
0.866666667,-0.00327457974,-0.0160749614,0.794268811,0.999933355,0.00461914842,0.00955344981,0.00454760257,-0.0780820109,-0.0813994438,0.0138204833,0.197466717,-0.141504769,0.0131281389,-0.0905516699,0.0881771497,-0.0253393781,0.191357758,-0.12156848,-0.0995200121,0.00306249976,-0.238198475,0.184144505,-0.278296952,1.32293322,-0.333811922,-0.267903508,-0.18552336,0.254870117,1.38975092,0.261442917
0.883333333,-0.00391401594,-0.0169984943,0.794089295,0.999925659,0.00411203414,0.00991901037,0.00577770558,-0.0933254869,-0.0734553809,0.0184033437,0.225745215,-0.156077146,-0.00458968118,-0.0939944677,0.0903860381,-0.0267925353,0.193354858,-0.121245588,-0.100658949,0.00131321641,-0.25423872,0.180907385,-0.275360711,1.32463237,-0.339908428,-0.283881516,-0.180542791,0.254400218,1.39379019,0.276373728
0.9,-0.00458044063,-0.0178965905,0.793805941,0.999915445,0.00340407096,0.0104700191,0.00692053475,-0.10960763,-0.0643166651,0.0260989208,0.254247815,-0.169340698,-0.0211656173,-0.097065336,0.0931780628,-0.0280834823,0.194472675,-0.120614668,-0.102061831,-0.000476504595,-0.269866085,0.177541491,-0.270690376,1.32642799,-0.348211643,-0.301031414,-0.175111586,0.254572804,1.39922382,0.294159541
0.916666667,-0.00514943891,-0.0186950075,0.793496411,0.999907536,0.00281698451,0.010699858,0.00790555014,-0.123196947,-0.0545013988,0.0374736098,0.276945529,-0.178392705,-0.0339506564,-0.0991379705,0.0957671039,-0.0293298681,0.195625872,-0.120567115,-0.103592888,-0.00233211918,-0.284921807,0.172641267,-0.263005116,1.32977103,-0.360318104,-0.317824723,-0.169602496,0.252932081,1.40473153,0.313390411
0.933333333,-0.00552735836,-0.019563938,0.793234604,0.99990852,0.00212769795,0.0102787227,0.0085307322,-0.129872684,-0.0404118875,0.052617664,0.291361245,-0.184401873,-0.0400515481,-0.0980422681,0.0985212269,-0.0299024757,0.194156549,-0.119224615,-0.104842108,-0.00352276107,-0.297793716,0.16739979,-0.255310554,1.33298153,-0.373041276,-0.332257617,-0.163091643,0.251416696,1.40931883,0.330227896
0.95,-0.00584942883,-0.0204565344,0.792977532,0.999912108,0.00141723666,0.00970486603,0.00892098206,-0.132937883,-0.0255418433,0.069497801,0.298768194,-0.18647717,-0.0393257187,-0.0957173906,0.101142923,-0.0301560992,0.190811665,-0.116974482,-0.105941728,-0.00437767584,-0.309153174,0.163028162,-0.249974951,1.33457004,-0.385768782,-0.344228255,-0.155356413,0.250046735,1.41132493,0.342033177
0.966666667,-0.00620721888,-0.0212366164,0.792719027,0.999913147,0.000885764372,0.00934740541,0.00924872829,-0.134722728,-0.0120661844,0.0845118204,0.301288106,-0.184428914,-0.0337437556,-0.0936366009,0.103353827,-0.0302851486,0.18711519,-0.114608803,-0.107022282,-0.00533133765,-0.320111284,0.158019203,-0.245706579,1.33616973,-0.399304729,-0.355874766,-0.14759782,0.248254852,1.41252355,0.350888198
0.983333333,-0.00652611973,-0.0218190585,0.792610332,0.999913358,0.000727165697,0.00905189816,0.0095294915,-0.134955555,0.000265019852,0.0947300228,0.29866434,-0.177750965,-0.0257997355,-0.091738185,0.104675989,-0.0301144298,0.18375288,-0.112592486,-0.107981884,-0.00635124301,-0.330933471,0.152503724,-0.242215307,1.33794017,-0.41266458,-0.367973619,-0.140010898,0.24748522,1.4142479,0.359123296
1,-0.00678194226,-0.0222500551,0.792574218,0.999914287,0.000754423262,0.00876300605,0.00969840115,-0.133981974,0.01180395,0.0986127911,0.292329895,-0.16845572,-0.0201371547,-0.0898584558,0.105223952,-0.0295461634,0.180654083,-0.110795431,-0.108697297,-0.00734378081,-0.34111521,0.147201848,-0.241563732,1.33898224,-0.423809074,-0.380019083,-0.132848103,0.247218028,1.41634122,0.367798347
1.01666667,-0.00698886699,-0.0226475806,0.792518838,0.999916457,0.000505421238,0.00858430102,0.00965051125,-0.132947687,0.0266035476,0.0965662435,0.284632483,-0.161134663,-0.022726807,-0.0882229925,0.106512832,-0.0283973013,0.177113698,-0.108490022,-0.109225758,-0.00767273384,-0.350534466,0.142584514,-0.243383959,1.33857038,-0.432051018,-0.391718764,-0.125336065,0.244564871,1.41872215,0.378639586
1.03333333,-0.00710865309,-0.0228941642,0.79245265,0.999919112,0.000295211652,0.00845613703,0.00949609066,-0.130719724,0.0408731913,0.0897733811,0.274664517,-0.154497382,-0.0322567496,-0.0870428921,0.107489841,-0.02709295,0.174479177,-0.10667508,-0.109613478,-0.00736558492,-0.3582178,0.137732338,-0.243998607,1.33766322,-0.440548769,-0.40218522,-0.118795333,0.240734904,1.42024533,0.388479361
1.05,-0.00707857492,-0.0229258519,0.792461752,0.99992206,0.000424902253,0.00825434114,0.00935727764,-0.126736179,0.0532398344,0.0802297107,0.261964422,-0.146494184,-0.0447200018,-0.0864055178,0.107491507,-0.0259517818,0.173814896,-0.106151786,-0.109758791,-0.00675064045,-0.362461496,0.132804253,-0.243162689,1.33544963,-0.448156224,-0.41061487,-0.114311708,0.237796407,1.41957627,0.395234191
1.06666667,-0.00690393264,-0.0228310284,0.792507249,0.999924937,0.000736508986,0.00797484027,0.00927249011,-0.121176436,0.0645223289,0.0699910154,0.247228747,-0.136938412,-0.0575144221,-0.0860436084,0.106796159,-0.0250643907,0.174811534,-0.106801978,-0.109674027,-0.00648046022,-0.362228726,0.128213617,-0.240798362,1.33172134,-0.454952499,-0.416816932,-0.110284777,0.236782787,1.41746211,0.404032965
1.08333333,-0.00666191957,-0.0225603209,0.792586384,0.999926667,0.00111932469,0.00767014766,0.00930461866,-0.114727498,0.07523983,0.0604879036,0.231307347,-0.126222379,-0.0686537708,-0.0855469672,0.105700166,-0.0245872854,0.17615667,-0.107962138,-0.109383882,-0.00614286114,-0.363787742,0.122675559,-0.23571158,1.32935564,-0.462782748,-0.417916114,-0.108672944,0.238939163,1.40977797,0.418342504
1.1,-0.00638388695,-0.0220813868,0.792723236,0.999926945,0.0015855761,0.00732930116,0.00948012335,-0.107345923,0.0850035409,0.0525328619,0.214623442,-0.11474637,-0.0764182474,-0.0844819801,0.10409153,-0.0244461998,0.177274071,-0.109346928,-0.108849909,-0.00551133848,-0.368721798,0.114761707,-0.230211816,1.33045915,-0.47123447,-0.411020706,-0.11026656,0.244769534,1.39281258,0.438181839
1.11666667,-0.00617740653,-0.0215260714,0.792889532,0.999925342,0.00206458398,0.00702164104,0.0097848668,-0.0997014033,0.0940728795,0.046220183,0.197908707,-0.103462085,-0.0814540946,-0.0833388729,0.102386683,-0.024540147,0.177761778,-0.110364308,-0.108155349,-0.00521100638,-0.37526561,0.105615742,-0.226407932,1.33388582,-0.478021715,-0.407710923,-0.107864931,0.250335927,1.37992731,0.456230371
1.13333333,-0.00609970202,-0.0209515228,0.793045998,0.999921333,0.00238621215,0.00688699319,0.0102080346,-0.0925789263,0.102980429,0.0411005739,0.182477222,-0.0929150864,-0.0849184061,-0.0824932613,0.100831029,-0.0248369695,0.177795417,-0.110956281,-0.107345431,-0.00531692862,-0.381505522,0.0966995068,-0.221478788,1.33781037,-0.483892511,-0.412130556,-0.101667128,0.253883136,1.37720082,0.468267378
1.15,-0.00610783814,-0.0203361836,0.793063124,0.999914699,0.00241350485,0.00703880642,0.0107342703,-0.0880481724,0.113820613,0.0363312316,0.171325333,-0.0840386134,-0.0883918902,-0.0825715858,0.0999708862,-0.025342121,0.177571565,-0.111128676,-0.106455599,-0.00588268033,-0.387086548,0.0902893814,-0.216595912,1.34067546,-0.490516083,-0.420119625,-0.0949568399,0.254788979,1.37963403,0.476095994
1.16666667,-0.00609543568,-0.0195978272,0.793101172,0.999906313,0.00242563359,0.00725936722,0.0113482238,-0.0843827925,0.124348883,0.0312021459,0.163464332,-0.0764922233,-0.0910563411,-0.0828677498,0.0988843817,-0.0259925703,0.177693731,-0.111520266,-0.105404197,-0.00669787283,-0.391526574,0.0854509425,-0.212296572,1.3426999,-0.499146171,-0.427619396,-0.0895771952,0.254585286,1.38231222,0.481802497
1.18333333,-0.00600864268,-0.018719613,0.793198615,0.999896961,0.00259430413,0.00738835398,0.0120312164,-0.0806940384,0.13236888,0.0251061111,0.156984347,-0.0696019873,-0.0941776617,-0.0828623342,0.0972123456,-0.0267220693,0.178070306,-0.112262164,-0.10412186,-0.0076584136,-0.394575099,0.0813770361,-0.21129259,1.34337149,-0.506708225,-0.433774053,-0.0851330755,0.253964643,1.38444252,0.488800122
1.2,-0.00585359442,-0.0177171456,0.793333231,0.999886857,0.00280958772,0.00743349985,0.0127719756,-0.0768229878,0.138228234,0.0176198115,0.151018685,-0.0630329746,-0.0990731305,-0.0823105034,0.0951495689,-0.0275102072,0.178176798,-0.113068391,-0.102589309,-0.0086609935,-0.396168392,0.077790857,-0.21247067,1.34265222,-0.512180488,-0.438445637,-0.0809618002,0.253654383,1.38545422,0.496332835
1.21666667,-0.00564069973,-0.0165896023,0.793491913,0.999876181,0.00299839281,0.00743166961,0.013542605,-0.0727262311,0.142709683,0.00875619797,0.145051833,-0.0566015892,-0.106241545,-0.0812156386,0.0929194018,-0.0282815135,0.17775486,-0.113740637,-0.100833526,-0.00967063742,-0.396633146,0.0747621466,-0.213622876,1.34139732,-0.517195297,-0.441991307,-0.0769850437,0.254046165,1.38562965,0.502670327
1.23333333,-0.00539411285,-0.0153409063,0.793661537,0.999864872,0.00316877342,0.00746840561,0.0142975293,-0.0684635389,0.146115477,-0.000934115927,0.138256283,-0.0498657394,-0.115928453,-0.0803885723,0.09055808,-0.0288464858,0.17756514,-0.114464087,-0.0988886465,-0.0105830512,-0.396580341,0.0721804206,-0.213785282,1.34003226,-0.52248467,-0.445082935,-0.0731913543,0.253366527,1.38604395,0.510081323
1.25,-0.00512012894,-0.0139632286,0.79382915,0.999853017,0.00328678567,0.00755676241,0.0150345439,-0.0638148233,0.148586533,-0.0106670487,0.129634313,-0.0423966038,-0.128320359,-0.0799913665,0.0881512807,-0.0292612986,0.177982218,-0.115472029,-0.0967692901,-0.0113377056,-0.396327355,0.069680091,-0.21395458,1.33873966,-0.527763433,-0.447846086,-0.0694259024,0.251936926,1.38670314,0.518052546
1.26666667,-0.00481301109,-0.0124488714,0.79398524,0.9998408,0.00329845078,0.00765724233,0.0157753455,-0.0585837396,0.150264792,-0.0196150175,0.118580867,-0.0341524737,-0.142649547,-0.0798629377,0.0858133194,-0.0296845057,0.178988946,-0.116844334,-0.0944854645,-0.012004207,-0.396074803,0.066702128,-0.21477276,1.33775618,-0.532968039,-0.450546352,-0.0657138751,0.249896012,1.38783448,0.52589446
1.28333333,-0.00447142304,-0.0108101282,0.794129306,0.999828087,0.00324467893,0.00775074011,0.0165286222,-0.052825639,0.151090678,-0.027134601,0.105389588,-0.0257648615,-0.15626118,-0.080024166,0.0834065345,-0.0302662727,0.180971302,-0.118888292,-0.0920306275,-0.0125662116,-0.396105938,0.0632047499,-0.215498825,1.33740855,-0.538185111,-0.45249604,-0.0621647553,0.248572301,1.38821699,0.531962284
1.3,-0.00408529065,-0.0090597342,0.794339354,0.999815109,0.00319524577,0.00781338028,0.0172768691,-0.0467712554,0.151003684,-0.0328498946,0.0912824116,-0.0185679241,-0.165819408,-0.0803165962,0.0806816082,-0.0309663275,0.18378971,-0.121538162,-0.089349251,-0.0131128925,-0.395930498,0.0604092511,-0.216957292,1.33679413,-0.542369933,-0.453128114,-0.0598059167,0.247880639,1.38706013,0.537634381
1.31666667,-0.00365219489,-0.00718936896,0.794575294,0.999802642,0.00313252331,0.00781564154,0.0179938713,-0.0406840272,0.150160522,-0.0366857935,0.0776373853,-0.0139064164,-0.171762898,-0.0806042592,0.077692655,-0.031621569,0.187194295,-0.124587159,-0.0864150956,-0.0135963637,-0.394886653,0.0582967998,-0.219819929,1.33531237,-0.545195821,-0.452623227,-0.0585661608,0.249415016,1.3844957,0.542256934
1.33333333,-0.00320570474,-0.00523064008,0.794563278,0.999790993,0.00295685686,0.00779475493,0.0186673036,-0.0349359895,0.149092891,-0.0388432415,0.0652477611,-0.0125937675,-0.177811899,-0.0811965633,0.0749207946,-0.032080592,0.191147587,-0.127832883,-0.0834003875,-0.0142376919,-0.39316339,0.0565372604,-0.223527941,1.33283151,-0.547015698,-0.453628138,-0.0563106332,0.25022701,1.38457343,0.545307241
1.35,-0.00286757601,-0.00333615035,0.794291068,0.999779907,0.00241685572,0.00790982879,0.0192803476,-0.0301315581,0.148800321,-0.0397004499,0.0545172553,-0.0151471676,-0.185087479,-0.0829251309,0.0733920378,-0.0322958215,0.195858573,-0.131015596,-0.0807959503,-0.0152728108,-0.39188726,0.0552822803,-0.224133073,1.33051536,-0.550071851,-0.461817563,-0.0489153555,0.246169483,1.39504469,0.54445148
1.36666667,-0.00269882822,-0.00156969208,0.79378456,0.99976905,0.0013919624,0.00829462268,0.0197764628,-0.0267265451,0.14982478,-0.0396413672,0.0457031151,-0.02128764,-0.191270733,-0.0863906869,0.0737985708,-0.0322905063,0.201422355,-0.133904663,-0.0790420009,-0.0168327832,-0.391882689,0.0546618384,-0.220038999,1.32905771,-0.555770897,-0.480154505,-0.034654887,0.234909627,1.41996136,0.537284275
1.38333333,-0.00245077687,0.000401586046,0.793447536,0.999759408,0.000520090457,0.00858185709,0.0201793674,-0.0238640842,0.150053715,-0.0390372683,0.0391090151,-0.0279521564,-0.194290116,-0.089741223,0.0737859491,-0.0320811162,0.207254562,-0.13707125,-0.077194826,-0.0179964049,-0.392620316,0.0542334949,-0.218017587,1.32770736,-0.560256119,-0.494575753,-0.0250433527,0.225689504,1.4406517,0.530381891
1.4,-0.00198820634,0.00280148941,0.793417601,0.999752645,0.000342628923,0.0084384155,0.0205748354,-0.0202351306,0.147255375,-0.0384220493,0.0344905432,-0.0310937421,-0.195165292,-0.0893298526,0.0693487672,-0.032050783,0.211428126,-0.141130565,-0.0725946302,-0.0188273318,-0.394103172,0.0525034586,-0.218777782,1.32713822,-0.563850401,-0.498614523,-0.0220391713,0.222486721,1.44797298,0.528549499
1.41666667,-0.00149591059,0.00532420475,0.793512624,0.999749135,0.000305754507,0.00825306138,0.0208196934,-0.0172123772,0.144218141,-0.0375435447,0.0312119584,-0.0331762497,-0.193278483,-0.08824252,0.0650930449,-0.0318317077,0.213901114,-0.14419961,-0.0682085372,-0.0191109826,-0.398277593,0.0500702216,-0.219518317,1.32801651,-0.568691502,-0.496344889,-0.0221326612,0.222936452,1.44585343,0.53045217
1.43333333,-0.000959654055,0.00768317757,0.793631034,0.999752226,-9.03641786e-05,0.00799986484,0.0207721007,-0.0143502087,0.142503408,-0.0362484283,0.0293923583,-0.0355085379,-0.187609242,-0.0863361721,0.0634357619,-0.0310686928,0.213561606,-0.145009974,-0.0657240484,-0.0191452141,-0.400589001,0.0481488256,-0.216453267,1.32974947,-0.575548046,-0.492741017,-0.0222022371,0.224140963,1.44206414,0.534150627
1.45,-0.000387375106,0.0100283642,0.79361356,0.999759926,-0.000509824295,0.007727966,0.0204965787,-0.011694223,0.141354649,-0.0346479802,0.0285281637,-0.0377904937,-0.179104895,-0.0843662213,0.0631028362,-0.0299433746,0.211648149,-0.144255308,-0.0642642555,-0.0192430639,-0.400110717,0.0472233914,-0.213930694,1.32983013,-0.580327902,-0.490020345,-0.0212563068,0.225097509,1.43951127,0.537835445
1.46666667,8.40191338e-05,0.012607309,0.793751982,0.999766785,-0.000430884701,0.00789397518,0.0200966641,-0.0102762981,0.13749037,-0.0331326235,0.0275984431,-0.038950473,-0.171939043,-0.0861881471,0.0580869371,-0.0294960833,0.21501952,-0.146047365,-0.059659323,-0.0197448667,-0.397565882,0.0465833331,-0.215096473,1.32690688,-0.580681903,-0.488383419,-0.0211613569,0.226953975,1.43673778,0.539654783
1.48333333,0.000549742556,0.0152841061,0.793850666,0.999775507,-0.000183564935,0.00810527495,0.0195756375,-0.00901446622,0.133387063,-0.0316933319,0.0266481683,-0.04010264,-0.164841667,-0.0885046375,0.0528659356,-0.0289585225,0.21930347,-0.148433244,-0.0548936684,-0.0202353559,-0.394158528,0.046402511,-0.218634312,1.32293449,-0.578940995,-0.486726078,-0.0214256519,0.229394587,1.43355675,0.538585185
1.5,0.00116148543,0.0180537763,0.794066902,0.999789542,5.15065654e-05,0.00776280823,0.0189896603,-0.00596656254,0.128485963,-0.0305646755,0.0254888411,-0.041166209,-0.159087893,-0.0864144524,0.0460306184,-0.0284398281,0.220519996,-0.150758322,-0.0486001315,-0.0209860729,-0.390397382,0.0455445283,-0.219302814,1.320554,-0.579764871,-0.483927327,-0.0220117058,0.23289857,1.4314335,0.536953307
1.51666667,0.00177637964,0.0207986863,0.794279234,0.999806919,0.00021865787,0.00730485882,0.0182405282,-0.00257692437,0.124049065,-0.0293948071,0.0240566014,-0.0421551158,-0.153534002,-0.0834932204,0.0402152137,-0.0276468184,0.219607763,-0.151664888,-0.0429623905,-0.0216555279,-0.387374255,0.0445381164,-0.217447555,1.31940623,-0.581992672,-0.480892647,-0.0222544291,0.235428165,1.42974786,0.536745977
1.53333333,0.00229362954,0.0234274692,0.794459106,0.999825825,0.000245908414,0.00707496122,0.0172685678,0.000110209646,0.120142873,-0.0280763847,0.0231968385,-0.0434140057,-0.147331719,-0.081330543,0.035713586,-0.0266712914,0.217705769,-0.151218024,-0.0383897392,-0.0219365219,-0.384782946,0.0438048225,-0.215355705,1.31808477,-0.583946659,-0.477694284,-0.0218743895,0.237165553,1.42687288,0.536759827
1.55,0.00276145612,0.0259940592,0.794604348,0.999845847,0.000173879643,0.00696559316,0.0161162425,0.000913411766,0.116525145,-0.0267937973,0.0255848936,-0.0462763854,-0.140508656,-0.0797215336,0.0320199451,-0.0255945199,0.215059669,-0.149815135,-0.0344001388,-0.0219062259,-0.382323862,0.0432374008,-0.212928351,1.31671272,-0.586390387,-0.475206939,-0.0211225608,0.237777593,1.42427187,0.537609091
1.56666667,0.00322534366,0.0285478333,0.794751909,0.999866879,9.30200761e-05,0.0068479247,0.0148095053,-0.00131257601,0.112479248,-0.0257987884,0.0348236754,-0.0527648292,-0.133655474,-0.0781995913,0.028259809,-0.0243943572,0.212557595,-0.148439679,-0.0303712956,-0.0215849774,-0.37945063,0.0429475549,-0.212506928,1.31486656,-0.588078743,-0.472635005,-0.020476592,0.238159953,1.42194329,0.53895529
1.58333333,0.00366530981,0.0310763474,0.79487804,0.999887001,-1.79975653e-05,0.00674033373,0.013436991,-0.00602506979,0.10822826,-0.0250442114,0.0498062854,-0.0624452289,-0.127259287,-0.0765543806,0.0245252365,-0.0231194237,0.209965744,-0.147119835,-0.0262882845,-0.0211084022,-0.376401775,0.0427900189,-0.212730517,1.31318579,-0.589739813,-0.469991917,-0.0199903084,0.238429444,1.419695,0.539987993
1.6,0.00404009163,0.0335523094,0.794993256,0.99990402,-0.000184047793,0.00670263116,0.0121240151,-0.0109732516,0.104127578,-0.0242756359,0.0649721381,-0.0722540278,-0.121664807,-0.0747363113,0.0209536022,-0.021979138,0.2067029,-0.145460862,-0.0222630105,-0.020621259,-0.373483939,0.0429817831,-0.21277426,1.31121448,-0.590957614,-0.467256843,-0.0194927258,0.23968466,1.41704939,0.539920136
1.61666667,0.00434347697,0.0359679469,0.79512659,0.999917401,-0.000364738511,0.00674531777,0.010934274,-0.014693811,0.100227256,-0.0233660607,0.0765733886,-0.079943897,-0.116835214,-0.0727123591,0.0174357791,-0.0211170291,0.202444099,-0.143182346,-0.0182793023,-0.0202151949,-0.370195955,0.0436632301,-0.213741791,1.30822215,-0.591689569,-0.464475577,-0.0194271728,0.242457781,1.41378356,0.539393447
1.63333333,0.00456698378,0.038300854,0.795276547,0.999927414,-0.000549266093,0.0068750533,0.00987915825,-0.0171733786,0.0966180766,-0.0223538615,0.0842383318,-0.085165148,-0.112510749,-0.0706059079,0.0140535331,-0.0204972188,0.197244275,-0.140256922,-0.0144271762,-0.0200092689,-0.366769313,0.0445547885,-0.21614522,1.30449204,-0.592425976,-0.462080035,-0.0190902736,0.243354209,1.4108815,0.540707618
1.65,0.00470264262,0.0405364636,0.795438192,0.999934726,-0.000739886526,0.0070800687,0.00893698621,-0.0188910267,0.093300135,-0.0213233018,0.0891639446,-0.0885838871,-0.108488677,-0.0684475778,0.0108449659,-0.020066675,0.191302961,-0.136810848,-0.0107471096,-0.0198506684,-0.36356932,0.0453951291,-0.219375137,1.30056524,-0.592766124,-0.459907709,-0.0184036209,0.242909326,1.40839299,0.543692687
1.66666667,0.00475744204,0.0426846459,0.795602,0.9999402,-0.000924408126,0.00733152065,0.00806173833,-0.0202539092,0.0901978769,-0.0203184036,0.0925836312,-0.0909642199,-0.104669631,-0.0664245318,0.00776883469,-0.019778304,0.185060041,-0.133029122,-0.00722220426,-0.0195918404,-0.360704563,0.046369494,-0.222574266,1.29678276,-0.592153941,-0.457699784,-0.0179318266,0.243828958,1.40594253,0.546198518
1.68333333,0.0047408767,0.0447497561,0.795765275,0.999944478,-0.00108927999,0.00760850058,0.00720869534,-0.0214528196,0.0872139444,-0.0193285978,0.0951803925,-0.0927398571,-0.101046731,-0.0644274763,0.00479203504,-0.0196011724,0.178719749,-0.129167038,-0.00384814856,-0.0191439853,-0.357971604,0.0475543494,-0.225260172,1.29304872,-0.591862136,-0.455799103,-0.0173356747,0.245314621,1.40330821,0.547028053
1.7,0.00466866136,0.0467255699,0.795918502,0.999947889,-0.00122023453,0.00789514118,0.00635582232,-0.0225307883,0.0843036703,-0.0183349685,0.0972186725,-0.0941049244,-0.0976202581,-0.0626611899,0.00190368621,-0.019514746,0.172663275,-0.125375438,-0.000643655257,-0.0183787507,-0.355477674,0.0484522059,-0.225011218,1.28986891,-0.595045665,-0.453898605,-0.0167996381,0.24596478,1.40030929,0.5482439
1.71666667,0.00454482482,0.0486045327,0.796049115,0.999950564,-0.00129992159,0.00818301478,0.00549709428,-0.023449814,0.0814740772,-0.0173233497,0.0988238953,-0.0951718973,-0.0943655595,-0.0616604964,-0.000910606604,-0.0194655579,0.167542858,-0.121717058,0.00237549355,-0.0173953927,-0.35317294,0.0494184467,-0.223332483,1.28708405,-0.602033515,-0.452115281,-0.0164162622,0.24631484,1.39678619,0.549364496
1.73333333,0.00437400511,0.0503884146,0.796175814,0.999952226,-0.00134710797,0.00850252715,0.00463016225,-0.0242596802,0.078772505,-0.016285576,0.0999125974,-0.0958894987,-0.0913355519,-0.0600777551,-0.00359066667,-0.0194094127,0.162030207,-0.118303182,0.00522853362,-0.0161228559,-0.350542412,0.0507256091,-0.223022439,1.28384767,-0.608883453,-0.450637087,-0.0161359281,0.247178612,1.39323451,0.550745699
1.75,0.00417186121,0.0521038938,0.79630962,0.999952513,-0.0014094338,0.00888080186,0.0037572819,-0.0251290426,0.0761503268,-0.0152720063,0.100629306,-0.0963025444,-0.0884592188,-0.056964284,-0.00624232419,-0.0193244725,0.154888019,-0.114919883,0.0081060019,-0.0145825709,-0.347250958,0.0522074088,-0.224214874,1.27978597,-0.613834305,-0.448709516,-0.016729647,0.250704625,1.38891145,0.551323289
1.76666667,0.00390967498,0.0537883299,0.796440514,0.999951154,-0.0013796978,0.00933794664,0.00293079183,-0.0267347137,0.0729310702,-0.0144364227,0.101501693,-0.0964397133,-0.0854421622,-0.0541490828,-0.0093840669,-0.0192416063,0.147988273,-0.111794202,0.0112813197,-0.0129729662,-0.344511296,0.0535840715,-0.225258925,1.27534085,-0.617502724,-0.446516656,-0.017869981,0.255665332,1.38365932,0.552369183
1.78333333,0.00348455212,0.0554656922,0.79654659,0.999946458,-0.00107191788,0.0100445134,0.00224500597,-0.0301606661,0.068012886,-0.0140557731,0.103632117,-0.0965133378,-0.0816761523,-0.0581795748,-0.0137125743,-0.0192140741,0.148474021,-0.10971149,0.0148418779,-0.0116132336,-0.344785621,0.0547977814,-0.226527899,1.27331199,-0.620747724,-0.444817727,-0.0187473624,0.259767811,1.37868442,0.555979024
1.8,0.00291901519,0.0570575153,0.79662404,0.99993832,-0.000696792367,0.0109599859,0.00165841002,-0.0355666016,0.0624907355,-0.0140289823,0.107616866,-0.0970392926,-0.0772064201,-0.063310279,-0.0177151374,-0.019287221,0.150502848,-0.108692457,0.0179365291,-0.0103512754,-0.349180359,0.0556462868,-0.226614844,1.27545556,-0.625205874,-0.444112604,-0.0193369316,0.263034917,1.37366564,0.559880267
1.81666667,0.00247703211,0.0584110965,0.796649448,0.999935186,-0.000645829022,0.0113199869,0.00103149979,-0.0375842256,0.060031024,-0.0138473852,0.109886976,-0.0978721127,-0.0742907293,-0.0645387166,-0.0199113143,-0.0191054761,0.149187835,-0.106798921,0.0200587424,-0.00875157357,-0.351649742,0.0557735051,-0.224012837,1.27715941,-0.630535773,-0.44316629,-0.0196771868,0.264600244,1.36925722,0.563874096
1.83333333,0.00222718636,0.0595269037,0.796680526,0.999939479,-0.000911419015,0.0109569624,0.000390662234,-0.0353976475,0.0607385262,-0.0134038319,0.109304225,-0.0985154889,-0.0735344939,-0.0622988681,-0.0203393969,-0.0185911794,0.144562429,-0.103366307,0.0211908402,-0.00686201865,-0.350493471,0.0557878979,-0.221506858,1.27625021,-0.635240127,-0.441420642,-0.0199720196,0.265618738,1.36526492,0.567110485
1.85,0.00195794019,0.0606251929,0.796734118,0.999942179,-0.0010884354,0.010697751,-0.000107750839,-0.0339186225,0.0606814584,-0.0130949653,0.108775761,-0.0987691252,-0.0727820822,-0.0599097319,-0.0208337289,-0.018182684,0.139501141,-0.0998838035,0.0221873079,-0.00518811216,-0.347269613,0.0562947111,-0.222748095,1.27214726,-0.636310145,-0.439455987,-0.0205756542,0.266366688,1.36093729,0.570536653
1.86666667,0.00156336407,0.061814017,0.796778209,0.999939213,-0.000949307695,0.0109764307,-0.000432547421,-0.0349481287,0.0585199974,-0.012970345,0.108790594,-0.0983715279,-0.0713216882,-0.0609149569,-0.0236788919,-0.0181574705,0.138268366,-0.0982078652,0.0246882154,-0.003755565,-0.343669381,0.0565356914,-0.222255976,1.26625912,-0.637857271,-0.438287006,-0.021920237,0.267566228,1.35526994,0.574379479
1.88333333,0.00115399233,0.0629595839,0.796814388,0.999934945,-0.000722982838,0.0113660104,-0.000630166578,-0.0366730831,0.055835043,-0.0130084198,0.109180406,-0.0978586545,-0.0694392393,-0.0626697077,-0.0267006403,-0.018382983,0.138421938,-0.0974215611,0.0272065577,-0.00273610762,-0.340415363,0.0566817245,-0.22065111,1.26033337,-0.641900555,-0.436962633,-0.0234924631,0.269307433,1.34866607,0.578517227
1.9,0.000790499286,0.0639707142,0.796852351,0.99993233,-0.000584744448,0.011593704,-0.000760932723,-0.0380536699,0.0536150745,-0.0131102961,0.1096705,-0.0974796867,-0.0676212163,-0.0635099957,-0.028934085,-0.0187053121,0.137694936,-0.0963645578,0.02911423,-0.00207868218,-0.337315807,0.0571772246,-0.219425924,1.25503982,-0.647824942,-0.435590927,-0.0243618725,0.270866697,1.34223636,0.582204014
1.91666667,0.000453007194,0.0648114192,0.796885642,0.999930854,-0.000525464316,0.0117143986,-0.000884880127,-0.0390547528,0.0520017116,-0.0132237797,0.110224777,-0.0972548957,-0.0660792095,-0.0635870996,-0.0304815941,-0.019035283,0.136075427,-0.0948771194,0.0305312473,-0.00196541934,-0.333595446,0.0583587638,-0.220054063,1.2488149,-0.652976394,-0.434951574,-0.0227566874,0.271591446,1.33758108,0.586666689
1.93333333,0.000139816804,0.0655180324,0.796905045,0.999929873,-0.000510105445,0.0117873694,-0.00102284668,-0.0399597966,0.0508367001,-0.0133593145,0.111072407,-0.0972935387,-0.064728541,-0.0634312767,-0.0316110471,-0.019316994,0.134212785,-0.0932436731,0.0316689993,-0.00237565448,-0.32897621,0.0604116582,-0.22196971,1.24134944,-0.657963264,-0.435600804,-0.0184967454,0.273332461,1.3350896,0.591398279
1.95,-0.000143778619,0.0662428848,0.796924446,0.99992933,-0.000480878681,0.0118212917,-0.00116690381,-0.0408524788,0.0495447525,-0.013527126,0.112125034,-0.0974844279,-0.063427412,-0.0633348193,-0.0328290956,-0.0195303473,0.132764958,-0.0918976188,0.0328371671,-0.00231964414,-0.323967676,0.0623748779,-0.224976849,1.23269043,-0.66382108,-0.435883959,-0.0164349714,0.273843359,1.33196,0.596054192
1.96666667,-0.000394504425,0.0670060311,0.796938992,0.999929236,-0.000421258542,0.0118162194,-0.00131265827,-0.0416812858,0.0480723643,-0.0136851019,0.113261943,-0.0977583921,-0.0621204099,-0.0633281968,-0.0341918564,-0.0197010389,0.131842413,-0.0909306245,0.0340746922,-0.00168738065,-0.319087146,0.0634106132,-0.227155854,1.22409652,-0.672436579,-0.43484892,-0.0166590531,0.273618625,1.32698514,0.600963832
1.98333333,-0.00062299529,0.0677299744,0.796952501,0.999929629,-0.000349111154,0.0117701954,-0.00144173973,-0.0423234459,0.0465775159,-0.0137911361,0.114207546,-0.0979561971,-0.0608943306,-0.0633103115,-0.0355860076,-0.0199302116,0.131213608,-0.0902013967,0.0352960073,-0.000963323638,-0.314248878,0.0644072536,-0.228851895,1.21559949,-0.683947415,-0.433226703,-0.0172627756,0.27351974,1.32103745,0.606631913
2,-0.000846806734,0.0683887726,0.796969005,0.999930632,-0.00027442045,0.0116768271,-0.00151878309,-0.0426653015,0.0451986959,-0.0138289765,0.114750661,-0.0979518709,-0.0597634844,-0.063092473,-0.0368437438,-0.020326115,0.130441585,-0.08941877,0.0363835558,-0.000460035854,-0.309446423,0.0652217932,-0.22749796,1.20729891,-0.698761985,-0.431567026,-0.017175612,0.272783863,1.31487337,0.613264389
2.01666667,-0.00106964606,0.0689920883,0.796987813,0.999932206,-0.000202994054,0.011542695,-0.00151908548,-0.0427400863,0.0439687754,-0.013761377,0.114860812,-0.0977049956,-0.0587312403,-0.0626113332,-0.037793506,-0.0208705398,0.129368955,-0.0885162779,0.0371870052,-0.000147198953,-0.304433643,0.0666459014,-0.226781321,1.19817157,-0.713630348,-0.4289656,-0.0171021569,0.270883447,1.30667837,0.622174487
2.03333333,-0.00130823588,0.0695146439,0.797018649,0.999934379,-0.000187405773,0.0113625391,-0.00144747541,-0.0426976068,0.043010561,-0.0135807604,0.114836386,-0.0973503318,-0.0577826643,-0.0618026791,-0.0381408726,-0.0214605885,0.127837964,-0.0873852371,0.0374868619,2.87572851e-05,-0.29931732,0.0687507315,-0.227700649,1.18819507,-0.728006799,-0.423197624,-0.0181420336,0.269486314,1.29147058,0.633545551
2.05,-0.00158067018,0.0700123578,0.797051362,0.999937121,-0.000165256673,0.0111360279,-0.00131013931,-0.042752591,0.04223633,-0.013345383,0.115013799,-0.0970131284,-0.0570875341,-0.0608804289,-0.0383031218,-0.0220162332,0.126231043,-0.086197415,0.0376302711,9.36052001e-05,-0.295459001,0.0698324012,-0.225341,1.18022701,-0.744663918,-0.412955524,-0.021365828,0.270570899,1.26597912,0.647314338
2.06666667,-0.00187438611,0.0706318474,0.797080614,0.999940442,5.36392764e-05,0.010858463,-0.00109687356,-0.0426804407,0.0405865921,-0.0132168751,0.114579549,-0.0961332541,-0.0569791727,-0.0603294465,-0.0404328406,-0.0226690114,0.126012088,-0.0859787195,0.0392243883,-0.000137144756,-0.294335625,0.0681576328,-0.219885804,1.17627339,-0.760277539,-0.399082405,-0.0267966877,0.273303488,1.23389491,0.665193126
2.08333333,-0.00215321849,0.0713160701,0.797111313,0.999944756,0.000377958255,0.0104712579,-0.00083395779,-0.0422570608,0.0385672027,-0.0133004099,0.113791894,-0.0950170744,-0.0571802611,-0.0600216757,-0.0428802547,-0.0233236589,0.126939025,-0.086417473,0.0409595048,-0.000533243665,-0.295825921,0.0634612421,-0.212357221,1.17553044,-0.773626314,-0.381526905,-0.033532758,0.276740963,1.19804831,0.686262324
2.1,-0.00239454816,0.0719229803,0.797150253,0.99994996,0.000648831296,0.009965931,-0.000580100268,-0.0414462535,0.0368305462,-0.0135996567,0.113094038,-0.0940930934,-0.0574416859,-0.0595837799,-0.044674407,-0.023935728,0.128015384,-0.0868287429,0.0421367455,-0.000892357024,-0.294314648,0.0593723031,-0.206324759,1.16899882,-0.791497233,-0.361690474,-0.0397471432,0.28004493,1.16069651,0.708563955
2.11666667,-0.00263878959,0.0724346028,0.797193968,0.999954981,0.000850211145,0.00944154325,-0.000411729855,-0.0405128686,0.0354790699,-0.0139056089,0.11243374,-0.0932858298,-0.0578465443,-0.0587457767,-0.0459198383,-0.0243814804,0.128088438,-0.0865986361,0.0429313468,-0.00080874632,-0.285362523,0.0570560887,-0.203938692,1.14840714,-0.819576618,-0.343842409,-0.0441473017,0.281176064,1.12447754,0.733509911
2.13333333,-0.00289336249,0.0728445171,0.797242483,0.99995918,0.00099968823,0.00897310776,-0.000349188442,-0.0395445638,0.0345002198,-0.0141032275,0.111649195,-0.0925000301,-0.0584598602,-0.0576058588,-0.0468155899,-0.0246552022,0.127057826,-0.0856948492,0.0435313111,-0.000652554872,-0.27067455,0.057860302,-0.204262584,1.11691172,-0.854689909,-0.328060091,-0.0479383269,0.282317187,1.08908459,0.760822807
2.15,-0.0031127158,0.0731706124,0.797291857,0.999962629,0.00111989037,0.00856423634,-0.000375582997,-0.038512186,0.0337927635,-0.0141528525,0.110715096,-0.0917547865,-0.0592415168,-0.0563761113,-0.0475290855,-0.0247946173,0.125535923,-0.0845358387,0.0440333215,-0.000673391092,-0.253808534,0.0614239187,-0.208835601,1.08066272,-0.889453969,-0.312799301,-0.0513297822,0.285572172,1.0534959,0.788462251
2.16666667,-0.0032387772,0.0734891714,0.797337309,0.999965661,0.00123005404,0.00818071715,-0.000488796039,-0.0373213819,0.0331740381,-0.0140443547,0.109771145,-0.0912152296,-0.0600672783,-0.0551158332,-0.0482337615,-0.0248281062,0.12409856,-0.0835631694,0.0445433857,-0.000440554441,-0.236312837,0.0659146347,-0.216791135,1.04301023,-0.921751726,-0.2956118,-0.0564443138,0.291163591,1.01600493,0.816313764
2.18333333,-0.00330075688,0.0738384333,0.797369336,0.999968307,0.00133809457,0.00781828026,-0.000684188323,-0.0361626561,0.0326023553,-0.0138189194,0.109053672,-0.0909507988,-0.0608037929,-0.0543334102,-0.0489002849,-0.0248052225,0.123374024,-0.0828787166,0.0450097902,2.2307355e-05,-0.218815214,0.0698352374,-0.224087598,1.00538987,-0.955298383,-0.278230667,-0.0635518229,0.298520934,0.978836032,0.844017969
2.2,-0.00343206482,0.0742561099,0.797392322,0.999969811,0.00147568418,0.00757387623,-0.000914595196,-0.0354972453,0.0319569021,-0.0135736191,0.108702556,-0.0908241897,-0.0615069574,-0.0549443224,-0.0494442662,-0.0248159414,0.124097224,-0.082413206,0.0452636793,0.000306621287,-0.202201671,0.0732530681,-0.229968664,0.96854905,-0.990516037,-0.265559114,-0.0725600167,0.307104322,0.949848479,0.869600212
2.21666667,-0.00368781793,0.0747173282,0.797420468,0.999970521,0.0016156428,0.00741520934,-0.00116723285,-0.0353898155,0.031131615,-0.0133922329,0.108589776,-0.0906379636,-0.0623154603,-0.0571120258,-0.0497487653,-0.0248982865,0.126353161,-0.0820379335,0.045130693,0.00021203695,-0.187917998,0.0751933142,-0.234193886,0.934925056,-1.02487116,-0.260021357,-0.0822762054,0.315527218,0.932167888,0.892849707
2.23333333,-0.00387775631,0.0751319509,0.797451299,0.999972471,0.00178825003,0.00704051212,-0.00151351068,-0.0344996223,0.0301942396,-0.0130498056,0.108473459,-0.0905949931,-0.0630489551,-0.0580199668,-0.0499899236,-0.0247741279,0.128269686,-0.0820211527,0.0449469589,0.000295731001,-0.176282059,0.0755131731,-0.237297845,0.905677914,-1.05387316,-0.251336914,-0.0905962074,0.323142171,0.909249749,0.914889111
2.25,-0.00384385147,0.075545722,0.79748597,0.999975587,0.00219096561,0.00634355102,-0.00194512705,-0.0320705551,0.0281188514,-0.0125737772,0.107324683,-0.090248308,-0.0643753249,-0.0573491764,-0.05207043,-0.0245403293,0.129925286,-0.0831134901,0.0461099999,0.000588959803,-0.163566171,0.0771909763,-0.243379973,0.875283661,-1.0745736,-0.234778051,-0.0991178648,0.329833359,0.874183941,0.937860935
2.26666667,-0.00368090443,0.0759076065,0.797545539,0.999977866,0.00262633464,0.0056135907,-0.00242027868,-0.0287569597,0.025705109,-0.0120359182,0.105339492,-0.0896556713,-0.0656890206,-0.0559056453,-0.0543201736,-0.0241958878,0.131275951,-0.0844923595,0.0474289307,0.0011566226,-0.148726165,0.0807242744,-0.250942699,0.841596201,-1.09036632,-0.213396464,-0.10906595,0.337475709,0.83090849,0.96378693
2.28333333,-0.00355007799,0.0761230199,0.797559514,0.999978501,0.00285000683,0.00513194197,-0.00292217685,-0.0273152313,0.0250604196,-0.0115329243,0.104832195,-0.089546686,-0.0670782272,-0.0551444498,-0.0553807477,-0.0238383807,0.131888915,-0.0850553989,0.0481043388,0.00167946714,-0.134892675,0.0859513882,-0.257488916,0.807282786,-1.11097948,-0.192404118,-0.118905852,0.345864961,0.786765691,0.991207452
2.3,-0.00348033413,0.0762131701,0.797594349,0.999978192,0.00291253551,0.00482321891,-0.00344521242,-0.0260731295,0.0247987655,-0.0110066047,0.104545468,-0.089711649,-0.0681365081,-0.054514567,-0.0557781253,-0.0234796759,0.131963184,-0.0849177983,0.0483355805,0.00257028294,-0.123728332,0.0918882296,-0.262871937,0.775547814,-1.13418636,-0.172492862,-0.127266925,0.353549393,0.745424245,1.01668342
2.31666667,-0.00350058532,0.076141326,0.797576912,0.99997716,0.00275304107,0.00473597448,-0.00395858236,-0.0267622213,0.0265298772,-0.0105397551,0.105994198,-0.0905195025,-0.0692313515,-0.0544058909,-0.0548633435,-0.0231838025,0.130984268,-0.0836245637,0.0479032389,0.00355089555,-0.115885076,0.101086366,-0.271911684,0.745285526,-1.15916998,-0.154862081,-0.133491503,0.360524288,0.708527155,1.03876923
2.33333333,-0.00348328045,0.0760363436,0.797597388,0.999976722,0.002485614,0.00452997483,-0.00445597009,-0.0269159932,0.0280448259,-0.0100863456,0.107432275,-0.0914861822,-0.0702722722,-0.053340123,-0.0535644865,-0.0228615807,0.129079979,-0.0819921654,0.0471182583,0.0043466699,-0.105920822,0.108818378,-0.280703285,0.713711829,-1.18465764,-0.139135039,-0.138626826,0.367202127,0.673575162,1.05906338
2.35,-0.00339600108,0.0761016163,0.797634588,0.999976178,0.00239974368,0.00418342617,-0.0049380178,-0.0261129409,0.0281727751,-0.0097005173,0.107895331,-0.0919680312,-0.0707604773,-0.0516735422,-0.0528221056,-0.0225314169,0.127274668,-0.0808380673,0.0465549564,0.00516499709,-0.0934672777,0.112011325,-0.285869236,0.681134064,-1.20744268,-0.124719257,-0.144046332,0.373128759,0.639511636,1.07705452
2.36666667,-0.00335634936,0.0763901031,0.797667369,0.999973606,0.0027738876,0.00404434554,-0.00536056587,-0.0256417457,0.0256963204,-0.00947653523,0.107213439,-0.0912974537,-0.0713150933,-0.0521863934,-0.0547853978,-0.0222875894,0.128455329,-0.0816197644,0.0476343831,0.00615002076,-0.0802956086,0.112748485,-0.291701829,0.646602436,-1.22088696,-0.112597343,-0.149400931,0.377172987,0.607136823,1.0917665
2.38333333,-0.00336975409,0.0765317905,0.79772387,0.999971347,0.00307586236,0.00385418805,-0.00574372303,-0.0247144931,0.0230724152,-0.00933703787,0.106175271,-0.0905162464,-0.0712174379,-0.0523617043,-0.0562570028,-0.0221225185,0.129859923,-0.0827451944,0.0483574681,0.00651603246,-0.0672107774,0.116614481,-0.297539734,0.611617079,-1.22990363,-0.104551427,-0.151843661,0.380106123,0.580319571,1.10100573
2.4,-0.00340168119,0.0763578384,0.797702331,0.999970694,0.00287953632,0.00342759199,-0.00621059874,-0.0229587605,0.0244863162,-0.00833228957,0.105496066,-0.0907527696,-0.0706794955,-0.0509287076,-0.054907583,-0.0216857976,0.128684672,-0.0817692112,0.0475893272,0.00657293152,-0.0539387388,0.124586081,-0.304099798,0.576161765,-1.23952111,-0.100583093,-0.149879511,0.381983381,0.560182054,1.1046765
2.41666667,-0.00341719367,0.0761815159,0.797727752,0.999969729,0.00261016066,0.00305677179,-0.00666209244,-0.0212558452,0.0256341286,-0.00724463035,0.10475445,-0.0909744146,-0.0705237186,-0.0496781991,-0.0540139499,-0.0211949413,0.127259191,-0.0805683237,0.0470799653,0.00647180433,-0.0414872631,0.133433248,-0.311537318,0.540191211,-1.25021355,-0.0953223474,-0.150175995,0.386245661,0.537696722,1.10825688
2.43333333,-0.00346795771,0.0760530609,0.797714741,0.999968537,0.00232482974,0.00299292048,-0.00696873264,-0.0217771087,0.0277476986,-0.00665717698,0.106201346,-0.0918613035,-0.0709757171,-0.0488662821,-0.0526634876,-0.0209514736,0.125393182,-0.0788273989,0.0464158287,0.00634330871,-0.0315381178,0.139190286,-0.318752336,0.506923556,-1.25888928,-0.088395086,-0.15031368,0.391121805,0.512797529,1.11564883
2.45,-0.00360564119,0.0759969412,0.797710688,0.999966774,0.0022117886,0.00312412059,-0.00719712084,-0.0229997839,0.0286046886,-0.006316797,0.107677675,-0.0924964539,-0.0719271912,-0.0497922058,-0.0531001214,-0.0208566722,0.125339266,-0.0778600646,0.0469512069,0.00644379778,-0.0247086381,0.140141775,-0.325502495,0.479243596,-1.26499578,-0.0829860305,-0.146606185,0.393976723,0.489576001,1.11948508
2.46666667,-0.00371319319,0.0759512741,0.797714729,0.999965226,0.0022033705,0.00316409171,-0.00739466493,-0.0233759626,0.0288532235,-0.0060348256,0.108112325,-0.0926764604,-0.0726179624,-0.0504218771,-0.0536291822,-0.0208264176,0.125700403,-0.0773731827,0.0474719668,0.00660074215,-0.0178160719,0.14278614,-0.331542399,0.45232221,-1.27271631,-0.0778143944,-0.143781249,0.395037571,0.467679196,1.11928056
2.48333333,-0.00373340273,0.0758377928,0.79773534,0.999964567,0.00213741237,0.00308411753,-0.00753555822,-0.0230898351,0.0291287856,-0.00584920019,0.107885754,-0.092565587,-0.0727898982,-0.0502437433,-0.053476121,-0.020854817,0.125439243,-0.076705878,0.0473959384,0.0066753583,-0.00875694332,0.149205183,-0.337650657,0.422627424,-1.28245509,-0.0726499738,-0.142088449,0.395842047,0.447280302,1.11514381
2.5,-0.00365985531,0.0757683716,0.79776363,0.999964225,0.0021526991,0.00298422534,-0.00761633938,-0.022773529,0.0289557675,-0.00569029163,0.107412739,-0.0920961072,-0.0731149414,-0.0498338908,-0.0532884684,-0.0209285156,0.125046642,-0.0764010037,0.0471039724,0.0066514781,0.00233621605,0.157361129,-0.345778755,0.390271417,-1.2887449,-0.0661128598,-0.144265297,0.399521166,0.426556324,1.11097562
2.51666667,-0.00349104543,0.0758814226,0.797791655,0.999963714,0.00232867154,0.00292567162,-0.0076543455,-0.0227181454,0.0280092167,-0.00551837602,0.106963089,-0.0913839196,-0.0736543776,-0.0497387751,-0.0535167215,-0.0210253666,0.125373366,-0.0768199413,0.0469456765,0.00693429311,0.014101973,0.163083081,-0.355645226,0.355622102,-1.29170058,-0.0572200456,-0.149755249,0.405381213,0.404837285,1.1091411
2.53333333,-0.00330614745,0.0761182381,0.797797727,0.999962858,0.00260275124,0.00295166971,-0.0076678362,-0.0226870185,0.0267868925,-0.00542980029,0.106468464,-0.0908795552,-0.074254242,-0.0498417543,-0.0543864409,-0.021068633,0.125958898,-0.0780251671,0.0473398044,0.0078721275,0.025350207,0.165384489,-0.366390092,0.317868685,-1.29518524,-0.0486744869,-0.156222413,0.409845519,0.380083504,1.11425943
2.55,-0.00318122839,0.0762637728,0.797783924,0.99996216,0.00280198138,0.00299150515,-0.00767320986,-0.0225662075,0.0260837225,-0.00537858257,0.106048091,-0.0906641083,-0.0746065839,-0.0498958075,-0.055065796,-0.0210778633,0.126390851,-0.0791298489,0.0477675135,0.00829522305,0.0342014974,0.170284966,-0.375136171,0.283664427,-1.29555015,-0.0422826469,-0.163359422,0.414234695,0.354448321,1.12075332
2.56666667,-0.00313297064,0.0763117341,0.797763495,0.999961975,0.00286729484,0.00298380664,-0.0076761583,-0.0224140925,0.0259215079,-0.00531498701,0.105841686,-0.0906669964,-0.0744653258,-0.0498661608,-0.0552816399,-0.0210848816,0.126550082,-0.0795775007,0.0479580627,0.00812606113,0.0405095828,0.176883493,-0.381863342,0.254444735,-1.29189757,-0.0387429926,-0.171290401,0.419457069,0.330687483,1.1200592
2.58333333,-0.00313771958,0.0763491699,0.79775651,0.999961995,0.00292315849,0.00289570171,-0.00768623819,-0.0221295286,0.025778435,-0.00521495157,0.10574242,-0.0906628176,-0.0744435642,-0.0497328365,-0.0554413773,-0.0210777601,0.126740078,-0.0798729122,0.0480574217,0.00772517129,0.0445162401,0.181989587,-0.387010296,0.230636765,-1.28373276,-0.0367428365,-0.178513882,0.42478277,0.309372045,1.113492
2.6,-0.00311315356,0.0763744903,0.797761061,0.999962183,0.00302469699,0.0026320986,-0.00771720574,-0.0214192947,0.0254884602,-0.00507612039,0.105685143,-0.090658601,-0.0750376405,-0.0492423295,-0.0557033419,-0.0210407548,0.12712196,-0.0802667891,0.0481361358,0.00716924328,0.0476544474,0.184036929,-0.389491643,0.212965786,-1.27380583,-0.0341919298,-0.184362831,0.429655925,0.289120904,1.10663767
2.61666667,-0.00301315682,0.0763168343,0.79777474,0.999962461,0.00313177295,0.00223955188,-0.00776223109,-0.0202546181,0.0252722611,-0.00493539793,0.105669053,-0.0907688419,-0.076212664,-0.0482765832,-0.0558811331,-0.0210027527,0.127600842,-0.0808136503,0.048100358,0.00641289185,0.0530064538,0.188295031,-0.391403445,0.196704498,-1.26495528,-0.0307389105,-0.188988178,0.433825483,0.269694528,1.10110622
2.63333333,-0.00293351465,0.0761420496,0.797781551,0.999962401,0.00321563894,0.00199751789,-0.00780161464,-0.0195739729,0.0252397151,-0.00483839317,0.105728819,-0.0909219734,-0.07723955,-0.0477188973,-0.0558951881,-0.0209921126,0.128080181,-0.0814675966,0.0479656591,0.00539891826,0.0576992055,0.196546454,-0.393084475,0.17611944,-1.2544725,-0.027324422,-0.193180772,0.438264604,0.249925643,1.09252087
2.65,-0.00288610573,0.0759175602,0.797769258,0.999962093,0.00328046933,0.00198642702,-0.00781704211,-0.0195230561,0.0253560667,-0.00479777371,0.105820433,-0.0910416321,-0.0778206897,-0.0477480449,-0.0557722767,-0.021018034,0.128543872,-0.0821923612,0.0477660984,0.00407420087,0.0619173973,0.207184915,-0.394525485,0.150706781,-1.24018794,-0.0243167318,-0.196168317,0.442984298,0.231259518,1.07935532
2.66666667,-0.00281509218,0.0757796628,0.797755632,0.999961792,0.00334324494,0.0020864024,-0.00780278533,-0.0197271087,0.0253397591,-0.0047933851,0.105851659,-0.0911033959,-0.0780952832,-0.0480237808,-0.0557796116,-0.0210694549,0.12891825,-0.082839826,0.0476810148,0.00352490969,0.0697329557,0.217905064,-0.396961175,0.11841503,-1.22541839,-0.0239476075,-0.198980561,0.445104945,0.218902157,1.06241224
2.68333333,-0.00274229707,0.0756971771,0.797745458,0.999961544,0.00340180248,0.00220387386,-0.00777690547,-0.019959911,0.0252838027,-0.00476594307,0.105812636,-0.0911028674,-0.0782675375,-0.0483690856,-0.0558546651,-0.0211177561,0.129270339,-0.0833897413,0.0476663178,0.00322256332,0.0782229103,0.228789829,-0.40198804,0.0856069882,-1.20928008,-0.0251145157,-0.201693803,0.447378866,0.209025412,1.04503381
2.7,-0.00270155292,0.0756258445,0.797735527,0.999961382,0.0034459146,0.00230618812,-0.00774864554,-0.0201324812,0.0252390916,-0.00471965961,0.105739364,-0.0910678159,-0.0784109706,-0.0487196,-0.0559550337,-0.0212110937,0.129667355,-0.0837855212,0.0476878424,0.00298459434,0.0839081608,0.238232956,-0.407571905,0.0567926098,-1.1910094,-0.026541202,-0.204845439,0.450765489,0.19868789,1.02821675
2.71666667,-0.00268214527,0.0755701471,0.79772765,0.999961355,0.00346762116,0.00240980012,-0.00771083127,-0.0203312578,0.0252397112,-0.00467382845,0.105703684,-0.0910549715,-0.0784184699,-0.0490701609,-0.0560339534,-0.0213397368,0.130022222,-0.0840519061,0.0477288854,0.00271319731,0.0868054613,0.245299804,-0.412687482,0.0320093649,-1.17172384,-0.0275150083,-0.208199152,0.454819144,0.187880258,1.01154039
2.73333333,-0.00266009717,0.07550306,0.797717815,0.999961522,0.00344631338,0.00250990215,-0.00766667076,-0.020543003,0.0253690931,-0.00462987579,0.1057564,-0.0911250635,-0.0781923982,-0.0493412646,-0.0559897112,-0.0214988215,0.130255634,-0.0842237724,0.0477250986,0.00238629295,0.0898969989,0.252236275,-0.417727506,0.00838583011,-1.15199597,-0.0281833694,-0.210879226,0.458256731,0.177106181,0.993954076
2.75,-0.00263167698,0.0754124654,0.797694467,0.999961796,0.0033739906,0.00261450771,-0.00762799734,-0.0207707794,0.0257287157,-0.0045697072,0.105942285,-0.0913586423,-0.0775697495,-0.0495081777,-0.0557263669,-0.0216767679,0.130293936,-0.0842782497,0.0476322575,0.00198276536,0.0948295178,0.259801734,-0.422166518,-0.0155574831,-1.13219855,-0.0293964553,-0.212241586,0.461109108,0.167267819,0.972662969
2.76666667,-0.00264535955,0.0752978933,0.797673347,0.999961954,0.00329216455,0.00273560095,-0.00760058436,-0.0210736194,0.0261679999,-0.00448523088,0.106112266,-0.0915681025,-0.0768754431,-0.0497583486,-0.0553996105,-0.0218472976,0.130313695,-0.0843170812,0.0474977794,0.00151275021,0.100840346,0.269051811,-0.426536217,-0.0403046362,-1.11127017,-0.0326217859,-0.21346827,0.464538905,0.158586521,0.947843615
2.78333333,-0.00269884175,0.0751807012,0.797652978,0.999962085,0.00320620612,0.00284338462,-0.00758052385,-0.0213012466,0.0265519983,-0.00442580282,0.106200401,-0.0917186028,-0.0761118275,-0.0499908957,-0.0550477101,-0.0220055505,0.130366728,-0.0843696732,0.0473337453,0.0009802449,0.1077577,0.280245936,-0.43256375,-0.0673960197,-1.09068249,-0.0387880196,-0.213683936,0.468660418,0.152995818,0.920295037
2.8,-0.00269363722,0.0751398445,0.797637797,0.999962192,0.00314910768,0.00293806289,-0.00755417707,-0.0213646582,0.0263180877,-0.00449669814,0.106160879,-0.0918280751,-0.0750491922,-0.0500608136,-0.0549297668,-0.0221598671,0.13042747,-0.0845458391,0.047287089,0.000613276663,0.11680156,0.28975924,-0.439558348,-0.095491926,-1.07395443,-0.0450206183,-0.214709414,0.473449508,0.147872968,0.891427972
2.81666667,-0.00262069711,0.0752064535,0.797647524,0.999962173,0.00325036702,0.00299428146,-0.00749145647,-0.021207736,0.0248941899,-0.00481600606,0.105837896,-0.0916338528,-0.0738575932,-0.0499980211,-0.0553282537,-0.0223319659,0.130781187,-0.0850441291,0.0474419127,0.000161774835,0.125575248,0.296816449,-0.447183998,-0.120302724,-1.05865953,-0.0494126147,-0.216776069,0.478919932,0.140635298,0.863414981
2.83333333,-0.00252784245,0.0752370551,0.797675142,0.999962109,0.0033224647,0.00302657353,-0.00745536304,-0.0210608071,0.0233068645,-0.00517118578,0.105495032,-0.0913769701,-0.0726261044,-0.0499529601,-0.0557892372,-0.022465529,0.131255219,-0.0856384585,0.0476186554,-0.000458239181,0.132213427,0.303048408,-0.454959771,-0.142441051,-1.0381184,-0.0520409333,-0.220894826,0.483937036,0.133623743,0.83591654
2.85,-0.00235459338,0.0750076707,0.797584342,0.999961488,0.00301691505,0.00325829337,-0.00757001757,-0.0214684311,0.0257045266,-0.0045960778,0.106251898,-0.0924350835,-0.0715833399,-0.0500771569,-0.0545548474,-0.0222503231,0.130705801,-0.0854162961,0.047205612,-0.00105234557,0.142021901,0.312342794,-0.462522963,-0.171506758,-1.00715021,-0.0544586021,-0.223687146,0.48985632,0.126651264,0.80576073
2.86666667,-0.00203164605,0.074646452,0.797493563,0.999959492,0.00266600184,0.00375924137,-0.00773143486,-0.0226834064,0.028307074,-0.00392601978,0.107565473,-0.0940157506,-0.0708210207,-0.0508973788,-0.0531696983,-0.0219429277,0.130442524,-0.0855863271,0.0466629443,-0.00198588976,0.166709804,0.329287564,-0.462656935,-0.219862504,-0.976654173,-0.0545534228,-0.222492668,0.492325424,0.118823682,0.768893143
2.88333333,-0.00171132775,0.0743700101,0.797452095,0.999957748,0.00255235242,0.00407116828,-0.00783661854,-0.0233545425,0.0295018366,-0.00353413011,0.108556469,-0.095117536,-0.0708070569,-0.05134491,-0.0524579911,-0.0217302534,0.130774738,-0.0862207313,0.0462910831,-0.0030770592,0.190723472,0.343227114,-0.459968972,-0.255182048,-0.950217985,-0.0530616515,-0.222107128,0.49271596,0.111181156,0.731598581
2.9,-0.00148434441,0.0742015962,0.797458788,0.999957266,0.00263969224,0.00398911679,-0.00791102468,-0.0228460057,0.0292824217,-0.00331150804,0.108593504,-0.0953581623,-0.0717476345,-0.0510431014,-0.0525106309,-0.021579998,0.131393269,-0.0869864618,0.0461484494,-0.00357221383,0.205106473,0.350980973,-0.458778981,-0.267486688,-0.92409148,-0.0495629861,-0.223235522,0.491368841,0.103094221,0.695985123
2.91666667,-0.00127415252,0.0741023913,0.79751209,0.999957144,0.00294322835,0.00364280923,-0.007986068,-0.0211191226,0.0276791719,-0.00310674044,0.107252201,-0.0946951354,-0.0733373361,-0.0502194387,-0.0532536145,-0.0214134492,0.132376646,-0.0880732021,0.0461896205,-0.00349937231,0.213145618,0.355451715,-0.458239061,-0.265556481,-0.892880975,-0.0432248287,-0.224123853,0.487841392,0.0937803081,0.661147731
2.93333333,-0.00114906177,0.0740702076,0.79760893,0.99995669,0.00337711481,0.00324174646,-0.00804384877,-0.0189513204,0.0250720992,-0.00292730986,0.10503116,-0.0933070078,-0.0749967856,-0.0493091802,-0.0544319822,-0.0212341831,0.133507338,-0.0892094731,0.0463587314,-0.00329691509,0.218268174,0.356579729,-0.457109832,-0.254854404,-0.858283938,-0.0389376304,-0.224235174,0.484398004,0.0880778333,0.629113052
2.95,-0.00120363604,0.0739745025,0.797664364,0.99995642,0.00359289473,0.00302611003,-0.00806791898,-0.0188356793,0.0243239142,-0.00291400521,0.104831205,-0.0925617874,-0.0769399496,-0.0489937482,-0.0548381896,-0.0211500278,0.133828132,-0.0894490834,0.0462980612,-0.0034766665,0.218878223,0.353990265,-0.454823557,-0.238322093,-0.8281686,-0.0364664037,-0.223833828,0.481898935,0.0868023898,0.600633217
2.96666667,-0.001330255,0.0737675258,0.797668112,0.999956738,0.00354461709,0.00288870529,-0.00810014871,-0.0192273571,0.0262862459,-0.00293856456,0.10572528,-0.0927674936,-0.0797899772,-0.04862613,-0.054209503,-0.0210790821,0.133046934,-0.0887257237,0.0458849063,-0.00373508299,0.216061805,0.348361165,-0.451371108,-0.217774257,-0.801479888,-0.0339386501,-0.223005936,0.480173978,0.088576518,0.57626042
2.98333333,-0.00140646345,0.0736034928,0.797701135,0.999956759,0.00357175399,0.00270786094,-0.00814807038,-0.0190135446,0.0275380814,-0.00295475962,0.105867608,-0.0927273051,-0.0829779899,-0.0481406011,-0.0539608008,-0.0209961501,0.132343342,-0.0881352621,0.0456016479,-0.00375932244,0.211713652,0.339717285,-0.447745334,-0.196369768,-0.774337874,-0.0319608887,-0.221582497,0.479188072,0.0937610771,0.554918459
3,-0.00140654462,0.0734724732,0.797748579,0.999956262,0.00371759675,0.00252980514,-0.00820086249,-0.0182766881,0.0277677496,-0.00299858041,0.105097933,-0.0922022174,-0.0856719283,-0.0476432919,-0.0540672337,-0.0209465251,0.13206477,-0.0879743113,0.0454261718,-0.00361647896,0.208075931,0.33214788,-0.444529374,-0.176273626,-0.747367694,-0.0315231375,-0.218549589,0.480554485,0.103232269,0.532172408
3.01666667,-0.00135472795,0.0733220853,0.797793177,0.999955476,0.00384801142,0.0024276746,-0.00826715423,-0.0175454662,0.0276811642,-0.00308106443,0.10405685,-0.0915507488,-0.0876175863,-0.0472920983,-0.0541734327,-0.0209461166,0.131902181,-0.0879444409,0.0452500456,-0.00335194161,0.206574328,0.327105067,-0.442435138,-0.158843154,-0.723740538,-0.0325508255,-0.214267156,0.484256426,0.116332384,0.507025319
3.03333333,-0.00127800928,0.0731546062,0.797828261,0.999954414,0.00392837906,0.00243292242,-0.00835576016,-0.0171557351,0.0276851366,-0.00317042529,0.10326111,-0.0910715674,-0.0889946582,-0.0472275135,-0.0541404279,-0.0209819863,0.131780088,-0.0879072126,0.0450408026,-0.00292215417,0.206039471,0.323618571,-0.441055151,-0.141865879,-0.70252773,-0.0354144251,-0.209638186,0.488724607,0.131084824,0.483127341
3.05,-0.00119873077,0.0729913356,0.797846226,0.99995313,0.00397693972,0.00250038505,-0.00846581547,-0.0171317859,0.0277889409,-0.00321848819,0.102928821,-0.0908874976,-0.0900010422,-0.0474003932,-0.0540280104,-0.0210413982,0.131792074,-0.0879342647,0.0448420893,-0.0023472248,0.204636237,0.320043222,-0.440423104,-0.1237863,-0.678542352,-0.0399598208,-0.205752615,0.493029053,0.145843982,0.460291824
3.06666667,-0.00113988823,0.0728625246,0.797861542,0.999951898,0.00400903022,0.00255966342,-0.00857770683,-0.0172123718,0.0278294175,-0.00319948545,0.102940165,-0.090907688,-0.0907589585,-0.0476128215,-0.0539262367,-0.0211118715,0.131949342,-0.0880144355,0.0446778507,-0.00174286551,0.200648897,0.315615602,-0.442000487,-0.103986821,-0.647324147,-0.0449934157,-0.202486484,0.497737961,0.161060049,0.437328734
3.08333333,-0.00108932118,0.0727625629,0.797869174,0.999950929,0.00401678786,0.00258131227,-0.00867999011,-0.017046927,0.027667676,-0.00311085499,0.102887681,-0.0910319345,-0.0909243603,-0.0477021187,-0.0538044316,-0.0211456062,0.131956188,-0.0879365258,0.0445187219,-0.00120166716,0.193480951,0.310678224,-0.44624299,-0.0823792336,-0.60545139,-0.0502544902,-0.198485307,0.504081242,0.17809317,0.411603063
3.1,-0.000987267603,0.0726595389,0.797876255,0.999949953,0.00404610437,0.00245587926,-0.00881409547,-0.0160865837,0.027132326,-0.0028632688,0.10220943,-0.0910068994,-0.0903289931,-0.0474428008,-0.0536933068,-0.0210657077,0.131970932,-0.0879095683,0.044360985,-0.000786658181,0.185457263,0.30718308,-0.450826527,-0.0625558079,-0.558266121,-0.0543708947,-0.19159902,0.509133466,0.197818799,0.381895645
3.11666667,-0.000793705394,0.0724754067,0.797891336,0.99994897,0.00405327706,0.00227177545,-0.00897037103,-0.0145978616,0.0265646093,-0.0025131887,0.10114939,-0.0908436117,-0.0896207827,-0.046821652,-0.0535966423,-0.0208606747,0.132126379,-0.0881723004,0.0441947922,-0.000307140782,0.183994136,0.3094438,-0.450649362,-0.0524181567,-0.520216496,-0.0553351445,-0.182807442,0.507003039,0.221151662,0.343081429
3.13333333,-0.000635621833,0.0722174072,0.797856612,0.999948634,0.00389080552,0.00235530292,-0.00905779358,-0.0153269726,0.027999301,-0.00238675806,0.102335908,-0.0915866511,-0.0897572655,-0.0468014128,-0.0528200448,-0.0207978971,0.131839731,-0.0880844324,0.0438239681,-0.000206864946,0.182615125,0.314475587,-0.451524793,-0.0473438908,-0.487033422,-0.0567361879,-0.174266854,0.50491057,0.24579915,0.301210655
3.15,-0.000619583654,0.0720846428,0.797833827,0.999948485,0.0037158469,0.00257665739,-0.00908739436,-0.0166410008,0.0291646707,-0.00239290024,0.103921378,-0.0924585891,-0.0902274147,-0.0471515553,-0.0522715158,-0.0208024522,0.131335534,-0.0876763998,0.0436000391,-4.29835454e-05,0.175796084,0.31680966,-0.455869254,-0.0387783477,-0.454616088,-0.0637960627,-0.168660285,0.505818361,0.273743254,0.264728795
3.16666667,-0.00063742351,0.0720581802,0.797824539,0.999948228,0.00363543847,0.00272487393,-0.00910498109,-0.0174472181,0.0295805998,-0.00235739896,0.104779705,-0.09295068,-0.0903281053,-0.0474123925,-0.0520207711,-0.0208081839,0.130989501,-0.0874276497,0.0435076723,0.000146438647,0.165807655,0.317876221,-0.461408316,-0.024903674,-0.424052745,-0.0714914636,-0.166269012,0.508071054,0.296551501,0.233910147
3.18333333,-0.00060150162,0.0720292496,0.797815936,0.999948281,0.00355255343,0.00279643821,-0.00911011628,-0.0177643375,0.0297589803,-0.00226061519,0.105237858,-0.0932975812,-0.0898515619,-0.0472238874,-0.0516422099,-0.0208235004,0.130575471,-0.0873905441,0.0433047982,0.00040224509,0.154612882,0.319558186,-0.467053971,-0.00936761168,-0.396318374,-0.0772285326,-0.166031261,0.510060816,0.313757996,0.206072707
3.2,-0.000524694261,0.0719535578,0.797806041,0.999949338,0.00333165651,0.0027404956,-0.0090945723,-0.0177532335,0.0302964117,-0.0021545579,0.105847227,-0.0938940257,-0.0886766783,-0.0460334249,-0.0506320224,-0.0208137167,0.129010978,-0.0868782287,0.0427647732,0.000602832587,0.142193348,0.321540568,-0.472744342,0.00945290825,-0.365545808,-0.0817982973,-0.166507954,0.512188844,0.3290802,0.177091484
3.21666667,-0.000509381413,0.0717972174,0.797808909,0.999950964,0.00307482315,0.00256552817,-0.00905717002,-0.0174413065,0.0311343067,-0.00211535238,0.106512168,-0.0944838486,-0.0875878833,-0.0440164525,-0.0494009698,-0.0207474959,0.126355864,-0.0856399935,0.0421439268,0.000318684348,0.125119345,0.32258916,-0.477872119,0.039326152,-0.334250788,-0.0871041605,-0.166126542,0.515553077,0.344898264,0.147034844
3.23333333,-0.000644145293,0.0716673461,0.797822427,0.999951973,0.00302465107,0.00248995066,-0.0089834647,-0.0175586321,0.0313182741,-0.00216155697,0.106735726,-0.094366223,-0.0878226498,-0.0440716491,-0.0498717317,-0.0207490695,0.126032958,-0.084786796,0.0426410757,-0.00040346069,0.100818244,0.320558863,-0.48287876,0.0871728239,-0.30334292,-0.0937034342,-0.165082585,0.520373171,0.361365153,0.118252292
3.25,-0.000788142065,0.0716652512,0.797836073,0.999952895,0.00306651121,0.00255053743,-0.00884865852,-0.0179343691,0.0311857172,-0.0023830291,0.106768296,-0.094099785,-0.088383328,-0.0448534895,-0.0505537634,-0.0208358524,0.126733426,-0.0845086706,0.0432122703,-0.000717977385,0.0768926141,0.316126986,-0.489807416,0.132053489,-0.276081344,-0.100045954,-0.165301914,0.523398157,0.378505408,0.0952628284
3.26666667,-0.000809915235,0.0717170026,0.79783431,0.99995418,0.00303471602,0.0026943007,-0.00867005733,-0.0183293841,0.0312691357,-0.00270862087,0.106854946,-0.0941746113,-0.0882682808,-0.0454435872,-0.0507092672,-0.0209532064,0.12721626,-0.0846420688,0.0434072798,-0.000671873959,0.058301774,0.31410596,-0.498879641,0.162207786,-0.249628282,-0.106532232,-0.16536672,0.524989009,0.396575541,0.0776405191
3.28333333,-0.000742138643,0.0717594718,0.797797608,0.999955777,0.00290147613,0.00290078926,-0.00846237362,-0.0185515647,0.0317877782,-0.00312424066,0.107005115,-0.0947276847,-0.0872219167,-0.0457777,-0.0503686015,-0.0211309643,0.12730276,-0.0849157053,0.0433423019,-0.000689572528,0.0431053286,0.315543551,-0.509451125,0.181581809,-0.221285069,-0.114331096,-0.165573195,0.527267267,0.415598328,0.0581510059
3.3,-0.000646381466,0.0718067185,0.797738172,0.999957526,0.00271171894,0.00311558746,-0.0082392447,-0.0185859086,0.0325886723,-0.00355756057,0.107165469,-0.0955340242,-0.0855369505,-0.0459273837,-0.0498059955,-0.02138019,0.12710156,-0.0850846982,0.0432141024,-0.000878532234,0.0292773521,0.318284774,-0.520639153,0.197396148,-0.191794112,-0.123379505,-0.166342501,0.53112717,0.435293201,0.0321503802
3.31666667,-0.000494603967,0.0718970072,0.797700289,0.999958927,0.00255938955,0.00330598863,-0.00804137985,-0.0188530561,0.0328725569,-0.00376734368,0.107364814,-0.0959934032,-0.0836975836,-0.045885266,-0.0494478174,-0.0215841465,0.126730235,-0.0851549573,0.04317447,-0.00106305373,0.0178150677,0.321137514,-0.532619757,0.212665197,-0.163326811,-0.131075101,-0.167102657,0.536374359,0.457094887,0.00193179645
3.33333333,-0.000247684876,0.072048997,0.797676707,0.99995981,0.00245165312,0.00349180628,-0.00788511622,-0.0193826394,0.032615071,-0.00375458844,0.107667195,-0.0962075526,-0.081797286,-0.045746677,-0.0493428766,-0.0216881323,0.126302675,-0.0851599626,0.0432765895,-0.00109727786,0.0087251849,0.321855842,-0.543828887,0.228918722,-0.139711867,-0.137094291,-0.169016148,0.543038062,0.479121423,-0.0282621403
3.35,0.000115173698,0.0722608528,0.797645625,0.999960093,0.00238845892,0.00373830505,-0.00775449256,-0.0198544087,0.0322647452,-0.00375403373,0.108014992,-0.096619789,-0.0800909451,-0.0457854783,-0.049438878,-0.0217569685,0.126241025,-0.0856221742,0.0434941208,-0.000775609797,5.98725269e-05,0.323733101,-0.557253194,0.243703905,-0.117929617,-0.14175269,-0.174276029,0.550446797,0.495967256,-0.0528493134
3.36666667,0.000566634156,0.0725092797,0.797600671,0.999959613,0.00236721293,0.00407246311,-0.00765402085,-0.0203466397,0.0318870456,-0.00381253664,0.108452135,-0.0973553201,-0.0786092875,-0.0461612218,-0.0497248212,-0.0218104025,0.126767775,-0.0867927612,0.0438124104,0.000212481318,-0.00791340456,0.329179217,-0.574127933,0.253154978,-0.0936353567,-0.145312771,-0.183678636,0.558796574,0.5060491,-0.0690388892
3.38333333,0.000921376959,0.0726883648,0.797540472,0.999958915,0.00230421351,0.0043800588,-0.00759428193,-0.0208491873,0.0318866014,-0.00389072465,0.109053315,-0.0982194631,-0.0770205094,-0.0467056419,-0.0497081376,-0.0218503577,0.127537988,-0.0878798604,0.0439662182,0.00089928879,-0.01687144,0.334622855,-0.589359534,0.263208131,-0.0654181501,-0.151919264,-0.189042243,0.566072358,0.518944485,-0.0811359057
3.4,0.00112646334,0.0728024463,0.797488711,0.999958257,0.00217796541,0.00462300282,-0.007574226,-0.021318256,0.0321590211,-0.00396187513,0.109707428,-0.0990356894,-0.0752474156,-0.0470910816,-0.0494581921,-0.021872813,0.127925234,-0.0884466418,0.0440176924,0.00109993918,-0.0272044456,0.337071562,-0.60162672,0.277762735,-0.035619539,-0.161744288,-0.189599772,0.571901832,0.537216691,-0.0940916879
3.41666667,0.00128100926,0.0729922036,0.797450109,0.999957377,0.00205589328,0.00483795383,-0.00759027865,-0.021686548,0.0322549037,-0.0039830463,0.110260947,-0.0997176728,-0.073588268,-0.0472682101,-0.0493844866,-0.0218678609,0.127914943,-0.0886497476,0.0442028129,0.00155341193,-0.0376432405,0.33424855,-0.612037452,0.298322967,-0.00983256029,-0.173200484,-0.189766456,0.576724935,0.55998569,-0.10779843
3.43333333,0.00137931463,0.073501014,0.797435526,0.999956475,0.00205122084,0.00496881036,-0.00762566893,-0.0219070658,0.0315911058,-0.00396569192,0.110535987,-0.10006367,-0.0724443667,-0.0473747881,-0.0499588004,-0.0218254706,0.127733944,-0.0885913019,0.0447551725,0.00342361655,-0.048396264,0.324983079,-0.621828545,0.324603626,0.00828238131,-0.186795841,-0.195729273,0.579714854,0.587835758,-0.119157019
3.45,0.00129180894,0.0743290275,0.797450445,0.999954983,0.0021601838,0.00512055784,-0.00769065275,-0.0223243897,0.0301195917,-0.00385402364,0.110543797,-0.0999505464,-0.0716678019,-0.0481416695,-0.0510631461,-0.0216857676,0.128125714,-0.0884813279,0.045534593,0.00711932151,-0.0629732495,0.311694537,-0.633046342,0.355177197,0.0229813328,-0.204690328,-0.209257372,0.580063908,0.621630857,-0.126640303
3.46666667,0.00103415565,0.0749187624,0.797440221,0.999951476,0.00211523561,0.00559738733,-0.00782561401,-0.023765437,0.0294186315,-0.00357557199,0.110776049,-0.0999225822,-0.0699629284,-0.0506156479,-0.0509619495,-0.0213756562,0.129536788,-0.0883510668,0.0454394244,0.0100377701,-0.080689421,0.302788155,-0.645838178,0.385461633,0.0406006623,-0.227330215,-0.218836551,0.583889762,0.654313092,-0.133568136
3.48333333,0.000949659158,0.0749626882,0.797371441,0.999948508,0.00188919972,0.00602104927,-0.00794726712,-0.0250738924,0.0300590948,-0.00327334059,0.111489079,-0.100551539,-0.0673094481,-0.0529695959,-0.0494585926,-0.0210560702,0.131183162,-0.0884955266,0.0444310592,0.0106344262,-0.0964891913,0.304144143,-0.657575019,0.410103543,0.0630610788,-0.245657681,-0.220840063,0.593323251,0.680517972,-0.145388955
3.5,0.00127684334,0.0747953455,0.797331549,0.999950143,0.00178748301,0.00581112235,-0.00792131362,-0.0242454392,0.030505216,-0.00330559653,0.111992626,-0.101298784,-0.0662483725,-0.0509204885,-0.0498102052,-0.0211940559,0.130017919,-0.0889700643,0.045025759,0.00920081074,-0.107979907,0.313678483,-0.667253401,0.430192495,0.0858493908,-0.255850654,-0.219997754,0.606090627,0.701727728,-0.166838904
3.51666667,0.0017447435,0.0746906057,0.79731669,0.999952448,0.00178409158,0.00551653742,-0.00784136179,-0.0230178939,0.0304226641,-0.00341087343,0.112227652,-0.101994709,-0.0662661557,-0.0483211,-0.0505475779,-0.0213800285,0.128341265,-0.0893417676,0.0458646827,0.00810192869,-0.11965864,0.319099337,-0.674896557,0.451511775,0.100131148,-0.258974275,-0.220158331,0.617521865,0.719742238,-0.194940337
3.53333333,0.0020165516,0.074623127,0.797315832,0.999952068,0.00180419723,0.0056580821,-0.00778407397,-0.0230342342,0.0297363931,-0.00347659175,0.112280915,-0.102320107,-0.0656376401,-0.047747069,-0.050854413,-0.0214130462,0.127617552,-0.0895801166,0.0461789797,0.007297798,-0.134766,0.319926896,-0.680889379,0.476837575,0.102568002,-0.264857667,-0.218480882,0.627601049,0.738412074,-0.2202888
3.55,0.00218162123,0.074575983,0.797330934,0.99995119,0.00179328013,0.0058950912,-0.00772333748,-0.0231325124,0.0285654991,-0.00353912409,0.111963106,-0.102320144,-0.064120016,-0.0478915954,-0.0510161762,-0.0213495289,0.127614706,-0.089936034,0.0462543098,0.00671136494,-0.14950338,0.31678782,-0.688680741,0.504214243,0.102758688,-0.275410897,-0.215112063,0.637800599,0.759349337,-0.238889111
3.56666667,0.00239937613,0.0744003367,0.797272745,0.999951847,0.00160223465,0.00591254641,-0.00766666915,-0.0225528108,0.0295598704,-0.00355103745,0.11167508,-0.102779789,-0.06250957,-0.0474522469,-0.0502043144,-0.0212079181,0.127047749,-0.0898755643,0.0459457098,0.00594524329,-0.163121961,0.315940288,-0.700046188,0.530138627,0.110306204,-0.288444329,-0.210527532,0.649705832,0.781665851,-0.253756489
3.58333333,0.00266208882,0.0741096162,0.79724135,0.999952884,0.00134093506,0.00589875287,-0.00759180027,-0.0215976053,0.030654926,-0.00350038265,0.111298533,-0.103304897,-0.0610704528,-0.046570398,-0.0492193545,-0.0210564234,0.12618499,-0.0897620225,0.0454904852,0.00457928306,-0.176723489,0.319317406,-0.714423211,0.554493784,0.1282868,-0.301668697,-0.205359956,0.664034322,0.80376898,-0.270200444
3.6,0.00288610713,0.0738911404,0.797177983,0.999952434,0.00103043343,0.00619270964,-0.00746452755,-0.0229891941,0.0327406678,-0.00351843492,0.113143942,-0.104475018,-0.0603279789,-0.0464387535,-0.0480320573,-0.021076941,0.124941056,-0.0893050401,0.0450557,0.00360556367,-0.191318458,0.3204576,-0.731018488,0.577868966,0.15269366,-0.31454596,-0.199737847,0.676912657,0.826299554,-0.287535324
3.61666667,0.00309273174,0.0738183639,0.797133449,0.999951217,0.00077415252,0.0065792045,-0.00732658407,-0.0245918646,0.034112835,-0.00348847852,0.115187213,-0.105749458,-0.0599578809,-0.0464367652,-0.047260841,-0.0211882307,0.123802716,-0.0889513441,0.0448286616,0.00317826764,-0.205833966,0.316644876,-0.745931883,0.60333569,0.175463322,-0.32632446,-0.193715722,0.687394375,0.848983629,-0.303369382
3.63333333,0.00330897233,0.0738206979,0.797108269,0.999950494,0.000633224047,0.00683759037,-0.00720112517,-0.0253377649,0.0346465595,-0.00341778223,0.116171163,-0.106538892,-0.0595068212,-0.0462349362,-0.0468821024,-0.0213463528,0.122989817,-0.0888595427,0.0447427142,0.00290594641,-0.219387183,0.309037673,-0.757967826,0.631773217,0.192402646,-0.337533073,-0.187932903,0.697696068,0.870302464,-0.317331911
3.65,0.00352097749,0.0738420961,0.797092218,0.99995007,0.000541729421,0.00702988372,-0.00708122767,-0.0255378066,0.034811895,-0.0033793847,0.116424625,-0.106939803,-0.0588760652,-0.0460142966,-0.0466920124,-0.0215406777,0.122468876,-0.08889187,0.0447211661,0.00253533906,-0.232402568,0.299588268,-0.768344745,0.661564477,0.2031605,-0.348401149,-0.182628986,0.709739078,0.889810633,-0.331559224
3.66666667,0.00370324052,0.0738772378,0.797079348,0.999949196,0.000467566496,0.00726111827,-0.00697587281,-0.0258340696,0.0349177006,-0.00337579074,0.116579173,-0.10722394,-0.0581574949,-0.045993398,-0.0465678804,-0.0217329873,0.122086826,-0.0889511693,0.0447381188,0.00208141043,-0.246414609,0.289626202,-0.77844779,0.692203815,0.211021749,-0.359401654,-0.177632391,0.723350953,0.908204247,-0.346160434
3.68333333,0.00379633107,0.0739354063,0.797061482,0.999946907,0.000422175508,0.00765046677,-0.006890198,-0.0267044498,0.0349870315,-0.00338082202,0.116880743,-0.107437083,-0.057523647,-0.0464950175,-0.0465546778,-0.0219167628,0.121909046,-0.0890617307,0.0448188096,0.0017327543,-0.263845242,0.279978848,-0.790629134,0.723199098,0.219582045,-0.371142553,-0.171107106,0.735545088,0.929472093,-0.359746009
3.7,0.00380659831,0.0740072079,0.79703812,0.999943075,0.00039964287,0.00819396131,-0.00682250348,-0.0282633902,0.0350149282,-0.00338803078,0.117366562,-0.107584441,-0.0569079609,-0.0476809062,-0.0466301263,-0.0221035288,0.121967694,-0.0891646175,0.0449560077,0.0015721467,-0.284839497,0.271065057,-0.805281525,0.75372872,0.229230989,-0.383644462,-0.162236909,0.744616018,0.954698231,-0.369462296
3.71666667,0.00387835306,0.0740850202,0.797019715,0.999939441,0.000386550167,0.00866499952,-0.00677364468,-0.0295391018,0.034940544,-0.00342124953,0.11788075,-0.107841767,-0.0562967225,-0.0487051011,-0.0467869044,-0.0223144438,0.122243059,-0.0894418103,0.0451464265,0.00151370993,-0.302503453,0.262574612,-0.820118141,0.782235822,0.24005154,-0.395816458,-0.152086679,0.751547754,0.981818725,-0.374359469
3.73333333,0.00406928996,0.0742006803,0.797007408,0.999937138,0.000424867097,0.00895108772,-0.00673931727,-0.0299421783,0.034432158,-0.00350260922,0.117890427,-0.108039977,-0.0557864327,-0.0493317168,-0.0472234319,-0.0225530635,0.12290603,-0.0900821366,0.0454608595,0.00146213252,-0.316246401,0.254888431,-0.834942929,0.808534834,0.251523813,-0.406485695,-0.14301012,0.757714117,1.00755906,-0.378346125
3.75,0.00439856812,0.0744386029,0.797015168,0.999936675,0.00061620262,0.0090120515,-0.00671182676,-0.0290980249,0.0330553151,-0.00365097184,0.116748041,-0.107850973,-0.0554005635,-0.0493777898,-0.048074571,-0.0228252747,0.123881551,-0.0911447321,0.0458999658,0.00173687702,-0.327818517,0.247097717,-0.850442881,0.834841325,0.261250834,-0.413490274,-0.138520713,0.765386181,1.02763539,-0.385949153
3.76666667,0.00485990397,0.074762235,0.797043317,0.999937445,0.000826409442,0.00893408285,-0.00667873008,-0.0272900947,0.0313257819,-0.00382425307,0.114984872,-0.107512665,-0.0551559584,-0.0484348447,-0.0488036845,-0.0231047906,0.124537059,-0.0924114385,0.0461321385,0.00253367816,-0.340124316,0.238967312,-0.870560402,0.863083349,0.269858645,-0.414368895,-0.141366756,0.77508619,1.03752465,-0.396542365
3.78333333,0.00532498234,0.0749273213,0.797037334,0.999938719,0.000688577059,0.00884334146,-0.00662409303,-0.0270080013,0.0318543708,-0.00408966324,0.115567599,-0.108233698,-0.0550719644,-0.0466608226,-0.0476978935,-0.0234064139,0.122999295,-0.0925043777,0.0453408558,0.00334272122,-0.353820021,0.231487201,-0.896177691,0.891747135,0.279219236,-0.412894764,-0.146758557,0.785093498,1.04015069,-0.407053965
3.8,0.00567765472,0.075003335,0.79704628,0.999940231,0.000558236888,0.00870487233,-0.00659152181,-0.0262446931,0.0322552541,-0.00429149711,0.115997225,-0.109027727,-0.0548504386,-0.0443561242,-0.046240295,-0.0235990888,0.120630652,-0.0920319325,0.0442543748,0.00356047671,-0.36723985,0.225020462,-0.923092943,0.917414623,0.289196973,-0.412711314,-0.148017954,0.792842514,1.0429611,-0.416016447
3.81666667,0.00580557861,0.0751853467,0.797069316,0.99993835,0.000879105209,0.00889367839,-0.00658985086,-0.0260213755,0.0305471147,-0.00432101745,0.114469459,-0.108217263,-0.0556975448,-0.0462783725,-0.0486438567,-0.0237586146,0.123424227,-0.093409068,0.0457476187,0.00356605622,-0.37654979,0.220791586,-0.941832952,0.931456503,0.296075141,-0.415127005,-0.146197136,0.798848561,1.04767709,-0.423956739
3.83333333,0.00583785178,0.0752424611,0.797021327,0.999935264,0.00106046671,0.0092445217,-0.00654840563,-0.0275550884,0.0308500843,-0.00447054806,0.115242316,-0.108252856,-0.0568202323,-0.0483834956,-0.049758457,-0.0239549553,0.126095574,-0.0947367848,0.0466199212,0.00323866541,-0.380423402,0.220527618,-0.953105836,0.933956932,0.299267065,-0.418159996,-0.142957614,0.803808567,1.05309425,-0.433386855
3.85,0.00596623741,0.0751247584,0.796994844,0.999936834,0.000792851095,0.00916031278,-0.00646438702,-0.028352089,0.032215589,-0.00466621484,0.117479413,-0.109588701,-0.0568438428,-0.0475049994,-0.0483021199,-0.0240654312,0.125245051,-0.0946020153,0.045741665,0.00283650283,-0.381904482,0.220782477,-0.96083503,0.934298311,0.302780666,-0.420715521,-0.139551277,0.808999665,1.05826844,-0.44465173
3.86666667,0.0061225283,0.0750599838,0.796989636,0.9999403,0.000537499646,0.00885658175,-0.00637714419,-0.0277815813,0.0331040927,-0.0048126166,0.119000329,-0.110872465,-0.055909828,-0.0449597481,-0.0462074228,-0.0240899983,0.122628369,-0.0936923297,0.0443190915,0.00246943012,-0.383628573,0.219278897,-0.967867742,0.937601058,0.306695751,-0.422954251,-0.136907413,0.816016426,1.06283302,-0.456952404
3.88333333,0.00617309773,0.0752295964,0.79699305,0.999940259,0.00084071954,0.00888390123,-0.0063125721,-0.0273972144,0.0313832108,-0.00475123506,0.117866764,-0.110261,-0.0561467182,-0.046578188,-0.048333587,-0.0241162867,0.125286969,-0.0949044952,0.0456316476,0.00211873001,-0.387100139,0.216244876,-0.975706993,0.942697602,0.311113525,-0.426072571,-0.135509169,0.824466489,1.06644075,-0.469556442
3.9,0.00619385636,0.0754093228,0.797012537,0.999939183,0.0012646595,0.00901667928,-0.00622338481,-0.026632374,0.0292740111,-0.00470872152,0.115648607,-0.108961481,-0.0566793897,-0.0485061159,-0.0508483962,-0.0241532268,0.129178189,-0.0970692734,0.0471511983,0.00170356589,-0.391127086,0.212778105,-0.983433421,0.948169852,0.315266927,-0.428328329,-0.133700856,0.830583702,1.07037216,-0.480001653
3.91666667,0.00620028654,0.0754012831,0.796988685,0.999938419,0.00128079243,0.00918845513,-0.0060900998,-0.0276611339,0.0299514165,-0.0048533818,0.116066072,-0.108844414,-0.0572871162,-0.0494191089,-0.0512173806,-0.0242380009,0.130163371,-0.0976183729,0.0475226593,0.00132464279,-0.395363992,0.209796399,-0.990316342,0.953176009,0.318869059,-0.42985135,-0.130955107,0.833863223,1.07497789,-0.487504021
3.93333333,0.00622036657,0.075332337,0.796974172,0.999938568,0.0011015899,0.00927878433,-0.00596246772,-0.0284779415,0.0312227155,-0.0050387352,0.117257203,-0.109429592,-0.0576790745,-0.0488478034,-0.0504210706,-0.0242676199,0.128728904,-0.0969135847,0.0471538086,0.00103566623,-0.399059263,0.207165673,-0.996106953,0.958135295,0.321206745,-0.430859048,-0.127613725,0.835011903,1.0803259,-0.494217657
3.95,0.00629855911,0.075265863,0.796972817,0.999940852,0.000878927146,0.00912437602,-0.00585370128,-0.0282985346,0.0322019168,-0.00520870253,0.117939466,-0.109994132,-0.0574023985,-0.0470324743,-0.0490512119,-0.0242494805,0.126080845,-0.0957435877,0.0463368262,0.000842448588,-0.402169508,0.204718155,-1.00098766,0.963449455,0.322384239,-0.432076509,-0.124521995,0.837227615,1.08546881,-0.500689384
3.96666667,0.00637970111,0.0752292276,0.796978944,0.999943145,0.00069997725,0.00894227852,-0.00576651355,-0.0277512214,0.0327904427,-0.00536136041,0.118278686,-0.110407751,-0.056640345,-0.0451178685,-0.047744627,-0.0242386907,0.123558281,-0.0946434646,0.0455150618,0.000644843194,-0.405081282,0.202355822,-1.00538987,0.969308163,0.32242674,-0.433867416,-0.122675983,0.84233659,1.08945045,-0.508909768
3.98333333,0.00639741623,0.0752859286,0.796971086,0.999942599,0.000761993868,0.00902339693,-0.00572687766,-0.0280257081,0.0323630235,-0.00537874827,0.118266872,-0.110333968,-0.0566432218,-0.0459138768,-0.0485708328,-0.0242708801,0.124359768,-0.0948689166,0.0461153361,0.000480737334,-0.408099169,0.200006519,-1.00906209,0.974859159,0.321649516,-0.435824123,-0.121749927,0.848284037,1.09286296,-0.519045057
4,0.00641559501,0.0753516863,0.79696029,0.999941299,0.000900664339,0.00915929889,-0.00571796674,-0.028393147,0.0318476817,-0.00535958086,0.118297859,-0.11027105,-0.0570162996,-0.0470439378,-0.0495541048,-0.0243394639,0.126070131,-0.0957244454,0.0467951403,0.000432096382,-0.410804354,0.197809758,-1.01249583,0.979679982,0.3210555,-0.436796155,-0.12039508,0.852271032,1.09643281,-0.528170712
4.01666667,0.00647615376,0.0753732353,0.796959685,0.999940933,0.000954369443,0.00919357389,-0.00571814782,-0.0284765408,0.0316457606,-0.00534369448,0.118325268,-0.110318567,-0.0572801831,-0.0473919583,-0.0499580118,-0.0244031151,0.12682326,-0.0962306871,0.0470668618,0.000485755217,-0.413546193,0.195664396,-1.01589957,0.984404454,0.321771955,-0.437273831,-0.118724178,0.854949549,1.10006902,-0.534647073
4.03333333,0.00655358332,0.0753771622,0.796960966,0.999940923,0.000961356914,0.00918924322,-0.00572578491,-0.0282817434,0.0316346555,-0.00532339093,0.118129937,-0.110312415,-0.0573434652,-0.047175328,-0.0500438077,-0.0244580928,0.126635128,-0.0962475915,0.0471397431,0.000538498105,-0.416311748,0.193356874,-1.01823812,0.989493854,0.322854371,-0.437812685,-0.11730306,0.857088832,1.10358955,-0.539739895
4.05,0.00663596663,0.0753836099,0.796963295,0.999940873,0.000964894739,0.00918480237,-0.0057410033,-0.0279327148,0.0316644856,-0.00528289041,0.117681248,-0.110193387,-0.0573443325,-0.0467730217,-0.0500897609,-0.0245184975,0.12607434,-0.0960657504,0.0471971253,0.000581067164,-0.418468499,0.191084184,-1.01911687,0.994864553,0.32279749,-0.438300503,-0.116383583,0.859703888,1.10686158,-0.545429829
4.06666667,0.00673354101,0.0754006611,0.796964955,0.999940725,0.00097470455,0.00918436993,-0.00576577406,-0.0275698644,0.0316514146,-0.00522208246,0.117238884,-0.110103211,-0.0573370233,-0.0464308386,-0.0501828058,-0.0245837518,0.125651062,-0.0959738173,0.0472846273,0.000610019842,-0.420285032,0.189382826,-1.02053837,1.00008968,0.322087691,-0.439026506,-0.116336516,0.86430162,1.1094258,-0.552872794
4.08333333,0.00684689187,0.0754234018,0.796963043,0.999940519,0.000993838891,0.00918315453,-0.00580002366,-0.0273383384,0.0315602088,-0.00512703235,0.117078898,-0.110171557,-0.0573496934,-0.0463149913,-0.050300622,-0.024647274,0.125678618,-0.0961194822,0.0473682933,0.000629271589,-0.421999757,0.188093144,-1.02235237,1.00500079,0.322110502,-0.439511916,-0.116446421,0.868935882,1.11157854,-0.558977231
4.1,0.00696454472,0.0754528446,0.796957296,0.999940469,0.0010283214,0.00916062239,-0.00583819931,-0.0272007314,0.0313637244,-0.00500213001,0.117219581,-0.110395491,-0.0574206593,-0.0463554864,-0.0504476726,-0.0247092515,0.126178712,-0.0965347925,0.0474370233,0.000653262347,-0.423786304,0.187119955,-1.02476592,1.00930255,0.323593958,-0.439668313,-0.11659651,0.872165778,1.11384251,-0.563019399
4.11666667,0.00708761846,0.0754923217,0.796949834,0.999940694,0.00108070255,0.00910984071,-0.00586961117,-0.0270225538,0.0310756095,-0.00488386479,0.117439959,-0.110677118,-0.0575153658,-0.0464294212,-0.0506353125,-0.0247773321,0.127008383,-0.097183029,0.0475014033,0.000696955257,-0.425423796,0.186416174,-1.02868837,1.01300891,0.325751981,-0.439615552,-0.11665895,0.874651768,1.11607338,-0.564810411
4.13333333,0.00721402526,0.0755281866,0.796942911,0.999941106,0.00113974302,0.00904635041,-0.00588641469,-0.0267420572,0.0307724648,-0.00480640465,0.117517654,-0.11089294,-0.0576065861,-0.0464638122,-0.0508386637,-0.0248537213,0.127874912,-0.0978793397,0.047564516,0.000752458736,-0.426924673,0.185634091,-1.03285429,1.01641849,0.327706432,-0.439463666,-0.116708911,0.876915752,1.11821893,-0.564858803
4.15,0.00733286739,0.0755366962,0.796935461,0.999941566,0.0011765806,0.00898640776,-0.00589272428,-0.0264796628,0.0306374352,-0.00475383354,0.117578425,-0.111081964,-0.0577146483,-0.0464260743,-0.0509780851,-0.0249066481,0.128527461,-0.0984424851,0.0476183347,0.000754751662,-0.428343814,0.18488972,-1.03682688,1.01981956,0.329502725,-0.439385375,-0.117072973,0.879366078,1.12025586,-0.565287228
4.16666667,0.00744572447,0.0755198135,0.796926135,0.999941996,0.00117952654,0.00893896848,-0.00589134593,-0.0263290723,0.0306922371,-0.00470879648,0.117797112,-0.111351655,-0.0578027152,-0.0463165932,-0.0510128125,-0.0249077795,0.128885605,-0.0988152765,0.0476534229,0.000661967515,-0.429555654,0.183955769,-1.03977313,1.02349819,0.329631575,-0.439430705,-0.117337339,0.881162846,1.12256685,-0.566554008
4.18333333,0.00755018636,0.0755041502,0.796917262,0.999942427,0.00117115893,0.00890336516,-0.00587376798,-0.0262432111,0.0307522229,-0.00467659653,0.118082652,-0.111653465,-0.057835889,-0.0461633004,-0.0510165178,-0.0248601118,0.129054458,-0.0990678549,0.0476833111,0.000531107775,-0.430658282,0.182642071,-1.04092294,1.02732495,0.32839343,-0.439237964,-0.116695281,0.880962423,1.1254405,-0.565648136
4.2,0.00763397267,0.0754975617,0.796910239,0.99994294,0.00116441791,0.00886932667,-0.00583917945,-0.0261842018,0.0307791512,-0.00465791614,0.118331662,-0.111904916,-0.057849111,-0.045986694,-0.0510065949,-0.0247853659,0.129113808,-0.0992408347,0.0476939588,0.000381180157,-0.431659518,0.181111205,-1.04103791,1.03119617,0.327428253,-0.439332669,-0.116096677,0.880807921,1.12843281,-0.563223223
4.21666667,0.00770824722,0.0754929781,0.796904839,0.999943535,0.00115738191,0.00882326907,-0.0058083339,-0.0260715098,0.0308132527,-0.00459669356,0.118511905,-0.112105609,-0.0578542199,-0.0457436727,-0.0509586863,-0.0246982149,0.129107445,-0.0993856614,0.0476711828,0.000127314046,-0.432459467,0.179872989,-1.04179377,1.03478755,0.327423947,-0.439517494,-0.116066676,0.881691006,1.13097234,-0.562043762
4.23333333,0.00778506124,0.0754908725,0.796904173,0.999944063,0.00115330042,0.00876957346,-0.00579967322,-0.0258774847,0.0308404923,-0.00448841686,0.118546748,-0.112221423,-0.0579371024,-0.0454361714,-0.050928495,-0.0246182444,0.129024212,-0.0995062897,0.0476497278,-0.000161102521,-0.43351436,0.179184472,-1.04419766,1.03772935,0.328141968,-0.43931168,-0.11617241,0.881936871,1.13306818,-0.562704536
4.25,0.00786305162,0.0754884915,0.796903465,0.999944361,0.0011502549,0.00872093694,-0.0058221336,-0.0256490814,0.0309273402,-0.00435594891,0.118473654,-0.112284901,-0.0580674615,-0.0451061742,-0.0508895388,-0.0245455394,0.128803306,-0.0995320877,0.0476326495,-0.000384810767,-0.434591014,0.178636053,-1.04659764,1.040306,0.328182728,-0.438908373,-0.116304716,0.881674671,1.13499082,-0.564281488
4.26666667,0.00794169459,0.0754847451,0.796905748,0.99994434,0.00114700409,0.00868353323,-0.00588192676,-0.0254288948,0.0310653704,-0.00420678785,0.118360598,-0.112329289,-0.0582873914,-0.0448039381,-0.0508484287,-0.0244618522,0.12850996,-0.0994925351,0.0476190566,-0.000550597665,-0.435550851,0.177909875,-1.04836911,1.04283175,0.326756699,-0.438175005,-0.115678538,0.879613266,1.13707939,-0.563955639
4.28333333,0.00801888868,0.0754817982,0.796909313,0.99994404,0.00113046302,0.00865103157,-0.00598317854,-0.0251713773,0.031187395,-0.00402940679,0.118264045,-0.112424344,-0.0583854611,-0.0444967076,-0.0507816259,-0.0243405006,0.128135603,-0.0993775907,0.0476090025,-0.000647520185,-0.43644787,0.17703692,-1.04968441,1.04540612,0.326895923,-0.437769782,-0.115010642,0.878162828,1.13934919,-0.561334187
4.3,0.00809918284,0.0754950156,0.796916172,0.999943853,0.00112602635,0.00857568914,-0.00612204951,-0.0245422973,0.0309777059,-0.003801278,0.117843375,-0.112428966,-0.0582227966,-0.0440621198,-0.0508053105,-0.0241560728,0.127808173,-0.0993160772,0.0476355352,-0.000747159706,-0.436909503,0.176148381,-1.05013272,1.0477051,0.328814823,-0.437512741,-0.114508505,0.877914036,1.14139437,-0.557591121
4.31666667,0.00820083667,0.0755576006,0.796935041,0.999944365,0.00122059562,0.0083841493,-0.00628353929,-0.0231582854,0.0300438478,-0.00353577013,0.116518759,-0.112047655,-0.0577838869,-0.043415661,-0.0511195642,-0.0239103649,0.127685453,-0.0994580876,0.047757344,-0.000891372736,-0.436954587,0.17507203,-1.04969742,1.04986913,0.330793963,-0.437342536,-0.114137899,0.879008897,1.14290127,-0.554252276
4.33333333,0.00828561562,0.0756137498,0.796970155,0.999944479,0.00131863856,0.00823491182,-0.00644093483,-0.0216495056,0.0289132332,-0.00326660148,0.114822426,-0.111420061,-0.0573025021,-0.0427869491,-0.0515445438,-0.0236358169,0.127634814,-0.0996704455,0.0479121633,-0.00107844066,-0.436882201,0.173490251,-1.04811536,1.05262613,0.330690292,-0.437136173,-0.113293759,0.878990968,1.1447909,-0.548859452
4.35,0.008287554,0.0755623019,0.796939079,0.999942618,0.00120250409,0.00837153874,-0.00657513581,-0.0226956419,0.0300452584,-0.00309050326,0.115922295,-0.111838362,-0.057484276,-0.0429102749,-0.0510538992,-0.0234207847,0.126821711,-0.0991085856,0.0477630978,-0.00130986582,-0.437681913,0.172172282,-1.04782754,1.05554114,0.328999082,-0.43736095,-0.112226445,0.87698009,1.1473415,-0.544987596
4.36666667,0.00827743308,0.0754872191,0.796921731,0.999940325,0.00103384063,0.00855971141,-0.00670894417,-0.0239997286,0.031284541,-0.00290277135,0.11771093,-0.112765204,-0.0580128027,-0.0430622399,-0.050461197,-0.0231763023,0.125830051,-0.0983743984,0.0475671431,-0.00148199676,-0.439047434,0.171157218,-1.0493351,1.0579472,0.327613176,-0.437704847,-0.111401797,0.875935444,1.1500489,-0.543878131
4.38333333,0.00830443116,0.0754535586,0.796919294,0.99993887,0.000965120805,0.00862748225,-0.00684765574,-0.024494718,0.0317540123,-0.00268082694,0.118542505,-0.113304061,-0.0583977787,-0.0430010586,-0.0502085838,-0.0229051966,0.125138138,-0.0979334188,0.0474903663,-0.00170793448,-0.44037215,0.170170173,-1.0511897,1.0598179,0.327905513,-0.437983583,-0.110709548,0.87526261,1.15254789,-0.543618448
4.4,0.00834367055,0.0754532824,0.796929899,0.999937859,0.000977441973,0.00864010558,-0.00697643792,-0.0243883259,0.0314155227,-0.00246376815,0.118395012,-0.113276501,-0.0584634972,-0.0428791469,-0.0503170144,-0.0226523057,0.124844672,-0.0978135727,0.0475408269,-0.00203066056,-0.441076668,0.169017887,-1.0519604,1.06171624,0.328576012,-0.438002886,-0.110187555,0.874723473,1.15451601,-0.544969912
4.41666667,0.00839120179,0.0755041306,0.796958863,0.999936951,0.00108199199,0.00863456956,-0.00709707468,-0.024013722,0.0302952366,-0.00226303412,0.117695989,-0.112867275,-0.0581667813,-0.0427102143,-0.0506802335,-0.0224277406,0.124820942,-0.0979661902,0.0476607314,-0.00246519669,-0.440983117,0.167702134,-1.05114608,1.06361349,0.328295426,-0.437731086,-0.109753808,0.874902799,1.15575265,-0.547024069
4.43333333,0.00845214079,0.0755242386,0.796992256,0.999936185,0.00113301567,0.00861360972,-0.00722139879,-0.023551722,0.0293032632,-0.00206839891,0.117038491,-0.112496616,-0.0576282694,-0.0422147968,-0.0507453809,-0.0221860034,0.124484094,-0.0980604605,0.0475814667,-0.00302535833,-0.440960296,0.166835872,-1.05146151,1.06484192,0.328219708,-0.437133063,-0.10881125,0.875281902,1.15619109,-0.547442666
4.45,0.00852519863,0.0753861466,0.796963817,0.999935998,0.00088157437,0.00855128279,-0.0073552025,-0.0233291034,0.0310209466,-0.00196518455,0.117437837,-0.113013743,-0.057452025,-0.0410485215,-0.0493000028,-0.021884257,0.122428519,-0.0970439406,0.0467706194,-0.00346421858,-0.441253314,0.166481321,-1.05338478,1.06567614,0.32870065,-0.436296247,-0.106718564,0.874493738,1.1560956,-0.543455025
4.46666667,0.00858561873,0.0752512938,0.796951763,0.999935068,0.000618376589,0.00854056654,-0.00751904291,-0.0231643025,0.0327749517,-0.00187846824,0.118109993,-0.113793433,-0.0575361822,-0.0397490419,-0.0477051486,-0.0215346379,0.119877691,-0.0956785053,0.0458447505,-0.00366562511,-0.441570947,0.166277161,-1.05570644,1.06603115,0.329360096,-0.43568729,-0.104616993,0.872920141,1.15612174,-0.53534931
4.48333333,0.00858908947,0.0752727351,0.796951361,0.999931232,0.000707639275,0.00878686649,-0.00773438489,-0.0236570114,0.0328082451,-0.00167842352,0.117953899,-0.113760997,-0.0585113292,-0.0410792118,-0.0485188404,-0.0211978216,0.120619976,-0.0957047087,0.0464317943,-0.00370776553,-0.44245199,0.166255596,-1.05890571,1.06545173,0.330656098,-0.43563708,-0.103606866,0.872513194,1.15597732,-0.527537497
4.5,0.0085895693,0.0753311807,0.796951413,0.999926429,0.000916130838,0.00908113487,-0.00798940604,-0.0240996635,0.032192487,-0.00141685549,0.117479246,-0.113465837,-0.0594855827,-0.0428109693,-0.0497035351,-0.0209062123,0.122569331,-0.0965691386,0.0471858675,-0.0036874004,-0.44312832,0.166461861,-1.06212611,1.06417873,0.332713579,-0.435459736,-0.103253849,0.873563262,1.15522019,-0.522680766
4.51666667,0.00861967816,0.0753576517,0.796958762,0.999922315,0.00105374735,0.00925302243,-0.00828465534,-0.0242776857,0.0314604415,-0.00106328333,0.117108096,-0.113269814,-0.059901331,-0.0439194318,-0.0504103941,-0.0206270364,0.124042644,-0.0973449247,0.0475606325,-0.00369844225,-0.44292404,0.166255296,-1.06184309,1.06307043,0.333087926,-0.434952432,-0.102828787,0.875099816,1.15442666,-0.520277628
4.53333333,0.00866533824,0.07542446,0.796976406,0.999918604,0.00125083161,0.00933331446,-0.00860866831,-0.0241348855,0.0300615827,-0.000684401246,0.116597486,-0.112982514,-0.0598318036,-0.044580445,-0.0510822293,-0.0203555453,0.125290624,-0.0981240108,0.0478039063,-0.00381930772,-0.442494227,0.165958126,-1.0607399,1.06230757,0.332208753,-0.434545515,-0.102585541,0.87738241,1.15383931,-0.519086884
4.55,0.00871928436,0.0754887968,0.797004936,0.999915105,0.00144495837,0.00936314978,-0.00894576714,-0.0237762823,0.0284890271,-0.000361311563,0.115899405,-0.112585069,-0.059662764,-0.0450854316,-0.0517859136,-0.0200826403,0.12656692,-0.0989700531,0.0480338212,-0.00397182837,-0.441911553,0.165731903,-1.05997195,1.06208552,0.329780475,-0.434233037,-0.102611995,0.879926376,1.15329851,-0.519271373
4.56666667,0.00875982075,0.0754299455,0.796969619,0.999911527,0.00140285035,0.00940924223,-0.00929712484,-0.0236733169,0.0295966312,-0.000111492052,0.116018357,-0.11289107,-0.0601458259,-0.0454579426,-0.0514869006,-0.0197831575,0.126957747,-0.0990605318,0.0479299392,-0.00397846135,-0.441492957,0.165722648,-1.0595329,1.06254639,0.325799935,-0.433897358,-0.10221246,0.881050398,1.15270432,-0.519523269
4.58333333,0.00877129698,0.075350029,0.796950063,0.999907659,0.00130170591,0.00949051173,-0.00963898549,-0.0237817321,0.0307950719,8.32234124e-05,0.116354283,-0.113363327,-0.0608292798,-0.0459110533,-0.0511070561,-0.0194962536,0.127001986,-0.0988352962,0.0477909514,-0.00375153101,-0.441633623,0.165710766,-1.05819608,1.06315838,0.324845407,-0.433707633,-0.101706076,0.880639542,1.15226925,-0.519199855
4.6,0.00877926349,0.0753343124,0.796945714,0.999904225,0.00130909646,0.00954151199,-0.00993913743,-0.023762069,0.0311293339,0.000254782046,0.116374325,-0.113548279,-0.0613669254,-0.0463816643,-0.051108639,-0.0192578066,0.127383672,-0.098873511,0.0477999759,-0.00353159754,-0.44163581,0.165598449,-1.05709653,1.06346113,0.326464143,-0.43368213,-0.101038981,0.879414998,1.15209638,-0.516443185
4.61666667,0.00879245873,0.0753499766,0.796945749,0.999901672,0.00137905537,0.00954272396,-0.0101823364,-0.0236109465,0.0309083384,0.000413847039,0.116129367,-0.113487569,-0.0618090754,-0.0468605249,-0.0513989591,-0.0190728005,0.128177245,-0.0992361972,0.047919092,-0.00334843698,-0.441603017,0.165436603,-1.05693012,1.06359325,0.328257577,-0.433936507,-0.100480001,0.878342171,1.15209021,-0.512112946
4.63333333,0.00880912673,0.0753643584,0.796949891,0.999899952,0.0014514205,0.00950469881,-0.010374973,-0.0233950912,0.0306197164,0.000609442438,0.115937108,-0.113423033,-0.0621669028,-0.0472073857,-0.0516573512,-0.0189194062,0.129063345,-0.0997129519,0.0479980178,-0.00319999308,-0.441469103,0.165416438,-1.05732793,1.06369048,0.329021708,-0.434269313,-0.0999220057,0.877420897,1.15209513,-0.507940981
4.65,0.00883862663,0.0753602425,0.796949652,0.999899321,0.0014757455,0.0094051124,-0.0105221143,-0.0230773318,0.0305407289,0.000843968042,0.115965794,-0.113521725,-0.0623303419,-0.047060542,-0.0515359708,-0.0188040931,0.129447339,-0.100018304,0.0478342434,-0.00307428835,-0.441152969,0.165581694,-1.05785826,1.06405591,0.32850911,-0.434648911,-0.0993241011,0.876564519,1.15199974,-0.504528203
4.66666667,0.00889747935,0.0753135285,0.796952913,0.999900569,0.00137581876,0.00917268333,-0.0106217274,-0.0225452594,0.0308172586,0.00108672667,0.116257902,-0.113849931,-0.0621273988,-0.045977661,-0.0507308078,-0.0187426552,0.128688623,-0.0998609875,0.047235968,-0.00300297621,-0.440464762,0.165797321,-1.05776012,1.06458285,0.327537668,-0.434733618,-0.0987578335,0.875930339,1.15166982,-0.502559556
4.68333333,0.00895540975,0.075272853,0.796953328,0.999902002,0.00126356084,0.00895341041,-0.0106876988,-0.02201508,0.0312073772,0.0013076971,0.116677852,-0.114261793,-0.0617568771,-0.044594807,-0.0497474528,-0.0187155089,0.127405926,-0.0994374814,0.0465438911,-0.00301401643,-0.439529075,0.165881722,-1.05660982,1.06506285,0.326429624,-0.434394265,-0.0979722929,0.874668153,1.15139967,-0.500085638
4.7,0.00894876956,0.0753243728,0.796947078,0.999900915,0.00137318367,0.0090051821,-0.0107322123,-0.0223157998,0.030773332,0.00151384868,0.116717627,-0.11418454,-0.0621654944,-0.0455711885,-0.0507044358,-0.0187100057,0.128692864,-0.0999539292,0.0471883384,-0.00303608606,-0.438906533,0.165805573,-1.05497264,1.06501395,0.325302526,-0.434564372,-0.0974087154,0.873636646,1.15109117,-0.496041134
4.71666667,0.00893315959,0.0753832591,0.7969379,0.999899993,0.00151565181,0.0090872347,-0.010729847,-0.0225906902,0.0303824056,0.00154105809,0.11672196,-0.114106569,-0.0626402218,-0.0464328721,-0.0514632082,-0.0187460623,0.130110004,-0.100692721,0.0476907646,-0.00308010053,-0.438525294,0.165717356,-1.05385123,1.06497088,0.3243955,-0.434904259,-0.0969735968,0.87293874,1.15075067,-0.491191155
4.73333333,0.00897112874,0.0753642414,0.796941573,0.999901956,0.00144752291,0.00894117438,-0.0106788452,-0.022281281,0.0305044187,0.00140237288,0.116828089,-0.114282321,-0.0624753437,-0.0456791313,-0.0509697217,-0.0188027616,0.129561927,-0.100637957,0.0473379518,-0.00311825584,-0.438000815,0.165631864,-1.05284882,1.06523332,0.32370886,-0.434839679,-0.0966682153,0.873067112,1.1501564,-0.487201183
4.75,0.00902137779,0.075345219,0.796956053,0.999904689,0.00135218322,0.00872876547,-0.0106110015,-0.0213757734,0.0305594762,0.00121112165,0.116545377,-0.114364276,-0.0618499731,-0.0440807757,-0.0500853816,-0.0188447728,0.127932949,-0.100074213,0.0466899893,-0.00315974923,-0.437270512,0.1654652,-1.05160233,1.06556452,0.323438333,-0.434228652,-0.0967398459,0.874358526,1.14941991,-0.485353221
4.76666667,0.00903386827,0.0754508914,0.796974932,0.999905497,0.00157855872,0.00866561637,-0.0105552476,-0.0205247774,0.0291579615,0.00113325771,0.114987708,-0.11353934,-0.0618606076,-0.0445587528,-0.0513887574,-0.0188742725,0.129031467,-0.100657564,0.047432281,-0.00318696151,-0.436658034,0.165074043,-1.04998034,1.06560656,0.323359831,-0.433850597,-0.0971441203,0.875915286,1.14862269,-0.485208579
4.78333333,0.00903630227,0.0755469361,0.797000363,0.999906108,0.00183015186,0.00863615903,-0.0104805909,-0.0195309787,0.0276944351,0.00107610511,0.113322707,-0.112636313,-0.0619085391,-0.0449386675,-0.052583644,-0.0189438393,0.130613931,-0.101717596,0.0480678555,-0.00324587623,-0.436153517,0.164848544,-1.0488857,1.06586877,0.321468389,-0.433911133,-0.0973568046,0.8765918,1.14815443,-0.48455334
4.8,0.00902236185,0.0754540258,0.796970699,0.999907833,0.00166199818,0.00861235198,-0.0103629455,-0.0204481298,0.0289343126,0.0008991389,0.114706713,-0.113214567,-0.0619270415,-0.0445308964,-0.0516488483,-0.0191374074,0.129871677,-0.101430487,0.0475638358,-0.00345313634,-0.436268792,0.165215026,-1.04851835,1.06680679,0.314847043,-0.434171299,-0.0969827197,0.876455425,1.14781337,-0.4830249
4.81666667,0.00900948944,0.0753460004,0.796961244,0.999909735,0.00141384535,0.00855945866,-0.0102595121,-0.0210163532,0.0302170175,0.000741199099,0.116508844,-0.11426324,-0.0618368385,-0.0433086882,-0.0502198954,-0.0193335347,0.127996085,-0.100514872,0.0467126216,-0.00369834287,-0.436474744,0.165751705,-1.04892905,1.06813691,0.304878964,-0.434330295,-0.0964756844,0.876502799,1.14761453,-0.481635074
4.83333333,0.00900294829,0.0754331962,0.796970077,0.999909785,0.00154574104,0.00858265926,-0.0102162109,-0.020960231,0.0294167864,0.000730105663,0.116156724,-0.114075452,-0.0620324822,-0.0440127501,-0.0512406522,-0.0194934917,0.128859164,-0.100798688,0.0473847967,-0.00339418831,-0.436224363,0.165308782,-1.04880569,1.06748171,0.30564637,-0.434647579,-0.0965935025,0.876899109,1.14723522,-0.480619017
4.85,0.0090037695,0.075556202,0.796990336,0.999909146,0.00177778817,0.00864474562,-0.0101885652,-0.0202138868,0.02796928,0.000744713752,0.114585693,-0.113187244,-0.0620449131,-0.0447600191,-0.0526833825,-0.0196085832,0.130543159,-0.101747085,0.048267591,-0.00310019175,-0.435286456,0.164869787,-1.04802303,1.06606776,0.313059415,-0.434903025,-0.0968331735,0.877535271,1.14675895,-0.47930644
4.86666667,0.00895808904,0.0755437114,0.796968183,0.999908088,0.0017452622,0.00884097072,-0.0101294695,-0.0213221311,0.0286226463,0.000595004635,0.115160037,-0.113187964,-0.0622052934,-0.0455604438,-0.0527944078,-0.0197364073,0.130839224,-0.101717086,0.0484743343,-0.00301298601,-0.43513942,0.164665552,-1.04729325,1.06521371,0.31926185,-0.435415507,-0.0967649379,0.877899965,1.14611333,-0.477277142
4.88333333,0.00888454122,0.0754697323,0.796941207,0.999906517,0.00159043383,0.00909304149,-0.0100868372,-0.0227584169,0.0296803245,0.000481745921,0.116540896,-0.11378591,-0.0621982976,-0.0464602467,-0.0520168064,-0.0197137576,0.130647626,-0.101178966,0.048040746,-0.00298300404,-0.435485407,0.164506993,-1.04655025,1.06500683,0.321375647,-0.435790135,-0.096505713,0.878138659,1.14546778,-0.475656886
4.9,0.00878701505,0.0753660526,0.796912525,0.999903498,0.00141905414,0.0094255406,-0.010106481,-0.0240462409,0.0304634441,0.000496257587,0.117634382,-0.11436861,-0.061458396,-0.048191797,-0.0505420053,-0.0194487696,0.131373539,-0.100876548,0.0469290746,-0.00286353589,-0.436156036,0.164412452,-1.04601313,1.0649339,0.320892081,-0.436123743,-0.0960121451,0.878210203,1.14495435,-0.473765164
4.91666667,0.00870748407,0.075278169,0.796894756,0.999901369,0.00129476009,0.00966853889,-0.0101041773,-0.025076701,0.0309816224,0.0005549409,0.118385372,-0.114764561,-0.0602672829,-0.0501108142,-0.0490143957,-0.0190872705,0.132735537,-0.100970371,0.0456859069,-0.00274655465,-0.436990722,0.164465404,-1.04595702,1.06482412,0.319912894,-0.43682395,-0.0957034979,0.878467876,1.14441717,-0.472187651
4.93333333,0.00874106288,0.075307643,0.796900159,0.999905092,0.00136163022,0.00942268684,-0.00995825455,-0.0243149351,0.0307103539,0.000386542756,0.118048402,-0.114448935,-0.0608008595,-0.0482736784,-0.0501609247,-0.0191703545,0.131658462,-0.101060292,0.0466176347,-0.00312323255,-0.436859134,0.164481831,-1.04585572,1.06475689,0.319300165,-0.436846245,-0.095646445,0.87867666,1.14410824,-0.471105849
4.95,0.00877740696,0.0753487068,0.796928944,0.999909931,0.00146114364,0.00907939503,-0.00977549008,-0.02335055,0.030480407,0.000187422293,0.117362423,-0.113954444,-0.0620078155,-0.0460965436,-0.0513477721,-0.0193570302,0.129824875,-0.10065186,0.0476524939,-0.00357260441,-0.436590575,0.164543599,-1.04534008,1.06473595,0.319080481,-0.436609013,-0.0955952137,0.878623376,1.14374983,-0.471204511
4.96666667,0.0087414209,0.075323599,0.796958731,0.999912354,0.00147386143,0.00895307631,-0.0096412804,-0.0229627006,0.0305430965,0.000121794276,0.116919136,-0.113599532,-0.0627193557,-0.0450738087,-0.0516855765,-0.0195366132,0.128574015,-0.100106458,0.0479798717,-0.00388074385,-0.436672427,0.164572447,-1.04431082,1.06479013,0.318778819,-0.436489916,-0.0953683583,0.878033398,1.14346509,-0.471627097
4.98333333,0.00866821458,0.0752637051,0.796970578,0.999913676,0.00144975105,0.00893394525,-0.00952490776,-0.0229965685,0.0307395299,0.000222373748,0.116719328,-0.11334933,-0.0629115695,-0.0448256369,-0.051572549,-0.0198142981,0.127939678,-0.0996857905,0.0479105065,-0.0040737407,-0.436991518,0.164619146,-1.04309766,1.06485421,0.317900228,-0.436491419,-0.0949290315,0.876712033,1.14341706,-0.471105864
5,0.00857709851,0.0751821338,0.796974935,0.999914897,0.00142477755,0.00893446026,-0.0093991332,-0.0232220343,0.030949369,0.000466131044,0.116677182,-0.113140249,-0.0629735195,-0.0448866503,-0.0514071703,-0.0202528938,0.12770182,-0.09943359,0.047773742,-0.00420814489,-0.437428326,0.164656035,-1.04189138,1.06484565,0.316409737,-0.436713773,-0.0944732847,0.87482456,1.14362087,-0.469136688
5.01666667,0.00847326656,0.0750691947,0.796979545,0.999916378,0.00140642404,0.00893149633,-0.00924589689,-0.0235003395,0.0311690119,0.000788015172,0.116727893,-0.112945754,-0.0631361852,-0.0450671948,-0.0512571319,-0.0208261498,0.127769483,-0.0993421444,0.0476214927,-0.00435749441,-0.438190917,0.164841706,-1.04211573,1.06477737,0.315188869,-0.437214387,-0.0941038375,0.872843837,1.14377622,-0.467147767
5.03333333,0.00836715639,0.0748992583,0.796981552,0.999918614,0.00136602346,0.00889991722,-0.00903833875,-0.0236879378,0.0315548541,0.00110046397,0.116827042,-0.112791023,-0.0632882143,-0.0450066445,-0.0508033928,-0.0214913521,0.127688318,-0.0992347224,0.047234224,-0.00449922447,-0.439007902,0.165047415,-1.04275277,1.06497037,0.313895848,-0.437912146,-0.0939047676,0.871259808,1.1438089,-0.465351097
5.05,0.00828155468,0.0746256154,0.796983729,0.999922871,0.00121848468,0.00874087908,-0.00873871173,-0.0235675125,0.0323689916,0.00135004619,0.116978355,-0.11274138,-0.0631486751,-0.0440685374,-0.0494756189,-0.0222423056,0.126609158,-0.0987400075,0.0462204459,-0.00469136042,-0.439420238,0.164662433,-1.04038956,1.06618373,0.310125345,-0.438529445,-0.0938147547,0.870283562,1.14356779,-0.463452344
5.06666667,0.00821538797,0.0742499267,0.796995931,0.999929189,0.000975957166,0.0084512764,-0.00832111624,-0.023099877,0.0335943606,0.00156385847,0.117169755,-0.11276858,-0.0627704054,-0.0421760751,-0.0473228365,-0.0231090592,0.124492815,-0.0978505018,0.0446011065,-0.00498933809,-0.439741441,0.164229066,-1.03756516,1.06806685,0.304751808,-0.438770006,-0.0936511374,0.869560768,1.14309181,-0.460975889
5.08333333,0.00810461483,0.0738720368,0.797000218,0.999934704,0.00090802125,0.00831689647,-0.00778409185,-0.0230766157,0.0344379976,0.00187382116,0.11711039,-0.112424751,-0.0631293162,-0.0418046698,-0.0463820601,-0.0241126549,0.124351684,-0.0977474531,0.0437670874,-0.00522716153,-0.439654079,0.164128067,-1.0356822,1.06939255,0.300115422,-0.439202492,-0.0932148644,0.867973526,1.14290932,-0.45591467
5.1,0.00798718889,0.0735129128,0.796987925,0.999939613,0.00112122093,0.00831340193,-0.00709934456,-0.0235448312,0.0344347352,0.00222800674,0.116699856,-0.111617335,-0.0647215222,-0.0437857439,-0.0474216103,-0.0252667625,0.127956051,-0.0994101819,0.044205236,-0.00538818809,-0.437516089,0.164183523,-1.03340442,1.069414,0.298093309,-0.440257521,-0.0927554099,0.865799757,1.14302929,-0.448494268
5.11666667,0.00794741509,0.0730407002,0.7969754,0.999946929,0.00133225959,0.00809992626,-0.00622546069,-0.0233992295,0.0346624731,0.00244031156,0.116486508,-0.111045363,-0.0665103572,-0.0450299978,-0.0479331648,-0.0265096016,0.132112791,-0.101768117,0.0441945342,-0.005693071,-0.432304065,0.164553408,-1.03011048,1.06848122,0.298711404,-0.441046362,-0.0925341409,0.863628023,1.14310677,-0.441660976
5.13333333,0.00786581209,0.0724128122,0.796960609,0.999955111,0.0014086379,0.00781382863,-0.00517066017,-0.0233442181,0.0354684466,0.00244711755,0.116539989,-0.110588861,-0.0679281265,-0.0456811932,-0.0473461566,-0.0277607707,0.135366134,-0.10375251,0.0433580812,-0.00615770798,-0.429297565,0.165177622,-1.02632142,1.06804402,0.297057805,-0.441800566,-0.0927410855,0.861102163,1.14296708,-0.43732142
5.15,0.00766836136,0.0716620198,0.796936699,0.999962078,0.00142431054,0.00762084877,-0.0039668889,-0.0236564998,0.036672551,0.00223109558,0.116669648,-0.110004323,-0.0690570068,-0.0464197664,-0.0461280823,-0.0290127728,0.13820668,-0.105405126,0.0420367261,-0.00658070197,-0.42887088,0.165336277,-1.02105718,1.06926149,0.289680022,-0.443130976,-0.0934625254,0.85809236,1.14281782,-0.43536136
5.16666667,0.00740015351,0.0707833061,0.796903034,0.999967495,0.00143112779,0.0074786889,-0.00265156529,-0.0241966263,0.0381244863,0.00177746154,0.116692744,-0.109224132,-0.0701468685,-0.0474678124,-0.0446367035,-0.0303026243,0.141240904,-0.107072067,0.040467602,-0.00707060173,-0.429669185,0.164855919,-1.01258699,1.07219348,0.277145371,-0.445207675,-0.094303268,0.855038428,1.14267517,-0.434616627
5.18333333,0.00710031703,0.0697886256,0.796865903,0.999971075,0.00144633702,0.00735759815,-0.001274023,-0.0248032297,0.0397120453,0.00113447764,0.116579378,-0.10830333,-0.0713668259,-0.0487065291,-0.0430331416,-0.0316641607,0.144595106,-0.108917512,0.0387596457,-0.00755154779,-0.430574308,0.164113182,-0.999819157,1.07631638,0.261261366,-0.448134006,-0.0959288329,0.852416423,1.14214401,-0.43097056
5.2,0.0067801006,0.0686968658,0.796819914,0.9999725,0.00148620075,0.00726477947,0.000118839425,-0.0254747844,0.0413677507,0.000403585613,0.116383521,-0.107297117,-0.0727610741,-0.0502588944,-0.0413802763,-0.033058687,0.148463193,-0.111020147,0.0369375905,-0.00789440308,-0.431783703,0.163683123,-0.983962734,1.08164778,0.241859987,-0.452166484,-0.0996360403,0.85166776,1.14017232,-0.422333349
5.21666667,0.00642584182,0.0674550967,0.796758014,0.999971562,0.00158592834,0.00721964559,0.00149568383,-0.0262684008,0.0431469409,-0.000256229473,0.116122718,-0.106169145,-0.0744848222,-0.0525279867,-0.0396383772,-0.0343966526,0.153566051,-0.113726415,0.0348958508,-0.00779031116,-0.43358727,0.164121436,-0.966298236,1.08816717,0.218309203,-0.456886088,-0.106525392,0.852760696,1.13590928,-0.408460435
5.23333333,0.00600291321,0.065968945,0.796667855,0.99996796,0.00179567747,0.0072590597,0.00285663457,-0.027319033,0.045135515,-0.000781704345,0.115727949,-0.104806983,-0.076855172,-0.0562281923,-0.0377736775,-0.035646532,0.161056424,-0.117574424,0.0324616532,-0.00696282311,-0.436563595,0.165486518,-0.947275995,1.09522708,0.190524499,-0.461888843,-0.116042653,0.854363232,1.1297228,-0.392492973
5.25,0.0054951212,0.0642385999,0.796536081,0.999961416,0.00213532006,0.00740062368,0.00422354604,-0.0287982273,0.0471997277,-0.00136019386,0.115330942,-0.103251701,-0.079756681,-0.0615359805,-0.0359521655,-0.0370858828,0.171271132,-0.122780592,0.0297014,-0.00558151561,-0.441593646,0.167800092,-0.929896846,1.10193509,0.161089391,-0.469431884,-0.126322652,0.85795458,1.12419411,-0.377071763
5.26666667,0.00490306907,0.0623492844,0.79636196,0.999950838,0.00264380792,0.00766686089,0.00570534932,-0.0311632022,0.0488682218,-0.00222082754,0.115432536,-0.101628779,-0.0827940016,-0.068448724,-0.0344381205,-0.0391287163,0.184119657,-0.129339801,0.0267560666,-0.00377517676,-0.448737632,0.169838348,-0.913630278,1.10818029,0.131807595,-0.480744079,-0.136518175,0.865509943,1.12016428,-0.360738971
5.28333333,0.00420180197,0.0603666178,0.796135284,0.999932584,0.00341392895,0.00815240869,0.00753071106,-0.0351031338,0.0495044602,-0.00336286025,0.116737017,-0.100029689,-0.0856354856,-0.0770976523,-0.0333038441,-0.041870187,0.199615229,-0.137258526,0.0235355995,-0.00189222435,-0.45819444,0.170661475,-0.896967536,1.11460073,0.101206388,-0.495052051,-0.147001276,0.876082101,1.1170799,-0.344112394
5.3,0.00343402171,0.0581774908,0.795869915,0.999905381,0.00424848409,0.00865486652,0.00981190015,-0.0396855294,0.050008705,-0.00488635907,0.118259091,-0.0982464336,-0.0882567566,-0.0865263377,-0.0318730263,-0.0454508501,0.216366781,-0.145890668,0.0196646222,-0.000174450565,-0.470765092,0.170595883,-0.878723268,1.12149244,0.0653111858,-0.510977609,-0.157167479,0.887679926,1.11409026,-0.330051239
5.31666667,0.00271047028,0.0556838531,0.795502143,0.999869899,0.00487711387,0.00877181581,0.0126275453,-0.0413507122,0.0534970238,-0.00653605112,0.117510566,-0.0962304759,-0.091269829,-0.0942792378,-0.0290117059,-0.0498177166,0.231914466,-0.153887792,0.014933595,0.0016940591,-0.485821693,0.168977576,-0.857718883,1.12910661,0.0199610543,-0.526045725,-0.166341071,0.89838572,1.10973708,-0.317879628
5.33333333,0.00206338449,0.0531288145,0.795133095,0.999813363,0.00566901095,0.00868221767,0.0163009595,-0.0430833141,0.0563750285,-0.00883985102,0.116789147,-0.0938021617,-0.0950815018,-0.101569857,-0.0269660664,-0.055523008,0.247888518,-0.162348752,0.0103662064,0.00356901661,-0.501507858,0.163520313,-0.833206191,1.13625494,-0.035518049,-0.536977779,-0.177123712,0.909566822,1.1001325,-0.308325244
5.35,0.00157626383,0.0506841742,0.794779684,0.999719012,0.00682132573,0.00837653833,0.0210997799,-0.0445021799,0.057717738,-0.0120917628,0.115464423,-0.090452204,-0.0999904713,-0.107440364,-0.0261784552,-0.0632799536,0.263967063,-0.171664704,0.00611790132,0.00553416747,-0.515071611,0.151990362,-0.805492067,1.1417879,-0.0976145034,-0.541244411,-0.191171889,0.922873432,1.08295304,-0.303548937
5.36666667,0.00111126805,0.0482254856,0.794477343,0.999567441,0.00807272962,0.00785420692,0.0271675212,-0.0452444668,0.0585676893,-0.015148471,0.111863909,-0.0851223118,-0.105712785,-0.111511245,-0.0257775952,-0.0735092216,0.278409404,-0.180755316,0.00174935386,0.00709860811,-0.527176088,0.134445972,-0.775876207,1.14528747,-0.162465302,-0.547380606,-0.203567178,0.938546372,1.06807331,-0.304367483
5.38333333,0.000195920185,0.0455722701,0.794232216,0.999325204,0.00934804514,0.007891803,0.0346333739,-0.0472289429,0.0595724999,-0.0171939904,0.105555385,-0.0768248443,-0.112302828,-0.11563868,-0.0254297862,-0.0860630027,0.290403828,-0.188528302,-0.0028593459,0.0067326183,-0.551147523,0.115680432,-0.747367205,1.15121234,-0.235630346,-0.559019875,-0.211731221,0.956290244,1.05994288,-0.309235101
5.4,-0.00135585042,0.0428671542,0.794013072,0.998961801,0.0108457769,0.00894751302,0.0433316448,-0.0551337009,0.0592154659,-0.0182312596,0.102522508,-0.0676240791,-0.12145156,-0.12335211,-0.0272487408,-0.0994467522,0.303093839,-0.195881729,-0.00631550221,0.00438840818,-0.587304164,0.0962814181,-0.724453047,1.15737247,-0.317112682,-0.583279365,-0.214755771,0.976089719,1.05861851,-0.309193276
5.41666667,-0.00305206126,0.0403339646,0.793842476,0.998487418,0.0125167494,0.0100348232,0.0525881196,-0.0703219143,0.0571874795,-0.0180302542,0.113966191,-0.0636998344,-0.136251843,-0.130007537,-0.0297672468,-0.112537545,0.314339796,-0.202701026,-0.00928896764,0.00262954505,-0.620889603,0.072872651,-0.710272963,1.1544726,-0.393968725,-0.617217915,-0.214858636,1.00322229,1.06215056,-0.308191654
5.43333333,-0.00457419694,0.0379345266,0.793832655,0.997935337,0.0141913279,0.0107609283,0.0617079626,-0.0901922582,0.0547770609,-0.0158077616,0.13816609,-0.0644750815,-0.161369958,-0.133853816,-0.0321568267,-0.124638418,0.321950671,-0.207770222,-0.0122183543,0.00145408649,-0.652042486,0.0445749998,-0.702263154,1.14234274,-0.460307473,-0.649010938,-0.211695371,1.04173718,1.06191001,-0.31893534
5.45,-0.00596091713,0.0355360324,0.7938429,0.9973377,0.0157301003,0.011602456,0.0702528179,-0.113296734,0.0546322927,-0.0107497781,0.168500025,-0.0663399653,-0.198747635,-0.13717044,-0.033949905,-0.135821113,0.326246219,-0.210311017,-0.0152031022,0.00148901934,-0.677205637,0.015736499,-0.700352087,1.11250904,-0.518607572,-0.676448416,-0.204691296,1.08335078,1.05651397,-0.336064406
5.46666667,-0.00727261396,0.0330168521,0.794012324,0.99672253,0.0173474087,0.0126009154,0.0780030938,-0.135290679,0.0554319045,-0.00079247633,0.196137942,-0.0646938053,-0.241214635,-0.140990445,-0.0357554962,-0.146198425,0.3294874,-0.211538836,-0.0184253495,0.000635361695,-0.689549323,0.00201377693,-0.701880243,1.05265485,-0.58476729,-0.702685281,-0.19264364,1.12670403,1.04878384,-0.352254081
5.48333333,-0.0086354756,0.03050398,0.794306608,0.996109536,0.0193369669,0.0138262107,0.0848569931,-0.154716258,0.0565595372,0.0171088879,0.216598852,-0.0543607121,-0.276835898,-0.146043069,-0.0383242879,-0.155631479,0.332895127,-0.212282995,-0.0217730727,-0.000840829753,-0.695606335,4.86867978e-07,-0.715156486,0.969333469,-0.664411719,-0.729646841,-0.17727596,1.17196637,1.04113814,-0.365609717
5.5,-0.010009618,0.0281045882,0.794742683,0.995531224,0.0216294165,0.015223914,0.0906530909,-0.17096578,0.0599392002,0.0462351623,0.228903918,-0.0312555964,-0.292998736,-0.151384079,-0.0419248705,-0.164261606,0.33603626,-0.213000712,-0.0248082593,-0.00160188887,-0.707721846,4.62524579e-07,-0.743358115,0.879034896,-0.747984976,-0.756035279,-0.159019071,1.21770066,1.03444777,-0.376397724
5.51666667,-0.011123202,0.0257198572,0.795246319,0.995040521,0.0237403928,0.0162522417,0.0952188023,-0.180538157,0.0683093534,0.0885929873,0.231320309,0.00211776857,-0.28777919,-0.155100216,-0.044921872,-0.171270101,0.337718561,-0.213068997,-0.0276650429,-0.000611780752,-0.725346439,6.4060581e-05,-0.782405441,0.787537097,-0.827517163,-0.778729433,-0.139212396,1.26280637,1.02663959,-0.390714637
5.53333333,-0.011880558,0.0233449423,0.79588903,0.994641176,0.025710389,0.0167531415,0.0987281039,-0.183038399,0.0814736117,0.142078708,0.225229931,0.0426051076,-0.272187568,-0.156399651,-0.0469634101,-0.176740366,0.337356716,-0.21223258,-0.0304010591,0.00104202099,-0.744616141,4.29705084e-05,-0.823132724,0.697030709,-0.89951355,-0.796364788,-0.116944306,1.30651638,1.01771096,-0.411144277
5.55,-0.0122706792,0.021078378,0.7969048,0.994300302,0.0278763838,0.0167107593,0.101540967,-0.180668648,0.0951757514,0.201674764,0.214524631,0.0883613147,-0.254347435,-0.155369504,-0.0494957207,-0.181174091,0.33534127,-0.211002517,-0.032873751,0.000480333101,-0.765538452,1.24456624e-05,-0.856372982,0.61378214,-0.96603981,-0.805270228,-0.0922029778,1.34984421,1.00567785,-0.436664632
5.56666667,-0.0123086458,0.0189762923,0.797374698,0.994022563,0.0298404313,0.0161729794,0.103764774,-0.172097552,0.111750325,0.260804726,0.200539852,0.13203896,-0.235316978,-0.151444996,-0.0509747917,-0.184754745,0.331237005,-0.209220538,-0.0351247578,-0.00139418172,-0.787451087,4.37834947e-07,-0.88703282,0.533650634,-1.02819417,-0.80879682,-0.0651982105,1.39200938,0.99113497,-0.464380829
5.58333333,-0.0123810607,0.017105203,0.797577803,0.993760064,0.0317192806,0.0159962305,0.105730516,-0.162626969,0.126916128,0.312213044,0.185671291,0.168152079,-0.210771851,-0.148344268,-0.0526615404,-0.187841837,0.326500702,-0.207210526,-0.0370916328,-0.00443016613,-0.810509856,3.57892702e-07,-0.91347929,0.455142212,-1.08726005,-0.819006104,-0.0360713012,1.43042815,0.979873903,-0.485192189
5.6,-0.012579816,0.015580451,0.798163687,0.993472977,0.033755744,0.0163151992,0.107730256,-0.153951795,0.137084429,0.351290494,0.170495975,0.194731727,-0.18253212,-0.146242378,-0.0552543089,-0.190763873,0.321679025,-0.205034034,-0.0386226955,-0.0077860531,-0.831581103,7.04676061e-07,-0.935286677,0.379357187,-1.14296174,-0.834567757,-0.0106037554,1.46353376,0.969440418,-0.494979254
5.61666667,-0.012624736,0.0145174456,0.798733397,0.993159158,0.0357205942,0.0168158221,0.10989156,-0.14543995,0.143010339,0.376849227,0.154735474,0.214535484,-0.158173119,-0.144556388,-0.0583112622,-0.193919602,0.31743035,-0.203354084,-0.0395608899,-0.0104713063,-0.848873137,5.6886243e-07,-0.95611285,0.303767281,-1.1940222,-0.850544224,-0.000526436541,1.48991788,0.941906117,-0.503236758
5.63333333,-0.0123229977,0.0138647477,0.799238963,0.992821562,0.0375611106,0.0173757697,0.112216715,-0.135927649,0.145892175,0.390336758,0.137750583,0.230953397,-0.144943049,-0.143134667,-0.0618253861,-0.197430059,0.314800373,-0.203034359,-0.0398905785,-0.0129640164,-0.865877808,3.7726756e-07,-0.975792178,0.227884314,-1.24322402,-0.859882677,-1.12967533e-06,1.51123334,0.902885535,-0.513672082
5.65,-0.0116710705,0.0135713672,0.799722803,0.992475707,0.0393858011,0.017846323,0.114552341,-0.12474419,0.146476085,0.395269747,0.120158482,0.246239892,-0.144998184,-0.1409032,-0.0657033395,-0.201693425,0.312784488,-0.203750126,-0.0397768411,-0.01471079,-0.881677052,2.9231314e-07,-0.995356176,0.151404946,-1.28654446,-0.861442293,-0.000197841159,1.52861261,0.864467385,-0.525563408
5.66666667,-0.0107880659,0.0135831629,0.800196556,0.992120944,0.0412393371,0.0182434233,0.116886817,-0.112794703,0.145844852,0.395521428,0.104292399,0.260605551,-0.152564228,-0.138161923,-0.0700220466,-0.206486853,0.311272176,-0.20518817,-0.0392848379,-0.0151476866,-0.893407568,2.76930551e-07,-1.01426648,0.0750134852,-1.31872159,-0.85863588,-0.000149237415,1.54128665,0.834328933,-0.536344061
5.68333333,-0.00989733527,0.0137735374,0.800632529,0.991738986,0.0430892425,0.0186698496,0.119367241,-0.101479659,0.144512623,0.393647949,0.0917635644,0.273656591,-0.162891037,-0.135718598,-0.0747539974,-0.211454694,0.310736668,-0.207264309,-0.0385640177,-0.0151124758,-0.90536443,2.65161951e-07,-1.02841147,0.00796471412,-1.35183883,-0.856062578,-4.93796775e-05,1.55060401,0.810977378,-0.545591372
5.7,-0.00910832404,0.0140896804,0.801008595,0.991310095,0.0448102352,0.019174047,0.122183035,-0.0917021351,0.14321712,0.392634714,0.0835640451,0.282767212,-0.169810371,-0.133907763,-0.0795885787,-0.216658133,0.311029339,-0.209630336,-0.0376933328,-0.0147090236,-0.917946307,2.54156271e-07,-1.03954566,-0.0484522318,-1.3922223,-0.855119692,-4.32284455e-06,1.55660725,0.791685676,-0.554361824
5.71666667,-0.00840977038,0.0145292108,0.801283758,0.990814648,0.0462566192,0.0198019993,0.125517085,-0.084174627,0.142552017,0.394277432,0.0807749218,0.285800425,-0.170846166,-0.133008036,-0.084048949,-0.22205446,0.312186153,-0.212189849,-0.0368232591,-0.0141365038,-0.930245287,2.47652877e-07,-1.04745458,-0.094789054,-1.43498149,-0.854597406,-8.74121235e-07,1.55904905,0.774062758,-0.560950754
5.73333333,-0.00778653227,0.0150305776,0.801355999,0.990240001,0.0471337754,0.0205414284,0.129542264,-0.0778219559,0.14276188,0.3999141,0.0801791935,0.284254753,-0.169144837,-0.133239404,-0.0871102085,-0.228409507,0.314431379,-0.215166126,-0.0363284877,-0.0140817084,-0.941179922,2.40003449e-07,-1.05204858,-0.130758708,-1.46678091,-0.855786857,-1.71977513e-06,1.55906812,0.754347372,-0.563255337
5.75,-0.00732979546,0.0154947817,0.801234478,0.989571806,0.0469529346,0.0213605125,0.134487145,-0.0720008899,0.145014499,0.410959225,0.08015601,0.279351184,-0.163955494,-0.133674417,-0.087469229,-0.236714632,0.315707517,-0.217422652,-0.0365689114,-0.0150387676,-0.9465774,2.14283581e-07,-1.05515291,-0.154951129,-1.48314807,-0.860251927,-2.21622029e-06,1.55507233,0.73051217,-0.555330617
5.76666667,-0.00710699109,0.016066468,0.801036265,0.988714111,0.0460862015,0.0221449477,0.14081928,-0.0664227227,0.148744093,0.427110888,0.0794806086,0.272111311,-0.154014692,-0.133737758,-0.086132138,-0.2471294,0.315627016,-0.218883447,-0.0369380213,-0.0163068734,-0.946053325,2.08759883e-07,-1.05828135,-0.16764248,-1.4852884,-0.870744668,-2.26447176e-06,1.54521073,0.710407267,-0.535442891
5.78333333,-0.00685828331,0.017023634,0.801002633,0.987506182,0.0456930697,0.022612883,0.149105137,-0.0601324747,0.150133422,0.447138231,0.0793290284,0.263771803,-0.138697605,-0.129967148,-0.0885938247,-0.25969726,0.314331271,-0.22119205,-0.0345768581,-0.0182001684,-0.941823598,7.66562108e-07,-1.05768273,-0.179716683,-1.4762828,-0.877107807,-1.21461145e-05,1.53257382,0.702971382,-0.514469091
5.8,-0.00647128561,0.0181421846,0.800948361,0.985890545,0.0451705125,0.0227725029,0.159564631,-0.0551342138,0.148924566,0.469969751,0.0799754451,0.254663587,-0.122895991,-0.124660912,-0.0907087624,-0.273087155,0.312592353,-0.223905034,-0.0320308609,-0.0204001934,-0.933408486,2.03479941e-06,-1.05251914,-0.190109791,-1.46769348,-0.875424468,-4.56217768e-06,1.51463182,0.704938142,-0.491101935
5.81666667,-0.00598923204,0.0191668318,0.800630502,0.983803879,0.0434599343,0.0225686711,0.172429162,-0.0529038965,0.15039484,0.494374126,0.0841966628,0.24414748,-0.111206014,-0.118114943,-0.0887496578,-0.28816072,0.309662811,-0.226321298,-0.0306500032,-0.0226178894,-0.918069951,2.81067774e-06,-1.04490416,-0.19655214,-1.45778642,-0.869500469,-1.20272769e-06,1.49035162,0.710988238,-0.464093198
5.83333333,-0.00542992834,0.0201941314,0.800112556,0.981063618,0.0408040135,0.0218878428,0.188069489,-0.0538131166,0.153657215,0.517676534,0.0932920408,0.231646459,-0.103639029,-0.109383766,-0.0837591871,-0.306455014,0.305146198,-0.228645839,-0.0298742946,-0.0245361945,-0.891006256,4.47683086e-09,-1.03457787,-0.19968974,-1.44320427,-0.863209469,-5.77414762e-06,1.45910572,0.720686486,-0.429572742
5.85,-0.00474265152,0.0213964405,0.799429651,0.977404107,0.0375057088,0.0206646135,0.206996392,-0.0576647726,0.156994983,0.534611234,0.105042416,0.218497685,-0.102654732,-0.0977818632,-0.0768507206,-0.328762229,0.29953011,-0.231672283,-0.0288075092,-0.0257392539,-0.846888977,1.59750693e-08,-1.02221315,-0.20324451,-1.42048247,-0.855533759,-5.82190545e-05,1.41850377,0.737905573,-0.382591131
5.86666667,-0.00391452619,0.0228870908,0.798489466,0.972464399,0.0336650008,0.0189200398,0.229829705,-0.0629884057,0.157590944,0.540743453,0.110977939,0.208764541,-0.114602152,-0.0835314865,-0.068396159,-0.355781622,0.294018222,-0.236623938,-0.0271836867,-0.0264566125,-0.784464311,0.000227957189,-1.00925774,-0.210169227,-1.38585807,-0.843527118,-4.50464722e-05,1.36726294,0.769321492,-0.324864782
5.88333333,-0.00301731291,0.0246253375,0.797352601,0.965839391,0.0295512349,0.0168968973,0.256895876,-0.0713609264,0.155197689,0.535436125,0.109688185,0.202092738,-0.130891086,-0.0670782428,-0.0581251452,-0.387271917,0.28825071,-0.243687465,-0.0253720643,-0.0268425334,-0.712466245,0.000880211836,-0.99463821,-0.219109888,-1.33454,-0.825820041,-0.000682168201,1.30655865,0.811306537,-0.27367698
5.9,-0.00240000956,0.0263300408,0.796104242,0.957021416,0.0252189836,0.0144165132,0.288558791,-0.0844086398,0.151008788,0.525151407,0.103026597,0.197885348,-0.139309922,-0.0470740705,-0.0443118345,-0.420166028,0.278064024,-0.250792144,-0.0237469455,-0.0291859213,-0.643852374,0.00189590108,-0.975851461,-0.215376777,-1.26396974,-0.795321203,-0.00924757185,1.23596494,0.826021763,-0.249195597
5.91666667,-0.00253281141,0.027629713,0.794934883,0.94533577,0.0207010506,0.0106765005,0.325265676,-0.0994121095,0.145240696,0.515048377,0.0888826193,0.197703442,-0.138577525,-0.018731531,-0.0236842512,-0.445546071,0.254083598,-0.251567441,-0.0231129784,-0.0376969027,-0.586672904,0.0028299251,-0.943197834,-0.15857681,-1.17977344,-0.72980937,-0.0540274062,1.13932425,0.774765518,-0.255494742
5.93333333,-0.00311856667,0.0287327799,0.794162606,0.930252176,0.0165471098,0.00595016318,0.366499218,-0.11296396,0.135263586,0.502018369,0.065354754,0.200276394,-0.130215845,0.0198238725,0.00310975094,-0.448094676,0.212835618,-0.244230916,-0.0241088474,-0.0541803842,-0.537229933,0.00470528971,-0.887980151,-0.0556075498,-1.07680575,-0.596764727,-0.146043438,1.00029658,0.657497467,-0.274105105
5.95,-0.00348640379,0.0301982392,0.792838014,0.911876378,0.0132819409,0.00129393862,0.410247959,-0.123473093,0.119939868,0.481486969,0.0364757506,0.204267525,-0.116217427,0.0652586382,0.0314711353,-0.417183246,0.15993475,-0.229775966,-0.0270746518,-0.07782014,-0.483558967,0.0211076202,-0.802882014,0.0868402714,-0.975026772,-0.396669921,-0.262788555,0.80788473,0.482135872,-0.233325124
5.96666667,-0.00270665221,0.032318946,0.791809524,0.891133555,0.0108725844,-0.00291342376,0.453601461,-0.129793432,0.103464664,0.450521448,0.0114879501,0.204217202,-0.101324348,0.114612405,0.0580831687,-0.359411025,0.101986765,-0.209482799,-0.0320408455,-0.103143314,-0.414589094,0.076133836,-0.695423353,0.256695301,-0.867458322,-0.192104207,-0.346504138,0.608357708,0.315123807,-0.125965694
5.98333333,-1.94182182e-05,0.0351335348,0.790743843,0.869639907,0.00950129961,-0.00655075019,0.493551664,-0.132592118,0.0916883974,0.409032918,0.00096609845,0.193730785,-0.0904098415,0.160576802,0.0790560716,-0.291256012,0.0534881547,-0.188966915,-0.0382865704,-0.130428382,-0.340437506,0.160773246,-0.57049362,0.456752313,-0.730578368,0.0078213675,-0.36058502,0.408332443,0.165638386,0.0483436582
6,0.0041692407,0.0383695461,0.789636303,0.849283062,0.0104337487,-0.00833071752,0.527768904,-0.134334778,0.0798486217,0.36592025,3.53398002e-25,0.183610385,-0.0857064553,0.195637372,0.0851468593,-0.230554537,0.0304888245,-0.183301397,-0.0419018056,-0.15790559,-0.318717858,0.226945439,-0.45321541,0.657582814,-0.545591947,0.204679525,-0.305717362,0.208341051,0.0229509812,0.248499354
6.01666667,0.00851271381,0.0417781318,0.788521714,0.831621101,0.0135567969,-0.00727439661,0.555130292,-0.137323962,0.064013352,0.329485225,0.000108685081,0.180513275,-0.0872010581,0.218575793,0.0757150037,-0.184768223,0.028787359,-0.195542084,-0.0411902352,-0.179389046,-0.361482528,0.265386688,-0.403458001,0.858617995,-0.345446324,0.400720806,-0.183574008,0.0718362651,-0.0877397083,0.448694729
6.03333333,0.0112587024,0.0449354809,0.787562892,0.817471169,0.0162119179,-0.00484940201,0.575720891,-0.143569578,0.0492384871,0.29918216,0.000103241557,0.182922955,-0.0880750973,0.231939585,0.0624462839,-0.150003268,0.0345703377,-0.211801984,-0.0385598777,-0.19109209,-0.422444371,0.29362059,-0.419964907,1.0595535,-0.145315024,0.56538142,-0.0996445424,0.000149008768,-0.131470409,0.648871098
6.05,0.0120998751,0.0473533551,0.786562496,0.806907644,0.0162500415,-0.00233966732,0.590449419,-0.154097335,0.0419604419,0.273352183,4.10800201e-05,0.187124218,-0.0837830166,0.236704737,0.0536859569,-0.122962195,0.0393948786,-0.223271643,-0.0380048325,-0.195539002,-0.467071161,0.328318559,-0.502232703,1.23102308,0.0547840313,0.664245373,-0.0830269936,-0.0407984174,-0.143682476,0.849004951
6.06666667,0.0117164352,0.0490856216,0.785763762,0.79944596,0.0143949043,0.000528639641,0.600565287,-0.166950448,0.0384225794,0.252879341,6.0179481e-06,0.19024131,-0.0749612791,0.232172551,0.0524747071,-0.106858693,0.0429194355,-0.230282634,-0.0403858904,-0.196693807,-0.483521997,0.363501752,-0.650206141,1.33559116,0.215706209,0.697365538,-0.100157472,-0.0309164848,-0.167938395,1.04909372
6.08333333,0.0108703643,0.0503753209,0.78514024,0.794618275,0.0126730962,0.00388603087,0.606964652,-0.177814657,0.0332030056,0.239123546,2.27427136e-27,0.191584564,-0.0663917964,0.225511424,0.0510355128,-0.103584369,0.04492372,-0.237413632,-0.0406464684,-0.193979387,-0.48543552,0.386355453,-0.75350329,1.37329741,0.309933325,0.699747133,-0.117780669,0.0109386788,-0.218388734,1.1902579
6.1,0.0101476027,0.0512857957,0.784774983,0.792028902,0.0116054824,0.00747082032,0.61032755,-0.185446477,0.0273779235,0.229369046,0,0.191221586,-0.0630333992,0.219826286,0.0486483192,-0.109146535,0.045245541,-0.243170482,-0.0395494176,-0.187421518,-0.491897181,0.390763217,-0.789568629,1.3597358,0.337473656,0.691604888,-0.124003481,0.0412280105,-0.252942423,1.26472883
6.11666667,0.00952892419,0.0520780343,0.784703736,0.790875228,0.0110344963,0.0112885803,0.611773799,-0.190714317,0.0206243478,0.221308554,1.89851609e-07,0.189157175,-0.0666872235,0.215246414,0.0438105176,-0.118473929,0.0440647246,-0.247249916,-0.0374623497,-0.177668345,-0.507095449,0.384122449,-0.758620502,1.34369917,0.301220206,0.670329195,-0.120199267,0.049330553,-0.241309715,1.27943404
6.13333333,0.00888133219,0.0528837243,0.784758879,0.78974185,0.0103387904,0.0148513506,0.613172372,-0.195475799,0.0140253338,0.213412277,1.24966423e-07,0.186861965,-0.071618308,0.209774776,0.0389916869,-0.126327448,0.0443894295,-0.250624465,-0.0343621273,-0.166376044,-0.524445455,0.36907251,-0.718653415,1.33729206,0.308353781,0.642935742,-0.114405496,0.0507128383,-0.20367081,1.29833546
6.15,0.00832383424,0.0535777019,0.784736851,0.787672534,0.00874782579,0.0175961089,0.615780668,-0.202719435,0.0112319157,0.206048709,3.10236105e-08,0.186859239,-0.0733983409,0.203580305,0.0390860581,-0.130065457,0.0456754829,-0.252155694,-0.0334518309,-0.158510225,-0.542385113,0.350093425,-0.675622383,1.33809113,0.358463601,0.625031774,-0.108604315,0.0516580639,-0.181164427,1.31341689
6.16666667,0.00774242058,0.0543959319,0.784587749,0.785028916,0.00715224466,0.0196851574,0.619104952,-0.209400686,0.00923683632,0.199715696,0,0.187255741,-0.0708864439,0.198815802,0.0412034201,-0.131605439,0.047395332,-0.253389791,-0.0348719671,-0.156019958,-0.560172362,0.332755817,-0.645579199,1.34024688,0.412683574,0.620998836,-0.106393892,0.0611829565,-0.182377872,1.29850591
6.18333333,0.00711861228,0.0555196078,0.784383746,0.782808143,0.00654080089,0.0216709618,0.621851267,-0.213040814,0.00610838536,0.195832943,3.47222996e-08,0.186726781,-0.0701193988,0.1970845,0.038321426,-0.131774855,0.0475432528,-0.256497647,-0.0333092741,-0.156380496,-0.577344932,0.32465505,-0.657130736,1.33746344,0.45056984,0.618756442,-0.100421899,0.0662816383,-0.185611381,1.27053678
6.2,0.00671096015,0.056839151,0.784314366,0.781315559,0.00627847328,0.0233906517,0.623666141,-0.214565135,0.0031263794,0.193464625,1.36186462e-07,0.185187738,-0.0695840181,0.196873368,0.0354756753,-0.132466309,0.0463988043,-0.258158141,-0.0306731338,-0.158052715,-0.592312964,0.325488065,-0.694844569,1.33099663,0.470295381,0.613917819,-0.087044209,0.0627670458,-0.177849494,1.2529058
6.21666667,0.00662458954,0.0584102107,0.784357195,0.780420226,0.00581480238,0.0244867562,0.624748635,-0.214528563,0.00140158938,0.19259989,2.06237376e-07,0.182904224,-0.0662665382,0.198097238,0.0352289986,-0.133690678,0.0433141511,-0.256254063,-0.0293496066,-0.160744052,-0.601408184,0.328964749,-0.71642358,1.32689188,0.477666248,0.61461342,-0.0730603373,0.0569442725,-0.168650786,1.25101276
6.23333333,0.0066374345,0.0603556554,0.784416559,0.780199927,0.00538035415,0.0253350443,0.624993809,-0.213682423,0.000379577696,0.193795178,0,0.180471013,-0.0605294601,0.200320454,0.0358481129,-0.134998145,0.0394241532,-0.252978885,-0.0291166221,-0.163680874,-0.604076187,0.331632025,-0.710738928,1.32705249,0.479912879,0.624344505,-0.0641349959,0.0523394984,-0.16966098,1.2541072
6.25,0.00647372759,0.0626517155,0.784395018,0.780757986,0.0052101057,0.0267147133,0.624240455,-0.213725123,-0.0021506024,0.197026989,1.27444917e-26,0.178207079,-0.0561717494,0.20000499,0.0322437094,-0.135261707,0.0397216943,-0.254222576,-0.0274138767,-0.16533312,-0.603201195,0.334892237,-0.699646583,1.3274744,0.482163619,0.637552079,-0.0625105812,0.0502850641,-0.181181144,1.25841694
6.26666667,0.00612049692,0.0652304003,0.784368462,0.781844778,0.00511046843,0.0285261223,0.622799234,-0.213526938,-0.00524716951,0.200698567,6.53482069e-06,0.175123304,-0.0521331773,0.198901319,0.0270382391,-0.134260406,0.0411191775,-0.256874575,-0.0244175387,-0.166276049,-0.601150686,0.340172638,-0.697250128,1.32606189,0.485245576,0.647930694,-0.0729403787,0.0527339469,-0.197112359,1.27086664
6.28333333,0.00561834528,0.0680251888,0.784400085,0.78330175,0.00479144967,0.0305249109,0.620873289,-0.213305449,-0.00826460703,0.203649543,3.27142599e-05,0.171349826,-0.047742968,0.197618975,0.0215989968,-0.131570428,0.0416683378,-0.258417861,-0.0209435135,-0.166417897,-0.598818209,0.345789168,-0.696674994,1.32464212,0.48690972,0.649216492,-0.0905819153,0.0598560019,-0.208728008,1.28474196
6.3,0.00507037314,0.071041464,0.784429493,0.785080826,0.00420179428,0.0326541199,0.618517704,-0.214211276,-0.0112972183,0.205719425,6.91580546e-05,0.168237188,-0.0429730194,0.195992573,0.0161837202,-0.127923277,0.0414675649,-0.259320078,-0.0173052169,-0.164643279,-0.596912987,0.349558501,-0.68927002,1.32607162,0.483667818,0.642369965,-0.0999390913,0.0666847424,-0.21165618,1.28525978
6.31666667,0.00458739229,0.0744183854,0.78430125,0.786937966,0.00349055555,0.0348257859,0.616038651,-0.217204648,-0.0150764893,0.20736145,5.26025775e-05,0.167281052,-0.0373064783,0.194925492,0.011268195,-0.124554853,0.0406497349,-0.260677759,-0.0139649956,-0.1624201,-0.595140993,0.352342596,-0.67642725,1.32995536,0.474820033,0.636641384,-0.10237382,0.0727532186,-0.210238929,1.2695725
6.33333333,0.00406777174,0.0782672262,0.78405785,0.788575608,0.00284477511,0.0372143011,0.613804133,-0.221232531,-0.0205249062,0.209983979,4.48069282e-25,0.166985902,-0.0295215403,0.194475167,0.00620447106,-0.122549397,0.0401364244,-0.262819352,-0.0107681162,-0.161374088,-0.59376672,0.355158098,-0.665162823,1.33246987,0.465332702,0.639418291,-0.102646505,0.0788196629,-0.210778613,1.24339677
6.35,0.00358293251,0.0826243917,0.783820503,0.790045392,0.00222574075,0.03951278,0.611769617,-0.225578254,-0.0262753384,0.214622826,0.00107484536,0.164465564,-0.0193807335,0.194799398,0.000849107147,-0.121719965,0.0398567742,-0.264841391,-0.00671030589,-0.161743526,-0.592608648,0.358225016,-0.65762416,1.33299454,0.457789115,0.654612774,-0.103189275,0.0869551924,-0.215568415,1.20974328
6.36666667,0.00328373023,0.0874601897,0.783862386,0.791697681,0.00148675502,0.041064583,0.609529549,-0.229261308,-0.0263870324,0.221745915,0.0106191579,0.154867945,-0.00964215791,0.196597788,-0.00286609409,-0.120297387,0.0387092923,-0.262415005,-0.00060290207,-0.162182731,-0.591823834,0.361784257,-0.651651956,1.33367163,0.451045733,0.676021733,-0.102129382,0.0952669989,-0.220994888,1.17229567
6.38333333,0.00281104079,0.0926918527,0.784025493,0.793540044,0.000856371159,0.0425091164,0.607030839,-0.237136588,-0.0261779825,0.230556394,0.0338499614,0.136184333,-0.0010490695,0.1996009,-0.00800003195,-0.119664021,0.0359382194,-0.258302498,0.00745004732,-0.162942502,-0.592099467,0.364868138,-0.642496328,1.33490586,0.441837969,0.692154341,-0.0990323083,0.0998735114,-0.225961031,1.13629915
6.4,0.00194513895,0.0981640405,0.783990353,0.795570615,0.000478437745,0.0444871956,0.604225171,-0.250386061,-0.0278668625,0.239990576,0.0699292305,0.109243212,0.00660501758,0.204999143,-0.0155392684,-0.120393891,0.0293288086,-0.254143296,0.0169918627,-0.163808278,-0.594172382,0.36782114,-0.62853138,1.33628018,0.427992699,0.694165419,-0.0861864931,0.0970913117,-0.223026118,1.10005185
6.41666667,0.000817653158,0.103947508,0.783651041,0.798152839,0.00037377349,0.0463923384,0.600666011,-0.268288731,-0.0304158888,0.250263393,0.11893687,0.0736623344,0.0136654818,0.215363456,-0.0251550198,-0.123157917,0.0158211519,-0.249233401,0.0279394791,-0.163853853,-0.597919022,0.371624856,-0.613094517,1.33720462,0.411973852,0.680444296,-0.0632541133,0.0876155168,-0.209499442,1.06504959
6.43333333,-0.000410748191,0.110598948,0.783215822,0.801581457,0.000707962557,0.0468430889,0.596047307,-0.282616332,-0.0275690249,0.262399333,0.177180008,0.0291713969,0.0165377393,0.230899299,-0.0345460313,-0.12665553,0.000212244426,-0.241539958,0.0401523939,-0.163339469,-0.601179193,0.375908989,-0.597091885,1.33932981,0.397114068,0.670777076,-0.0539484963,0.0823845834,-0.200871513,1.03649083
6.45,-0.0017929817,0.118275726,0.782787477,0.805496924,0.00108609174,0.0455050921,0.59084923,-0.290624036,-0.0221628391,0.274628073,0.236431977,-0.0195037387,0.0179559057,0.238897888,-0.0442838,-0.130641256,0.00570368734,-0.240918484,0.0490323911,-0.164025479,-0.60448518,0.381199784,-0.583484248,1.34243624,0.385316105,0.669826823,-0.0589785398,0.084445163,-0.198348913,1.01467757
6.46666667,-0.00320552448,0.126572246,0.782652565,0.809423508,0.000971898818,0.0424973693,0.585684739,-0.290977243,-0.0130106652,0.285807221,0.287789591,-0.0653603403,0.0176962751,0.228651816,-0.0526286147,-0.133251066,0.0556331256,-0.252096652,0.0548462571,-0.166383733,-0.60964588,0.38815735,-0.573217169,1.34634202,0.376208648,0.670514495,-0.0677568969,0.0900564814,-0.196140161,0.995325084
6.48333333,-0.0046940868,0.135184395,0.782785636,0.813059902,0.00128578777,0.0386369441,0.580895111,-0.282158642,-0.00690464978,0.294820719,0.322938514,-0.102623057,0.018074337,0.197164705,-0.0636329113,-0.132665241,0.157736261,-0.272096586,0.0611272848,-0.171710144,-0.616313059,0.39686798,-0.567342115,1.35023445,0.368579458,0.668618031,-0.0733732447,0.0958348721,-0.193465653,0.976258118
6.5,-0.00643942859,0.14392625,0.783162203,0.816270403,0.00300315603,0.0348994455,0.576607006,-0.266444784,-0.00785321169,0.302504187,0.342623551,-0.130828915,0.0202305178,0.148686014,-0.0804073304,-0.127901213,0.298639912,-0.283736295,0.0711297214,-0.180122919,-0.623202929,0.406848132,-0.56761414,1.35234476,0.364590963,0.668344916,-0.0793580462,0.102685626,-0.199650303,0.957351587
6.51666667,-0.00833051122,0.152771293,0.783402811,0.818832416,0.00605303743,0.0310358006,0.573161071,-0.2455086,-0.015169788,0.307911184,0.352372066,-0.153229004,0.0241541646,0.0899086663,-0.0984389228,-0.118373909,0.457644602,-0.264685286,0.0811869893,-0.191829926,-0.629516838,0.417165436,-0.57324711,1.35318722,0.365231639,0.669878579,-0.0855979931,0.109171246,-0.217824363,0.937395709
6.53333333,-0.0101825355,0.161828147,0.783184436,0.820617555,0.0100203803,0.0266116458,0.570769867,-0.219213096,-0.026508285,0.310530376,0.355291767,-0.172535415,0.0287924538,0.0255406648,-0.11219605,-0.102801502,0.614664198,-0.205668559,0.0862928512,-0.20592591,-0.635416886,0.427835218,-0.579598287,1.35376749,0.366257422,0.679545155,-0.0918841606,0.113205765,-0.242110602,0.919018544
6.55,-0.0119003545,0.170919114,0.782396397,0.821647403,0.0144080863,0.0219496513,0.569391047,-0.190862023,-0.0384310877,0.310083082,0.352950171,-0.18753235,0.0327396112,-0.0414853339,-0.119346443,-0.0774492079,0.758391948,-0.121325273,0.0834140047,-0.222273809,-0.643305998,0.440246501,-0.583081838,1.35634064,0.362035596,0.697281124,-0.0980299649,0.115828672,-0.273569082,0.901295624
6.56666667,-0.0134289295,0.179713399,0.782213956,0.822130269,0.0184895027,0.0178470175,0.568719125,-0.163756279,-0.0499103469,0.307248538,0.346712265,-0.198487326,0.0362145189,-0.110913774,-0.116251236,-0.0424569558,0.883034315,-0.0517277152,0.0675415741,-0.240544621,-0.655993741,0.457501694,-0.584235889,1.36237368,0.352239782,0.718375148,-0.104420753,0.120755109,-0.315196677,0.876355852
6.58333333,-0.0147847352,0.18813812,0.782129824,0.822387099,0.0218102564,0.0147217436,0.56831949,-0.139591693,-0.061256344,0.302537843,0.337429718,-0.20633115,0.0396533954,-0.180543802,-0.104036861,-0.00613042277,0.981088202,-0.020469184,0.0409564531,-0.259404151,-0.673715561,0.481271606,-0.585521546,1.3701156,0.340287809,0.738889278,-0.109192889,0.126180281,-0.36377075,0.849117182
6.6,-0.0160944911,0.196470001,0.782279939,0.822525648,0.0244919752,0.0120839073,0.568071898,-0.115658476,-0.0721567426,0.297316117,0.323649008,-0.210929611,0.0427977035,-0.245024873,-0.0887491194,0.0187498052,1.04364091,-0.0215219607,0.0128022702,-0.27674306,-0.69012042,0.50371903,-0.588487209,1.37468559,0.332573734,0.759939403,-0.108933705,0.126895011,-0.39718545,0.825165548
6.61666667,-0.0174901759,0.20483323,0.782609526,0.822430425,0.0268654158,0.00978448934,0.568146732,-0.0911758679,-0.0836598401,0.292550462,0.304815099,-0.212146378,0.0457102983,-0.300735422,-0.0757641218,0.0276030362,1.06465926,-0.0387594334,-0.0126705676,-0.292024617,-0.703832807,0.522119869,-0.594767744,1.374005,0.330372149,0.778542923,-0.104403928,0.122738728,-0.415372604,0.809860511
6.63333333,-0.0189058964,0.21317106,0.783010384,0.821907763,0.0289666098,0.00789971721,0.568828761,-0.0667432336,-0.0950946778,0.28747829,0.283016319,-0.21105601,0.0476985281,-0.346245327,-0.0649027785,0.0240163515,1.04574525,-0.0565114966,-0.032952593,-0.305179334,-0.717976744,0.537306998,-0.604635096,1.37061703,0.330186746,0.795734501,-0.100541338,0.11258927,-0.422805163,0.798155081
6.65,-0.0200567273,0.221394507,0.783470254,0.820685318,0.0306058207,0.00632234218,0.570525127,-0.0434662437,-0.10370947,0.280887199,0.261421625,-0.209197602,0.0466609627,-0.380815811,-0.0521830966,0.0157248202,0.992003556,-0.0649061519,-0.0433907548,-0.317492993,-0.733475597,0.550051465,-0.617336854,1.36734613,0.329134119,0.813180148,-0.0986494115,0.103499951,-0.427041046,0.784893732
6.66666667,-0.0208102908,0.22959975,0.783825806,0.818400059,0.0319309725,0.00491781885,0.573739986,-0.0218067449,-0.110520803,0.27251394,0.242756174,-0.208664503,0.0436954941,-0.403783159,-0.033550178,0.0113354583,0.908459811,-0.061056717,-0.0442933487,-0.330008461,-0.750375037,0.559833945,-0.631902375,1.36555689,0.325785954,0.831500332,-0.100037338,0.0976223107,-0.430411273,0.765250757
6.68333333,-0.0212949851,0.237905461,0.78388947,0.814565731,0.0333521404,0.00379845584,0.579099193,-0.00191808085,-0.117602057,0.261131194,0.227796983,-0.209839159,0.0408843305,-0.415383048,-0.0106166762,0.0184710528,0.799165861,-0.043943025,-0.0405592104,-0.343953186,-0.768461261,0.565980369,-0.646462641,1.36459431,0.32139536,0.844727469,-0.102806267,0.0941040609,-0.42651419,0.741206304
6.7,-0.0216708501,0.246263443,0.78369118,0.808546723,0.035045422,0.00304328536,0.587379565,0.0159463846,-0.125644878,0.244483837,0.215546917,-0.211540506,0.0389913501,-0.418535633,0.0104301644,0.0398632762,0.673065829,-0.0125210415,-0.0341058564,-0.360871648,-0.787817238,0.568325944,-0.661179475,1.36288516,0.31673666,0.838666146,-0.102190377,0.0906997113,-0.402289214,0.714560257
6.71666667,-0.0217974563,0.254499725,0.783479966,0.799778039,0.0363575736,0.00221932583,0.599189695,0.032289827,-0.13152518,0.222567303,0.205903965,-0.213625021,0.0384283949,-0.411827443,0.0261013884,0.0735839885,0.5342637,0.0372037609,-0.0255773496,-0.381089752,-0.809056633,0.567286803,-0.678416634,1.35919145,0.311057437,0.808642206,-0.0920496296,0.0901772893,-0.354858332,0.686484498
6.73333333,-0.0215390467,0.262682673,0.783398823,0.787657382,0.0366643164,0.000980884091,0.615020824,0.0437781491,-0.131125656,0.196522859,0.203706495,-0.21823013,0.0389994897,-0.396692762,0.0334391319,0.1116231,0.389316402,0.103734749,-0.0183469087,-0.404744343,-0.833172972,0.562455107,-0.699018239,1.35218363,0.305549213,0.760939303,-0.0725607747,0.0934708923,-0.298116162,0.664761533
6.75,-0.0210923652,0.271442398,0.783303297,0.771435111,0.0369943866,-0.000796390684,0.635231179,0.0551797044,-0.127150205,0.166289241,0.206273935,-0.2252538,0.039405186,-0.37308917,0.0281602193,0.140150351,0.250355688,0.17902395,-0.0140306186,-0.430429746,-0.858874598,0.547866725,-0.71884812,1.34389094,0.299044642,0.722282397,-0.0552301484,0.0920721158,-0.246554416,0.638772015
6.76666667,-0.0206257983,0.281100973,0.783239617,0.750548567,0.0383082597,-0.00280429448,0.659698008,0.0688246449,-0.122301772,0.131936941,0.208651507,-0.231735883,0.0367157018,-0.342498199,0.00652756076,0.142479783,0.127644792,0.25373781,-0.0056229468,-0.456679886,-0.884874753,0.518951974,-0.733457881,1.33571968,0.28779123,0.708251604,-0.0435751131,0.0868779311,-0.212715816,0.59479073
6.78333333,-0.0200782308,0.291465475,0.783244291,0.725228467,0.0401920724,-0.00502295486,0.687315821,0.083870181,-0.115162595,0.0953276894,0.211826652,-0.238669265,0.0318967627,-0.310392194,-0.0213755505,0.113192944,0.0391565716,0.320936532,0.014325224,-0.478426792,-0.909034762,0.472645406,-0.741546933,1.32746504,0.268086202,0.723694191,-0.0384849434,0.0823761926,-0.211515968,0.531367937
6.8,-0.0195742637,0.301902213,0.783401404,0.696217447,0.0418421228,-0.00690018935,0.716577205,0.0974622037,-0.105792783,0.0564057231,0.214727492,-0.244734317,0.0260258602,-0.286471387,-0.0495288134,0.0608248242,0.0030664089,0.374970192,0.0396128371,-0.489609638,-0.930754499,0.40771621,-0.746495555,1.3171867,0.239981235,0.747478927,-0.0316301035,0.0777113336,-0.236371778,0.450808095
6.81666667,-0.0192914666,0.312012339,0.783792758,0.664691808,0.0429171605,-0.00769130376,0.745844328,0.108137451,-0.0952960509,0.0131645517,0.213768751,-0.24708679,0.0192920747,-0.265217074,-0.077156722,0.00103587882,1.5296679e-24,0.411422244,0.0610737267,-0.485424913,-0.949631195,0.326992382,-0.75205672,1.30030066,0.205162427,0.767144156,-0.0316049691,0.0785006457,-0.283708184,0.357026333
6.83333333,-0.0192283269,0.321647629,0.78447422,0.632369373,0.0433839521,-0.00763799086,0.773413518,0.116866601,-0.0842983698,-0.0331713641,0.207421218,-0.244821882,0.0111486779,-0.237977419,-0.102701458,-0.052974246,0.00135344305,0.412975503,0.0736327078,-0.461968806,-0.958100216,0.234483995,-0.758212061,1.26252554,0.166220808,0.758038283,-0.0476649883,0.0861189434,-0.344589702,0.266583097
6.85,-0.0192262065,0.330286047,0.785521878,0.601543198,0.0428982097,-0.00677015811,0.797658881,0.122446981,-0.0725776653,-0.0784016776,0.197533706,-0.239604438,0.00223260478,-0.205778496,-0.122840665,-0.0971975851,0.00058862356,0.371162392,0.0809826305,-0.413823241,-0.950263594,0.140466523,-0.77283902,1.17618739,0.131135496,0.682266017,-0.0572659404,0.0882090171,-0.388837622,0.174629067
6.86666667,-0.0190841103,0.337511327,0.786057253,0.5745807,0.0413671834,-0.00483195435,0.817387562,0.123410623,-0.0623747551,-0.116179043,0.188016967,-0.23473238,-0.00436587794,-0.17927961,-0.139288934,-0.132360949,0.00224751568,0.310223964,0.0922379469,-0.342771021,-0.923304226,0.0670031325,-0.806780334,1.02318238,0.110919764,0.539827343,-0.0594587346,0.0760009291,-0.387871667,0.0705502544
6.88333333,-0.0187071394,0.343071174,0.786039203,0.553986066,0.0390058059,-0.00272286,0.831607222,0.123492597,-0.0532331084,-0.138528466,0.177745481,-0.230910333,-0.00560967746,-0.16580615,-0.149561676,-0.156916878,0.0116019231,0.25782252,0.102187634,-0.255302723,-0.851339428,0.0488680235,-0.853099703,0.823185961,0.109369883,0.339822661,-0.0764808838,0.0547679535,-0.321209015,-0.0290452884
6.9,-0.0181228193,0.347212716,0.785994436,0.542120202,0.0363330878,-0.000965905158,0.839514539,0.12777181,-0.0474727266,-0.139903017,0.162320667,-0.226613072,-0.00103519878,-0.169177831,-0.154119123,-0.168866046,0.0323789437,0.223225563,0.104070484,-0.159022311,-0.712708196,0.0973995025,-0.87852528,0.62318936,0.0986482316,0.139818212,-0.134480399,0.0451668606,-0.187879495,-0.0971643274
6.91666667,-0.0173588258,0.35121883,0.785684799,0.540079652,0.0337347033,0.000861813869,0.840937095,0.138514306,-0.0473513245,-0.120796761,0.139621039,-0.221066875,0.00466371848,-0.187353856,-0.153936681,-0.166957647,0.0647812479,0.19837581,0.0964458156,-0.0648897508,-0.512703971,0.212597573,-0.846015845,0.423192589,0.0212599099,-0.0601860133,-0.231398431,0.0687338384,0.012116882,-0.14768097
6.93333333,-0.017211988,0.355645288,0.785076314,0.547038242,0.0308649982,0.00320538902,0.83653227,0.152002661,-0.054673393,-0.0881789941,0.113520132,-0.216021178,0.0109072058,-0.213268953,-0.149898135,-0.153971644,0.0984495538,0.178779493,0.0828873818,0.022286119,-0.312699956,0.309393384,-0.746839641,0.223195656,-0.122795082,-0.260190028,-0.344244305,0.129891677,0.21211344,-0.192453141
6.95,-0.0183741735,0.360044475,0.78434595,0.560213719,0.026479074,0.0055565915,0.827906137,0.158945969,-0.0662848487,-0.0518111783,0.0956165382,-0.215435094,0.01916051,-0.243201939,-0.141528836,-0.136498892,0.129064167,0.165606233,0.0711154999,0.100301875,-0.112696143,0.339522461,-0.580996673,0.0549539273,-0.32279502,-0.460193842,-0.440090192,0.244872366,0.41211017,-0.242700964
6.96666667,-0.0201375009,0.364154329,0.784077729,0.57523001,0.0191445017,0.00663258727,0.817740749,0.15670671,-0.0677218486,-0.0231700241,0.0903610797,-0.222695305,0.0236794808,-0.272277431,-0.125901746,-0.122612348,0.152552067,0.160431523,0.0687334179,0.164560555,0.0873074805,0.302984807,-0.404742123,-0.0466212804,-0.522794961,-0.660197465,-0.492355701,0.411918993,0.612107064,-0.321378404
6.98333333,-0.0216354792,0.367671865,0.784288854,0.58755861,0.0102995624,0.00659364669,0.809089193,0.147010184,-0.0584814354,-0.00528051448,0.0964562172,-0.235385321,0.02287771,-0.296893306,-0.108110555,-0.116348507,0.168304209,0.162474702,0.0733199634,0.210978868,0.287310922,0.201424079,-0.256131291,-0.0815299598,-0.722794905,-0.860200906,-0.492708214,0.564457655,0.812104113,-0.45331155
7,-0.0228381575,0.370329743,0.784366932,0.593439398,0.00326465447,0.00726189491,0.804839293,0.135705773,-0.0507910123,0.00317902418,0.1066339,-0.247647029,0.0211160005,-0.315639715,-0.0984132777,-0.117665008,0.180677172,0.162991194,0.076831948,0.238044133,0.487314192,0.127668796,-0.129392487,-0.120852527,-0.922794852,-1.06020418,-0.462147497,0.650329709,1.01210131,-0.609252598
7.01666667,-0.0235358281,0.372757384,0.784295288,0.590858116,-0.00135775833,0.00869694108,0.806727468,0.125932827,-0.0456006235,0.00091262149,0.114595304,-0.255297018,0.0194863929,-0.327771854,-0.097508374,-0.125568401,0.193862813,0.15724743,0.0769598985,0.249804487,0.684845333,0.104931197,-0.0583912237,-0.209634793,-1.1227948,-1.24662771,-0.434122578,0.669535151,1.21209865,-0.698526994
7.03333333,-0.023368687,0.375575063,0.784643513,0.581024041,-0.00480906094,0.00919564421,0.813820236,0.120721092,-0.0362772348,-0.011632351,0.115099293,-0.25630622,0.0162422541,-0.329628378,-0.0991440999,-0.137869134,0.203813253,0.147399197,0.0778732488,0.249379317,0.815709652,0.107397084,-0.0371415126,-0.282255191,-1.25678857,-1.36638443,-0.437112148,0.668345207,1.35245703,-0.721134736
7.05,-0.0226193656,0.378226234,0.78564735,0.567124597,-0.00741008715,0.00871256871,0.823552593,0.123328497,-0.0233618739,-0.0309225494,0.0975841192,-0.244541594,0.00990133678,-0.320842722,-0.101714472,-0.150933531,0.203719993,0.139177193,0.0826677267,0.242633203,0.879907157,0.100043418,-0.0334299723,-0.313509814,-1.32411567,-1.41947433,-0.469077522,0.675915991,1.42614887,-0.677075824
7.06666667,-0.0218805986,0.380361561,0.786980913,0.552669617,-0.0092098208,0.0079385625,0.833311738,0.131278128,-0.0100123698,-0.0512116401,0.0666435144,-0.223563724,0.00216601617,-0.306671388,-0.10439852,-0.163681945,0.195112316,0.134835365,0.0897044497,0.233703891,0.877437855,0.0885368223,-0.0358618706,-0.313121503,-1.32477611,-1.40651596,-0.507748266,0.683244293,1.43317416,-0.592501907
7.08333333,-0.021690351,0.382187073,0.787910109,0.540559289,-0.0102755206,0.00694410201,0.841214508,0.136782154,0.00055332595,-0.0677275805,0.0452328976,-0.208182193,-0.00351200401,-0.29295351,-0.10631401,-0.174550496,0.186430909,0.131924296,0.0959384031,0.225173476,0.858516222,0.0810328638,-0.0333104064,-0.300179829,-1.29683191,-1.38632374,-0.53793733,0.689316091,1.42390728,-0.574594668
7.1,-0.02190212,0.383870671,0.788406714,0.532184602,-0.0106642117,0.00579103112,0.846541368,0.138529539,0.0071160646,-0.0777544753,0.0393307566,-0.203410471,-0.00658633045,-0.283260077,-0.107655757,-0.18296651,0.182922487,0.127736022,0.0993915262,0.219192069,0.848953669,0.0776681622,-0.0189877989,-0.285922065,-1.27740195,-1.37413048,-0.55252699,0.667030953,1.4254289,-0.605406238
7.11666667,-0.0219516072,0.385460461,0.788524096,0.527533559,-0.0106595226,0.00444422679,0.849455689,0.141326338,0.0135978442,-0.0813473335,0.0390442817,-0.204500268,-0.00995378588,-0.277697579,-0.10707004,-0.189646325,0.185274798,0.122574598,0.100145864,0.216785592,0.844400657,0.0798804992,-0.00241479572,-0.273971774,-1.27555709,-1.36646702,-0.559082578,0.634867971,1.42573206,-0.615665051
7.13333333,-0.0218087767,0.386799229,0.788497555,0.526097105,-0.0105511185,0.00342369174,0.850352155,0.144070202,0.0179852493,-0.080490874,0.040031498,-0.207104668,-0.0130046359,-0.276723462,-0.106001241,-0.194620919,0.191722168,0.117490399,0.0990926266,0.218014141,0.839733267,0.0814940504,0.00898289303,-0.264038347,-1.2764933,-1.36400321,-0.567527921,0.638611556,1.41777604,-0.607591482
7.15,-0.0216797103,0.387870869,0.788324813,0.527242151,-0.0104641124,0.00307849901,0.849645067,0.145918633,0.0193013118,-0.0773077368,0.0415229807,-0.209972131,-0.0147895389,-0.279069624,-0.10520753,-0.197012065,0.199089524,0.112906952,0.0968269887,0.222297862,0.839382168,0.0820027702,0.0167847442,-0.257169347,-1.27718901,-1.36835355,-0.575208239,0.667031407,1.40986483,-0.605965501
7.16666667,-0.0215891592,0.388744847,0.788080485,0.529970284,-0.010508449,0.00302812905,0.847945694,0.147337265,0.0187175552,-0.0734960973,0.0430651741,-0.212926469,-0.0148517359,-0.282563766,-0.103835144,-0.19608366,0.204812214,0.109749152,0.0942944045,0.22781477,0.843149134,0.0826199169,0.0245239599,-0.258380672,-1.28646185,-1.3741426,-0.576299901,0.68207642,1.40753252,-0.611429331
7.18333333,-0.0214837247,0.38947615,0.787859982,0.533336987,-0.0107603764,0.00286984037,0.845829555,0.148818779,0.0180565113,-0.0698709187,0.0445026088,-0.216001941,-0.0138604723,-0.285679893,-0.10108291,-0.19204187,0.208033773,0.108471083,0.0922905233,0.232788019,0.849982974,0.0845618669,0.0325723634,-0.262787442,-1.30318074,-1.37753077,-0.57221282,0.680629654,1.40750277,-0.617381334
7.2,-0.0213885537,0.389985085,0.787701088,0.536697094,-0.0112382391,0.00257282139,0.84369622,0.150034252,0.0180203741,-0.0665598853,0.0458095563,-0.218913306,-0.0126824144,-0.287814674,-0.0973761902,-0.186394199,0.20836198,0.10928891,0.091244934,0.236133307,0.851883584,0.0836922925,0.038247873,-0.264094083,-1.31721135,-1.37986371,-0.567425383,0.681755882,1.40623786,-0.622553119
7.21666667,-0.021307724,0.390218501,0.787617969,0.539616084,-0.0118819744,0.00227609894,0.841824281,0.150709551,0.0185635013,-0.0634686505,0.046717007,-0.221220143,-0.0118789281,-0.289252204,-0.0936625012,-0.180704497,0.206521048,0.111792013,0.0911197387,0.23740338,0.851733798,0.0826437847,0.039269757,-0.268359885,-1.32629088,-1.38284763,-0.563588913,0.692178326,1.40407968,-0.629046038
7.23333333,-0.0211835354,0.390225118,0.787617719,0.541887277,-0.0125716898,0.00206938479,0.840354598,0.150664608,0.0191929832,-0.0603038047,0.047009065,-0.222385913,-0.0115510003,-0.290115693,-0.0904872968,-0.176220118,0.203393992,0.115316954,0.0915735041,0.23681021,0.84862371,0.0867890412,0.0395387675,-0.272684382,-1.33405213,-1.38604293,-0.559593449,0.702957962,1.40254938,-0.635250031
7.25,-0.021123835,0.39005075,0.787662114,0.543516273,-0.0132177943,0.00197559129,0.83929223,0.149993947,0.0196268255,-0.0574182559,0.0473162,-0.222997416,-0.0113682093,-0.290785551,-0.0883091397,-0.173781634,0.200208979,0.118902833,0.0920903296,0.235062504,0.848448956,0.0921505303,0.0358106719,-0.281189284,-1.333163,-1.38817977,-0.555502806,0.706354696,1.40136161,-0.639657019
7.26666667,-0.021189587,0.389763723,0.787713584,0.54470489,-0.0137866187,0.001971919,0.838512149,0.149014777,0.0197344404,-0.0548287052,0.0477563419,-0.223395799,-0.0111385939,-0.291489106,-0.0870398944,-0.173462051,0.197573759,0.121850256,0.0922245697,0.23291442,0.851225247,0.0973986035,0.0325002612,-0.289203809,-1.3284664,-1.39013414,-0.55172691,0.705269431,1.4006416,-0.642666814
7.28333333,-0.02135965,0.389359201,0.787759197,0.545699407,-0.0142620848,0.00208966908,0.837857018,0.148068738,0.0193914011,-0.0535917648,0.0478471407,-0.223429528,-0.0105041165,-0.292613734,-0.0865130712,-0.174341618,0.195883402,0.123894512,0.0918383694,0.231312422,0.854009749,0.102110774,0.0320693172,-0.294853772,-1.32929354,-1.39254557,-0.548993776,0.704323471,1.40067234,-0.642976395
7.3,-0.0216338733,0.388795155,0.787791718,0.546578439,-0.0146175678,0.00239535617,0.837276895,0.146968593,0.0183593431,-0.0534387439,0.0474469222,-0.222825052,-0.00957972079,-0.293997478,-0.0868123312,-0.175007453,0.194299224,0.125509874,0.0912919683,0.230709654,0.856188456,0.104891168,0.0316214813,-0.296781321,-1.3347033,-1.39524006,-0.547588434,0.705162167,1.40063854,-0.641350765
7.31666667,-0.022034168,0.388074596,0.787812044,0.547329181,-0.0148382911,0.00277407923,0.836781272,0.146067162,0.0167145644,-0.0536621306,0.0465584707,-0.221783938,-0.00815333995,-0.29561432,-0.0877256112,-0.174640576,0.19316178,0.126975077,0.0911416094,0.230833354,0.856624518,0.106477672,0.0315878682,-0.297761124,-1.34431092,-1.3976821,-0.547795304,0.70748716,1.40029801,-0.640651
7.33333333,-0.0225445858,0.387218725,0.787820497,0.548105322,-0.0149841737,0.00311567195,0.836269289,0.14465038,0.0148207269,-0.0539435579,0.0470450931,-0.221428188,-0.00632880045,-0.29748727,-0.0884640743,-0.173429395,0.192426126,0.128441893,0.0912279448,0.231585858,0.855495832,0.108984431,0.0299971025,-0.299198546,-1.35216406,-1.39939477,-0.549045498,0.710008542,1.39935407,-0.640879113
7.35,-0.0230940105,0.386247533,0.78778267,0.549153813,-0.0152342297,0.00340473777,0.8355755,0.140533651,0.0124474524,-0.053797738,0.0536887294,-0.224545796,-0.00388915574,-0.300602206,-0.0884940194,-0.17125506,0.193117996,0.129749653,0.0908761486,0.232800916,0.854162103,0.11541967,0.0235653782,-0.302956587,-1.3547013,-1.4001549,-0.550249266,0.71019739,1.39688791,-0.637268093
7.36666667,-0.0237697457,0.385250081,0.787555319,0.550457386,-0.0152808999,0.00367866833,0.834715297,0.13170661,0.00896387749,-0.0528211071,0.0720004576,-0.234263107,-0.000683756571,-0.304633805,-0.0883568955,-0.168767235,0.195809644,0.130509466,0.0899171494,0.234069032,0.852926159,0.126822931,0.0115216814,-0.306610499,-1.34838936,-1.40015686,-0.550706799,0.708936452,1.3929077,-0.62748216
7.38333333,-0.0247759195,0.384245362,0.787028229,0.551684566,-0.014593191,0.00408745955,0.833915146,0.121245763,0.00314272421,-0.0514815626,0.0972716469,-0.247906508,0.00284560779,-0.306480706,-0.0921632617,-0.166800309,0.198543135,0.130554508,0.0909511593,0.23361341,0.848885604,0.140329991,-0.00799064072,-0.302242762,-1.33099167,-1.39929725,-0.54959981,0.706634768,1.38821254,-0.611050703
7.4,-0.0258511152,0.38305364,0.786340922,0.552868549,-0.0137098653,0.00463316413,0.833142809,0.109932474,-0.00328601953,-0.0497529577,0.124086712,-0.262297405,0.00651291684,-0.309323528,-0.0966573424,-0.164448737,0.202549459,0.130148439,0.092869011,0.231130148,0.834526333,0.155362687,-0.0366444387,-0.288401346,-1.30051522,-1.39803172,-0.546016612,0.699654456,1.38324121,-0.587513521
7.41666667,-0.0266274166,0.381484137,0.785619614,0.554065754,-0.012955329,0.00534696582,0.832354918,0.0973368395,-0.00959988072,-0.0478960442,0.151027197,-0.275970348,0.00981986724,-0.314260657,-0.10091164,-0.16192714,0.208305029,0.129238158,0.0940860097,0.226567431,0.79447732,0.175664166,-0.0746054644,-0.250448903,-1.26010003,-1.39687097,-0.53995538,0.687321559,1.37805868,-0.555354295
7.43333333,-0.0270814391,0.379554329,0.784877359,0.555220646,-0.0120542198,0.00616562229,0.831592878,0.0839796484,-0.0159127755,-0.0459115315,0.177326702,-0.288183709,0.0124770337,-0.320157433,-0.10498802,-0.159509763,0.214805574,0.127704561,0.0939553603,0.219378252,0.728269337,0.207606825,-0.123496556,-0.185427651,-1.21588984,-1.3957623,-0.531083278,0.672070905,1.37235772,-0.51760424
7.45,-0.0273823258,0.377414075,0.784142568,0.556362479,-0.0108440216,0.0066448032,0.830842371,0.0716288453,-0.0219946754,-0.0432034933,0.202638511,-0.299423349,0.0150114843,-0.325102503,-0.10843621,-0.157891575,0.220978642,0.126030988,0.0927315996,0.209139132,0.641556291,0.249568641,-0.179276962,-0.0987183379,-1.16163394,-1.39264896,-0.520034953,0.656893274,1.36487289,-0.480242431
7.46666667,-0.0275823306,0.374901313,0.783377687,0.557473093,-0.00949275649,0.00678174613,0.830113032,0.0605007716,-0.0275839433,-0.0392211842,0.226793383,-0.30991866,0.0176938819,-0.32909571,-0.111726914,-0.158403436,0.226574148,0.125425059,0.0914101172,0.194030503,0.530247498,0.294867686,-0.240289236,0.00535117894,-1.09281247,-1.38558225,-0.505291877,0.642225701,1.35413546,-0.442633215
7.48333333,-0.0278363175,0.371709321,0.78258171,0.558754035,-0.00840034579,0.0070242626,0.82926113,0.0497885976,-0.0335214366,-0.0333726894,0.248832172,-0.319475537,0.020830158,-0.334417826,-0.116821857,-0.16077231,0.231576364,0.127275585,0.0916654455,0.17392144,0.393720153,0.335035995,-0.310294418,0.114565801,-1.00859257,-1.37659544,-0.486803789,0.628919909,1.33964255,-0.401165869
7.5,-0.0283909625,0.368081582,0.781811407,0.56077639,-0.00796731158,0.00715642981,0.82789803,0.0392934061,-0.0387766709,-0.0249579059,0.269057064,-0.328573109,0.0247166483,-0.338018754,-0.120515708,-0.163398523,0.229365877,0.133084842,0.091976975,0.148675821,0.255007827,0.366265074,-0.38800875,0.207065389,-0.904299347,-1.36720535,-0.463438364,0.612959265,1.32314837,-0.351514268
7.51666667,-0.0291851249,0.364220823,0.781233636,0.56426129,-0.00854366667,0.00701924741,0.825522218,0.0253575507,-0.0422492129,-0.0126340027,0.290655896,-0.337307089,0.0291829145,-0.336531281,-0.119703089,-0.164403101,0.212007222,0.14478973,0.0897627349,0.118406204,0.127453936,0.393198158,-0.467993089,0.269840675,-0.790479594,-1.35964148,-0.432726371,0.595084218,1.30673035,-0.291421516
7.53333333,-0.0299764148,0.35980157,0.780936803,0.569741761,-0.0101744719,0.006708581,0.821733412,0.0108278741,-0.0441791052,0.00439804373,0.308701083,-0.34411399,0.0337755137,-0.328547791,-0.11361332,-0.161747814,0.173720813,0.165041504,0.0856084055,0.0839665398,-0.0089410671,0.409372,-0.554034032,0.330116687,-0.687044229,-1.35583117,-0.393039813,0.578423892,1.29284782,-0.220900781
7.55,-0.030643717,0.354482138,0.780945767,0.577425761,-0.0126134463,0.00632149425,0.816321279,-0.00317214887,-0.0452872776,0.025804377,0.321799027,-0.347971754,0.0388390508,-0.317425744,-0.10405809,-0.154672184,0.120880568,0.193677412,0.0889834762,0.0459380533,-0.165064372,0.412425897,-0.65272966,0.406354424,-0.609026073,-1.34991689,-0.343911963,0.558950068,1.2790022,-0.146325279
7.56666667,-0.0316501146,0.348339969,0.781058519,0.587218445,-0.0154397128,0.00640950383,0.809255851,-0.0171848581,-0.0483563148,0.0503502661,0.330610338,-0.349338849,0.0456537003,-0.319149685,-0.097785151,-0.142066194,0.0824257877,0.222812485,0.12144624,0.00416877724,-0.332917938,0.400686742,-0.763139349,0.488933778,-0.550593722,-1.34166756,-0.285035716,0.534851176,1.2643221,-0.0713144912
7.58333333,-0.0335457195,0.342281111,0.781112459,0.599214317,-0.0181646645,0.00647256825,0.800356391,-0.0293599041,-0.0530785325,0.0778634811,0.337326059,-0.350330995,0.0540126474,-0.342890977,-0.0978251758,-0.120444086,0.0858195579,0.239777387,0.200326944,-0.0382242328,-0.469655235,0.377635427,-0.881469218,0.53347675,-0.477900063,-1.33102589,-0.21686314,0.505424231,1.25361883,0.00574924516
7.6,-0.0358312413,0.336816845,0.781154669,0.613697982,-0.0211054586,0.00568370383,0.789238267,-0.0384147504,-0.0533250338,0.109154296,0.343910808,-0.353666759,0.0607726933,-0.376334102,-0.0957495462,-0.0882880231,0.117006357,0.241235277,0.314223219,-0.0806075882,-0.582732705,0.350006122,-0.993328426,0.557752097,-0.397371896,-1.31811647,-0.138765895,0.470678985,1.25027918,0.0859648067
7.61666667,-0.0383227893,0.331668421,0.781172169,0.630509845,-0.0244902414,0.00491200938,0.775779244,-0.0462521337,-0.0528076559,0.143888083,0.348857237,-0.35808279,0.0672530195,-0.403615734,-0.0885878963,-0.0490516246,0.146272131,0.233931517,0.424628391,-0.121311917,-0.686631755,0.318570961,-1.09602533,0.583807376,-0.322749794,-1.30258138,-0.0632922705,0.442729133,1.24334217,0.167907277
7.63333333,-0.0413899213,0.326779275,0.780978529,0.649242464,-0.0280057631,0.00501923837,0.760049148,-0.0534669991,-0.054884785,0.180438919,0.351100899,-0.362441876,0.0751597968,-0.417575899,-0.0777166786,-0.00810241893,0.162222846,0.219926327,0.482900987,-0.15736014,-0.785905441,0.282472796,-1.19153822,0.61792902,-0.259189298,-1.272423,-0.0141128583,0.440009102,1.19791316,0.255968135
7.65,-0.0450637679,0.322327039,0.780440168,0.669479628,-0.0307839003,0.00639006854,0.74216477,-0.0606277388,-0.0614090112,0.217930773,0.350943933,-0.366047466,0.0847459716,-0.422135897,-0.0670383278,0.0263971656,0.175590184,0.191182365,0.461364209,-0.188692113,-0.877929262,0.23945371,-1.28109875,0.654337974,-0.203900075,-1.2195521,-3.67999759e-06,0.477174672,1.0858175,0.358917608
7.66666667,-0.0488196686,0.318460293,0.779907448,0.6909194,-0.032068148,0.00878292723,0.722166793,-0.0670788551,-0.0728537323,0.255772185,0.345936473,-0.365142138,0.0944807611,-0.41672165,-0.0619638685,0.0437954939,0.19148478,0.144862208,0.378622249,-0.22106076,-0.955750406,0.189916724,-1.35791164,0.695812613,-0.154078639,-1.15007255,-3.49599771e-06,0.55391754,0.911511547,0.471659498
7.68333333,-0.0522472972,0.315335841,0.779891733,0.71368714,-0.0324778996,0.0111945213,0.699621709,-0.0659676204,-0.0831837091,0.295875404,0.32972984,-0.359514864,0.0990431177,-0.398277898,-0.058743959,0.0396441923,0.201359698,0.0950441821,0.27223495,-0.252940866,-1.02007547,0.135924096,-1.42494358,0.74813269,-0.104339465,-1.08125262,-0.00044917931,0.647241375,0.725996264,0.575332394
7.7,-0.0555794268,0.312813969,0.780435294,0.737746305,-0.0323814343,0.0134175843,0.674167487,-0.05926604,-0.0954120184,0.337812516,0.301986565,-0.348079058,0.0987085903,-0.368500176,-0.0575400536,0.0171410661,0.194510327,0.0640542166,0.178538716,-0.280255194,-1.0773327,0.0834664137,-1.49414643,0.808655042,-0.0484852888,-1.02201585,-0.000301367696,0.733378204,0.563529004,0.650533504
7.71666667,-0.0589692534,0.310571594,0.781482342,0.76276863,-0.0325426896,0.0155987661,0.645663743,-0.0515983125,-0.108893209,0.381390111,0.268153384,-0.331741841,0.0945141315,-0.331474383,-0.0579605547,-0.0163728671,0.168546429,0.0632162984,0.116717231,-0.300712645,-1.13068965,0.040234887,-1.56790012,0.862889366,0.0101314138,-0.979231841,-8.74376678e-05,0.801972384,0.431577576,0.700353022
7.73333333,-0.0621937729,0.308524999,0.783033467,0.788272618,-0.0339046305,0.0180000277,0.614127637,-0.0498397748,-0.117381927,0.428274678,0.240263039,-0.314323169,0.0872207935,-0.297284829,-0.0583060075,-0.0521451169,0.145029514,0.0712452205,0.0882350366,-0.315273174,-1.17554918,0.0103947713,-1.62909137,0.894191417,0.0639525259,-0.95108957,-3.27573498e-06,0.858462134,0.308284457,0.733854017
7.75,-0.0650280143,0.306969994,0.784647792,0.813712125,-0.0352946545,0.0200727781,0.579848212,-0.0494707638,-0.124867015,0.478454292,0.217420626,-0.296723737,0.0791758567,-0.271790454,-0.0618603409,-0.0849236059,0.158617687,0.0442661024,0.0793030342,-0.324585649,-1.20560011,0,-1.66996721,0.887507384,0.112754051,-0.930130564,-2.70513639e-06,0.908950872,0.187383414,0.762942406
7.76666667,-0.0672476432,0.305968847,0.786231623,0.838658699,-0.0355563902,0.0208519541,0.54309532,-0.0443440779,-0.130096219,0.530800224,0.199646055,-0.28689162,0.0722505856,-0.246416739,-0.0708564672,-0.113221669,0.213728128,-0.0222309552,0.0788620441,-0.32833368,-1.21933169,0,-1.69163468,0.864916703,0.157425637,-0.909099238,-5.1255519e-06,0.951084401,0.0810762418,0.788161948
7.78333333,-0.0690200842,0.305129173,0.786645118,0.862553759,-0.0349237746,0.0214001886,0.504304843,-0.0404430024,-0.135993808,0.584095674,0.187638359,-0.282525354,0.0671499957,-0.218766373,-0.0882478034,-0.136102555,0.284835949,-0.0975368633,0.0778359217,-0.328938759,-1.22982105,0.000328555935,-1.69914542,0.847082516,0.199620355,-0.887939687,-4.16426727e-06,0.991903477,-0.0174088443,0.788187713
7.8,-0.0707852174,0.30417792,0.786106162,0.884816358,-0.0340066047,0.0222963181,0.464162081,-0.0387758987,-0.142479927,0.63526294,0.178587762,-0.279512856,0.0634591268,-0.192410068,-0.107916103,-0.156524913,0.33455256,-0.144264792,0.0736808145,-0.326834842,-1.23902072,0.00021975148,-1.69703467,0.83764863,0.237427987,-0.880564302,-2.81227231e-06,1.02789656,-0.0940827405,0.77721081
7.81666667,-0.0727033085,0.303014883,0.786224573,0.905190185,-0.0333692516,0.0231888839,0.423059686,-0.0394985018,-0.147011527,0.680494375,0.171910016,-0.276524701,0.0604642705,-0.168426823,-0.127510917,-0.177460956,0.357535503,-0.157731666,0.0677997589,-0.321329078,-1.24695096,6.22039139e-05,-1.6899927,0.833658958,0.27556899,-0.888092087,-2.20811703e-06,1.05142505,-0.151342223,0.779932046
7.83333333,-0.0746255455,0.301587984,0.786520903,0.923496789,-0.0331495919,0.0239101215,0.381422457,-0.0412431556,-0.148451953,0.716504564,0.167381862,-0.273725572,0.0577268877,-0.145400162,-0.145482227,-0.199340071,0.363171326,-0.149901118,0.0622350399,-0.31280434,-1.25259293,2.71652889e-07,-1.67548205,0.832580353,0.315118946,-0.900445218,-2.09318297e-06,1.0643792,-0.195860075,0.802603512
7.85,-0.0764377809,0.299939773,0.786970712,0.939623786,-0.0331874898,0.0243670793,0.339723383,-0.0438423988,-0.146458639,0.74156258,0.167485726,-0.272206721,0.055791832,-0.122406294,-0.161763153,-0.222241175,0.359940537,-0.131018048,0.0590473847,-0.301589309,-1.25751754,1.3662718e-28,-1.658226,0.832322887,0.357967314,-0.913950582,-2.00495143e-06,1.06891421,-0.230243649,0.838566819
7.86666667,-0.0780533599,0.298172028,0.787581714,0.953654852,-0.033352895,0.0245447144,0.298039536,-0.0480307751,-0.140813538,0.75556526,0.173678226,-0.271775559,0.0550312599,-0.100377445,-0.175930416,-0.245899532,0.352536834,-0.105517063,0.0566842405,-0.287005323,-1.25781474,2.16665283e-06,-1.6381966,0.829341848,0.400014904,-0.927779946,-1.90617765e-06,1.0697424,-0.258205375,0.872474069
7.88333333,-0.0794215517,0.29632343,0.788254084,0.965700405,-0.0333911113,0.0247483449,0.256310908,-0.0523671764,-0.132900475,0.760041721,0.184378925,-0.272057935,0.0543987254,-0.0816059849,-0.188706326,-0.271106411,0.344489415,-0.0769362918,0.0546166913,-0.268881973,-1.25518433,2.24089455e-06,-1.61641226,0.82420675,0.437026962,-0.938713402,-1.80827679e-06,1.07256255,-0.285152272,0.88087926
7.9,-0.0807036276,0.294327641,0.789092205,0.975847191,-0.0331342062,0.0251725556,0.214454486,-0.0566752801,-0.124251135,0.758620477,0.196040779,-0.270757649,0.0528654042,-0.0660183121,-0.200029508,-0.297786386,0.332572992,-0.0456988799,0.0538063501,-0.247142156,-1.24971533,1.80709779e-06,-1.59068187,0.818715788,0.467122674,-0.94398269,-1.70491061e-06,1.0800034,-0.313516179,0.868363616
7.91666667,-0.0822085335,0.292120867,0.790011419,0.984201619,-0.0325888425,0.0254605536,0.172153712,-0.0596348302,-0.115782644,0.75581403,0.206281619,-0.268416019,0.0504066545,-0.0537664713,-0.209893767,-0.324457356,0.317987657,-0.0137063887,0.0535579075,-0.220998473,-1.24097416,8.75439713e-06,-1.55893077,0.813787702,0.490233963,-0.951540091,-9.8981088e-07,1.08430442,-0.332051899,0.867852989
7.93333333,-0.0839873498,0.289712097,0.790821806,0.990841393,-0.0317141903,0.0252996535,0.128792355,-0.0598991026,-0.109371857,0.754845831,0.21120197,-0.265669854,0.047353366,-0.0450782898,-0.217134359,-0.349502437,0.30217474,0.0144578886,0.0553679038,-0.189765733,-1.22845923,-5.31506625e-20,-1.52122878,0.809264217,0.507437342,-0.966006295,-7.56812839e-07,1.08664449,-0.337749656,0.885604128
7.95,-0.0858636137,0.287157002,0.791494769,0.995719174,-0.0304138283,0.0245672505,0.0837542599,-0.0568309409,-0.105386177,0.754308159,0.210589416,-0.26235312,0.0443013596,-0.0410773814,-0.221873415,-0.371193793,0.286943352,0.0363521138,0.0604322054,-0.153802096,-1.20954799,1.23488284e-06,-1.47364859,0.808313389,0.514883931,-0.982479847,-1.36590488e-06,1.08798871,-0.335112393,0.910800602
7.96666667,-0.0876444098,0.284556143,0.792121032,0.99866421,-0.0284520503,0.0232298496,0.0363407697,-0.0511128707,-0.102360232,0.749092917,0.209364186,-0.258354361,0.0411538132,-0.0422807095,-0.225247929,-0.389584313,0.273220505,0.0522061991,0.0649735104,-0.114324224,-1.18246746,7.40980488e-05,-1.41459255,0.816610661,0.510761154,-0.991639699,-2.21967301e-06,1.09043776,-0.332961441,0.929515802
7.98333333,-0.0892504533,0.281940185,0.792714699,0.999349842,-0.0255130166,0.0211655183,-0.0141774462,-0.0440323413,-0.0993413969,0.732688559,0.213206461,-0.25354203,0.0369852037,-0.0503090019,-0.230328208,-0.404910074,0.262704317,0.063726329,0.06620639,-0.0720373373,-1.14348967,0.000226091178,-1.3393581,0.836743748,0.492761114,-0.992014663,-1.43984518e-06,1.09335371,-0.328068207,0.946074315
8,-0.0905063645,0.279256432,0.793321136,0.997263288,-0.0218053991,0.0181408573,-0.0682742093,-0.0356497675,-0.0947105304,0.699254745,0.22476726,-0.247990756,0.0311462862,-0.062546326,-0.23506458,-0.417038529,0.251569383,0.0742450738,0.0641189285,-0.0284343825,-1.0928209,0.000174930171,-1.25094249,0.855815124,0.470038473,-0.972827986,-4.30211644e-06,1.09854843,-0.322529228,0.960724417
8.01666667,-0.091394036,0.276531673,0.793856361,0.991760277,-0.0176958167,0.0144278637,-0.126056529,-0.0248020575,-0.0905952998,0.645366779,0.239073999,-0.242860046,0.0239054423,-0.0777641087,-0.237968912,-0.426597466,0.236112815,0.086694434,0.0644625777,0.0153654607,-1.02967523,0.000325876485,-1.15126064,0.831669493,0.456804379,-0.923045867,-7.32323184e-05,1.10728471,-0.322908509,0.964594695
8.03333333,-0.0922444512,0.27380112,0.793826865,0.982231752,-0.0137071793,0.00995724707,-0.186905728,-0.00999301139,-0.0895153003,0.572148978,0.248424356,-0.240272676,0.0172173225,-0.0929654586,-0.235952702,-0.432848733,0.210427402,0.103997493,0.076630694,0.0587090388,-0.933668461,0.00865899779,-1.04092834,0.741647148,0.45912333,-0.839789678,-0.000244465076,1.11256116,-0.323052499,0.953649333
8.05,-0.0935679277,0.27057318,0.792870833,0.968299786,-0.00991171909,0.00467964084,-0.249550362,0.00952832974,-0.0913905664,0.48245719,0.24955117,-0.242802112,0.0125179193,-0.103826956,-0.225085247,-0.432573471,0.16738529,0.126169673,0.102982122,0.0997636401,-0.777342316,0.0725578504,-0.926965464,0.585944874,0.454169106,-0.737299218,-0.000370962242,1.10430806,-0.289455782,0.923286736
8.06666667,-0.0958559442,0.266143075,0.791107549,0.949962534,-0.00602858098,-0.000475819116,-0.312305323,0.0337639571,-0.095360861,0.382644852,0.237204937,-0.248408401,0.00904026662,-0.11100695,-0.204616294,-0.421068539,0.106365355,0.149520547,0.126005288,0.132530829,-0.573077842,0.203593987,-0.799536403,0.389624126,0.382614907,-0.640717795,-5.41247498e-05,1.07740971,-0.189761453,0.844291024
8.08333333,-0.0989671785,0.260989335,0.789092357,0.928008486,-0.00338656059,-0.00530849491,-0.372505839,0.0672264841,-0.0985963685,0.281659333,0.204086347,-0.252631393,0.00786109441,-0.117849033,-0.176953272,-0.396531796,0.0445703412,0.169584646,0.12184029,0.156682777,-0.368134259,0.314831485,-0.640369118,0.193888946,0.244433354,-0.57837716,-7.42696583e-05,1.01439836,-0.0237354103,0.722076799
8.1,-0.101728246,0.256222226,0.787448468,0.904407771,-0.00322486768,-0.010389734,-0.426530465,0.113214944,-0.0994960738,0.194057376,0.148881416,-0.247515959,0.0113369845,-0.131021381,-0.151066358,-0.361635703,0.0146324936,0.183727259,0.100277435,0.171869561,-0.125563483,0.373671885,-0.467489055,0.0689774184,0.0479275534,-0.584973602,-0.00010316546,0.895163714,0.135302168,0.544064869
8.11666667,-0.102856401,0.25273459,0.786538843,0.881858218,-0.00496371144,-0.0154025797,-0.471236888,0.162061982,-0.101039855,0.135813595,0.089413425,-0.231803441,0.0191211066,-0.150339042,-0.133155959,-0.320105277,0.024201179,0.187348551,0.0794025377,0.18007049,0.0988814728,0.362936508,-0.28291072,-0.0227270815,-0.15107338,-0.592855619,-0.0733064476,0.743268252,0.353092976,0.342931354
8.13333333,-0.101910652,0.250290312,0.785601901,0.862552585,-0.00808207064,-0.0181776653,-0.505576197,0.19317052,-0.102467432,0.116274854,0.0598985757,-0.225327555,0.0278206835,-0.172542147,-0.119880994,-0.282126365,0.0589991278,0.180251733,0.0709515663,0.183980369,0.292315628,0.269435522,-0.15136444,-0.0645028692,-0.351484372,-0.591828483,-0.149471419,0.663016431,0.555843211,0.142922625
8.15,-0.0996704667,0.247522131,0.785004039,0.847235077,-0.0120005197,-0.0175580373,-0.530792264,0.205222175,-0.101790182,0.126651869,0.0580855982,-0.233343333,0.0344036373,-0.188163813,-0.10461693,-0.254229428,0.0854748192,0.174504254,0.0726071298,0.18626416,0.484447318,0.134895843,-0.0571470423,-0.04073999,-0.551969224,-0.614670943,-0.22508899,0.619703018,0.759260554,-0.0571198461
8.16666667,-0.09756559,0.244299592,0.784575985,0.83563868,-0.0152176904,-0.0155934583,-0.548847213,0.21167489,-0.0990108539,0.140472311,0.0623599072,-0.244546685,0.0344405611,-0.192008572,-0.0893231298,-0.234513108,0.0890932042,0.17535834,0.074882176,0.185833684,0.64848145,0.0555735014,0.0196882283,-0.052609334,-0.752426976,-0.620432631,-0.296757852,0.58352396,0.962482072,-0.257158998
8.18333333,-0.0967880799,0.241654787,0.784131424,0.827610623,-0.0158457189,-0.0130769306,-0.560926523,0.21331545,-0.0982997484,0.143955753,0.0634312811,-0.251482082,0.0332011062,-0.195433158,-0.0777434301,-0.219272121,0.0817815576,0.17918424,0.0722430202,0.183536458,0.747037728,0.0294227026,0.0822228854,-0.0918862462,-0.952814472,-0.609834273,-0.353970103,0.509148795,1.16513806,-0.457178841
8.2,-0.097343557,0.239523368,0.783609108,0.823007389,-0.0141096695,-0.00963891114,-0.567773587,0.209966873,-0.0991642158,0.142933858,0.0621176332,-0.255260034,0.0337447785,-0.206373502,-0.0714977907,-0.208170522,0.0805971599,0.178181923,0.0651833913,0.180131847,0.805396569,0.0270187714,0.0843033537,-0.159209514,-1.15312393,-0.592597379,-0.389720452,0.424619406,1.30649655,-0.63950288
8.21666667,-0.0984145754,0.237330287,0.783358724,0.821046094,-0.0122301657,-0.00563265175,-0.570703082,0.201012209,-0.0970714993,0.143540894,0.0658225701,-0.259378279,0.0380760063,-0.216452215,-0.0660391515,-0.200483673,0.0820951569,0.174769774,0.0598444993,0.176883495,0.851572017,0.0343194622,0.0639695043,-0.232981186,-1.31289944,-0.572341371,-0.415442409,0.405838258,1.38064065,-0.755141294
8.23333333,-0.0995316735,0.235179243,0.783556352,0.820715829,-0.010875316,-0.00118011103,-0.571231881,0.192810396,-0.0919062161,0.147656767,0.064989477,-0.259956903,0.0413439781,-0.219783629,-0.0589639134,-0.193471599,0.0738046216,0.175903762,0.058857624,0.167747318,0.886444757,0.0398699666,0.0498822359,-0.284883826,-1.40595709,-0.557384281,-0.434198208,0.453031885,1.38771072,-0.804099871
8.25,-0.100634756,0.233457911,0.783971546,0.820810363,-0.00969397234,0.00388478449,-0.571105317,0.18606342,-0.0852053025,0.153623281,0.0602630539,-0.258615321,0.0421482583,-0.220724884,-0.0498204277,-0.184784156,0.0583307421,0.183484313,0.0612269562,0.152811015,0.893687953,0.0464253474,0.0427329326,-0.29912602,-1.43231325,-0.557666757,-0.437015248,0.496712653,1.35799826,-0.786384304
8.26666667,-0.101571897,0.231984967,0.784195174,0.820088242,-0.0084190001,0.00865057055,-0.572109747,0.18057751,-0.0798419851,0.158362467,0.0554006815,-0.258007571,0.0425729613,-0.225883703,-0.0408694284,-0.17450024,0.0485354202,0.190690793,0.0631931847,0.138497543,0.881731251,0.0607196914,0.0318206547,-0.280715342,-1.42104141,-0.568696268,-0.419078048,0.474309427,1.3481993,-0.741305272
8.28333333,-0.102246723,0.230478246,0.784074835,0.818184409,-0.00687097058,0.0119378002,-0.574790876,0.177438202,-0.0785545131,0.160094222,0.0514599239,-0.257926553,0.0424300614,-0.231761866,-0.037451889,-0.165980419,0.0456677736,0.192162815,0.0644771308,0.131914485,0.864506584,0.0819404376,0.0205409455,-0.251732689,-1.40531072,-0.581234081,-0.392405613,0.416865942,1.35717244,-0.734727934
8.3,-0.103046922,0.229091722,0.783828917,0.815476188,-0.0051030677,0.0144758156,-0.578587069,0.174373441,-0.0792008254,0.162302598,0.0488715937,-0.258412723,0.0419807926,-0.241568436,-0.0346745934,-0.159920585,0.0512559937,0.189039211,0.0628025452,0.134771986,0.842694017,0.0953917571,0.0196347217,-0.227206957,-1.39207786,-0.593309421,-0.372583491,0.385715564,1.36580406,-0.744521416
8.31666667,-0.103965479,0.227847744,0.783590703,0.812898265,-0.00325164671,0.0167801028,-0.582154847,0.170837635,-0.0801865058,0.16596811,0.046967044,-0.259033315,0.0412155683,-0.253568197,-0.0317045693,-0.155351442,0.0615899386,0.183366842,0.0584012681,0.141636952,0.822131517,0.0986794666,0.0217254161,-0.21350417,-1.38185134,-0.604048196,-0.364890676,0.406262155,1.36593322,-0.744555145
8.33333333,-0.104598747,0.226537376,0.783372774,0.811346684,-0.00152491987,0.0185181393,-0.584269897,0.168377767,-0.0810654623,0.169151771,0.0450371152,-0.259302818,0.0389331653,-0.261794058,-0.0315805246,-0.15258195,0.0693269384,0.176965618,0.0545670493,0.146860583,0.808866229,0.0972440192,0.021274161,-0.209739079,-1.38623437,-0.611616948,-0.363797778,0.444975693,1.36301116,-0.737281665
8.35,-0.104985685,0.225048982,0.78322385,0.810883028,-1.72620848e-05,0.0200922607,-0.584863245,0.16642452,-0.0808840064,0.170653488,0.0429501554,-0.259427751,0.0359088946,-0.26842027,-0.0320168329,-0.151111325,0.0756518059,0.171238647,0.0522318937,0.149713477,0.802489909,0.0953770782,0.0200182344,-0.208800839,-1.40554799,-0.61462659,-0.361604765,0.460580556,1.36290444,-0.730881715
8.36666667,-0.105325703,0.223383386,0.783159992,0.811213925,0.00130431057,0.02176634,-0.584342788,0.164710656,-0.0796297498,0.170050254,0.0404193966,-0.259103538,0.0324565619,-0.27376728,-0.0321987208,-0.151328704,0.0811653234,0.16524074,0.0501116107,0.151209397,0.80130619,0.0940910019,0.0196222074,-0.205592592,-1.42208708,-0.613555316,-0.357585245,0.450095136,1.36499377,-0.728749888
8.38333333,-0.105662161,0.221558883,0.783155138,0.812129454,0.00238902005,0.0234620306,-0.583000494,0.163412092,-0.0773055444,0.167127702,0.0377956135,-0.258641007,0.0291835864,-0.278226607,-0.0318912569,-0.152782659,0.0870525175,0.158377928,0.0476430664,0.151873383,0.797063915,0.0921845638,0.0242825328,-0.196355773,-1.43342813,-0.610546474,-0.355146163,0.435522511,1.36662503,-0.728305816
8.4,-0.105980353,0.219526685,0.783175833,0.813407734,0.00318799868,0.0251292332,-0.581142166,0.161918285,-0.0739168814,0.162828792,0.0370485899,-0.259217808,0.0259743106,-0.281845973,-0.0309928895,-0.154970597,0.0935560068,0.150651436,0.0444007121,0.151463725,0.789329027,0.0889868431,0.0322633269,-0.183598404,-1.44433308,-0.60783429,-0.356346364,0.434238178,1.36619004,-0.729608377
8.41666667,-0.106142452,0.217026501,0.783149834,0.81484556,0.00353345562,0.0266097856,-0.579056255,0.159845314,-0.0695891069,0.15858817,0.040689132,-0.262633847,0.0227554212,-0.284851043,-0.0291781822,-0.157051757,0.102081205,0.141364021,0.0391729902,0.149466432,0.793545651,0.0825250659,0.0393348742,-0.181616387,-1.45629712,-0.605287976,-0.359375466,0.443261315,1.36388171,-0.731707419
8.43333333,-0.10606906,0.213893747,0.782951827,0.816313244,0.00349209745,0.0278395151,-0.576927599,0.157418376,-0.0646010064,0.155772506,0.0496201599,-0.270037315,0.0193446073,-0.288988238,-0.0268071312,-0.159597111,0.115769492,0.129347248,0.0313434441,0.145782125,0.822311091,0.0708920792,0.0411177146,-0.201144834,-1.46483666,-0.602677707,-0.361686347,0.451020432,1.36153798,-0.735221944
8.45,-0.105969428,0.210422882,0.782658902,0.817794409,0.00376543941,0.0290194345,-0.574766038,0.156664845,-0.0601113817,0.153878475,0.0552980505,-0.276425028,0.0145920926,-0.297251659,-0.0265147122,-0.163395479,0.137483792,0.113422481,0.0235487209,0.141653139,0.85581722,0.0606868282,0.0410113135,-0.227109986,-1.46945021,-0.601416,-0.363525778,0.45342092,1.35973495,-0.740014755
8.46666667,-0.106049607,0.206720352,0.782338957,0.819312812,0.00452889353,0.0300842969,-0.572539029,0.159404301,-0.0563559274,0.152868931,0.0521951956,-0.278036086,0.00732506901,-0.308878736,-0.0290435737,-0.169476319,0.166148413,0.0937430407,0.0181226377,0.137724306,0.876510125,0.0554751577,0.045137098,-0.242111639,-1.47899938,-0.602359667,-0.365925147,0.453650275,1.35834435,-0.744437283
8.48333333,-0.106416964,0.202541233,0.782078596,0.820782152,0.005121552,0.0307042832,-0.570392562,0.166276128,-0.0521392505,0.153659313,0.0428497844,-0.276389792,-0.00274776011,-0.319418318,-0.0313006623,-0.177825158,0.197435229,0.071363542,0.0139242012,0.134465378,0.882570167,0.05534633,0.0571345167,-0.242960098,-1.49470081,-0.604888519,-0.368471599,0.453939246,1.35708166,-0.745738716
8.5,-0.107123012,0.197785328,0.78174115,0.822181242,0.00530148742,0.0307428647,-0.568370281,0.173777406,-0.0470596795,0.156405928,0.0365871465,-0.276953795,-0.0147290149,-0.328412102,-0.0327250021,-0.187114811,0.231308395,0.0461942819,0.00987848546,0.132197711,0.875339624,0.0581373689,0.0704362084,-0.237473138,-1.51165934,-0.608648946,-0.37048622,0.453079292,1.35574956,-0.742012812
8.51666667,-0.108132735,0.192454263,0.781201878,0.823557473,0.00531855045,0.0300899693,-0.566409212,0.182217541,-0.0418875188,0.160458233,0.033177579,-0.279900115,-0.0287390728,-0.336590981,-0.0342922981,-0.19665178,0.26910062,0.017583344,0.00564283295,0.131136177,0.861618279,0.0637613426,0.0768721433,-0.231369424,-1.51821607,-0.613942734,-0.372320014,0.45058595,1.35434204,-0.735634619
8.53333333,-0.109272152,0.18654525,0.780419154,0.824837991,0.00530959742,0.0285659982,-0.564622069,0.194306819,-0.0378014826,0.164690496,0.0271822965,-0.281615315,-0.0439842151,-0.343584896,-0.0365900594,-0.205428281,0.309958277,-0.0139177131,0.00140044613,0.131844872,0.847552711,0.0719385869,0.0752830374,-0.229288009,-1.51312472,-0.621779598,-0.376895168,0.447724237,1.35275522,-0.730239889
8.55,-0.11046779,0.180024276,0.779947686,0.826033169,0.00500180116,0.0264641181,-0.562977652,0.209309846,-0.0338399339,0.169153594,0.0201906131,-0.279999322,-0.0585959563,-0.346094023,-0.0382251383,-0.212581831,0.347108897,-0.0450228715,-0.00274862788,0.134902314,0.836268933,0.0812896506,0.0715055878,-0.233872343,-1.50797433,-0.631995516,-0.385941055,0.444727242,1.3517107,-0.727307656
8.56666667,-0.111775615,0.172853609,0.780061064,0.827287736,0.00424693916,0.024110523,-0.561244731,0.21726432,-0.0255288436,0.172737912,0.0334203345,-0.281053637,-0.0699738622,-0.341367824,-0.0367590689,-0.218516265,0.372677291,-0.0713585201,-0.00740994683,0.139079997,0.829320694,0.089434461,0.0704657277,-0.238341743,-1.50751429,-0.643855355,-0.398607252,0.441567798,1.35078347,-0.727176634
8.58333333,-0.11300915,0.165245493,0.780772123,0.828505894,0.0033252618,0.0210251062,-0.559575617,0.209576595,-0.0158412816,0.17421469,0.0892992642,-0.28699209,-0.0746559865,-0.330941083,-0.0353758496,-0.220934311,0.38974708,-0.0932939168,-0.0108310278,0.142649048,0.829508847,0.0906642654,0.0736326776,-0.240933656,-1.50770133,-0.660364653,-0.408701183,0.442484001,1.35011306,-0.727191947
8.6,-0.114130536,0.157341045,0.781891649,0.829394634,0.00158864977,0.0174619746,-0.558387945,0.180201147,-0.00250480564,0.173620787,0.202126781,-0.296128972,-0.0740862967,-0.315966546,-0.0318069904,-0.219555386,0.400481696,-0.111788259,-0.0135656449,0.146967256,0.83510469,0.0844309005,0.0781994223,-0.252299067,-1.50485655,-0.681715797,-0.416451508,0.449629384,1.35055212,-0.726733992
8.61666667,-0.115318554,0.149037333,0.783331644,0.829667338,-0.00164362766,0.0141388895,-0.558076606,0.139117397,0.0184355898,0.171128063,0.342856962,-0.291004228,-0.0824064216,-0.295203139,-0.0221608513,-0.216649709,0.402444266,-0.126094922,-0.0171543915,0.154486697,0.847542766,0.0789428688,0.080644181,-0.273500174,-1.4975056,-0.705967764,-0.42401378,0.46054946,1.35195709,-0.725994538
8.63333333,-0.116440205,0.140547056,0.784896198,0.829062684,-0.00551371884,0.0110710386,-0.55901887,0.0934114085,0.0404017934,0.165890818,0.483560149,-0.251976744,-0.0999476286,-0.269509768,-0.00902276771,-0.212923547,0.393699252,-0.134660524,-0.0216506554,0.166489799,0.864527289,0.0726009193,0.0801783075,-0.302408688,-1.48458251,-0.732804743,-0.435274368,0.474076555,1.35258264,-0.724610447
8.65,-0.117402222,0.132085942,0.786180406,0.827639901,-0.00914430979,0.00816001098,-0.561125646,0.0448296612,0.0583169251,0.156960547,0.610714122,-0.179270249,-0.111360292,-0.240959817,0.00531518139,-0.207203051,0.376509949,-0.13807972,-0.0260277144,0.181892223,0.882295072,0.0648470835,0.075579618,-0.33323474,-1.46306098,-0.762290831,-0.450125455,0.490829085,1.35141444,-0.721517055
8.66666667,-0.118353563,0.123754544,0.786226943,0.825710902,-0.0121311676,0.00563603815,-0.563934904,-0.00617646811,0.0664073084,0.140009189,0.718481731,-0.0916656937,-0.100327424,-0.214254888,0.0173909686,-0.196242856,0.358387329,-0.13927656,-0.0275136892,0.198133793,0.900308384,0.0614830914,0.0705441814,-0.360757469,-1.43441032,-0.794732266,-0.463889172,0.508024298,1.35052147,-0.71671329
8.68333333,-0.119407811,0.115710551,0.786422674,0.82338716,-0.0145853221,0.0038950554,-0.567279192,-0.0574070325,0.0631801104,0.112954136,0.801085372,-0.0215275574,-0.0675349712,-0.190622892,0.0300623129,-0.180792142,0.340540429,-0.138423891,-0.0277466282,0.214450271,0.914228879,0.0635779082,0.0678129178,-0.380984456,-1.40407134,-0.829691368,-0.476358404,0.52388309,1.35017511,-0.712078413
8.7,-0.120554965,0.108039124,0.787194998,0.820639102,-0.0166923122,0.00300285785,-0.571195075,-0.106201277,0.0501147199,0.081829577,0.855384888,0.0106940819,-0.0268409479,-0.169439256,0.0437925281,-0.163176167,0.321368318,-0.134410803,-0.0285645717,0.230623598,0.921910035,0.0689291239,0.0690936297,-0.392238551,-1.37924243,-0.865690808,-0.487941383,0.537706887,1.34965196,-0.70749486
8.71666667,-0.121587904,0.100751278,0.788244196,0.817660444,-0.0181053057,0.00236077919,-0.575411178,-0.150656157,0.0315493109,0.0565574234,0.879519082,0.00920108538,0.00732113825,-0.14997908,0.0560121543,-0.146544428,0.300839945,-0.128007344,-0.0299151113,0.24569128,0.924220084,0.073448666,0.0745632729,-0.395777139,-1.36747476,-0.90049316,-0.499355034,0.552496313,1.34809164,-0.704713396
8.73333333,-0.122318229,0.0939038455,0.789693023,0.814752682,-0.0181445485,0.00115667146,-0.579523515,-0.189738436,0.00906036788,0.0431968543,0.872864231,-0.00934899851,0.0305084516,-0.131923084,0.0601810558,-0.131784351,0.281555953,-0.122698987,-0.0289438619,0.258054959,0.916185349,0.075050952,0.0806869158,-0.388795915,-1.36948332,-0.93467824,-0.51046729,0.570544143,1.34654249,-0.706521462
8.75,-0.123021751,0.0873648555,0.791294803,0.811604937,-0.0176625491,2.70166657e-05,-0.583939604,-0.225287468,-0.0116461751,0.0408950907,0.840574693,-0.0342072442,0.0420938571,-0.114756134,0.0620052631,-0.118076163,0.263428596,-0.118462834,-0.0265164857,0.268440586,0.895918195,0.073142772,0.0837846192,-0.372298887,-1.37741411,-0.970231817,-0.519275582,0.586156317,1.34671947,-0.706475988
8.76666667,-0.123910939,0.0808120185,0.792944407,0.807545628,-0.0179840595,-0.000192497259,-0.589530826,-0.258451103,-0.0220449544,0.0442691324,0.789422785,-0.0607559745,0.041861871,-0.0984427252,0.0665601099,-0.104455932,0.24662651,-0.11435424,-0.0228444779,0.278482944,0.877319901,0.0737570512,0.0831367789,-0.360829019,-1.38302828,-1.00239386,-0.522419729,0.596734265,1.34670279,-0.701406072
8.78333333,-0.124699731,0.0740596311,0.794132491,0.802411206,-0.0186868167,-0.000409676144,-0.596478743,-0.285022213,-0.0313235374,0.0452155408,0.715969461,-0.0722768396,0.0413477897,-0.0824676031,0.0706619584,-0.0906372363,0.233714489,-0.114677833,-0.0202688285,0.288121075,0.866763283,0.0790301037,0.0771714554,-0.3583811,-1.37989537,-1.03107759,-0.51937122,0.607693787,1.34713762,-0.696019834
8.8,-0.12540188,0.0669755243,0.794167301,0.796063362,-0.0192652993,-0.000767296693,-0.604906094,-0.304249156,-0.0431232483,0.0413927634,0.621672549,-0.0558111239,0.0483712889,-0.068762851,0.0746985987,-0.0757198324,0.227520647,-0.121535439,-0.0221420951,0.297717256,0.8644753,0.0936785949,0.0670183787,-0.358876681,-1.36364754,-1.05926112,-0.511700241,0.620652664,1.34862036,-0.692131283
8.81666667,-0.126198854,0.0596050727,0.792926174,0.787848575,-0.0200785734,-0.000462946136,-0.615541436,-0.319455659,-0.0498167208,0.0345792028,0.517059528,-0.00944396979,0.0581789158,-0.0596304769,0.0816013944,-0.0602024163,0.227588294,-0.13172149,-0.0294664917,0.30952163,0.865601437,0.114918204,0.0556292928,-0.359372641,-1.338398,-1.08744821,-0.499857617,0.630615756,1.35045377,-0.686723545
8.83333333,-0.126809133,0.0520989187,0.791190103,0.777291883,-0.0210899895,-0.000179408591,-0.628786537,-0.328091473,-0.0501724952,0.0226008744,0.4059252,0.064381341,0.0600765542,-0.051469315,0.0869181767,-0.042150618,0.23111335,-0.144059186,-0.0389053257,0.324338936,0.85799493,0.126376544,0.040731813,-0.351226715,-1.3068143,-1.11363246,-0.48381751,0.637370461,1.35223507,-0.680121761
8.85,-0.127105843,0.0443516544,0.78995542,0.764189098,-0.0221474231,-0.000672086841,-0.64461156,-0.329247822,-0.0462259126,0.00671142076,0.293725268,0.152600991,0.0504932505,-0.0425422827,0.0899592094,-0.0220262688,0.236394697,-0.157774738,-0.0467235324,0.341971936,0.840505275,0.126776384,0.0242406812,-0.331201955,-1.2704295,-1.13625756,-0.463344971,0.641539975,1.35320181,-0.673045452
8.86666667,-0.127377404,0.0362780878,0.788980391,0.7482424,-0.0233118423,-0.00188115933,-0.66301307,-0.32387572,-0.0372569008,-0.00947202495,0.1881724,0.239616175,0.0350266226,-0.0325654365,0.0911164602,-0.000898120688,0.241257108,-0.170542499,-0.0513994716,0.361874116,0.808320827,0.126765609,0.0151760895,-0.28996682,-1.23764353,-1.15461748,-0.436575839,0.641155543,1.35319088,-0.664036425
8.88333333,-0.12778003,0.0279699988,0.788361682,0.729314978,-0.024469863,-0.00365669497,-0.683730588,-0.314913767,-0.0220901481,-0.0183678862,0.0956995676,0.312728342,0.0225001338,-0.0218639354,0.0896837288,0.0208138975,0.247012355,-0.182547515,-0.0532192507,0.381848531,0.763052576,0.124682555,0.0155346669,-0.233441218,-1.20268941,-1.17010987,-0.400895235,0.637792712,1.35387211,-0.647663361
8.9,-0.128275047,0.0192718618,0.787976307,0.707674075,-0.0257352234,-0.00594229241,-0.706045176,-0.304668254,-0.00160513116,-0.00970505129,0.0298278256,0.361930773,0.0128140739,-0.0112299418,0.0861622924,0.042495933,0.254993037,-0.19492609,-0.0531678539,0.397463161,0.728476136,0.121168718,0.0199700987,-0.18570741,-1.14503229,-1.18315909,-0.352963289,0.631029901,1.35790413,-0.615395864
8.91666667,-0.128838581,0.0101927741,0.787561913,0.68377533,-0.027463416,-0.00825552096,-0.729128867,-0.293992398,0.0245561999,0.0217523481,0.00271708607,0.38205022,0.000220828826,-0.00200734974,0.082980899,0.0644411293,0.266293381,-0.207619769,-0.0523001853,0.405262608,0.713236646,0.119441623,0.0244651566,-0.170012074,-1.0511739,-1.19324611,-0.290048575,0.611901183,1.36737208,-0.55837357
8.93333333,-0.129422038,0.00126970373,0.787033088,0.658359448,-0.0293879565,-0.0098204434,-0.752065652,-0.281434712,0.0535600606,0.0745329278,0,0.3882755,-0.0191829214,0.00421956738,0.0807410577,0.0870088878,0.279658344,-0.220250958,-0.05077395,0.402162,0.697869714,0.116595774,0.0305039311,-0.191827055,-0.941436253,-1.20155238,-0.212528625,0.574184971,1.37295604,-0.466645158
8.95,-0.129941714,-0.00711109767,0.786623076,0.632526161,-0.0311188188,-0.0105760277,-0.773841342,-0.263370341,0.0822065844,0.138584952,0.000227261762,0.398699032,-0.0470414504,0.0088856696,0.0783997961,0.110594567,0.289619184,-0.229719445,-0.0480685575,0.385209079,0.670553557,0.1148754,0.038346555,-0.243340419,-0.847245883,-1.20192786,-0.125843589,0.524378392,1.33881636,-0.335117154
8.96666667,-0.130071145,-0.0148879216,0.786579588,0.607861046,-0.0323004394,-0.0112623214,-0.79330624,-0.238373595,0.106396199,0.197912336,0.000237904002,0.409722107,-0.0806385198,0.0115069002,0.0737650536,0.134038414,0.295933243,-0.2350205,-0.0435509451,0.352571637,0.623654703,0.113955545,0.0419151933,-0.303291169,-0.772483828,-1.18111988,-0.0484294099,0.490627287,1.23800588,-0.187703448
8.98333333,-0.129591996,-0.0223114811,0.786772814,0.586314994,-0.0327391695,-0.0125910933,-0.809323383,-0.208925686,0.121796044,0.238190707,0.000100626151,0.396767365,-0.111525007,0.013623904,0.0652219057,0.153782628,0.301565134,-0.240402877,-0.0376502231,0.304747356,0.548759338,0.121122752,0.0372402029,-0.331340559,-0.701753076,-1.12243639,-0.00644085221,0.508427467,1.07052478,-0.0847237368
9,-0.128960249,-0.0295878793,0.787275667,0.569644721,-0.0329694374,-0.0147825775,-0.821096452,-0.178870961,0.128904138,0.256204478,1.67408519e-05,0.35590853,-0.132858474,0.01757079,0.054671599,0.166095624,0.311955302,-0.252190492,-0.032020295,0.240671279,0.420247024,0.146242126,0.0272871147,-0.292713942,-0.627388123,-1.016171,-0.00118305177,0.577166861,0.870595904,-0.048410931
9.01666667,-0.128587331,-0.0362150198,0.786461538,0.559618168,-0.0336061106,-0.0176295327,-0.827881232,-0.15310858,0.129476905,0.259119619,0,0.307927819,-0.145546891,0.0247101875,0.0453637079,0.167490119,0.326824127,-0.270581098,-0.0285784151,0.160966597,0.225078731,0.191025555,0.0124900068,-0.187411787,-0.549027131,-0.857664282,-0.0252829895,0.652209005,0.670663469,-0.078765019
9.03333333,-0.12842366,-0.0415527643,0.785005197,0.557934397,-0.0348731396,-0.019937088,-0.82891229,-0.136278006,0.125683632,0.252191953,1.50401891e-26,0.268137461,-0.147660107,0.0361871753,0.0416008358,0.155096361,0.339579106,-0.290287939,-0.0290752557,0.0719875394,0.0248858054,0.254744849,-0.0169936341,-0.0154345349,-0.463757644,-0.657471356,-0.104781817,0.673276846,0.470727655,-0.12163759
9.05,-0.12792136,-0.0461180177,0.783792513,0.564887828,-0.0366099324,-0.0209991126,-0.824087672,-0.131006652,0.119610718,0.239139217,5.29029154e-07,0.241732529,-0.137464932,0.0542927257,0.0444094845,0.127707559,0.338195291,-0.303576839,-0.0323956959,-0.0182050425,-0.175297474,0.333550861,-0.0805967851,0.184413321,-0.370976637,-0.457288076,-0.218641719,0.627669666,0.270788632,-0.0978436993
9.06666667,-0.126449543,-0.0512364198,0.783235505,0.578245826,-0.0379412152,-0.0220112088,-0.814682598,-0.132128231,0.106407758,0.219569492,3.53843169e-07,0.2330735,-0.119049697,0.0836081373,0.0430546577,0.0903587519,0.317097284,-0.309125942,-0.0320848138,-0.100655943,-0.37547159,0.390210292,-0.187532721,0.384268783,-0.268018669,-0.257113961,-0.318606757,0.515387883,0.0708465604,-0.00738333664
9.08333333,-0.124986321,-0.0568768956,0.783023614,0.594120772,-0.0369076335,-0.0232554199,-0.803192082,-0.138688513,0.0889689577,0.19566191,1.00195045e-07,0.237220618,-0.101792536,0.111545199,0.0384891964,0.0550537562,0.289134928,-0.310411245,-0.0302808731,-0.168524197,-0.575637,0.398635044,-0.327019563,0.584131473,-0.156838323,-0.056948551,-0.351907664,0.336431893,-0.0945085585,0.149743508
9.1,-0.124987392,-0.0619293319,0.783280643,0.60882416,-0.0324680212,-0.0255667914,-0.792228066,-0.147785752,0.0681068821,0.174851089,5.10300181e-10,0.249376455,-0.0925725148,0.127517535,0.0294667705,0.0298393039,0.273179624,-0.315521534,-0.0294838806,-0.217992465,-0.775794139,0.379002962,-0.479599856,0.784001028,-0.036840021,0.143208588,-0.318544314,0.180652223,-0.193199762,0.349746847
9.11666667,-0.126046284,-0.0657663298,0.783687228,0.619160212,-0.0255723068,-0.0285722781,-0.784327938,-0.157912657,0.0466772606,0.164281493,0,0.26492381,-0.0891007535,0.129173414,0.0160652015,0.0164917541,0.27496723,-0.32657622,-0.0293115248,-0.248995291,-0.975943421,0.350144513,-0.600144466,0.983877106,0.0823230438,0.343357871,-0.223513169,0.0915324148,-0.225226914,0.54975002
9.13333333,-0.126598114,-0.0686058171,0.784164642,0.622617651,-0.0177415024,-0.0298209644,-0.78175649,-0.16913198,0.0313750292,0.165993593,3.03629171e-09,0.274969953,-0.0870852209,0.117753663,0.00299393416,0.0140948339,0.285928319,-0.337766303,-0.028152161,-0.26718056,-1.15570716,0.334634512,-0.68968989,1.18375938,0.185133675,0.483440966,-0.173133401,0.0690728091,-0.190589881,0.749753034
9.15,-0.126229981,-0.0708301665,0.784782571,0.618427291,-0.01025995,-0.0293144588,-0.785228044,-0.177891114,0.0225431998,0.17667353,2.05155907e-09,0.276644345,-0.0858845672,0.100033001,-0.00969051285,0.0199778902,0.297674309,-0.34523246,-0.0249711828,-0.275568659,-1.26879714,0.348450334,-0.814893411,1.34783104,0.271605808,0.556850303,-0.170555271,0.0969921935,-0.128967061,0.949755898
9.16666667,-0.125591034,-0.0727245854,0.785828555,0.607954578,-0.00431798079,-0.0285034726,-0.793448258,-0.180399512,0.0197578596,0.192233321,5.92280193e-10,0.272826459,-0.0879247406,0.0851613288,-0.0220833217,0.031775255,0.300851898,-0.345038807,-0.0197742509,-0.275021273,-1.31521372,0.385065092,-0.877418444,1.44524162,0.291411731,0.576805944,-0.18456619,0.111887595,-0.099807864,1.14089616
9.18333333,-0.124958394,-0.0743728607,0.787354183,0.594282973,-9.91979788e-05,-0.0278832366,-0.803772519,-0.177355379,0.0208846482,0.209262643,9.77302421e-12,0.266813484,-0.0931823695,0.0762809059,-0.0332568473,0.046957045,0.292086164,-0.33588901,-0.013846223,-0.266727452,-1.30782764,0.423016978,-0.873276706,1.47599085,0.244551422,0.56569634,-0.195182164,0.109643482,-0.0926130882,1.26536962
9.2,-0.124478914,-0.0758717465,0.78893076,0.580625933,0.00292460753,-0.026918096,-0.813720093,-0.172554546,0.0241126233,0.223698401,1.71074396e-31,0.260467088,-0.100255636,0.0718427578,-0.0420646762,0.0638420202,0.276190997,-0.322472635,-0.0085135046,-0.254485854,-1.29165332,0.451948318,-0.852080792,1.46758636,0.213746862,0.54685974,-0.198372379,0.111116057,-0.0923203545,1.32317629
9.21666667,-0.124251496,-0.0774140735,0.790273975,0.569287405,0.0046812621,-0.0255735165,-0.821727407,-0.167578497,0.0290406218,0.23423389,1.89964451e-11,0.253699009,-0.107008928,0.0727823605,-0.046800625,0.078333096,0.254364927,-0.30700537,-0.00458162616,-0.242556236,-1.28500823,0.468626882,-0.851501359,1.46511641,0.234073636,0.536965113,-0.197431399,0.122832473,-0.09197164,1.32365001
9.23333333,-0.124055149,-0.0790473119,0.791258011,0.561556782,0.0052063882,-0.0247753288,-0.827050819,-0.161817827,0.0313139139,0.241685068,1.56573103e-11,0.248087053,-0.11126454,0.0814280944,-0.0515165957,0.0871176603,0.22830315,-0.29179136,-0.000682957787,-0.235086503,-1.27892903,0.475733433,-0.838787966,1.46903758,0.261864542,0.533793098,-0.1955924,0.132325993,-0.0916554898,1.30389085
9.25,-0.123915569,-0.0804702501,0.791995938,0.557392488,0.0050902209,-0.02414473,-0.829882363,-0.158629181,0.0340207627,0.248191953,8.29419989e-12,0.245803578,-0.114019432,0.0917277936,-0.0535811647,0.0897713089,0.203281275,-0.277942095,0.00178982489,-0.233522557,-1.27172758,0.481968731,-0.828135639,1.46587782,0.271423691,0.53145317,-0.19207367,0.136522578,-0.0873367489,1.28365342
9.26666667,-0.123928411,-0.0816677639,0.7923578,0.555809983,0.00478890384,-0.0235594322,-0.830961661,-0.156702141,0.0357421633,0.254808323,4.8588044e-12,0.245021673,-0.115040656,0.101447335,-0.0543171899,0.0884502612,0.182983302,-0.267476121,0.00315667744,-0.236621055,-1.26740662,0.491069831,-0.839777932,1.45837064,0.270889272,0.529205545,-0.185860503,0.13392688,-0.0797041264,1.27180469
9.28333333,-0.124010812,-0.08278406,0.792457393,0.55571903,0.00439849753,-0.0231838781,-0.83103521,-0.155165776,0.0363692241,0.260958435,4.41977808e-12,0.243844126,-0.114314719,0.109771635,-0.0544686452,0.0860318962,0.168467612,-0.260973738,0.00397107695,-0.242190802,-1.26717128,0.499126633,-0.856131935,1.45556232,0.272527016,0.528997534,-0.178739955,0.126717892,-0.0741476202,1.26901075
9.3,-0.124001806,-0.0838519794,0.792408543,0.556184617,0.00398171511,-0.0230087263,-0.830730652,-0.153605106,0.0363223996,0.264836317,4.81182269e-12,0.242040656,-0.112823375,0.116158863,-0.0545777045,0.0844972738,0.15942055,-0.25769883,0.00455226721,-0.248031366,-1.26647889,0.502685737,-0.856185155,1.45762212,0.27862405,0.531928808,-0.173948432,0.118861634,-0.0765330532,1.27261657
9.31666667,-0.123857221,-0.0848467261,0.79234481,0.556356732,0.00379207229,-0.0230890396,-0.830614052,-0.152116932,0.0355634267,0.265550188,5.1073931e-12,0.24028889,-0.111760702,0.120332208,-0.0554608263,0.0845626342,0.154660447,-0.25665704,0.0051698956,-0.25212383,-1.26477142,0.504298235,-0.846625301,1.4583679,0.285756906,0.53746368,-0.173109592,0.111044559,-0.0854792491,1.27937866
9.33333333,-0.123674149,-0.0856880209,0.792352724,0.555717026,0.00398778907,-0.0233304205,-0.831034522,-0.150917525,0.034423617,0.264450447,5.15533999e-12,0.239101805,-0.111745796,0.122685893,-0.0574407775,0.0860605219,0.151759003,-0.256303299,0.00605938457,-0.253110788,-1.26517621,0.507355117,-0.845184487,1.45620317,0.291735919,0.539909674,-0.172637195,0.106052646,-0.0902728286,1.28168712
9.35,-0.123471092,-0.0863550462,0.792433261,0.554407527,0.00444624919,-0.0235861463,-0.831899164,-0.150061975,0.0334450594,0.262774339,5.17887889e-12,0.238438193,-0.112656946,0.123305224,-0.0599723319,0.0879591703,0.150104381,-0.256017296,0.00724295092,-0.251460909,-1.26773479,0.511003196,-0.853434215,1.45377107,0.297666544,0.538563262,-0.171569886,0.104240303,-0.0899837478,1.27948137
9.36666667,-0.123211656,-0.0868963582,0.792566297,0.552856026,0.00503861407,-0.023845548,-0.832920294,-0.149565343,0.0324388643,0.26150958,5.29046462e-12,0.23810783,-0.113728181,0.122784785,-0.062772062,0.08974243,0.149364182,-0.255790856,0.00860590311,-0.248499609,-1.27105981,0.513909673,-0.86211214,1.45265808,0.304182979,0.537075658,-0.171250368,0.105520647,-0.0898605093,1.27391709
9.38333333,-0.122873409,-0.0873163197,0.792775586,0.551332498,0.00575009266,-0.0241601295,-0.833915883,-0.149529017,0.0307500002,0.261572916,5.4312116e-12,0.238122035,-0.113916384,0.122406821,-0.0659820179,0.0910814404,0.147435112,-0.254688229,0.0101855026,-0.245245113,-1.27382194,0.515879362,-0.86540024,1.45207342,0.309191542,0.536442973,-0.171544129,0.108500884,-0.0915739008,1.26684366
9.4,-0.122476398,-0.0876075251,0.793050858,0.549970419,0.0065011142,-0.024569885,-0.834797337,-0.149840233,0.0281162422,0.262979048,5.3677917e-12,0.238486894,-0.112690171,0.122457813,-0.0694261956,0.0919812208,0.144313712,-0.252780328,0.0117787009,-0.242490769,-1.275912,0.517570034,-0.864916386,1.45088437,0.311596378,0.534687763,-0.171181416,0.111371671,-0.0914264803,1.25718333
9.41666667,-0.122068527,-0.0878315499,0.793314454,0.548826268,0.00707392186,-0.0250422623,-0.835531311,-0.149778735,0.02568851,0.265851695,5.3277441e-12,0.238805393,-0.111054988,0.123059398,-0.0726191411,0.0922909706,0.14101673,-0.250811419,0.0133291404,-0.240448974,-1.27778797,0.519371147,-0.866702768,1.44903261,0.313127778,0.533890623,-0.172931628,0.113576102,-0.0923622808,1.24828147
9.43333333,-0.121652504,-0.0879965764,0.793535019,0.547880138,0.0073739655,-0.0255020968,-0.836135529,-0.149327248,0.0238366822,0.26959736,5.55430644e-12,0.238998466,-0.109772617,0.123873349,-0.0751223799,0.0921133445,0.138190441,-0.249019707,0.0146524567,-0.239300342,-1.27967446,0.520540239,-0.869606901,1.44823375,0.314717574,0.534154924,-0.175684093,0.115875491,-0.094610884,1.23840218
9.45,-0.121226369,-0.0880787101,0.79367849,0.547032494,0.00745616373,-0.0259383477,-0.836676197,-0.1485993,0.0224946818,0.272817834,6.85335339e-12,0.239107617,-0.108980532,0.123857051,-0.0770042525,0.0919023637,0.137781634,-0.248394928,0.0157725551,-0.238717832,-1.28134339,0.520612249,-0.869916247,1.44938203,0.316311457,0.534753438,-0.177878369,0.119031556,-0.0971604544,1.22884115
9.46666667,-0.120797542,-0.0881290153,0.793707123,0.546252657,0.00736991333,-0.0265153477,-0.837168236,-0.147210144,0.0210076051,0.274765624,9.02012717e-12,0.238640534,-0.108038676,0.123386653,-0.079342603,0.091736715,0.14015503,-0.24960504,0.0172391016,-0.238805297,-1.28278688,0.520892322,-0.868936248,1.45130782,0.317430414,0.536695819,-0.179116898,0.120971766,-0.099441393,1.22056316
9.48333333,-0.120333896,-0.088206961,0.793746636,0.545545943,0.00710572921,-0.0274905242,-0.837599787,-0.144607212,0.0182650887,0.275075773,8.61796087e-12,0.237114079,-0.106435312,0.123353982,-0.0821383295,0.0917712762,0.143622331,-0.251665514,0.0187644251,-0.239504816,-1.28354998,0.521891472,-0.868320524,1.45311538,0.317979246,0.540183465,-0.17930186,0.122199347,-0.101677055,1.21172027
9.5,-0.119882229,-0.0881252294,0.793779393,0.544894559,0.00670032536,-0.0282986469,-0.838000127,-0.141853832,0.0152954414,0.274577782,9.70480065e-32,0.235240753,-0.104395158,0.123698092,-0.0845518182,0.0920090975,0.146570222,-0.253341833,0.020027167,-0.24035714,-1.28401729,0.523252625,-0.868412306,1.45438456,0.317908773,0.543009058,-0.179306723,0.122814374,-0.105409308,1.20236947
9.51666667,-0.11952949,-0.0876130852,0.793710429,0.544335759,0.00621021908,-0.0280833796,-0.838374223,-0.142757992,0.0175770889,0.274028895,6.32516694e-12,0.236376585,-0.104725086,0.121678544,-0.0837074094,0.0926720414,0.149340473,-0.25377488,0.020474042,-0.240796228,-1.28632892,0.52413998,-0.86953967,1.4547359,0.317258017,0.543222204,-0.181055049,0.125012829,-0.109415757,1.19320379
9.53333333,-0.119147585,-0.0868864717,0.793628139,0.544049903,0.00558016803,-0.0278627914,-0.838571541,-0.143444072,0.0193934754,0.273823986,2.29419097e-10,0.238371761,-0.105615263,0.118826056,-0.0823497444,0.0927444471,0.154057638,-0.254881431,0.0205677125,-0.241137166,-1.2880132,0.524320125,-0.869667388,1.45410773,0.314983833,0.540686786,-0.185600392,0.12945997,-0.112850907,1.1799521
9.55,-0.118707442,-0.0859564515,0.793484838,0.5441873,0.00474860902,-0.0279559232,-0.838484406,-0.143194656,0.0197235164,0.273759337,7.79897218e-10,0.239358643,-0.105288208,0.114321334,-0.0805770399,0.092162943,0.163653482,-0.25833729,0.020192085,-0.2413988,-1.28797768,0.523319053,-0.865425463,1.45206307,0.31159296,0.535711621,-0.193351362,0.138258757,-0.117987249,1.15523026
9.56666667,-0.118361785,-0.0845256029,0.793161698,0.54481805,0.00373326164,-0.027421705,-0.838097492,-0.14478547,0.0228305792,0.273667918,1.14216965e-09,0.240964743,-0.105352378,0.10586576,-0.0756997535,0.0918099803,0.178982675,-0.263829189,0.0185099554,-0.241147736,-1.28709805,0.520656108,-0.855385965,1.44725792,0.305876908,0.529450399,-0.202653894,0.154740721,-0.127891127,1.11317069
9.58333333,-0.118059538,-0.0826869081,0.79265259,0.545999317,0.00262384748,-0.026782281,-0.837353313,-0.14695521,0.0263509035,0.273330642,6.91485674e-30,0.242944835,-0.105789781,0.0946937595,-0.0694326796,0.0915975475,0.199536915,-0.271624455,0.0159482728,-0.23999835,-1.28464636,0.516477725,-0.839658285,1.43962811,0.297226753,0.52172158,-0.212662199,0.18009783,-0.143554124,1.04746692
9.6,-0.117631297,-0.0805564038,0.792047656,0.547730026,0.00157344356,-0.0268739348,-0.836221941,-0.148508761,0.0272802269,0.273147308,4.11238992e-10,0.245225988,-0.105468148,0.0851303713,-0.0664831294,0.0903882603,0.220520505,-0.280682979,0.0150120081,-0.237095053,-1.27881547,0.510792227,-0.816747772,1.42851337,0.284068333,0.503925861,-0.222153718,0.211661836,-0.157648068,0.964879435
9.61666667,-0.117137213,-0.0778864234,0.791426218,0.550061474,0.000728037934,-0.0269760357,-0.834688048,-0.151329212,0.0277110379,0.272690815,3.94731292e-08,0.2479189,-0.104098896,0.0739472911,-0.0634769453,0.0881752895,0.242846907,-0.289822899,0.0141178807,-0.2318482,-1.2694629,0.502539394,-0.785840009,1.41364062,0.26477543,0.472136645,-0.226229336,0.250793039,-0.163871994,0.869999004
9.63333333,-0.116575663,-0.0747123592,0.790664989,0.55328813,3.89495168e-05,-0.026491846,-0.832568571,-0.156224288,0.0293527688,0.270894714,1.37904564e-07,0.250974406,-0.102440351,0.0605046487,-0.0587340394,0.0852520223,0.266328017,-0.298687895,0.0125291302,-0.223328258,-1.26031403,0.487121725,-0.746891284,1.39858074,0.235347551,0.428589962,-0.226170274,0.291362904,-0.151918363,0.767745325
9.65,-0.115980393,-0.0712884846,0.789680739,0.557925331,-0.000647225833,-0.0254302881,-0.829501179,-0.162602591,0.0324877457,0.266349808,2.04556383e-07,0.253976184,-0.102294755,0.0468293725,-0.0522086309,0.0810173346,0.289760327,-0.307757265,0.0101148167,-0.212647913,-1.25390244,0.46119711,-0.700351293,1.38783479,0.193953932,0.377621583,-0.232955653,0.335468335,-0.124244089,0.669534755
9.66666667,-0.115196696,-0.0676524568,0.788535733,0.564503512,-0.00084541189,-0.0240688193,-0.825079246,-0.170925975,0.0353537683,0.258580095,1.96429218e-28,0.256708591,-0.104600389,0.0327187213,-0.0457590459,0.0741032839,0.313419736,-0.317663801,0.00775264418,-0.200558648,-1.25029399,0.424228125,-0.648945365,1.38194404,0.142148335,0.323036301,-0.247754037,0.380936413,-0.0883497692,0.572211718
9.68333333,-0.113867267,-0.063698008,0.787455481,0.573337072,8.64817454e-05,-0.0231285657,-0.818993079,-0.182230184,0.0326861862,0.248962027,3.42764477e-08,0.260015002,-0.106549186,0.0158373507,-0.0441231066,0.062102077,0.338727393,-0.328117608,0.00763829459,-0.186992143,-1.24752397,0.377080939,-0.597377718,1.37779908,0.0842051951,0.255070538,-0.268203704,0.422415162,-0.0189149528,0.470239774
9.7,-0.112514895,-0.0591119759,0.786448021,0.58427814,0.00169076198,-0.0220962583,-0.811250856,-0.196447423,0.0274222381,0.238068347,6.75857466e-06,0.264706501,-0.110542404,-0.00218327756,-0.0442232404,0.0438834296,0.36304334,-0.33748978,0.00799313962,-0.173623514,-1.24558526,0.322144265,-0.544732596,1.37553351,0.0210058683,0.16644922,-0.281225575,0.46811997,0.0901242302,0.36097009
9.71666667,-0.11175407,-0.0534639667,0.785270145,0.596959307,0.00363252127,-0.0197702805,-0.802019655,-0.217325824,0.0255142242,0.226906445,2.38688347e-05,0.273290117,-0.127208147,-0.0228885878,-0.0409717429,0.0200280238,0.386234105,-0.345440853,0.00634799257,-0.161364281,-1.24846286,0.260691165,-0.493261278,1.37815247,-0.0437926357,0.0583867423,-0.272340676,0.528748734,0.21517624,0.242132418
9.73333333,-0.111076612,-0.0469244565,0.783896825,0.611087221,0.0060399629,-0.016839011,-0.79136109,-0.244791305,0.0239970058,0.216578608,3.56863337e-05,0.287362531,-0.167658349,-0.0457267886,-0.0379476785,-0.0082171325,0.410752144,-0.354083816,0.0040112831,-0.148561937,-1.25796179,0.189335879,-0.445534679,1.3909535,-0.107635182,-0.0666731105,-0.251157672,0.594982537,0.344994118,0.1257469
9.75,-0.110012953,-0.0401515985,0.782438735,0.626165098,0.00855544447,-0.0144668887,-0.779509323,-0.276503759,0.0208491183,0.208122091,1.20347467e-25,0.308378707,-0.240753787,-0.0683461521,-0.0376618768,-0.0386140032,0.436908448,-0.364045015,0.00205962355,-0.133368019,-1.26806189,0.109842654,-0.408451017,1.40404356,-0.167699899,-0.194871069,-0.236646755,0.663386572,0.467601406,0.0269363481
9.76666667,-0.109152399,-0.0335479843,0.7809684,0.641522563,0.0106973604,-0.0129224228,-0.766920712,-0.306856931,0.0169379833,0.201660229,0,0.334509581,-0.344259999,-0.0887617905,-0.0385794494,-0.069338311,0.462640603,-0.373928627,-0.000748191872,-0.118851458,-1.26250546,0.0405071392,-0.388423951,1.38455269,-0.225613855,-0.309901124,-0.226956843,0.738032198,0.571732561,-0.0570789743
9.78333333,-0.108970684,-0.0270922433,0.779688978,0.656654808,0.0123217103,-0.0118391496,-0.753997661,-0.331176624,0.0122498552,0.198365503,0.00112927835,0.361112507,-0.448669388,-0.107728413,-0.0377102827,-0.0990555504,0.485859781,-0.38153665,-0.00628477995,-0.109031208,-1.21683861,0.00623418027,-0.399107295,1.298396,-0.294509166,-0.414153197,-0.209599152,0.825934798,0.655187526,-0.131515819
9.8,-0.108780382,-0.0211063587,0.778746485,0.671115531,0.0134254327,-0.0109653017,-0.741150095,-0.347517108,0.00756152736,0.201573273,0.00823939512,0.37920821,-0.509257367,-0.124663787,-0.0345714734,-0.126519424,0.502900742,-0.384268053,-0.0139133687,-0.0978340226,-1.13088304,0.000154089695,-0.45569208,1.14557343,-0.38820325,-0.502196456,-0.191506193,0.918563223,0.721057834,-0.198004198
9.81666667,-0.107976695,-0.0159560243,0.777895278,0.684412655,0.0145003982,-0.0103126428,-0.728877703,-0.360671139,0.00891177785,0.210486578,0.0245355751,0.379870231,-0.5236,-0.139737959,-0.0359083575,-0.151821652,0.518786662,-0.386879892,-0.0182113226,-0.0801416681,-1.04110134,0.00014638521,-0.553734983,0.947120757,-0.494057223,-0.572847796,-0.176802025,1.0078987,0.773000084,-0.257464244
9.83333333,-0.1068042,-0.0114251998,0.776869396,0.696524583,0.0159111377,-0.00959778719,-0.717292286,-0.374939848,0.0168289133,0.22729911,0.0525261815,0.357733624,-0.521054057,-0.155058466,-0.041082425,-0.17538161,0.536444119,-0.3913925,-0.0195546318,-0.0605229945,-0.972945978,0.000330946646,-0.6611826,0.756818653,-0.58238084,-0.637917188,-0.154270338,1.09767574,0.815887753,-0.309139847
9.85,-0.105692148,-0.00744168318,0.775810483,0.707699164,0.0171196289,-0.00889521508,-0.706250442,-0.387466271,0.0296037442,0.254194069,0.0877873294,0.32298256,-0.504153044,-0.168798516,-0.0469099024,-0.197259843,0.553237438,-0.396071135,-0.0200208085,-0.0443189968,-0.924494171,0.000260452208,-0.755718181,0.589819836,-0.629069524,-0.692208243,-0.115864485,1.1879673,0.857095791,-0.362850454
9.86666667,-0.104723567,-0.00391297485,0.774861823,0.71795071,0.0179911176,-0.00830386367,-0.695811859,-0.39542352,0.0464469326,0.287905319,0.123234731,0.291021466,-0.475223084,-0.180418204,-0.0519104615,-0.21694757,0.567736026,-0.399742897,-0.0209004906,-0.0330119032,-0.892787784,0.000161846957,-0.83057066,0.446472559,-0.634708824,-0.729378734,-0.0678042028,1.27727767,0.892489428,-0.42920792
9.88333333,-0.103487229,-0.000571718079,0.7739929,0.727398518,0.0195926968,-0.00754014066,-0.685894065,-0.399882209,0.0654632231,0.321586298,0.153263835,0.271237883,-0.436917413,-0.193161496,-0.0581750178,-0.234125129,0.58188398,-0.403319593,-0.0213377498,-0.0230452118,-0.869802805,0.000119415939,-0.892079552,0.306328188,-0.606293905,-0.761365496,-0.0309951411,1.35923563,0.907857842,-0.493175568
9.9,-0.101776976,0.00267255988,0.773230002,0.736285136,0.0220994559,-0.00667264021,-0.676277523,-0.401086222,0.0843032932,0.350351709,0.17593993,0.26388661,-0.389317586,-0.205290773,-0.0690420804,-0.250200438,0.596094215,-0.40855354,-0.0186992167,-0.0138358061,-0.855585621,0.000113270085,-0.945152351,0.170390836,-0.580422517,-0.794109396,-0.0108990724,1.43076519,0.898126086,-0.541630111
9.91666667,-0.0998580258,0.00592515536,0.772730593,0.744594059,0.0239151356,-0.00604684217,-0.667061608,-0.397800503,0.105855557,0.371027799,0.19317329,0.264510454,-0.335582376,-0.213880994,-0.0790291815,-0.264250379,0.60634785,-0.41153824,-0.0151773027,-0.00603966574,-0.845851151,0.000108706502,-0.988720524,0.0668753363,-0.582438525,-0.824432696,-0.00177450202,1.48984643,0.873221887,-0.578842804
9.93333333,-0.0977000493,0.0090556647,0.772516124,0.752379627,0.024529805,-0.00600720269,-0.65824547,-0.389060293,0.129335222,0.384295616,0.206243323,0.266397828,-0.282183365,-0.217791569,-0.087336883,-0.27652684,0.612628756,-0.411743027,-0.0117262909,0.000558320326,-0.841955952,0.000102967521,-1.02109236,-0.00355350742,-0.611792047,-0.843320696,-6.69153336e-05,1.53693412,0.844931956,-0.619352618
9.95,-0.095126746,0.0119247152,0.772386095,0.759743313,0.0250315633,-0.00606304974,-0.649712828,-0.377345877,0.152455751,0.392508861,0.214957837,0.267074024,-0.238291244,-0.220636313,-0.0959904205,-0.28789132,0.618177737,-0.411741712,-0.00772846353,0.0069058252,-0.845769703,9.73260054e-05,-1.04489407,-0.0646967511,-0.648430055,-0.853359934,-6.35695669e-05,1.5712505,0.821101422,-0.664503364
9.96666667,-0.0921656796,0.0145673777,0.772154835,0.766790407,0.0259011191,-0.00577161067,-0.641348807,-0.364743623,0.174218746,0.399143261,0.219959555,0.267475977,-0.206307575,-0.224490625,-0.105729822,-0.299133297,0.625072414,-0.413084064,-0.00296358382,0.0126228195,-0.854220177,9.22591924e-05,-1.06176874,-0.125906981,-0.679221136,-0.859250784,-0.000114249078,1.59204778,0.801948273,-0.704153749
9.98333333,-0.0888778715,0.0170658853,0.771887789,0.773582266,0.0267157305,-0.00524944381,-0.633110726,-0.351684279,0.194310158,0.405732074,0.22190937,0.268219061,-0.185792489,-0.228343822,-0.115993803,-0.310894782,0.632622508,-0.41508438,0.00257828102,0.0170745658,-0.863628098,8.76462328e-05,-1.0726173,-0.178476075,-0.701488761,-0.863023126,-9.34076023e-05,1.60050267,0.785355778,-0.726659527
10,-0.0853249086,0.0195688028,0.771499815,0.780185813,0.0270642016,-0.00437055575,-0.624946817,-0.338429186,0.213158273,0.412197067,0.220574241,0.268810535,-0.17595623,-0.231575308,-0.125639738,-0.323181596,0.639538783,-0.416551615,0.00871087655,0.0198898247,-0.870821632,8.32800871e-05,-1.07918604,-0.214922169,-0.719934263,-0.868035006,-6.47090879e-05,1.59896358,0.767649936,-0.724006262
10.0166667,-0.0815378756,0.0220933764,0.77091467,0.786751952,0.026999697,-0.00300359864,-0.616671193,-0.325705895,0.232213904,0.419164514,0.217499064,0.26879232,-0.17626626,-0.234333877,-0.133920853,-0.335549307,0.645250372,-0.417033489,0.0151641629,0.020628084,-0.875408363,7.91007251e-05,-1.08390868,-0.234350666,-0.735332414,-0.876091962,-5.17778096e-05,1.59127878,0.745747609,-0.698027508
10.0333333,-0.0774127634,0.024562621,0.770360505,0.793444474,0.0270292087,-0.00154380536,-0.608040217,-0.312918837,0.251136849,0.426726408,0.214887446,0.269567205,-0.183542978,-0.236783699,-0.143008237,-0.348055809,0.651269864,-0.418006439,0.0220166861,0.0190800978,-0.882157484,7.51522536e-05,-1.08238214,-0.245032384,-0.753987733,-0.879228682,-4.91889191e-05,1.58355108,0.725400352,-0.665043572
10.05,-0.0728932575,0.0271129829,0.769731309,0.800400397,0.0272047995,-0.000120398191,-0.598848135,-0.300193191,0.270803418,0.434318413,0.214558367,0.2717943,-0.193776895,-0.239070536,-0.153556435,-0.361364378,0.658142113,-0.419599087,0.0294907755,0.016734371,-0.890271467,5.65405519e-05,-1.07507854,-0.248220393,-0.778398813,-0.877728109,-5.01278395e-05,1.57227998,0.71451315,-0.629975011
10.0666667,-0.0680483671,0.0297278707,0.768835933,0.807688847,0.0270528512,0.00143280437,-0.588986262,-0.289447102,0.290955659,0.44088403,0.21710082,0.274359105,-0.201988349,-0.24021249,-0.164289267,-0.375607646,0.66456447,-0.421002338,0.0377941634,0.0145003481,-0.898243235,3.88994055e-05,-1.06557544,-0.243816173,-0.805805074,-0.874122124,-3.6923286e-05,1.55529514,0.712017237,-0.591676964
10.0833333,-0.0629548648,0.032256646,0.767743859,0.815345807,0.0261329848,0.00310808465,-0.578375849,-0.283874647,0.309370341,0.4453335,0.222311801,0.275358136,-0.203377135,-0.238715003,-0.173652854,-0.390734359,0.668864046,-0.421164174,0.0469596944,0.0128780972,-0.902342316,2.19117827e-05,-1.05393782,-0.231539249,-0.834051933,-0.868271041,-3.83790342e-06,1.53151861,0.714753478,-0.541913807
10.1,-0.057617677,0.0346462279,0.766980389,0.82344267,0.0241451681,0.0048755792,-0.566864542,-0.286364256,0.325602803,0.44826479,0.230903039,0.276042662,-0.193996832,-0.23368518,-0.180137969,-0.406399064,0.670081509,-0.419945987,0.0566408135,0.0119690418,-0.897948926,5.50859699e-06,-1.04074409,-0.212604932,-0.861596514,-0.862437368,-1.01627697e-05,1.50254722,0.721349136,-0.476694185
10.1166667,-0.0520051288,0.0368166634,0.766261952,0.832135642,0.0209063,0.00678935256,-0.554136359,-0.298013487,0.340186714,0.451062684,0.243616912,0.277896526,-0.175316342,-0.22447362,-0.182709099,-0.420710604,0.667738296,-0.418021271,0.0670444665,0.0119314439,-0.879847112,5.2819337e-06,-1.02710107,-0.190897471,-0.88287401,-0.857635498,-0.000157857884,1.4676474,0.732314836,-0.398789861
10.1333333,-0.0459658632,0.038655722,0.765551102,0.841871168,0.0165792159,0.00882139976,-0.539351693,-0.317689589,0.355130583,0.453489871,0.263103606,0.279305953,-0.14579718,-0.210640806,-0.180756347,-0.427193027,0.661267872,-0.416818869,0.0791423669,0.0113923564,-0.843057531,0.000143969154,-1.01381314,-0.17358692,-0.888008052,-0.850405083,-0.000359186732,1.4231842,0.751245522,-0.320376729
10.15,-0.0392363028,0.0400945427,0.764897323,0.853239914,0.0117421258,0.0108665123,-0.521273144,-0.341954227,0.371671396,0.456594448,0.291719396,0.277275812,-0.105355418,-0.190326129,-0.174205925,-0.417472047,0.64792613,-0.417332126,0.093949033,0.00819787083,-0.785659197,0.000516270061,-1.0025331,-0.168543198,-0.870738905,-0.831625231,-0.000252001652,1.36401789,0.784491416,-0.236819489
10.1666667,-0.0318887509,0.0413170009,0.764122438,0.866552065,0.0063213576,0.0127585709,-0.498883532,-0.368035924,0.386646169,0.462601559,0.32681047,0.265013181,-0.0649893754,-0.160764686,-0.161787871,-0.38374874,0.625291671,-0.421587754,0.110312952,0.000563679296,-0.714018364,0.000912103554,-0.992633729,-0.169636537,-0.827476955,-0.802264362,-0.000830131167,1.28827406,0.823597777,-0.153997716
10.1833333,-0.0244431212,0.0428779404,0.762806631,0.881612918,-0.000637190765,0.0139789691,-0.471765667,-0.391142327,0.400301774,0.475499013,0.362239436,0.239468383,-0.037529477,-0.116455828,-0.140689716,-0.324541709,0.590197652,-0.430380633,0.123585628,-0.0153424745,-0.638950638,0.00069473882,-0.972543487,-0.131879115,-0.778721312,-0.757417254,-0.013953625,1.19470862,0.821383559,-0.0791419428
10.2,-0.017228445,0.0449068444,0.760599235,0.897680242,-0.00844681034,0.014015377,-0.440343506,-0.410805277,0.407675731,0.496344869,0.391794047,0.204035286,-0.0304395227,-0.053937481,-0.114224895,-0.244920514,0.537647376,-0.444354332,0.12982779,-0.0419051021,-0.578980136,0.0011850519,-0.923601702,-0.0415741581,-0.741533794,-0.669810833,-0.0615320424,1.08337136,0.752927831,-0.0301039052
10.2166667,-0.00969212026,0.0466024918,0.757941797,0.913494282,-0.0150687752,0.0125389844,-0.406379013,-0.426284581,0.402177625,0.517020187,0.41174336,0.16344474,-0.0385846737,0.0263034774,-0.0906587931,-0.158143114,0.462252007,-0.458015064,0.12945511,-0.0760839145,-0.511291024,0.0196232469,-0.834492029,0.065558431,-0.693124474,-0.515199815,-0.138196975,0.947678936,0.618086257,-0.00223687053
10.2333333,-0.00112764742,0.0472372809,0.755281942,0.927384246,-0.0188910336,0.00996315724,-0.3735001,-0.439224564,0.38371578,0.523667977,0.427325147,0.124498423,-0.043132717,0.116415066,-0.0783319943,-0.0828333384,0.365503475,-0.458741407,0.126605133,-0.108692371,-0.410486313,0.0781510661,-0.700426049,0.180143462,-0.614848043,-0.313226701,-0.214196404,0.782198472,0.447628891,0.0643486812
10.25,0.00834187512,0.0468235968,0.753033431,0.938006255,-0.0193770486,0.00730934252,-0.34599909,-0.454368705,0.361944709,0.515284874,0.454324521,0.0912377654,-0.0354577783,0.201759152,-0.0803446794,-0.0347691775,0.262946136,-0.443485608,0.126371517,-0.132420512,-0.319841492,0.166049414,-0.515847451,0.334392688,-0.514843332,-0.0962878662,-0.254849826,0.590912396,0.301758381,0.196930027
10.2666667,0.0179781608,0.0456979088,0.750681444,0.945022577,-0.0174052699,0.00564570232,-0.326492743,-0.472768309,0.346533698,0.505124474,0.502337387,0.0528634189,-0.0241824209,0.266304459,-0.0932149918,-0.0179074345,0.185701779,-0.429002711,0.131911393,-0.146695866,-0.276695856,0.220506765,-0.378377027,0.535304105,-0.391290555,0.101483489,-0.215993865,0.407104224,0.149641688,0.397024924
10.2833333,0.0269556047,0.0447384587,0.746741878,0.949052011,-0.0152091155,0.00667870506,-0.314681358,-0.500181755,0.345242626,0.50160766,0.572508597,0.00457195835,-0.0137276872,0.298551466,-0.107118379,-0.0251654888,0.154262082,-0.433958176,0.142900389,-0.156975722,-0.299531306,0.266651632,-0.308118395,0.736521487,-0.256934554,0.298569262,-0.145733938,0.264601118,0.0318061903,0.597147963
10.3,0.0348023658,0.0452314645,0.741079908,0.951221288,-0.014694991,0.0108577965,-0.307967898,-0.537142554,0.355798417,0.508834957,0.652804905,-0.0483190353,0.000945862184,0.297525096,-0.114307345,-0.0457339088,0.169083927,-0.459275827,0.156461434,-0.166665305,-0.381287179,0.334242104,-0.304423157,0.937687593,-0.127224435,0.460835843,-0.0991489778,0.172401309,-0.0192590662,0.797265747
10.3166667,0.0408183499,0.0469998066,0.735736274,0.952402133,-0.0153261618,0.0165882307,-0.30400677,-0.573479537,0.368048348,0.520268413,0.720511282,-0.0927672755,0.017970736,0.273905559,-0.115556716,-0.0658115561,0.214069704,-0.495022129,0.167628781,-0.175616678,-0.457126931,0.410003,-0.367005226,1.13864465,-0.00516519626,0.556917038,-0.0964747733,0.120926938,-0.012657529,0.99736354
10.3333333,0.0452661972,0.0490183795,0.731205508,0.953098921,-0.0157101517,0.0223950639,-0.301420137,-0.605189038,0.377752072,0.528889887,0.770763881,-0.12522368,0.0323616759,0.242212189,-0.115667521,-0.0760658246,0.26897089,-0.532221059,0.174526204,-0.188550286,-0.499519212,0.475853483,-0.495803041,1.30397175,0.106899733,0.592762598,-0.118387379,0.101005893,-0.0108784905,1.13789223
10.35,0.0492128747,0.0509042028,0.727168187,0.953771576,-0.015714769,0.0274886572,-0.298859833,-0.631478235,0.383386231,0.531847177,0.809680705,-0.150510007,0.0427629712,0.216233794,-0.117188962,-0.0769159455,0.314827632,-0.563099784,0.178985918,-0.20504402,-0.513336258,0.529019098,-0.65323045,1.40241894,0.207001939,0.609382701,-0.144341578,0.0913519357,-0.0236731305,1.21470884
10.3666667,0.0531644879,0.0525977699,0.723702116,0.954797403,-0.0158239629,0.0317874832,-0.295128915,-0.654125184,0.385870709,0.528170137,0.843170284,-0.173109014,0.0498378805,0.202807288,-0.117921432,-0.0739106259,0.340194344,-0.583741463,0.18187252,-0.217369473,-0.520596316,0.551892394,-0.743693436,1.4340401,0.260676539,0.62093512,-0.160850254,0.0808160433,-0.0412793595,1.26962377
10.3833333,0.0573959941,0.0539407704,0.7211635,0.956565681,-0.0155195617,0.0352127195,-0.288965925,-0.671669246,0.381642304,0.520038408,0.869013716,-0.192808413,0.0550161314,0.203966858,-0.117622147,-0.0745777823,0.342716322,-0.592851556,0.182556959,-0.227245383,-0.531399633,0.552832614,-0.767291058,1.4375778,0.247677183,0.630324237,-0.160428467,0.074097055,-0.0519465201,1.31094723
10.4,0.0619649948,0.054749765,0.719876944,0.959442283,-0.0142475392,0.0376406407,-0.279017375,-0.683374225,0.366896839,0.507798007,0.882701293,-0.206731301,0.0594862041,0.218717575,-0.115501093,-0.0822146162,0.324444628,-0.589770802,0.179071448,-0.233887808,-0.544908752,0.545158591,-0.724103064,1.43170144,0.241630136,0.639269001,-0.138392491,0.0776814755,-0.0503946882,1.32617281
10.4166667,0.0664267704,0.055112007,0.719675329,0.963571718,-0.0120469451,0.0394005625,-0.264257471,-0.691646987,0.340631346,0.488726179,0.88329117,-0.212441916,0.0639047869,0.243027202,-0.109042338,-0.0953817181,0.292637571,-0.577226855,0.169302057,-0.23266942,-0.562087837,0.529195269,-0.64789111,1.42001366,0.286544685,0.647934722,-0.105825771,0.0845914785,-0.0376308679,1.31711197
10.4333333,0.0705191091,0.0557111045,0.720011487,0.968583833,-0.00910147335,0.0413304251,-0.245059823,-0.701357599,0.303042337,0.461582717,0.874177481,-0.210526115,0.0697752274,0.270067294,-0.0986023953,-0.111881182,0.255799274,-0.561039191,0.15590031,-0.221358723,-0.58568634,0.500729984,-0.59807684,1.40110123,0.337409661,0.649759763,-0.0785320512,0.0849992602,-0.0273581532,1.28007522
10.45,0.0744892444,0.0569670337,0.72044514,0.973772062,-0.00577146046,0.0440893993,-0.223138491,-0.71316123,0.261401308,0.430420246,0.860910981,-0.204093274,0.0759498514,0.294336644,-0.0867965177,-0.128600013,0.218801835,-0.543447421,0.144258726,-0.197130466,-0.610080862,0.459245498,-0.572023403,1.37024338,0.351368105,0.637404248,-0.0673760953,0.0856903944,-0.0108077014,1.18055262
10.4666667,0.0781790745,0.058903825,0.720666143,0.978771251,-0.00196849059,0.0481597306,-0.19920744,-0.728873094,0.214152632,0.395209585,0.843562511,-0.192456851,0.0836035252,0.318171326,-0.0738318615,-0.147897757,0.175242515,-0.523081072,0.13511674,-0.161771927,-0.630173383,0.410958492,-0.572519777,1.32491953,0.325967149,0.594393064,-0.0734116272,0.0832517966,0.0189035678,1.01577616
10.4833333,0.0807812853,0.0614737602,0.720830214,0.983279298,0.00219976641,0.053690638,-0.17399511,-0.747314186,0.163605524,0.358064265,0.818957052,-0.172915315,0.092119318,0.341429949,-0.0592236925,-0.168997517,0.121387059,-0.497204803,0.127910467,-0.115647302,-0.644579129,0.357724188,-0.594908936,1.26908676,0.281650132,0.498608722,-0.0839779419,0.0728496117,0.0532476569,0.824305509
10.5,0.0819684835,0.0642246083,0.72074069,0.987018036,0.00591650565,0.0599814471,-0.148871145,-0.766628646,0.114477088,0.322634984,0.790035623,-0.147552612,0.101193332,0.361137322,-0.0432918123,-0.18711421,0.06718993,-0.470382544,0.120015857,-0.059839452,-0.648978542,0.302536881,-0.614897336,1.20058407,0.235408302,0.370414411,-0.0931446981,0.065091976,0.0521144266,0.632585039
10.5166667,0.0822551338,0.0666404633,0.71974,0.989878379,0.00856421298,0.0659764506,-0.125357719,-0.786287967,0.0711829618,0.292065739,0.766120023,-0.123441598,0.111292849,0.373311798,-0.0277725727,-0.19739442,0.0304288827,-0.453827569,0.108589755,0.00202503177,-0.633069619,0.256169584,-0.617812972,1.09987725,0.199500974,0.228536961,-0.109005646,0.0825447392,0.00817279498,0.45533975
10.5333333,0.0822839396,0.0688129616,0.717977488,0.991887013,0.0106223415,0.0706130602,-0.105171837,-0.803752437,0.0344328748,0.269799754,0.751953348,-0.105994043,0.122385664,0.38110732,-0.0168488506,-0.199426471,0.0118422328,-0.450665351,0.0955238172,0.0673037728,-0.584014251,0.231815536,-0.60216339,0.943189011,0.17830386,0.0591013529,-0.150728583,0.132569465,0.00787279375,0.295108191
10.55,0.0824008126,0.0710571028,0.715781091,0.993182031,0.0125164993,0.0727598089,-0.0902153029,-0.814886269,0.00628182024,0.257948429,0.747328606,-0.0971524715,0.132967169,0.389536659,-0.0130353848,-0.197253496,0.00411869134,-0.455851932,0.0868263792,0.136518543,-0.486340324,0.234379066,-0.565014502,0.743307568,0.151964145,-0.141235282,-0.216523524,0.202831554,0.0742544592,0.162864782
10.5666667,0.0830307628,0.0733449432,0.71377249,0.993891842,0.0141013597,0.0725367683,-0.0819669214,-0.818821457,-0.010646037,0.256431078,0.752169103,-0.0985132133,0.141479538,0.399588459,-0.0168223694,-0.195035581,0.00108805304,-0.463552702,0.0865623943,0.209086063,-0.33504399,0.258782634,-0.504313608,0.543420197,0.0718227023,-0.341555085,-0.285821032,0.283648759,0.207317041,0.0637126381
10.5833333,0.0842871237,0.0754936119,0.712029384,0.994038942,0.0149467896,0.0721958144,-0.0803177438,-0.821448093,-0.0149342431,0.262556104,0.766492679,-0.10963012,0.147188226,0.406198446,-0.0258189475,-0.193989147,0.000412680313,-0.47121045,0.0940903893,0.279131307,-0.141411028,0.280304456,-0.40676498,0.343527194,-0.0749855176,-0.541858898,-0.335246615,0.382621524,0.407059828,-0.0119080363
10.6,0.0857929345,0.0775544282,0.710690134,0.993752591,0.0141950672,0.073376721,-0.0828863305,-0.827512162,-0.00904617982,0.271091749,0.785600559,-0.125314164,0.151051082,0.405120992,-0.0356093636,-0.193522243,0.000710080949,-0.476213487,0.106351104,0.340203843,0.0588775944,0.264566019,-0.278886567,0.143628842,-0.274983516,-0.74214752,-0.340051165,0.505566237,0.606815475,-0.094565136
10.6166667,0.0871664355,0.0794556081,0.709976682,0.993434031,0.0112673536,0.0750451288,-0.0856160169,-0.834460344,0.00026036813,0.274273987,0.802071287,-0.138458025,0.154185487,0.400593292,-0.0381671725,-0.193013861,0.000401836775,-0.473704378,0.119260268,0.386438138,0.252423656,0.202962121,-0.16085444,0.00513596948,-0.474981615,-0.942421711,-0.304151384,0.640943182,0.80658334,-0.234300804
10.6333333,0.0881549775,0.0808764656,0.709824486,0.993366767,0.00747401476,0.0768180299,-0.0852384679,-0.840743413,0.00500893208,0.270113264,0.810367434,-0.144178755,0.157577979,0.395697226,-0.0325034973,-0.191855222,0.000101557379,-0.466824446,0.127225169,0.415889213,0.409896022,0.138597131,-0.0891441714,-0.0666950646,-0.674979809,-1.14268219,-0.26468606,0.751942198,1.00636281,-0.434289105
10.65,0.0890326711,0.081670489,0.709196476,0.993566878,0.00505804001,0.0793830029,-0.0806077735,-0.850697148,0.00237713457,0.262583198,0.813952796,-0.144030438,0.160960094,0.390965418,-0.0219907308,-0.192075234,1.24638644e-26,-0.464534064,0.127131764,0.432480474,0.543513598,0.107965668,-0.0544480203,-0.124987729,-0.874978093,-1.31315068,-0.23354429,0.796274285,1.20615331,-0.597156165
10.6666667,0.090430046,0.0820433911,0.707698767,0.994094492,0.00443960243,0.0812313113,-0.0718185591,-0.859673062,-0.00951643268,0.253316538,0.81877199,-0.144134397,0.164864739,0.39321746,-0.0107643448,-0.197491696,0,-0.46707506,0.121672676,0.440438781,0.669623803,0.104617714,-0.0253916815,-0.197760359,-1.07497646,-1.41694013,-0.210164111,0.773939456,1.35546608,-0.693357113
10.6833333,0.0923149419,0.0822707188,0.706363057,0.99484707,0.00502784796,0.0811618807,-0.0605539248,-0.862488549,-0.0275879994,0.244564685,0.821099098,-0.144272313,0.170330846,0.40153488,0.00165943947,-0.207078173,3.2093242e-06,-0.468096017,0.112786503,0.442669096,0.773173291,0.0978971921,0.00373165986,-0.257871177,-1.27497491,-1.45405116,-0.20928239,0.75583576,1.43812214,-0.722891923
10.7,0.0940998146,0.082403587,0.705719605,0.995513834,0.00662134885,0.0800129422,-0.0500629016,-0.857845102,-0.047068013,0.240949499,0.816700623,-0.14279131,0.176470721,0.411783497,0.00620091753,-0.215250754,2.14656466e-06,-0.465402615,0.107812871,0.444670551,0.814907033,0.0905852871,0.0194249694,-0.282169047,-1.40830678,-1.44799259,-0.226629365,0.748574506,1.45412098,-0.685760567
10.7166667,0.0952681902,0.082223819,0.705413548,0.995909424,0.0077156023,0.0791962893,-0.0428116482,-0.855077627,-0.0579264889,0.238870492,0.812812253,-0.140433044,0.179824067,0.418117997,0.00941414944,-0.217979106,6.0781569e-07,-0.462055021,0.104744881,0.448869264,0.811352706,0.089073019,0.0208483711,-0.276981011,-1.47497205,-1.43830906,-0.249419122,0.756417551,1.43130551,-0.612998874
10.7333333,0.0958817164,0.0819194842,0.705141468,0.996086623,0.00818564851,0.0785910997,-0.0395963831,-0.853997869,-0.0618715445,0.236960588,0.812757831,-0.140016885,0.180234593,0.421625993,0.0108380929,-0.21796286,3.08587812e-09,-0.461391381,0.102292451,0.455111032,0.798870718,0.0853532865,0.0188769304,-0.269080337,-1.47497072,-1.43518501,-0.2681914,0.778757503,1.42420993,-0.6069043
10.75,0.096324512,0.0816648195,0.704935403,0.996133406,0.00890288439,0.0777515909,-0.039920757,-0.852640527,-0.0623585556,0.235905673,0.815728034,-0.14238181,0.178606239,0.423705365,0.00927729299,-0.218798392,0,-0.464194884,0.100410399,0.462355166,0.789607337,0.0761619305,0.016922981,-0.266151526,-1.45134626,-1.43371461,-0.2761986,0.779904511,1.43033849,-0.647062095
10.7666667,0.0968513393,0.0814192716,0.704876749,0.996109747,0.00984626866,0.0765804551,-0.042471837,-0.849992366,-0.0608738308,0.235394618,0.820550082,-0.147113416,0.175511181,0.425459927,0.00558679821,-0.220158115,1.84088055e-08,-0.468201432,0.0986135348,0.469140346,0.78646314,0.0698809289,0.0163472148,-0.265949817,-1.43682628,-1.43108481,-0.277805381,0.768968585,1.43179382,-0.652749866
10.7833333,0.0973250724,0.0811758194,0.704865266,0.996027475,0.0104272731,0.0755737879,-0.0459254143,-0.847644042,-0.0578304933,0.235418707,0.826395163,-0.152680748,0.17225451,0.426798121,0.00126449494,-0.21998155,1.24231197e-08,-0.472060269,0.0985644171,0.473839156,0.785731943,0.0676939568,0.0161245819,-0.267280241,-1.4337566,-1.4302419,-0.280201294,0.780249889,1.42447174,-0.633354081
10.8,0.0976756827,0.0808629607,0.704495884,0.995868376,0.0103086655,0.0753778646,-0.0495791031,-0.849377887,-0.0510764891,0.235830774,0.834990078,-0.158786728,0.168552824,0.426359883,-0.00176919542,-0.216419301,3.56885462e-09,-0.475233069,0.100624054,0.476779439,0.785632851,0.0685084929,0.0158775628,-0.270786119,-1.43591765,-1.43269251,-0.281239788,0.799085712,1.41654627,-0.621200508
10.8166667,0.0982080239,0.080479647,0.704030743,0.995703319,0.00975716815,0.0753568214,-0.0529249294,-0.85164785,-0.0439112196,0.236145727,0.845575466,-0.166521044,0.165275708,0.426684533,-0.00386662816,-0.212751277,3.84587528e-11,-0.476591643,0.103473845,0.478576925,0.787810259,0.0732046605,0.0163473171,-0.27428476,-1.44107121,-1.43581603,-0.277047283,0.799040898,1.41500865,-0.616076535
10.8333333,0.0989221237,0.0800307725,0.703579268,0.99558665,0.00885455008,0.0750822409,-0.0556010431,-0.853358948,-0.036993758,0.235861838,0.857224542,-0.175324009,0.162562499,0.427993009,-0.00452902197,-0.209753248,3.62104062e-31,-0.47665909,0.105823381,0.479461052,0.792539661,0.0821411403,0.0174369514,-0.277779838,-1.44863704,-1.43899118,-0.270279728,0.78949478,1.41745522,-0.613793637
10.85,0.0995208078,0.0796107079,0.703259283,0.995523988,0.00778104791,0.0747570776,-0.0572959403,-0.854107221,-0.0319037123,0.23455662,0.866397779,-0.182438255,0.160507387,0.429393271,-0.00389305196,-0.207624245,1.96261885e-10,-0.475646204,0.106558339,0.479320166,0.793938922,0.0866681887,0.0165864678,-0.28036447,-1.45469242,-1.44211073,-0.266113031,0.790436764,1.4184648,-0.614894882
10.8666667,0.0999272369,0.0792814641,0.703131186,0.995528868,0.00688630341,0.0744134435,-0.0577710172,-0.853898452,-0.029695317,0.232982548,0.871425357,-0.186599807,0.159733952,0.430730812,-0.00220155474,-0.206097066,3.66605781e-10,-0.473767768,0.105847677,0.477850221,0.79138588,0.0865574834,0.0134227477,-0.281513204,-1.45832881,-1.44469253,-0.265412037,0.800696775,1.41692659,-0.617311422
10.8833333,0.100178483,0.0789392643,0.703081118,0.995548133,0.00600628465,0.0743776734,-0.0575829929,-0.854145227,-0.028754249,0.231634815,0.874563601,-0.189065871,0.159807197,0.431620902,0.000199770672,-0.204411818,4.41630027e-10,-0.472096839,0.104806485,0.476012267,0.787738424,0.084628031,0.00888567681,-0.282018167,-1.46116499,-1.44668114,-0.265982531,0.809038835,1.41480373,-0.619338412
10.9,0.100316628,0.0784819995,0.702574708,0.995499463,0.00466500689,0.0751534289,-0.0575414486,-0.858818382,-0.0242736544,0.230232007,0.880643614,-0.191790719,0.159005526,0.430378589,0.00382645187,-0.201265147,0,-0.472313639,0.104418964,0.475303581,0.786294406,0.083018762,0.00414176238,-0.285016019,-1.46417875,-1.45013115,-0.265435741,0.811842715,1.41315703,-0.618050011
10.9166667,0.100493539,0.078040978,0.701981709,0.995424347,0.00326002887,0.0762471798,-0.0574987726,-0.864377169,-0.0198174003,0.228165058,0.888037875,-0.19537653,0.157881245,0.428816824,0.00736641327,-0.198232748,7.04779697e-11,-0.473153606,0.104902863,0.47473568,0.787905018,0.0821173341,-0.000999218096,-0.290668653,-1.46880809,-1.45430534,-0.263612578,0.81224152,1.41278434,-0.613791675
10.9333333,0.100765064,0.0777120658,0.701587735,0.995358225,0.00224635781,0.0772734036,-0.0573217125,-0.868575617,-0.016834169,0.226404711,0.894012495,-0.19895256,0.156986995,0.427278767,0.0100482169,-0.196402125,1.35041213e-08,-0.473276106,0.105437667,0.474358029,0.788039727,0.0803477189,-0.00643228038,-0.293686308,-1.47449149,-1.45790697,-0.262053484,0.81306356,1.4123505,-0.610003985
10.95,0.101110009,0.0774777985,0.701416839,0.995285297,0.00153921681,0.0783928458,-0.0570908918,-0.871609262,-0.0152459398,0.224857432,0.897568098,-0.201501254,0.156372125,0.425452526,0.0119129236,-0.195546568,4.76661809e-08,-0.472137014,0.105716227,0.474114135,0.785847881,0.0786963138,-0.0111728327,-0.291754602,-1.47746585,-1.46082095,-0.261868042,0.814583899,1.4112079,-0.607742564
10.9666667,0.101502972,0.0773273148,0.701416419,0.995196747,0.000965732385,0.079759018,-0.0567538694,-0.874404417,-0.0147718053,0.223653487,0.898574084,-0.202397472,0.156331867,0.422950775,0.0132608099,-0.19518545,7.12536189e-08,-0.469865115,0.105888846,0.473583808,0.781549691,0.0787614411,-0.0143352171,-0.285790852,-1.48059577,-1.4636167,-0.2627034,0.816334689,1.40914937,-0.607583247
10.9833333,0.101938548,0.0772614266,0.701539164,0.99508667,0.000432048328,0.0812907879,-0.0565167303,-0.877170232,-0.0146194313,0.223233023,0.898177496,-0.20237651,0.156907387,0.420114762,0.0143309224,-0.195299177,0,-0.466691391,0.106021714,0.472873731,0.776802976,0.0792865469,-0.0177829301,-0.280129862,-1.48516285,-1.46585214,-0.263661253,0.818375417,1.40598681,-0.607821941
11,0.102510302,0.0772870532,0.701678499,0.994940976,-0.000158290511,0.0828656483,-0.0567953738,-0.879836769,-0.0133620267,0.223301381,0.898948115,-0.203662665,0.157174174,0.417380038,0.0148745088,-0.19535255,9.99922714e-31,-0.462511232,0.106672162,0.472761543,0.772534435,0.0802340766,-0.0212742563,-0.275442942,-1.49087635,-1.46795098,-0.264265436,0.819505515,1.40236504,-0.602778681
11.0166667,0.103290741,0.0774092334,0.701788096,0.994747271,-0.00102797155,0.084512995,-0.0577439494,-0.882605199,-0.0108063913,0.22348491,0.901886187,-0.2071274,0.157346347,0.414987102,0.0154411305,-0.194636915,2.25450445e-06,-0.456383731,0.108533167,0.473080913,0.768418009,0.081495177,-0.0251565034,-0.273464156,-1.4945572,-1.47011716,-0.264066929,0.81654558,1.39942007,-0.589408964
11.0333333,0.104167933,0.0774393371,0.701973579,0.994491259,-0.00247869329,0.0863552338,-0.0593613124,-0.88572731,-0.00626039895,0.222749293,0.906752568,-0.212301439,0.156855443,0.412681534,0.0167787162,-0.192242293,9.13161724e-06,-0.447397722,0.111448139,0.474190595,0.757939432,0.086404347,-0.0284285888,-0.269349661,-1.4982902,-1.47229226,-0.263595317,0.807729438,1.39775907,-0.571767374
11.05,0.10524354,0.0773913423,0.70232888,0.994179112,-0.00429410749,0.0881412645,-0.0618107767,-0.888437586,-9.54392904e-05,0.220772146,0.91258525,-0.218744894,0.155400162,0.41072753,0.018339616,-0.187616992,1.60784025e-05,-0.434743331,0.115776465,0.476245205,0.737332457,0.0966689856,-0.0301740132,-0.258419368,-1.5052618,-1.47386269,-0.263038627,0.791485885,1.39742747,-0.551786864
11.0666667,0.106908413,0.0777425115,0.702910449,0.993778899,-0.00568809304,0.089720339,-0.0657374024,-0.888674352,0.00652361224,0.220552509,0.918850099,-0.227327557,0.153445562,0.409842623,0.0145003578,-0.181835691,6.2967785e-06,-0.42033266,0.124371344,0.479473707,0.722540813,0.101555741,-0.0310709788,-0.249357633,-1.51394011,-1.47399267,-0.262216818,0.771057532,1.39791465,-0.533384336
11.0833333,0.109293394,0.0786233651,0.703713658,0.993219349,-0.00658853862,0.0915159706,-0.0713914721,-0.887697212,0.0144503967,0.223413884,0.924722561,-0.237910969,0.151589239,0.406895655,0.00465925122,-0.175879275,0,-0.403144577,0.135656201,0.483737457,0.721088586,0.100976253,-0.0317816889,-0.248617031,-1.5229874,-1.47360563,-0.262225228,0.75140346,1.39703019,-0.518386324
11.1,0.112445268,0.0797856745,0.704697972,0.992549549,-0.00756082001,0.0931809546,-0.0781379278,-0.884216326,0.0233993053,0.228526052,0.932325398,-0.252148814,0.150181372,0.405044231,-0.00838435776,-0.171018384,0.000375487001,-0.380534514,0.148286443,0.488221403,0.729491752,0.0998338155,-0.0322139033,-0.252995138,-1.52702453,-1.4716741,-0.264978872,0.734192769,1.39494563,-0.507448252
11.1166667,0.116428783,0.0810844121,0.705915013,0.991857863,-0.00888092229,0.0943089584,-0.085117151,-0.878498817,0.0329887076,0.233320217,0.94028779,-0.268092547,0.148811575,0.402670837,-0.0172195,-0.168644153,0.00332744145,-0.355903945,0.160396744,0.491170295,0.736949392,0.102691612,-0.028188368,-0.252715495,-1.50845377,-1.46762124,-0.271080998,0.71613159,1.39193085,-0.500020081
11.1333333,0.121278071,0.0826399915,0.707483892,0.991226767,-0.00961872788,0.0943344828,-0.0920759601,-0.86745119,0.0399668128,0.238784869,0.946266191,-0.284815865,0.147469389,0.401864135,-0.0272246972,-0.170581793,0.0110427208,-0.32934463,0.174733496,0.492811716,0.723307283,0.109410761,-0.00803616109,-0.230610827,-1.43797246,-1.46007489,-0.281098557,0.69770702,1.39021829,-0.492087803
11.15,0.126645166,0.0841268426,0.70971858,0.990688832,-0.00933250543,0.0934869746,-0.0985328775,-0.851082532,0.0433070721,0.244393598,0.945574624,-0.298499164,0.145476254,0.399690216,-0.040099939,-0.177913969,0.0276075361,-0.299767121,0.190540566,0.494033699,0.66622653,0.111097995,0.0411400984,-0.174765527,-1.31013658,-1.44949286,-0.296463297,0.681160426,1.39037863,-0.484134323
11.1666667,0.132305628,0.0850762215,0.712848287,0.99025183,-0.00875698119,0.0926201598,-0.103663568,-0.831624542,0.0443436138,0.248956091,0.936355096,-0.30680597,0.142694565,0.393664473,-0.0507346873,-0.189173597,0.0527363506,-0.264874359,0.203586172,0.491935353,0.575138203,0.122536522,0.10413717,-0.0844242876,-1.1379424,-1.43760954,-0.315754068,0.66376158,1.39193431,-0.474274926
11.1833333,0.138453122,0.0858465499,0.716516857,0.989936811,-0.00857817554,0.0916247062,-0.107500877,-0.810866835,0.0442822285,0.252912182,0.922368591,-0.31190165,0.140502771,0.381482826,-0.0588116542,-0.202062127,0.0901766669,-0.223628466,0.211054169,0.486006661,0.486249365,0.146032101,0.158300763,0.0038854329,-0.940289797,-1.42188852,-0.340055017,0.645855118,1.39193329,-0.464854652
11.2,0.145382425,0.0868295166,0.720149536,0.989759315,-0.00915238384,0.0897004026,-0.110664224,-0.787893056,0.0447500558,0.257836824,0.908998258,-0.317832283,0.13944431,0.363379863,-0.0688814722,-0.215032177,0.146222154,-0.177386806,0.218144689,0.477012846,0.415826113,0.183161762,0.19907231,0.0962977307,-0.747831896,-1.40026051,-0.368385599,0.630696617,1.39007935,-0.459393455
11.2166667,0.152983542,0.0880215123,0.723891598,0.98970707,-0.0107264528,0.0868963898,-0.113198393,-0.762158132,0.0465640132,0.263329386,0.896207006,-0.325323262,0.139282643,0.337395176,-0.081238939,-0.229031137,0.221354835,-0.125926646,0.227492664,0.465213027,0.358071695,0.22654966,0.237324264,0.211987854,-0.588268105,-1.37550455,-0.396649297,0.613395963,1.39111953,-0.454034946
11.2333333,0.161101453,0.089320254,0.727996356,0.989851294,-0.0130345817,0.0832999029,-0.114392494,-0.730909485,0.0463247539,0.267972066,0.882454661,-0.335896628,0.140197304,0.301652791,-0.0979134772,-0.248811487,0.312578987,-0.0681667537,0.240037935,0.448574682,0.306875345,0.275748643,0.28721083,0.355035261,-0.469528698,-1.35168701,-0.422063753,0.587605275,1.40031432,-0.436023
11.25,0.169439809,0.0906715707,0.73234202,0.990200532,-0.0156203817,0.0789048766,-0.11416186,-0.693949926,0.0427101319,0.271209789,0.867021239,-0.349093364,0.142185567,0.256922765,-0.120884088,-0.272625436,0.417817393,-0.00915244286,0.251650992,0.428288978,0.25720629,0.338892721,0.346263254,0.512357512,-0.382223789,-1.32320069,-0.454545662,0.560948472,1.40799395,-0.415781949
11.2666667,0.177439164,0.0919929892,0.736907373,0.9905725,-0.018056134,0.0744795522,-0.113546881,-0.657517954,0.0384590818,0.272617174,0.84609892,-0.356226796,0.143289072,0.206623158,-0.150272887,-0.293225806,0.529995038,0.0490611573,0.247735527,0.406878036,0.209826491,0.415564978,0.403878642,0.664086368,-0.309894073,-1.29011725,-0.492974278,0.534646467,1.41121478,-0.398911738
11.2833333,0.184892695,0.0931972318,0.741525678,0.990839776,-0.0200095881,0.0704627004,-0.11345115,-0.624251095,0.0349050975,0.272438084,0.820937812,-0.356759005,0.142889345,0.15345307,-0.179254536,-0.30334795,0.636131035,0.0926985017,0.220076607,0.386013535,0.170017336,0.504031701,0.452677591,0.79988895,-0.243832348,-1.25541894,-0.53433451,0.510646099,1.41290417,-0.388607537
11.3,0.191919354,0.0943045616,0.745937783,0.990995131,-0.0212309898,0.0664627221,-0.11428299,-0.591945995,0.0310330963,0.27370088,0.793857994,-0.354353433,0.141932221,0.102010614,-0.203557557,-0.303424426,0.725778895,0.103442311,0.183285041,0.366916982,0.141878245,0.596595076,0.487579228,0.912456675,-0.181041608,-1.21957628,-0.575888957,0.492181004,1.41409212,-0.38857703
11.3166667,0.198514078,0.0952211795,0.750292625,0.990974114,-0.0221576963,0.0625774445,-0.116462035,-0.559981753,0.0284264823,0.277342685,0.76525378,-0.350458683,0.140639444,0.0508284765,-0.220192229,-0.300967536,0.797227616,0.0805707236,0.153007558,0.350687499,0.122677048,0.689331846,0.513734684,1.00319721,-0.126819177,-1.18306581,-0.616709045,0.475925018,1.41476717,-0.396371476
11.3333333,0.204663385,0.0958888983,0.754637961,0.990730125,-0.0230638983,0.0589978561,-0.120171251,-0.528860841,0.0274760381,0.283398149,0.735494694,-0.345084661,0.13903206,0.000823278696,-0.232586033,-0.303503278,0.849222371,0.0418140596,0.139610029,0.337344234,0.106971928,0.778926752,0.537125947,1.0757658,-0.0868732462,-1.14643662,-0.656158171,0.458328044,1.41469617,-0.403325315
11.35,0.210475108,0.0964099221,0.759011344,0.990312301,-0.0237380984,0.0554245457,-0.125084644,-0.496732186,0.0266085321,0.291207714,0.703011298,-0.338016147,0.13708554,-0.0444613927,-0.244455877,-0.31368748,0.87859456,0.0044806389,0.137912657,0.326466625,0.090352995,0.859411131,0.561428929,1.12853695,-0.0612237433,-1.1082995,-0.694444183,0.436265884,1.41280827,-0.404457064
11.3666667,0.21608705,0.0969630677,0.763394849,0.989800699,-0.0236582173,0.0515007128,-0.130700198,-0.462019585,0.0227775242,0.300004405,0.665656801,-0.328285272,0.135686252,-0.082789694,-0.257865798,-0.330936709,0.885327901,-0.0245963872,0.135441459,0.317086225,0.0736862119,0.924978918,0.588187208,1.15712281,-0.0394873692,-1.06682182,-0.733440303,0.414346606,1.40642721,-0.402889934
11.3833333,0.221449574,0.0975856142,0.7676457,0.989206576,-0.0226507073,0.0474550954,-0.136767357,-0.42540642,0.0142639773,0.310036058,0.623266387,-0.31588047,0.135639525,-0.11644734,-0.273860431,-0.352591488,0.873575143,-0.0461238302,0.128147326,0.308404616,0.0566303393,0.975155044,0.622490005,1.16159291,-0.0170183845,-1.02190427,-0.773414532,0.394195993,1.39428117,-0.405629613
11.4,0.226437529,0.0980495395,0.771501867,0.988474647,-0.0214588498,0.0437200904,-0.143338564,-0.390521586,0.00625709405,0.321092916,0.581340108,-0.302952161,0.135190598,-0.145592165,-0.286902138,-0.376636977,0.844462536,-0.0627764977,0.116019528,0.299492899,0.0392841835,1.01382068,0.667606495,1.14589089,0.00545684958,-0.983326751,-0.810017954,0.376447212,1.38483214,-0.410838104
11.4166667,0.231107923,0.0982836299,0.774945405,0.987626597,-0.0203443002,0.0402230643,-0.150206255,-0.358464787,-5.15843818e-05,0.332717308,0.541485867,-0.289440949,0.133517808,-0.167964111,-0.296741305,-0.400584368,0.798395008,-0.0757401076,0.106486242,0.289633942,0.0226549972,1.04283327,0.72024158,1.11367935,0.025938803,-0.955034219,-0.841652857,0.362637333,1.38189628,-0.416385444
11.4333333,0.235573328,0.0983170695,0.778009639,0.986746595,-0.0193042351,0.0368816701,-0.156838283,-0.328576928,-0.00570338773,0.343650466,0.503537158,-0.275890276,0.131263282,-0.183273604,-0.302179394,-0.421736591,0.736879937,-0.0832385562,0.102763173,0.277619584,0.0100336162,1.06707619,0.768930257,1.07078085,0.0448607896,-0.934767832,-0.868842252,0.352115709,1.38342429,-0.423185932
11.45,0.239841557,0.0981144263,0.780651751,0.985904337,-0.0184972901,0.0338118114,-0.162810471,-0.301010688,-0.0110515357,0.352496549,0.468717262,-0.263452605,0.128813342,-0.192136984,-0.302947508,-0.438595569,0.66226783,-0.0836418532,0.10127708,0.263557266,-0.00104827351,1.08845786,0.8062024,1.01929736,0.062189587,-0.918480906,-0.893450543,0.342728196,1.38538085,-0.429859812
11.4666667,0.243865688,0.0976249872,0.782949081,0.985181893,-0.0180868829,0.0310902704,-0.167698829,-0.276037112,-0.0155221611,0.359372084,0.437498258,-0.2524598,0.126190501,-0.19406215,-0.298901549,-0.451364197,0.576122194,-0.0754365784,0.103527638,0.247467778,-0.0124897159,1.10912194,0.825618833,0.962152959,0.0786610263,-0.902956992,-0.916577689,0.332181939,1.38513182,-0.437733123
11.4833333,0.247677957,0.0968117566,0.784981701,0.984667801,-0.0181834006,0.0286929676,-0.171100552,-0.253305613,-0.0186561989,0.364752236,0.409518035,-0.242765283,0.123321488,-0.18775633,-0.290941818,-0.461703046,0.480871067,-0.0570572089,0.108805641,0.228967848,-0.0290273109,1.12946085,0.826643503,0.903736226,0.0943650456,-0.887730435,-0.937098494,0.320550992,1.38356348,-0.447297711
11.5,0.251318877,0.0956615214,0.786782386,0.984414523,-0.0187411127,0.0267419294,-0.172805343,-0.233232798,-0.0205291079,0.368280028,0.385026835,-0.234487745,0.120375841,-0.174009382,-0.280094626,-0.470467586,0.380726488,-0.0294926805,0.113261071,0.20784141,-0.0567700186,1.14939679,0.811929317,0.849580481,0.109105851,-0.873935508,-0.954672715,0.308387126,1.38186069,-0.453597019
11.5166667,0.254723382,0.0941594562,0.788337252,0.984446504,-0.0195299191,0.0254094807,-0.172736857,-0.21654871,-0.0216434632,0.368745159,0.364040427,-0.227338194,0.117492589,-0.154415408,-0.267329491,-0.477167905,0.279613377,0.00359805958,0.115476589,0.183894566,-0.100288881,1.16730697,0.781548857,0.800060125,0.121304258,-0.862460629,-0.970129063,0.298801199,1.37921668,-0.455345679
11.5333333,0.257847689,0.092274087,0.789585973,0.98475346,-0.0203209382,0.0246393642,-0.170998782,-0.20349351,-0.0220176354,0.365477016,0.347740901,-0.221986618,0.114520235,-0.130869162,-0.25423545,-0.481749272,0.18279222,0.0388709597,0.116698936,0.157415439,-0.160008139,1.1823436,0.732781207,0.753465644,0.130656631,-0.853865339,-0.983446862,0.290262967,1.37588777,-0.453536594
11.55,0.260713357,0.0900128745,0.790541515,0.985218511,-0.0209698547,0.0242883001,-0.168270109,-0.193760796,-0.0214748605,0.359912862,0.336516764,-0.218957138,0.111241899,-0.106756112,-0.242376348,-0.484930658,0.0982216462,0.0725310237,0.118717324,0.12986219,-0.235314907,1.19417679,0.664253029,0.710238075,0.139229454,-0.847445236,-0.995144442,0.282886952,1.37220907,-0.453820773
11.5666667,0.263349975,0.0874268444,0.791290986,0.985618529,-0.0213618406,0.0241805656,-0.165876726,-0.185980063,-0.0203546463,0.35583922,0.328253446,-0.21755763,0.107704518,-0.0866980783,-0.233416397,-0.488073371,0.0363463894,0.100702495,0.120517438,0.103567202,-0.328623975,1.20139277,0.575395976,0.673227085,0.147051325,-0.842545421,-1.00517994,0.27682685,1.36825009,-0.459628053
11.5833333,0.265791418,0.0846482482,0.791851916,0.985692998,-0.0211748087,0.0239853904,-0.165486081,-0.178728892,-0.0188328303,0.356083516,0.321510398,-0.217276283,0.103533677,-0.0753650109,-0.229229482,-0.490015262,0.00591337508,0.122331831,0.123854135,0.0816162768,-0.441365168,1.20143139,0.46662988,0.645374526,0.15163488,-0.839596348,-1.01286046,0.27231727,1.36334377,-0.467079052
11.6,0.267988838,0.0818469151,0.79222918,0.985118841,-0.0201318782,0.023211363,-0.169105913,-0.169761769,-0.0180698217,0.362802301,0.314278727,-0.217534289,0.0985937359,-0.0729900665,-0.229164382,-0.487244239,0,0.145455623,0.131872419,0.0679737785,-0.56896479,1.18534456,0.346582829,0.626289096,0.153186277,-0.840102549,-1.01797982,0.271335028,1.35669764,-0.473242363
11.6166667,0.269833016,0.0790078984,0.792538677,0.983431021,-0.0186488429,0.0214101177,-0.1790454,-0.157184621,-0.0164687286,0.37808943,0.306412227,-0.218508654,0.0922061195,-0.0776394836,-0.227336219,-0.473347116,0.000225072148,0.18292321,0.146981791,0.0661866627,-0.696651241,1.14807023,0.232660829,0.614687273,0.155621693,-0.84776861,-1.01846805,0.27773192,1.34844481,-0.476587409
11.6333333,0.27143449,0.0761986805,0.792769527,0.98003675,-0.0167800206,0.0178103508,-0.197304818,-0.13852791,-0.0147551647,0.402493029,0.296874931,-0.220148103,0.084076064,-0.088588036,-0.222690407,-0.444953999,0.0057177349,0.234882825,0.164380772,0.077169336,-0.803235935,1.09056892,0.146703822,0.595398091,0.158436433,-0.867052722,-1.01189712,0.301951667,1.33913559,-0.483350309
11.65,0.273026217,0.0736237734,0.792641941,0.974043569,-0.0139908276,0.0116478993,-0.225627366,-0.111234859,-0.0175794496,0.436358116,0.283302687,-0.221459899,0.0750997428,-0.103798988,-0.219683789,-0.411708217,0.0169477084,0.280115102,0.173131095,0.100378287,-0.863302706,1.01884003,0.110420761,0.531466162,0.155362494,-0.905533466,-0.992621868,0.351709589,1.33229703,-0.497239665
11.6666667,0.274573509,0.071293219,0.792074093,0.964172129,-0.0103451372,0.00346076984,-0.265053027,-0.076857828,-0.026787596,0.479699505,0.264271163,-0.22184116,0.0661254894,-0.123307723,-0.213405085,-0.39144118,0.0258279832,0.296597917,0.16134121,0.133862268,-0.86164214,0.939924558,0.135416017,0.400867366,0.137654435,-0.966944375,-0.950661764,0.42154624,1.33566157,-0.511060531
11.6833333,0.276123089,0.0689653317,0.791122531,0.949210675,-0.00660726343,-0.00608977615,-0.314512884,-0.0365416332,-0.0432368741,0.52480893,0.239231282,-0.22092675,0.0572469152,-0.149968711,-0.202646664,-0.381323765,0.0373246726,0.296589723,0.1367522,0.171931206,-0.80242086,0.855785738,0.212894907,0.203601712,0.0971752438,-1.04575906,-0.877245833,0.492418487,1.35172347,-0.513170316
11.7,0.277938448,0.0663826336,0.789797933,0.928445196,-0.00381033359,-0.0163220286,-0.371091082,0.00988691196,-0.0613140745,0.554728347,0.212220137,-0.221585746,0.0459084608,-0.18162805,-0.185611951,-0.369008439,0.0531564549,0.293783464,0.103618016,0.207986011,-0.706063153,0.769527703,0.314671536,0.00360515389,0.0359994311,-1.1206277,-0.769202661,0.535686636,1.36304384,-0.493925352
11.7166667,0.280076137,0.0636295098,0.788050282,0.90235684,-0.00194806014,-0.0257668452,-0.430214375,0.0602637118,-0.0789373684,0.543065563,0.183346286,-0.224179624,0.0325128063,-0.209033373,-0.161529486,-0.346711086,0.0598688074,0.293061302,0.0652242341,0.233672107,-0.595800983,0.676180817,0.411384629,-0.16814712,-0.0306448724,-1.17660253,-0.634054249,0.544616953,1.31442462,-0.452726359
11.7333333,0.282362897,0.0605385215,0.785814514,0.873304718,-0.000865148793,-0.0330669727,-0.486050096,0.1174643,-0.0905077882,0.478126273,0.148082162,-0.228071758,0.0156892845,-0.22081955,-0.131375396,-0.30862117,0.0432153813,0.294216342,0.0318759437,0.238917685,-0.490139092,0.570609893,0.479094175,-0.273232891,-0.0722700042,-1.20714906,-0.49054106,0.551596688,1.19913913,-0.410902091
11.75,0.284488593,0.0567354827,0.783166196,0.844941526,-0.000816969379,-0.0380382843,-0.533503739,0.177648193,-0.0959076968,0.375607483,0.104906037,-0.231159995,-0.00224669508,-0.220766775,-0.102519757,-0.252927156,0.0175626519,0.291532766,0.00999436519,0.216133628,-0.405307111,0.459516027,0.492868048,-0.31165215,-0.0526048889,-1.20413294,-0.363775072,0.59454472,1.01718735,-0.391687498
11.7666667,0.285961995,0.0522643581,0.780543591,0.820707125,-0.00197836893,-0.0418038086,-0.569814305,0.220360442,-0.0949440101,0.273975349,0.0834462415,-0.241633243,-0.0150781998,-0.220723375,-0.081077489,-0.194337376,0.00983379042,0.283494844,0.00391792405,0.164359771,-0.355288008,0.354818071,0.439975634,-0.283404891,0.026860934,-1.13749038,-0.28242963,0.67201602,0.817180611,-0.413912285
11.7833333,0.286430957,0.048002388,0.778397415,0.802830757,-0.00416398147,-0.0453845026,-0.594462517,0.245209497,-0.0925810372,0.214009691,0.0828393852,-0.256354086,-0.0218604403,-0.227147835,-0.0679678386,-0.151742015,0.0278749123,0.271871048,-0.000451742044,0.0858075291,-0.34882975,0.267233893,0.325286294,-0.188491105,0.0712071679,-1.00418075,-0.26775119,0.732698148,0.617174208,-0.469136649
11.8,0.28649709,0.0450680641,0.776841021,0.791363064,-0.00740850522,-0.0484854409,-0.609375727,0.262299929,-0.0913114762,0.206936883,0.0875842937,-0.269428709,-0.0249199276,-0.233775565,-0.058952954,-0.133825887,0.0554627185,0.259149847,-0.0107892808,-0.0109985638,-0.400137079,0.181054232,0.211060082,-0.026910785,0.0488867324,-0.804204072,-0.319739736,0.726713601,0.417168125,-0.469898366
11.8166667,0.286830791,0.0435972876,0.775968992,0.783753863,-0.011301784,-0.0493936297,-0.619001148,0.274413741,-0.0902036598,0.228782354,0.089957295,-0.279439854,-0.0227499405,-0.235413846,-0.048571262,-0.133391261,0.0734417982,0.24939003,-0.0205045887,-0.115408247,-0.518111435,0.0871825636,0.163500862,0.173091619,-0.0401003722,-0.604210898,-0.410067756,0.654062381,0.217162346,-0.403993433
11.8333333,0.286605238,0.0427757977,0.776006187,0.777066201,-0.0151712809,-0.0470838398,-0.627471962,0.279984894,-0.0863630355,0.254215139,0.0889434025,-0.285348137,-0.0188701709,-0.232241999,-0.0329625233,-0.137024635,0.0735104964,0.245871122,-0.0220800071,-0.22239522,-0.694718741,0.0207085499,0.182608618,0.373093903,-0.195754146,-0.404217382,-0.462225525,0.514744487,0.0171568566,-0.271421848
11.85,0.285259224,0.0419896476,0.77701852,0.769984157,-0.0180976959,-0.0440395295,-0.636284049,0.281664866,-0.0794541706,0.273482954,0.0848676368,-0.283214417,-0.0258546808,-0.224526988,-0.016103557,-0.135544965,0.0591892873,0.248443568,-0.0171391016,-0.315111273,-0.894712581,5.63220659e-05,0.268383334,0.573096072,-0.395754103,-0.204223542,-0.447716901,0.350981078,-0.119031298,-0.0721836111
11.8666667,0.284626582,0.0404945535,0.778146808,0.761821725,-0.0175067132,-0.044312236,-0.646032197,0.284827861,-0.084409534,0.289967121,0.0750625432,-0.268611055,-0.0474622424,-0.212714371,-0.0101571224,-0.124739844,0.0344651491,0.257665983,-0.0146570712,-0.366222065,-1.09470673,5.35059626e-05,0.420824994,0.773098133,-0.595754063,-0.00422939463,-0.36654187,0.252069723,-0.188552525,0.127816652
11.8833333,0.286035008,0.0376328154,0.778547196,0.751821821,-0.0124806361,-0.0470836659,-0.657564682,0.288551828,-0.106407221,0.308443616,0.0637368451,-0.247139755,-0.0709253985,-0.205396938,-0.017477317,-0.103197981,0.0100384392,0.271074726,-0.0196094511,-0.36720057,-1.29470117,0.00070336817,0.605256319,0.973100091,-0.729087357,0.195765046,-0.257525005,0.171418157,-0.191406838,0.327816901
11.9,0.288172279,0.0347499778,0.778397928,0.740056541,-0.00681740846,-0.0476343157,-0.670820997,0.287217557,-0.129100155,0.330765218,0.0557776572,-0.23324236,-0.0819029321,-0.211452432,-0.0213070714,-0.0749911853,0.000380073093,0.282287033,-0.0293032736,-0.34970396,-1.43426137,0.000484739376,0.723021228,1.17310195,-0.795753987,0.34929379,-0.190183303,0.147479338,-0.127594249,0.527817139
11.9166667,0.289931336,0.0328935521,0.777606401,0.727963576,-0.0035191885,-0.0448790394,-0.684136331,0.282582994,-0.14375217,0.352052478,0.0526519497,-0.233598487,-0.0797254333,-0.223883061,-0.0153539733,-0.0471395389,7.37520848e-25,0.2888012,-0.0367659081,-0.341161204,-1.50715516,0.00016945764,0.774119709,1.37310372,-0.795753953,0.452186736,-0.175208046,0.14265517,-0.0742246061,0.727817364
11.9333333,0.291065578,0.0317517846,0.776437751,0.71733694,-0.00190716226,-0.0407070161,-0.69553362,0.278588752,-0.148685802,0.367979021,0.0515588733,-0.242816945,-0.0750490401,-0.236078508,-0.00359351907,-0.0253678329,0.000217169132,0.291767879,-0.0412088038,-0.341198758,-1.51338254,4.42077149e-05,0.758551751,1.52500253,-0.741930892,0.507813052,-0.181031447,0.15493282,-0.0774331811,0.927817578
11.95,0.291706708,0.0308046934,0.775610949,0.709070623,-0.000643954528,-0.0362349747,-0.704205555,0.273701804,-0.15026698,0.378758191,0.0509241917,-0.252083008,-0.0719488854,-0.246389034,0.00828306529,-0.0105419583,0.000157226678,0.291982394,-0.0434955037,-0.343660969,-1.48977308,4.14018939e-05,0.712438198,1.6102346,-0.71525383,0.520311417,-0.178062648,0.178786133,-0.0937184707,1.06747742
11.9666667,0.292404831,0.0297885116,0.775163694,0.703729831,0.000442256258,-0.031579376,-0.709765364,0.268404524,-0.149637937,0.385954543,0.0498099391,-0.259345295,-0.0696163801,-0.253860801,0.018582075,-0.00136394458,4.8996492e-05,0.28893638,-0.0427091952,-0.346552433,-1.47184137,4.30721692e-05,0.70116688,1.62879991,-0.720007672,0.508807446,-0.166995093,0.194115307,-0.0967584215,1.14047059
11.9833333,0.293402946,0.0286664074,0.774986059,0.701641288,0.00170725844,-0.0270604816,-0.712014268,0.262598929,-0.148357943,0.388756149,0.0475985547,-0.263256304,-0.068033544,-0.261152002,0.0230571946,0.00543845977,2.18495022e-06,0.285732468,-0.0379808892,-0.352060933,-1.46755443,3.98882963e-05,0.715402296,1.6013051,-0.732604327,0.488262356,-0.156769036,0.191678524,-0.0802100591,1.16508372
12,0.294312208,0.0273165902,0.774925952,0.702007264,0.00326980919,-0.0227103291,-0.711800078,0.257741305,-0.14545925,0.387952447,0.0442492232,-0.265494716,-0.0675304902,-0.26772572,0.0257155183,0.0126590157,9.48599477e-27,0.283537405,-0.0318478208,-0.361318464,-1.46989547,3.62239334e-05,0.718383128,1.57825558,-0.733921224,0.472797018,-0.151066455,0.180427084,-0.0553442213,1.18519208
12.0166667,0.294903549,0.0257067162,0.77488878,0.703590052,0.00494153415,-0.01829382,-0.710353402,0.252927293,-0.141633453,0.384320987,0.0402717414,-0.267502033,-0.0677155286,-0.275285542,0.027384579,0.0209984084,2.23966593e-06,0.282697468,-0.0248448523,-0.373295272,-1.47218098,3.37373453e-05,0.698000024,1.56815481,-0.724847113,0.465458048,-0.145197611,0.173700114,-0.0369612108,1.20475424
12.0333333,0.295220742,0.0237518123,0.774948464,0.705411216,0.00605355258,-0.0140599009,-0.708632973,0.249933126,-0.136413692,0.379973274,0.0367222103,-0.269314409,-0.0681105622,-0.279763693,0.0316256662,0.0296623094,0,0.281013256,-0.0198726374,-0.385578232,-1.46946507,3.20359963e-05,0.668407767,1.56207783,-0.717070603,0.46463963,-0.139283526,0.173943799,-0.0309147614,1.20922755
12.05,0.295523699,0.0215784879,0.775086724,0.706923426,0.00713625936,-0.0103267002,-0.707178692,0.248007807,-0.132288942,0.375388531,0.0330714248,-0.269145085,-0.069187012,-0.283514858,0.0339080216,0.0372737801,2.82246818e-06,0.279381918,-0.0159187594,-0.396403417,-1.46388595,3.04578219e-05,0.645697523,1.55399917,-0.71687997,0.464391457,-0.132009906,0.178044803,-0.0324230327,1.20112711
12.0666667,0.295955678,0.0191555641,0.775212498,0.707737305,0.00861234287,-0.00691287849,-0.706389374,0.24609819,-0.130076055,0.371569989,0.0293146744,-0.267332498,-0.0707885255,-0.288202432,0.033491422,0.0430219279,0.000103573873,0.279010333,-0.0123416727,-0.404765795,-1.46044221,2.91956324e-05,0.633762478,1.54304231,-0.719351233,0.46300335,-0.126947369,0.184045447,-0.0378261638,1.19259297
12.0833333,0.296432855,0.0161928343,0.775276365,0.707502373,0.00976160084,-0.00354948292,-0.706634633,0.243991213,-0.128043282,0.370460782,0.027321817,-0.26705422,-0.0716585636,-0.291498608,0.0352416628,0.0466952875,0.000349530267,0.278433113,-0.0118546507,-0.409262251,-1.45927333,2.84107264e-05,0.627028973,1.53171792,-0.720767222,0.462219267,-0.127651795,0.186662152,-0.0422658385,1.19456913
12.1,0.296860674,0.0126957091,0.775258892,0.706186939,0.0103824864,-0.000205466382,-0.70794927,0.24284048,-0.125960033,0.373151578,0.0263928907,-0.268099672,-0.0723287358,-0.293000624,0.0397833304,0.0475936832,0.000504913092,0.277071505,-0.0163520573,-0.411018532,-1.45930956,2.74875734e-05,0.622228297,1.52231865,-0.720143189,0.459621765,-0.130687909,0.185412896,-0.0427939332,1.21031634
12.1166667,0.29716679,0.00876153167,0.775204736,0.703900676,0.0106828822,0.0030245608,-0.710211635,0.243035594,-0.12411476,0.378829023,0.0258927211,-0.269643117,-0.0733947346,-0.293432535,0.0462149198,0.0468330001,0,0.275672431,-0.0243349525,-0.41139174,-1.45922056,2.47888433e-05,0.615857537,1.5146589,-0.717577719,0.454844828,-0.132777984,0.184435654,-0.0399167825,1.22307766
12.1333333,0.297276264,0.00434754598,0.774856857,0.700847601,0.0106563035,0.00589568031,-0.71320707,0.244899976,-0.122277986,0.386927512,0.0259623571,-0.272288359,-0.0754724471,-0.295996687,0.053915976,0.0457710809,0.000373706787,0.273149062,-0.0333674727,-0.411800795,-1.45775062,2.37830903e-05,0.608789077,1.50495402,-0.715166264,0.452021475,-0.136854612,0.185501437,-0.0421934222,1.23171909
12.15,0.297126957,-0.000611571594,0.77422925,0.697295272,0.0101264165,0.0081515781,-0.716666108,0.249990322,-0.120477663,0.396470071,0.0254871258,-0.276397546,-0.0790623281,-0.306420688,0.0630909352,0.0443425061,0.0190912144,0.262054926,-0.0421974498,-0.412968792,-1.45352557,6.8430064e-05,0.600029131,1.49128878,-0.712906727,0.450506366,-0.140108696,0.184635605,-0.0444691192,1.23733503
12.1666667,0.296673309,-0.00623494111,0.773496748,0.693428726,0.00902410355,0.00968532659,-0.720403611,0.260141463,-0.118872488,0.406883156,0.0215483495,-0.278925375,-0.0849258974,-0.327872445,0.0739442999,0.0406942652,0.0700963469,0.232284796,-0.0515579709,-0.415292116,-1.44500376,0.00018391375,0.585980967,1.47370989,-0.707730753,0.451050581,-0.140657194,0.180237297,-0.0467171216,1.24262856
12.1833333,0.295910637,-0.0128297703,0.7729369,0.689248727,0.0074147597,0.0100806063,-0.724416728,0.276633359,-0.118491009,0.418568558,0.013453989,-0.275111596,-0.0935018742,-0.350612414,0.084618827,0.0349566537,0.137536946,0.189722276,-0.0610052156,-0.418174235,-1.43007141,0.000263384502,0.563083552,1.45325108,-0.695918926,0.45295119,-0.139363483,0.169348146,-0.0470247729,1.25566585
12.2,0.294876455,-0.0206509804,0.772848631,0.684557229,0.00540404025,0.00894689124,-0.728884181,0.295568977,-0.118453719,0.431595108,0.0120361296,-0.265136041,-0.103054029,-0.365333142,0.0934065975,0.0307678485,0.202360869,0.144526263,-0.0691794827,-0.420638058,-1.40720114,1.91811344e-05,0.529964079,1.43117873,-0.674341644,0.456281737,-0.139330041,0.152915825,-0.047296507,1.27845039
12.2166667,0.293505349,-0.0295465412,0.77344864,0.679074255,0.00300484887,0.00633949288,-0.73403606,0.312074762,-0.117189143,0.445694977,0.0277241922,-0.25031183,-0.112339225,-0.367864876,0.100381364,0.0320537493,0.252934375,0.104322118,-0.0755448218,-0.421921383,-1.37672314,1.82220777e-05,0.488565025,1.408522,-0.644396646,0.456418015,-0.134686347,0.137311855,-0.0437762162,1.29524935
12.2333333,0.291543061,-0.0391714458,0.77468265,0.672704419,-9.44675146e-05,0.00234340463,-0.739907605,0.318473343,-0.111162769,0.461800242,0.0757994271,-0.234334076,-0.122120225,-0.358028927,0.106577818,0.0395289743,0.286867827,0.0720012447,-0.0806729698,-0.422760523,-1.34161722,0.00771307332,0.442943028,1.39023014,-0.611324267,0.459785155,-0.124164637,0.123666353,-0.0416355949,1.29584656
12.25,0.288841995,-0.049120211,0.776818475,0.665500481,-0.00403547039,-0.00270582972,-0.746381607,0.306000351,-0.0936581014,0.480517666,0.17555465,-0.216969289,-0.134705494,-0.338988282,0.112962518,0.0507378467,0.308566452,0.046123331,-0.0856971743,-0.42561612,-1.30846635,0.0378832928,0.395372896,1.38584578,-0.580337537,0.468717055,-0.112292096,0.112047854,-0.0458968655,1.28984678
12.2666667,0.285676185,-0.0590591226,0.779414528,0.657455487,-0.00845943895,-0.00799166718,-0.753403513,0.279580101,-0.0658102679,0.501463586,0.308087094,-0.179710863,-0.156693246,-0.314474895,0.11943308,0.062312559,0.320570507,0.0256033227,-0.0908837731,-0.430362471,-1.28044907,0.0895548716,0.339645386,1.39508095,-0.550378166,0.481571017,-0.104066335,0.103890491,-0.0570630238,1.28463226
12.2833333,0.2824698,-0.0689398824,0.780943143,0.648315491,-0.0130156325,-0.0130099756,-0.761149366,0.245619136,-0.0325288407,0.520267937,0.448850275,-0.111790218,-0.185843398,-0.286040751,0.125298419,0.0723245743,0.323792498,0.00984393967,-0.0959081176,-0.434257117,-1.25253318,0.152616599,0.270060839,1.40633131,-0.518275622,0.495107616,-0.101987277,0.0997893307,-0.0727045019,1.27885471
12.3,0.279493168,-0.0788695148,0.780278552,0.637895194,-0.0173815225,-0.0176689522,-0.769724244,0.205824188,0.000617716303,0.529852179,0.585886913,-0.0234383001,-0.202296232,-0.255522227,0.1297561,0.0809598465,0.320574755,-0.00202460873,-0.0997734483,-0.434910366,-1.22269188,0.217842221,0.189191717,1.40938261,-0.480535129,0.51089108,-0.106745076,0.0987197355,-0.0908781054,1.26988785
12.3166667,0.276970206,-0.088716665,0.781647786,0.626634851,-0.0210525399,-0.0216514196,-0.778727661,0.159603675,0.0258924921,0.521409624,0.711536735,0.0608630884,-0.18247504,-0.225894014,0.132335645,0.0885697797,0.313602213,-0.0103324743,-0.102138732,-0.432294961,-1.19497695,0.280799903,0.106249479,1.40350805,-0.440039823,0.529629463,-0.117762472,0.0988299662,-0.110771591,1.26349313
12.3333333,0.275161269,-0.0981122249,0.783051812,0.615403331,-0.0235228951,-0.0243520116,-0.787484853,0.104521643,0.0360519818,0.489710396,0.818285349,0.110925501,-0.127992809,-0.201875557,0.134100136,0.0966656069,0.306690385,-0.0158743551,-0.103307009,-0.427657794,-1.17390219,0.337510884,0.0256664915,1.39147027,-0.398948814,0.548299955,-0.133609671,0.101937156,-0.131131845,1.26073866
12.35,0.273994938,-0.106820434,0.784559181,0.604909605,-0.0246247087,-0.0257724091,-0.795495931,0.0424587344,0.0328002077,0.447117671,0.900851059,0.11745023,-0.0726452206,-0.182983923,0.134672971,0.105438904,0.299278059,-0.0195638384,-0.103402249,-0.423157698,-1.16300247,0.388887669,-0.0552901025,1.37934235,-0.357452661,0.563882781,-0.150148273,0.105052724,-0.146658349,1.26185619
12.3666667,0.273063091,-0.114813339,0.78625602,0.595571395,-0.0246563582,-0.0264529013,-0.80248802,-0.0198495159,0.0271515645,0.413273682,0.955755785,0.0974304324,-0.046931479,-0.166891868,0.133553332,0.114939976,0.289240099,-0.021204015,-0.102762019,-0.420348913,-1.16044491,0.437050153,-0.143701405,1.37017168,-0.31070278,0.57521405,-0.162509477,0.105499056,-0.154029837,1.2656347
12.3833333,0.272117803,-0.122174809,0.788124312,0.587517695,-0.024107308,-0.0270566837,-0.808399488,-0.0758886674,0.0291509732,0.399298087,0.981860957,0.0712994505,-0.0484296536,-0.151052656,0.130397666,0.125132171,0.275464703,-0.0209449347,-0.100628235,-0.419470213,-1.16251646,0.481860787,-0.236454489,1.36422358,-0.252912795,0.58062998,-0.166630628,0.0998194197,-0.151014908,1.2623802
12.4,0.271267776,-0.128893585,0.79007424,0.580733822,-0.0227699069,-0.0277794621,-0.81330072,-0.125340173,0.0415988469,0.404315704,0.981407605,0.0479784776,-0.0558791878,-0.136119914,0.123381644,0.135169889,0.258865689,-0.0201468849,-0.0957950024,-0.420445969,-1.16623675,0.52334273,-0.329517474,1.3596255,-0.179593988,0.580022883,-0.1613271,0.0868871236,-0.14198498,1.26011815
12.4166667,0.270540066,-0.135025597,0.791910872,0.574790461,-0.0208849993,-0.0280807591,-0.817551964,-0.173582013,0.0627623611,0.42118202,0.958354789,0.0307732557,-0.0584795515,-0.124616773,0.112656566,0.143108486,0.24429773,-0.0219906132,-0.0871494751,-0.422739251,-1.17029287,0.560847472,-0.413844815,1.35511833,-0.0902763151,0.57959606,-0.149387523,0.072785672,-0.129938067,1.26099756
12.4333333,0.269692422,-0.141017861,0.793304491,0.568946924,-0.0199822998,-0.0277270044,-0.821663751,-0.212993158,0.0879745666,0.439810613,0.909701053,0.0188630289,-0.0592893669,-0.112465305,0.106753377,0.149525115,0.233953682,-0.0260231136,-0.0795696053,-0.42430287,-1.17262066,0.593287511,-0.483994223,1.35186642,0.0106092761,0.584957309,-0.137769103,0.0630305859,-0.122113739,1.26217038
12.45,0.268729217,-0.147201399,0.794142486,0.563062447,-0.0200468264,-0.0272137369,-0.825722846,-0.241564259,0.107330126,0.453081938,0.835229641,0.0118094064,-0.0589421989,-0.101696303,0.106149531,0.153860939,0.230467738,-0.0323477463,-0.0773695796,-0.424824606,-1.17253212,0.621448387,-0.535959027,1.35014526,0.115292433,0.598447693,-0.129607676,0.0603143699,-0.122922463,1.25839699
12.4666667,0.267766667,-0.153695719,0.794495319,0.557242846,-0.0204146145,-0.0268965452,-0.829662721,-0.257951682,0.118730898,0.459468187,0.737222335,0.0129341356,-0.057577628,-0.0933552656,0.108441864,0.156849361,0.233171288,-0.0403926609,-0.0807326656,-0.424431541,-1.1697898,0.645458023,-0.565601731,1.35009155,0.214199553,0.619238897,-0.124579932,0.0637563554,-0.131980568,1.24767875
12.4833333,0.266964859,-0.160515979,0.794808109,0.551354196,-0.020797205,-0.0267284551,-0.833583599,-0.263403702,0.127367638,0.46202245,0.620249356,0.0312290758,-0.0558209705,-0.0876878521,0.110575352,0.160050868,0.240475177,-0.0513761655,-0.0869190532,-0.422521008,-1.16570136,0.665594466,-0.575894577,1.35070065,0.298115082,0.639633786,-0.120873743,0.0646337482,-0.147760577,1.23951435
12.5,0.266479821,-0.167642757,0.794227515,0.54500563,-0.0209975708,-0.026711259,-0.83774368,-0.258478458,0.134467904,0.463210706,0.487836704,0.0748605723,-0.0591766186,-0.0836140333,0.111601866,0.164239908,0.249533856,-0.0649715446,-0.0937012343,-0.417986747,-1.16164972,0.682601481,-0.577300276,1.35102543,0.359913758,0.652548477,-0.116122401,0.0613510328,-0.161943457,1.23740339
12.5166667,0.266389255,-0.175148696,0.793304719,0.537763684,-0.0208816194,-0.0269850435,-0.842404882,-0.245016074,0.139815629,0.461491139,0.345951425,0.144770273,-0.0749711338,-0.0798985425,0.110365349,0.171130296,0.260609013,-0.0835464967,-0.098699251,-0.409778535,-1.15818528,0.6984685,-0.581173905,1.35015343,0.398236267,0.657472093,-0.114199058,0.0557304458,-0.170058543,1.24378313
12.5333333,0.266740387,-0.18301722,0.792623696,0.52956283,-0.0202912628,-0.027577005,-0.847579485,-0.225039203,0.142555184,0.452974749,0.204761711,0.228712765,-0.10426191,-0.0770759649,0.107120525,0.180915451,0.274044166,-0.105669833,-0.100558205,-0.398023154,-1.15543974,0.714055243,-0.590109512,1.34829964,0.417614564,0.655857793,-0.115844034,0.0491232425,-0.170863447,1.2551183
12.55,0.267519899,-0.191152617,0.79220334,0.520569865,-0.0190786153,-0.028690104,-0.853123614,-0.203614675,0.14620922,0.435162791,0.0848442664,0.302192275,-0.137817082,-0.0762509213,0.101349194,0.191780227,0.292192545,-0.129203327,-0.0992387853,-0.383269586,-1.15230689,0.727800918,-0.595360631,1.34740081,0.422570521,0.648283112,-0.121428489,0.0433669864,-0.165534522,1.26359939
12.5666667,0.268571243,-0.199536749,0.792042211,0.511065259,-0.0176640628,-0.0304550508,-0.85882057,-0.19002934,0.156070775,0.410446334,0.0165502964,0.338838551,-0.162492334,-0.0766307973,0.0929440996,0.202249922,0.313772441,-0.152340846,-0.0953651251,-0.366166057,-1.14494602,0.738408822,-0.5890688,1.34694749,0.418686446,0.634645841,-0.13105893,0.0377370541,-0.155153394,1.26842701
12.5833333,0.269607887,-0.208099742,0.791844647,0.501923428,-0.0169737548,-0.0322309458,-0.864144623,-0.186017327,0.173849839,0.384864532,0,0.342363889,-0.174816883,-0.0750332575,0.0847556441,0.210311469,0.334255408,-0.173988679,-0.0907714385,-0.3479122,-1.13392648,0.746912174,-0.57797335,1.34480426,0.413266589,0.61575338,-0.145631272,0.0344534772,-0.142625169,1.27003168
12.6,0.270609796,-0.216704141,0.791626566,0.49524009,-0.0169031084,-0.033591995,-0.867941885,-0.18454301,0.187230789,0.363846655,1.54178827e-24,0.345078365,-0.183157057,-0.0697044062,0.076841947,0.212554358,0.349345906,-0.193970404,-0.086375724,-0.332194765,-1.12283214,0.751935781,-0.566163723,1.34082346,0.409937909,0.595498743,-0.16003149,0.0385771602,-0.128160326,1.26302792
12.6166667,0.271811045,-0.225347231,0.79147948,0.4933331,-0.0166710191,-0.0345643566,-0.868993576,-0.180239908,0.186194464,0.345801864,0.000523006022,0.369290097,-0.195522547,-0.0622118743,0.065459479,0.207046729,0.360269204,-0.214166735,-0.0799621793,-0.321252592,-1.11395065,0.749556356,-0.554748749,1.33501084,0.409433381,0.57423559,-0.169840493,0.0488185978,-0.115537555,1.24691308
12.6333333,0.273145048,-0.234165192,0.790845674,0.497705913,-0.0165419032,-0.0346524307,-0.86649547,-0.173068938,0.172127492,0.325032088,0.000349813002,0.407660021,-0.204514384,-0.0543781787,0.0555718316,0.194516308,0.370929409,-0.235881671,-0.073743901,-0.31462656,-1.11126787,0.733885219,-0.542880587,1.32785877,0.412031292,0.562707178,-0.176840797,0.0640107098,-0.121036404,1.22297692
12.65,0.274369427,-0.243394848,0.789949771,0.508646224,-0.0175444456,-0.033860687,-0.860130609,-0.164685286,0.150701658,0.303381164,9.90511987e-05,0.432265607,-0.196467864,-0.0385587109,0.0497226761,0.176742882,0.374266402,-0.25662301,-0.0697929408,-0.308757689,-1.11408711,0.69746559,-0.527932572,1.32220673,0.415555325,0.567494024,-0.180059963,0.0811345169,-0.150482437,1.1831717
12.6666667,0.275612371,-0.253121388,0.789296883,0.525304716,-0.0192183395,-0.0329653067,-0.850058174,-0.159746904,0.126452653,0.293077227,5.02324608e-07,0.422164507,-0.170400929,-0.0118127375,0.0450813155,0.153318017,0.363481314,-0.272535233,-0.0668425989,-0.297367306,-1.1198928,0.633849692,-0.507982727,1.32005351,0.415258806,0.587528511,-0.174427136,0.0948174135,-0.195086595,1.12391715
12.6833333,0.277364789,-0.263239411,0.789145796,0.546991282,-0.0202133137,-0.0324952739,-0.836263126,-0.1616335,0.0989171893,0.283779791,1.46241684e-27,0.397413477,-0.138377846,0.0233262412,0.0356292377,0.120986183,0.336881743,-0.28243099,-0.0607943639,-0.275423054,-1.12544846,0.54005576,-0.487971976,1.31758962,0.405761857,0.601656466,-0.160378029,0.0973201862,-0.231943731,1.05513045
12.7,0.279718397,-0.273308233,0.789009229,0.573445526,-0.0206328536,-0.0319124697,-0.818361845,-0.168741926,0.0706189601,0.267813027,2.9978715e-06,0.375095639,-0.105917173,0.0664437565,0.0279379588,0.0766708719,0.294775109,-0.28602601,-0.0544612758,-0.243733361,-1.12943039,0.419550948,-0.478272516,1.2974096,0.383189749,0.585954247,-0.148168086,0.0928947299,-0.246804669,0.992782635
12.7166667,0.282493433,-0.282566449,0.788649661,0.603166279,-0.0208995543,-0.0305545112,-0.796755966,-0.178711518,0.0443601558,0.240894725,2.02101835e-06,0.359093705,-0.0755972909,0.116248793,0.0266511491,0.024007422,0.235413654,-0.280451936,-0.0492044082,-0.202716007,-1.12755351,0.283204752,-0.481864734,1.22327692,0.344307758,0.529008244,-0.13893583,0.0840234368,-0.255839296,0.9332397
12.7333333,0.285409445,-0.290545329,0.787622898,0.633432061,-0.021438188,-0.0283204743,-0.772982651,-0.187950175,0.0224012681,0.199402825,5.78442102e-07,0.343235736,-0.0506514256,0.168493809,0.03456766,-0.026106209,0.164795863,-0.266465115,-0.0462163629,-0.14872604,-1.10549019,0.159768265,-0.507374355,1.08247756,0.294189084,0.442084747,-0.119379948,0.072452159,-0.281953011,0.832255833
12.75,0.288219082,-0.297406183,0.785503781,0.661509497,-0.0226561052,-0.0263879298,-0.749129871,-0.191761087,0.00473272064,0.150634639,5.99395295e-09,0.320090153,-0.034643353,0.217155836,0.0495031177,-0.0654420195,0.0996787842,-0.252570036,-0.0460839882,-0.0834373134,-1.03744826,0.102998454,-0.572140138,0.882477697,0.24883714,0.309516391,-0.107103444,0.0689609629,-0.273867052,0.664605298
12.7666667,0.290623793,-0.303622779,0.782756874,0.68486769,-0.0241581472,-0.026262808,-0.727793168,-0.187585627,-0.0121839053,0.107577865,8.57883844e-29,0.28996529,-0.0267614438,0.257422097,0.0618629573,-0.0931803842,0.0575250802,-0.2494492,-0.0459237725,-0.0109772971,-0.902739679,0.112895319,-0.669527585,0.682477826,0.205681316,0.114107449,-0.121870312,0.0820844059,-0.199114409,0.464605315
12.7833333,0.292173792,-0.309418614,0.780391501,0.701531089,-0.0250026234,-0.0275093899,-0.711668626,-0.180966891,-0.0268581974,0.0771032901,1.6702493e-08,0.261643473,-0.0220283524,0.282937418,0.0693777797,-0.113064971,0.044611729,-0.259758798,-0.0460378576,0.0624927615,-0.709943437,0.189458859,-0.712549773,0.482477949,0.113899943,-0.0858928992,-0.170858388,0.115782853,-0.0576950851,0.26460533
12.8,0.293316207,-0.314833829,0.778806335,0.710829967,-0.0246201602,-0.0291747874,-0.702327158,-0.176418816,-0.0395546572,0.0612818046,1.13616551e-08,0.246122057,-0.0151594978,0.295258795,0.0694048734,-0.127142133,0.0489357667,-0.275208971,-0.0446285235,0.133692071,-0.509943106,0.310004373,-0.688905279,0.282478065,-0.0445480967,-0.28589323,-0.24765287,0.173393981,0.142304635,0.0896219801
12.8166667,0.29508283,-0.319991632,0.778403648,0.713873248,-0.0230832801,-0.0298816997,-0.699256199,-0.174441956,-0.04892323,0.0584717343,3.29150775e-09,0.240398957,-0.00843598945,0.294877148,0.0623912281,-0.134514582,0.0613041506,-0.288038526,-0.0399928195,0.199075454,-0.309942792,0.363883227,-0.598594102,0.105469971,-0.244548095,-0.485893545,-0.321557182,0.263972316,0.342304368,-0.0446699569
12.8333333,0.297644085,-0.324814495,0.778936665,0.713271546,-0.0209518985,-0.0280453316,-0.700012985,-0.176326969,-0.0526828673,0.0634987567,5.35308189e-11,0.236677211,-0.00529604824,0.279679796,0.0536374258,-0.135811446,0.0794644095,-0.294065022,-0.0332129624,0.251153884,-0.109942493,0.351095423,-0.441616245,-0.00487146318,-0.444548092,-0.685893843,-0.349646249,0.393800688,0.542304116,-0.162832185
12.85,0.300135089,-0.328800385,0.779940256,0.712155131,-0.0195698393,-0.024215555,-0.701331375,-0.180031729,-0.051444499,0.0680728076,1.4327611e-30,0.23229166,-0.00354333928,0.264443953,0.0500198631,-0.135207936,0.0870241875,-0.285566163,-0.0258357469,0.287262832,0.0900577909,0.271640959,-0.262644536,-0.0485462355,-0.644548091,-0.885894127,-0.33100156,0.532560336,0.742303875,-0.30996781
12.8666667,0.301771961,-0.331700002,0.781162135,0.713090674,-0.0190811092,-0.019730831,-0.700534293,-0.183531192,-0.0484091197,0.0643366935,9.15538662e-11,0.228270918,-0.00167082118,0.260983267,0.0539338746,-0.136279381,0.0751487673,-0.262788496,-0.0196439863,0.310338441,0.260661479,0.155568499,-0.150339481,-0.0255543461,-0.844548089,-1.0858944,-0.294861141,0.620220665,0.942303647,-0.495939044
12.8833333,0.302681942,-0.333694912,0.782215922,0.717415703,-0.0177870888,-0.0147779789,-0.696261402,-0.191409674,-0.0450990773,0.0521055344,6.45378065e-11,0.226974461,-0.00308848585,0.262549339,0.0608490491,-0.141296446,0.0508879487,-0.236991593,-0.0137577191,0.326104969,0.364598487,0.0868727235,-0.10470108,0.0317628445,-1.04454809,-1.26751157,-0.264189822,0.641214327,1.14230343,-0.633143878
12.9,0.302716953,-0.335712951,0.78247407,0.725270061,-0.0155204187,-0.0101432006,-0.688214771,-0.203235539,-0.0446915268,0.0344540763,2.10178515e-11,0.228861008,-0.00700721878,0.26513272,0.0690265782,-0.151131573,0.0250071891,-0.218470981,-0.00905749174,0.336151958,0.43363417,0.084843621,-0.110219852,0.0224133639,-1.1964081,-1.38246207,-0.257660668,0.653556158,1.32115593,-0.703682045
12.9166667,0.302073406,-0.338609325,0.782294574,0.735119843,-0.0136479261,-0.00666185256,-0.677767047,-0.212899457,-0.046974443,0.0139559811,2.38305845e-12,0.231790797,-0.00713797578,0.266226007,0.078884722,-0.163189582,0.0104814127,-0.209016386,-0.00648459891,0.340889587,0.521869638,0.115071862,-0.104285369,-0.0536027877,-1.28160144,-1.43074589,-0.279364029,0.680899028,1.43334178,-0.707553547
12.9333333,0.301576951,-0.341774752,0.782057844,0.744429632,-0.0122894181,-0.00407085751,-0.667575405,-0.219439347,-0.0513598234,-0.00630183347,2.25115483e-13,0.233817551,-0.00237298712,0.26194872,0.0850340339,-0.171983465,0.0106711272,-0.208825151,-0.004847234,0.343072099,0.614925082,0.133278193,-0.0954190992,-0.171818765,-1.30012811,-1.42555667,-0.312952391,0.696783401,1.47886097,-0.644758382
12.95,0.301475655,-0.344269867,0.781849225,0.751170934,-0.011827744,-0.00192601547,-0.659998957,-0.222981875,-0.0539509065,-0.0244267172,1.99970152e-12,0.235505652,0.00853778712,0.258816741,0.0903775043,-0.174352336,0.0134194829,-0.209158894,-0.00246137707,0.34625011,0.668389177,0.130668176,-0.0885343912,-0.254856532,-1.26961141,-1.41179867,-0.345206431,0.708660518,1.4577135,-0.587894176
12.9666667,0.30149392,-0.346179341,0.78165994,0.754437511,-0.0118819158,-0.000497635865,-0.656264135,-0.224066389,-0.0544945801,-0.0383607516,2.21212989e-12,0.236989608,0.0213347681,0.259625659,0.0944539561,-0.171156232,0.0123523708,-0.207521091,-0.000362791459,0.352347933,0.686581316,0.119026165,-0.0786536731,-0.282404327,-1.2725329,-1.40331317,-0.367139734,0.718729516,1.43865577,-0.597696637
12.9833333,0.301243349,-0.347869872,0.781525612,0.754559,-0.0115874165,-3.13200517e-05,-0.656129901,-0.223819065,-0.0545876666,-0.0478270374,2.58064179e-12,0.237676978,0.0294348418,0.262529928,0.0957299368,-0.165142628,0.00891337704,-0.206270046,-0.000405038896,0.360870344,0.691553499,0.113024433,-0.0691149211,-0.277494864,-1.3007739,-1.39994126,-0.373854618,0.706067904,1.43879047,-0.62999094
13,0.30055961,-0.349065476,0.781447703,0.752621567,-0.0104416005,-2.32104183e-05,-0.658370525,-0.223930766,-0.0550457467,-0.0521537253,3.70500409e-12,0.237446792,0.0308309794,0.264186338,0.0943903364,-0.158945036,0.00575462594,-0.206474296,-0.00257476496,0.371177464,0.668692166,0.115307099,-0.0684463916,-0.247337739,-1.32096345,-1.39891735,-0.374459506,0.695234043,1.44129548,-0.631848422
13.0166667,0.299663743,-0.34960695,0.781426171,0.749594244,-0.00829561859,9.51954301e-05,-0.661845634,-0.225943844,-0.0568327503,-0.0513750487,3.74712257e-12,0.236229936,0.0261700455,0.259276358,0.088768367,-0.153978479,0.00932563265,-0.211853299,-0.00534500901,0.382151823,0.623600932,0.118130034,-0.0757106702,-0.205167487,-1.32755999,-1.40056534,-0.377151322,0.715039844,1.43594544,-0.623986435
13.0333333,0.298514623,-0.349912729,0.781692789,0.746192826,-0.00658740236,0.000471555442,-0.665697116,-0.226975523,-0.0546565608,-0.0472686469,3.25927796e-12,0.233840612,0.0197304065,0.252750303,0.0849444643,-0.149688839,0.0152063303,-0.215312139,-0.00745102154,0.392084412,0.577921259,0.116233174,-0.083950784,-0.167542111,-1.3307589,-1.40238561,-0.378969274,0.739834741,1.42876331,-0.626135535
13.05,0.297235104,-0.350407415,0.782234547,0.742887099,-0.00590522735,0.00092970498,-0.669390037,-0.225946717,-0.0478492478,-0.0409977949,2.90565351e-12,0.23033906,0.0149198297,0.248032391,0.0848983847,-0.146681239,0.0183776077,-0.212992199,-0.00843322184,0.399728197,0.549418128,0.11257217,-0.0890389828,-0.146276946,-1.33595848,-1.40311769,-0.374466719,0.738296317,1.42588526,-0.627455987
13.0666667,0.29620989,-0.35114311,0.782816878,0.739918809,-0.0053232237,0.00131311743,-0.67267384,-0.224013509,-0.0430385449,-0.0339376959,3.16557721e-12,0.226566849,0.0118214789,0.246900174,0.0837693704,-0.145694478,0.0166678047,-0.208543162,-0.0076370868,0.405125347,0.540874514,0.112160316,-0.0939888384,-0.144129054,-1.33867199,-1.40388342,-0.36599964,0.723597581,1.42552778,-0.62246719
13.0833333,0.295451422,-0.35192692,0.783172439,0.737304696,-0.00454078643,0.00177449303,-0.675542757,-0.223478925,-0.0397148173,-0.0286784414,2.14205598e-12,0.223870659,0.0104851173,0.24577429,0.0831172931,-0.145249015,0.0142279401,-0.204855244,-0.00666540237,0.408854446,0.5412241,0.114296069,-0.0980611937,-0.150521854,-1.34046678,-1.40654453,-0.358786069,0.72037636,1.4241799,-0.619277173
13.1,0.294936204,-0.352741291,0.783439685,0.734962764,-0.0036284495,0.00188981231,-0.678095125,-0.222306102,-0.039101537,-0.025452518,1.4220686e-12,0.221352449,0.00938640347,0.246497939,0.0797806873,-0.143244803,0.0105073219,-0.203072064,-0.00441134904,0.412149501,0.544561035,0.11888255,-0.100554008,-0.15969273,-1.34696428,-1.41013832,-0.354502149,0.731189755,1.42143134,-0.620059697
13.1166667,0.294458881,-0.353553669,0.783577349,0.733087242,-0.00269023769,0.00197717457,-0.680126421,-0.221927412,-0.0388845823,-0.0239567723,1.3183416e-12,0.219500544,0.00832481444,0.246742441,0.07705683,-0.139678605,0.00777950277,-0.202427098,-0.00252556701,0.414116997,0.552795072,0.126202122,-0.106551253,-0.172506682,-1.35336344,-1.41372299,-0.351101765,0.740990958,1.4186304,-0.619883795
13.1333333,0.293899106,-0.354282898,0.783648981,0.731806764,-0.00186418911,0.00240942299,-0.681505378,-0.222697029,-0.0379873541,-0.023806359,1.42493082e-12,0.218506642,0.00821848102,0.245706331,0.0761238903,-0.135277588,0.00679703039,-0.202211243,-0.00215993455,0.414524576,0.564734088,0.134521995,-0.113651943,-0.188971045,-1.35946379,-1.4181103,-0.346939879,0.74289464,1.41779087,-0.61711356
13.15,0.293313857,-0.354874681,0.78368003,0.731017478,-0.001288951,0.00303781933,-0.682350758,-0.224009372,-0.0365065341,-0.0237637034,1.0919859e-12,0.218115654,0.00948090507,0.244110844,0.0766758751,-0.131164382,0.00678136438,-0.201873468,-0.00281591208,0.413682486,0.577147621,0.141730026,-0.118794746,-0.206177172,-1.3684986,-1.42313307,-0.342638284,0.740865422,1.41870895,-0.614038818
13.1666667,0.292700679,-0.355249511,0.783726853,0.730483937,-0.00101607408,0.00367674563,-0.682919224,-0.225106872,-0.0344948136,-0.0227864786,0,0.21792077,0.0115314503,0.242702582,0.078042485,-0.128444087,0.00667535055,-0.200698879,-0.0034123967,0.412811276,0.582637879,0.145767863,-0.119738922,-0.216467687,-1.38240667,-1.42809237,-0.339714753,0.740551436,1.42029839,-0.611578967
13.1833333,0.291982989,-0.355352112,0.783789691,0.730007775,-0.000882195153,0.00412459543,-0.683425825,-0.225712026,-0.0324268235,-0.0208224401,9.18464819e-13,0.217697905,0.0126883598,0.241732417,0.0793077405,-0.127475121,0.00613383992,-0.199351795,-0.00375535442,0.412404718,0.5779259,0.146193038,-0.122452224,-0.216036101,-1.39163481,-1.43253768,-0.338257596,0.742135511,1.42169336,-0.608570538
13.2,0.291162934,-0.355149705,0.783861705,0.729521074,-0.000877610238,0.00431799692,-0.683944141,-0.225753384,-0.0303797376,-0.0185074586,1.6890559e-11,0.217409375,0.0127838023,0.241100182,0.0802893263,-0.12788693,0.00541444806,-0.198054919,-0.00406066173,0.412774227,0.56637932,0.144432006,-0.126565793,-0.209787218,-1.39314135,-1.43543563,-0.338225651,0.741652676,1.42293986,-0.607332217
13.2166667,0.29030123,-0.354638292,0.783931568,0.729086953,-0.000993007989,0.00427691175,-0.684406997,-0.225344679,-0.0288196065,-0.0161276678,5.49213237e-11,0.217094215,0.0124080605,0.240458879,0.0811381794,-0.129186503,0.00517593796,-0.197320482,-0.00485719217,0.413339853,0.55190706,0.141198423,-0.129771175,-0.201885307,-1.39188683,-1.43696816,-0.338945706,0.737951959,1.42435503,-0.60772031
13.2333333,0.289449847,-0.353847302,0.783936907,0.728808681,-0.000972108016,0.00394432809,-0.684705341,-0.224476212,-0.0287175738,-0.0141475588,7.88653643e-11,0.216597489,0.0125559791,0.239244301,0.0818667208,-0.131207436,0.00664426648,-0.198268384,-0.00712440517,0.413288989,0.53925462,0.138339433,-0.131654176,-0.196294014,-1.39168208,-1.43778127,-0.339964527,0.734002751,1.42519369,-0.606499959
13.25,0.288523088,-0.352883424,0.783928757,0.728566143,-0.00116237645,0.00319824052,-0.684967004,-0.222740355,-0.0298240175,-0.0126018944,1.55128668e-31,0.215992968,0.0134688777,0.237532301,0.0829629023,-0.133723328,0.0108088473,-0.201239009,-0.0113342313,0.412701997,0.531320139,0.136601516,-0.132979475,-0.194320942,-1.39229596,-1.43795758,-0.341258342,0.731681736,1.42507151,-0.60310303
13.2666667,0.287367978,-0.35177822,0.784035232,0.727894188,-0.0020887425,0.00213846999,-0.685682955,-0.218817914,-0.0274247175,-0.0101492923,4.75088422e-11,0.215114051,0.0127658375,0.237067931,0.0854418469,-0.134736861,0.0150045556,-0.202274662,-0.0153236575,0.412935143,0.528215172,0.135660886,-0.133410294,-0.196007467,-1.39100959,-1.4361095,-0.342661602,0.728313529,1.42414546,-0.597691438
13.2833333,0.286115875,-0.35042871,0.784032423,0.726568105,-0.00298850398,0.00102145844,-0.687087196,-0.216919371,-0.0228299928,-0.00526428796,2.87086786e-09,0.215714913,0.00635491069,0.238896936,0.0853541063,-0.13329387,0.0121545873,-0.201843095,-0.0160836362,0.414693222,0.533338383,0.135682519,-0.133067892,-0.204452547,-1.38306525,-1.43385792,-0.343127478,0.722308169,1.42193493,-0.590361895
13.3,0.284907517,-0.348954105,0.783870984,0.724941642,-0.00361939969,-0.000223948662,-0.688800744,-0.216074909,-0.0195045479,0.00103432149,9.90815037e-09,0.217189156,-0.00175729105,0.240463012,0.0845533355,-0.132316638,0.00981843337,-0.203074675,-0.0170159887,0.416498613,0.554827914,0.138305153,-0.128298004,-0.227029755,-1.3727477,-1.43139603,-0.342441117,0.714976829,1.4186326,-0.582891884
13.3166667,0.283741337,-0.347356109,0.783596807,0.723198589,-0.00422983762,-0.00158802416,-0.690625359,-0.215821307,-0.0177081179,0.00829965088,1.45654646e-08,0.219349634,-0.008875543,0.237662355,0.083612628,-0.132915805,0.017230311,-0.209907207,-0.0206465818,0.417877827,0.592856309,0.142729222,-0.116361108,-0.261552694,-1.36761416,-1.42903781,-0.340175561,0.70650498,1.41567568,-0.575520466
13.3333333,0.282448017,-0.345168066,0.783247627,0.721396996,-0.00462375175,-0.00290835264,-0.692500207,-0.21649172,-0.0162088881,0.015245244,0,0.221998373,-0.016577931,0.225467637,0.0820717018,-0.134825762,0.0423248081,-0.225610862,-0.0271779824,0.419922299,0.617076289,0.140115057,-0.0989810597,-0.27853751,-1.36712706,-1.42767557,-0.337335329,0.694117672,1.41430112,-0.564834041
13.35,0.280801776,-0.342090772,0.782908455,0.719897779,-0.00439188581,-0.00419572443,-0.694053524,-0.218447462,-0.0149659058,0.0210237634,5.22790284e-09,0.225037155,-0.0275105674,0.20510577,0.0792279321,-0.138406123,0.0815351903,-0.248900948,-0.0347017809,0.422903054,0.614698114,0.131649695,-0.0814795234,-0.260322221,-1.35504069,-1.42833261,-0.333933061,0.677565387,1.41537897,-0.549141211
13.3666667,0.278867137,-0.338204931,0.782379582,0.719154196,-0.00337731781,-0.00550847745,-0.694820476,-0.221777619,-0.0149185119,0.0255807962,5.04454285e-07,0.229966484,-0.0411437908,0.181438916,0.075065069,-0.14417124,0.125025386,-0.274927064,-0.0406915307,0.426455704,0.595327267,0.120998718,-0.0614023569,-0.205144106,-1.32558651,-1.42889577,-0.331511814,0.656703947,1.41649049,-0.528759367
13.3833333,0.276870416,-0.333708034,0.781976419,0.719513802,-0.00132174109,-0.00704005036,-0.694441199,-0.227536438,-0.0173810185,0.0284693417,1.76251001e-06,0.241846046,-0.0560102731,0.158211515,0.0692819392,-0.15157377,0.16423066,-0.298571238,-0.0447440595,0.430074776,0.571511143,0.108565092,-0.0332446471,-0.117692142,-1.28787099,-1.42750933,-0.331579216,0.634024405,1.41518084,-0.506628136
13.4,0.274662396,-0.328511833,0.782115861,0.721106853,0.0020834298,-0.00821981383,-0.692771969,-0.238541164,-0.0219998594,0.030287785,2.61441416e-06,0.266729035,-0.0766212089,0.136577612,0.062255134,-0.160860728,0.193768018,-0.314912775,-0.0479100906,0.433558729,0.545927233,0.0981614364,0.00837979939,0.00041969545,-1.24372732,-1.42368697,-0.334903744,0.611610971,1.41081749,-0.48340759
13.4166667,0.271953062,-0.322305797,0.782777218,0.723804308,0.00657419497,-0.00799690118,-0.689927643,-0.260199652,-0.022636267,0.0320794011,1.55797434e-28,0.301670868,-0.121101504,0.113086962,0.0581769266,-0.170647911,0.212701763,-0.321000912,-0.0521479747,0.438358406,0.503753783,0.0929316674,0.063057367,0.150261801,-1.16416592,-1.42009251,-0.34338352,0.586807088,1.40492334,-0.458464169
13.4333333,0.269103262,-0.315424143,0.783805974,0.727373947,0.0121496206,-0.00725791226,-0.686095365,-0.286700412,-0.0228111063,0.0344377653,4.38071306e-07,0.336009143,-0.20499194,0.0875588608,0.0535277726,-0.182701399,0.229288764,-0.32286503,-0.057273164,0.444622402,0.444775787,0.0958968658,0.127134295,0.331050396,-1.03580302,-1.4158146,-0.356665122,0.559224658,1.39913437,-0.433991086
13.45,0.266396138,-0.30851069,0.784764311,0.731465135,0.0191093259,-0.00652383911,-0.681579804,-0.313689475,-0.0234437977,0.0346418314,8.63816025e-05,0.361410021,-0.328699281,0.0535074514,0.044217533,-0.198001014,0.256865635,-0.33008936,-0.0620800494,0.450632572,0.388186043,0.118141023,0.188707894,0.51876102,-0.872903622,-1.41407643,-0.368812497,0.534091918,1.39114186,-0.409985324
13.4666667,0.263697147,-0.30194888,0.785119105,0.735874697,0.0264439463,-0.00537380885,-0.676579833,-0.332952477,-0.0224815926,0.0272075704,0.000305068578,0.372099429,-0.451073322,0.0152416983,0.0362598187,-0.214602661,0.289728951,-0.340914276,-0.0686188076,0.455455263,0.353927322,0.164376235,0.240844631,0.679423943,-0.711627401,-1.41646673,-0.380745351,0.515391931,1.38084056,-0.386250659
13.4833333,0.260865736,-0.295687412,0.785258338,0.740283412,0.033284731,-0.00365805948,-0.67146051,-0.339939583,-0.0209341134,0.0140651062,0.000456108559,0.364838948,-0.512502255,-0.0221052679,0.033459968,-0.230549479,0.315336248,-0.347459747,-0.0781421031,0.460165332,0.344216152,0.226602149,0.281333829,0.797854266,-0.580354575,-1.42028916,-0.39351036,0.504072874,1.36778001,-0.363117447
13.5,0.257918761,-0.289841345,0.785265287,0.744327064,0.0392546444,-0.00169465679,-0.6666584,-0.339929486,-0.0149242982,0.00150858353,0,0.336690312,-0.5236,-0.0546664847,0.0314654128,-0.245466934,0.336286825,-0.351650787,-0.0873025101,0.466611866,0.347111244,0.295324185,0.313460519,0.890686243,-0.481724665,-1.42109434,-0.406914962,0.499059515,1.35020366,-0.344545135
13.5166667,0.254969505,-0.284566038,0.785150116,0.748417724,0.0442947911,0.000196308149,-0.661746812,-0.33547413,-0.0065207031,0.00124526922,4.29763124e-24,0.293186979,-0.5236,-0.0820898265,0.0293323453,-0.258886269,0.354443544,-0.354907849,-0.0949607806,0.473328649,0.352244278,0.367868057,0.336660049,0.982287643,-0.40726257,-1.41856395,-0.420996395,0.497405746,1.32869373,-0.332584742
13.5333333,0.252025176,-0.27979999,0.785148765,0.753374663,0.0487450722,0.00178810171,-0.655779946,-0.328322952,0.00116570189,0.0186851949,0.0144333556,0.240136449,-0.513630311,-0.104671116,0.0270480905,-0.272638727,0.368135613,-0.356146495,-0.101619342,0.47741593,0.355482486,0.442083476,0.351082757,1.08318703,-0.346568845,-1.41401545,-0.434230101,0.497057372,1.30514492,-0.32721429
13.55,0.248981314,-0.275465896,0.785561183,0.759598722,0.052887281,0.00296773772,-0.64823137,-0.323136324,0.0070729024,0.0480976226,0.0640526158,0.178775574,-0.473986914,-0.121751503,0.0248048186,-0.288295644,0.373897429,-0.353363892,-0.107564693,0.477326297,0.358294532,0.514519797,0.361681139,1.18435693,-0.291865367,-1.40939564,-0.44419567,0.498561498,1.28027417,-0.326955588
13.5666667,0.245909934,-0.27154851,0.786365938,0.766981157,0.0566488437,0.00384620172,-0.639152579,-0.317804114,0.0125996474,0.082279285,0.140214804,0.114067752,-0.403981619,-0.13379906,0.0227072286,-0.305920829,0.372674972,-0.346980794,-0.112244795,0.476465388,0.367213478,0.581409814,0.37144357,1.26146913,-0.239308696,-1.40531048,-0.45812744,0.500515444,1.25377458,-0.329307526
13.5833333,0.242968797,-0.268121108,0.787293461,0.775392898,0.0599579712,0.00464145151,-0.628609062,-0.308315869,0.0194687902,0.118700706,0.224857564,0.0546983403,-0.319140758,-0.141916612,0.0211689959,-0.32429947,0.36788807,-0.339684111,-0.115726751,0.475363508,0.386465763,0.639180825,0.386921774,1.31033819,-0.19132694,-1.4033244,-0.47629568,0.503846078,1.22601876,-0.331400098
13.6,0.240219929,-0.265191936,0.788154106,0.784922197,0.062795802,0.00537030408,-0.616380558,-0.292411912,0.0284241199,0.157728994,0.30585143,0.0067072205,-0.234803392,-0.147394442,0.0201325458,-0.344225227,0.361082098,-0.333141623,-0.118988082,0.472664783,0.414762127,0.689648035,0.408680399,1.34052844,-0.149616282,-1.40554729,-0.496211292,0.509136673,1.19822045,-0.331558179
13.6166667,0.237737051,-0.262654921,0.788919283,0.795673354,0.0649479718,0.00581150593,-0.602205863,-0.268423913,0.0392692463,0.19769202,0.376762797,-0.0283835233,-0.156177282,-0.149846794,0.0195384619,-0.36673244,0.352633275,-0.32725897,-0.122106896,0.468906873,0.443558652,0.736216282,0.436241315,1.36197195,-0.112486067,-1.40636871,-0.522277024,0.515403681,1.16739279,-0.333299021
13.6333333,0.235571954,-0.260394528,0.789589266,0.80762564,0.0664200802,0.00593783927,-0.585912912,-0.23722368,0.0509272649,0.234597364,0.436777905,-0.0513523361,-0.0822850767,-0.149735654,0.0192214354,-0.39173998,0.34340023,-0.322157947,-0.124793604,0.463758622,0.461820442,0.78370578,0.471332806,1.38323511,-0.0792235998,-1.40439677,-0.554346579,0.5193638,1.13243063,-0.33921106
13.65,0.23374205,-0.258247283,0.790003638,0.820634003,0.0674884713,0.00584675299,-0.567424845,-0.200862258,0.0611764433,0.26449518,0.484787422,-0.0632890799,-0.0212152984,-0.149439703,0.0179983467,-0.419032603,0.337192998,-0.319782814,-0.127158993,0.457087448,0.47320977,0.830734746,0.511384735,1.40239708,-0.0512762307,-1.39923282,-0.590333339,0.515072435,1.0909461,-0.346767744
13.6666667,0.2321902,-0.256066759,0.789954801,0.834487924,0.0682786865,0.00555686996,-0.546751358,-0.161540582,0.0691694172,0.288014548,0.519542775,-0.0595948121,0.0193836116,-0.150157839,0.0153667892,-0.448927461,0.336541272,-0.322172447,-0.129787659,0.448459348,0.484756172,0.876998313,0.551570938,1.41559412,-0.0316384609,-1.38333044,-0.629100575,0.493854992,1.02924351,-0.353939577
13.6833333,0.23079419,-0.253776501,0.789546601,0.849016526,0.0688143214,0.00506254732,-0.523841482,-0.121293505,0.0755357288,0.307581797,0.541670883,-0.0415168278,0.0431691876,-0.151517348,0.0113846651,-0.481683229,0.340202302,-0.328249026,-0.132662549,0.437326716,0.495633468,0.924280937,0.58515049,1.42342205,-0.0186219401,-1.34501861,-0.673450263,0.451258596,0.926100074,-0.358364759
13.7,0.22958984,-0.251347228,0.789192287,0.8640981,0.0691657066,0.00454538992,-0.498527751,-0.0819887322,0.0816738766,0.323587166,0.553725507,-0.0160644602,0.0554547182,-0.152874525,0.00647378207,-0.51769341,0.344754663,-0.33430879,-0.134487352,0.424289972,0.494830777,0.970388042,0.604127781,1.42826015,-0.00675185606,-1.29092216,-0.730707176,0.41214702,0.793057295,-0.361024429
13.7166667,0.228609406,-0.248721476,0.788946561,0.879474182,0.0695708512,0.00410043478,-0.470816573,-0.0444262762,0.0872640412,0.336128273,0.557483931,0.0104689801,0.0605502242,-0.154925144,0.000107310667,-0.5559574,0.350241852,-0.339790728,-0.135370648,0.40974706,0.474260546,1.01479505,0.606968075,1.43407315,0.00562730997,-1.23504823,-0.795311324,0.379729083,0.657712704,-0.361552072
13.7333333,0.227751977,-0.245889273,0.788784362,0.894732814,0.0700879408,0.00367138137,-0.441052597,-0.00876441312,0.0924614368,0.346452519,0.553152359,0.0363495603,0.0628388492,-0.157123728,-0.00729303246,-0.594052917,0.356097371,-0.3444436,-0.135935135,0.394244466,0.434322923,1.05620683,0.595514179,1.43971372,0.0241284473,-1.18349861,-0.858084998,0.346086293,0.536231961,-0.36109344
13.75,0.226990479,-0.242882151,0.788693368,0.909590542,0.0705186011,0.00326105958,-0.409464941,0.0239588663,0.0983710012,0.358227745,0.54236151,0.0619357884,0.0674204167,-0.158941647,-0.0155483171,-0.633133437,0.362110998,-0.348696666,-0.136189801,0.377584058,0.381547731,1.0952397,0.573062449,1.4429331,0.0447150779,-1.13591735,-0.91381892,0.30438559,0.431566304,-0.359666489
13.7666667,0.226322404,-0.239684144,0.788757734,0.923830544,0.0707636369,0.002922877,-0.37619289,0.0522072191,0.106029682,0.375242044,0.527037071,0.0874964571,0.0688896289,-0.159590803,-0.0249033591,-0.673654608,0.367543395,-0.352016966,-0.135191058,0.35919246,0.318539428,1.13012822,0.542583494,1.4430838,0.0613384521,-1.09055097,-0.961827637,0.254496,0.341385816,-0.358459279
13.7833333,0.225703532,-0.236313004,0.789055684,0.937161668,0.0708945666,0.00263427766,-0.341606542,0.0765593338,0.115716128,0.398226479,0.508367441,0.112568447,0.0659405125,-0.158746744,-0.0349252956,-0.715082715,0.37126466,-0.353737311,-0.132635755,0.339045253,0.246734672,1.15828347,0.50478913,1.43938741,0.073855102,-1.04739501,-1.00103704,0.199410595,0.263487519,-0.35790619
13.8,0.225081854,-0.232820203,0.78957972,0.949343474,0.0709150285,0.00235877418,-0.306124913,0.0977372479,0.127146251,0.426199551,0.487437011,0.137433965,0.0630615238,-0.15646755,-0.0442398381,-0.755537481,0.371975802,-0.353083307,-0.129402394,0.317171301,0.169301798,1.17947482,0.460545405,1.43197257,0.0834645962,-1.00628456,-1.03119539,0.143525556,0.194785962,-0.35828168
13.8166667,0.224399537,-0.22922676,0.790247326,0.960220794,0.0705814946,0.00222266934,-0.270165391,0.115502459,0.138874977,0.457314667,0.464038721,0.163025682,0.0581711129,-0.152921355,-0.051567537,-0.792684416,0.369154959,-0.349841467,-0.126130184,0.294207688,0.091681756,1.19754905,0.410862637,1.42192325,0.0891406289,-0.969037501,-1.05261059,0.0903807611,0.134646511,-0.356269296
13.8333333,0.223660992,-0.225434667,0.791030409,0.969698459,0.0699987539,0.00226490137,-0.234051157,0.12963607,0.149691312,0.489607208,0.438173734,0.190109322,0.0484439821,-0.148707275,-0.0574035956,-0.824801826,0.364251729,-0.344538829,-0.122854906,0.270665549,0.0185187526,1.21363802,0.355963804,1.40900961,0.0911380544,-0.938507263,-1.06582982,0.0430443078,0.0826894837,-0.350891924
13.85,0.222857026,-0.221266871,0.791973759,0.977757631,0.0697156874,0.00237630216,-0.197798106,0.139587113,0.156552658,0.519423476,0.409439345,0.21843619,0.0329591652,-0.145485594,-0.066152504,-0.849756194,0.361974237,-0.338621131,-0.118790834,0.246316295,-0.0493299401,1.22280099,0.294917116,1.39205448,0.0949789974,-0.91794926,-1.07256128,0.00689587691,0.0376114031,-0.343846192
13.8666667,0.221862064,-0.216757238,0.792860404,0.984461606,0.0694534884,0.00256883209,-0.161260533,0.145327721,0.159858666,0.542437688,0.378035535,0.244850578,0.0142873401,-0.14316348,-0.0765516174,-0.862275206,0.364134079,-0.33346443,-0.114061915,0.221005233,-0.1136258,1.2280314,0.227828859,1.37172287,0.101962596,-0.90844326,-1.07285683,-0.0166678654,-0.00078083028,-0.333630901
13.8833333,0.220620878,-0.212003786,0.793462621,0.989871945,0.0687416062,0.00291309847,-0.124175831,0.146468393,0.160275464,0.555505653,0.344214235,0.264640824,-0.0108022481,-0.140995894,-0.0869201724,-0.857940763,0.371019161,-0.330066592,-0.1089316,0.194628517,-0.178539838,1.23203186,0.15657887,1.34974967,0.110870951,-0.909502861,-1.06890417,-0.0285480267,-0.0334753784,-0.321380147
13.9,0.219172516,-0.207083832,0.793786736,0.993970412,0.0675921933,0.00327302649,-0.0862751589,0.142038732,0.159455774,0.560524715,0.312176164,0.271384777,-0.0374662062,-0.138446777,-0.0966461423,-0.834390493,0.381979754,-0.328408476,-0.103085577,0.167357973,-0.245416088,1.23479379,0.0833839775,1.32785791,0.120925894,-0.918802442,-1.06345143,-0.030603771,-0.0600644696,-0.307942025
13.9166667,0.217493535,-0.202120608,0.793948272,0.996692997,0.0661305977,0.00330999127,-0.047104756,0.131401304,0.159130838,0.563489042,0.286567287,0.257436657,-0.0529567625,-0.135005054,-0.106305701,-0.792592691,0.396826853,-0.32821674,-0.095194803,0.138703933,-0.315819227,1.23415604,0.0110216302,1.30734156,0.130305506,-0.933085871,-1.05367552,-0.0240056831,-0.0783605328,-0.294696941
13.9333333,0.215605255,-0.197285367,0.793950241,0.997910609,0.0643161928,0.00270933153,-0.00552299568,0.114732765,0.159259977,0.567133456,0.267947739,0.227923042,-0.056357586,-0.129100935,-0.114882124,-0.735358742,0.413490638,-0.329077291,-0.0847182273,0.106691649,-0.391605534,1.22800799,-0.0596103437,1.28860009,0.139190403,-0.950281786,-1.03916519,-0.0105882747,-0.0890427439,-0.282703833
13.95,0.21358054,-0.192702598,0.793739284,0.997262983,0.0620760897,0.00125447605,0.0401438434,0.0942829212,0.159366117,0.573433106,0.251478068,0.194341176,-0.0560817319,-0.119003047,-0.121424277,-0.668784604,0.430470499,-0.331724148,-0.0713072019,0.0689511262,-0.476455077,1.21511139,-0.131669274,1.2704015,0.1472678,-0.967640134,-1.02049132,0.00598053177,-0.0938394329,-0.270336421
13.9666667,0.211528527,-0.188454035,0.793278156,0.994031826,0.0593396762,-0.00122809231,0.0915315389,0.0731493726,0.15818104,0.578589858,0.230474444,0.165327886,-0.0595359749,-0.102678258,-0.124275816,-0.599505388,0.445171892,-0.336324394,-0.0562133874,0.0235572148,-0.574310686,1.19288342,-0.209372436,1.25489213,0.151662195,-0.979667608,-0.997898109,0.0185287129,-0.0963167964,-0.257185959
13.9833333,0.209562914,-0.184669071,0.792662187,0.987115687,0.0558462844,-0.00487623106,0.149866728,0.0517449129,0.156370164,0.576537757,0.20234421,0.147321738,-0.0708532222,-0.0763008434,-0.120369362,-0.532841692,0.45269161,-0.341401983,-0.0417313391,-0.030642769,-0.690514284,1.15692383,-0.295233397,1.24688605,0.149703084,-0.979129014,-0.967617918,0.0163375529,-0.0999775678,-0.238017874
14,0.207805404,-0.181444038,0.791986043,0.97506093,0.0515022324,-0.00977281227,0.215657586,0.0295137062,0.154183819,0.562244492,0.168165141,0.144282082,-0.0861839544,-0.0366221134,-0.1058927,-0.475929822,0.446528059,-0.344167918,-0.0302962855,-0.0925132786,-0.821777503,1.09847479,-0.386605928,1.25259808,0.143377097,-0.959069314,-0.925165266,-0.0113405661,-0.11427041,-0.204528675
14.0166667,0.206258241,-0.178697149,0.791268884,0.95620315,0.0466232291,-0.0156562951,0.288542354,0.00500643109,0.150238941,0.531734924,0.129398855,0.156663242,-0.0998671426,0.0178521852,-0.0766964862,-0.433105299,0.416223429,-0.340728097,-0.024198026,-0.159694858,-0.954894412,1.011344,-0.471174051,1.27483237,0.134695811,-0.916296588,-0.866904296,-0.0698413834,-0.159032748,-0.144365749
14.0333333,0.204860004,-0.176252714,0.790621078,0.929165836,0.0418123863,-0.0216879437,0.366649978,-0.0216503572,0.141079716,0.483963186,0.0866294393,0.180501956,-0.110357045,0.0855282566,-0.0335847444,-0.402394033,0.351982974,-0.325840908,-0.0243597648,-0.226540131,-1.07217039,0.889291411,-0.528265443,1.30778326,0.123052008,-0.851225621,-0.796697467,-0.155234657,-0.261029921,-0.0553605239
14.05,0.203714331,-0.174095512,0.78960586,0.893862896,0.037633338,-0.0263170432,0.445982363,-0.0501047577,0.124773007,0.420903093,0.0430144755,0.206652912,-0.119981734,0.16109195,0.0193244691,-0.375118492,0.252458394,-0.297156962,-0.0306501595,-0.285926758,-1.1670724,0.740675633,-0.549233695,1.33458774,0.10238443,-0.769793833,-0.71459327,-0.254168339,-0.415902122,0.042545188
14.0666667,0.202924075,-0.17202355,0.787555872,0.85256715,0.0348851401,-0.0282820284,0.520684557,-0.0790820967,0.100667664,0.343626099,0.0106554471,0.221865587,-0.121315797,0.231477422,0.0700924293,-0.340693136,0.139747399,-0.260122177,-0.0432815266,-0.327607916,-1.23133315,0.576934608,-0.543657033,1.32493862,0.0715298706,-0.68046853,-0.613734761,-0.345736573,-0.533695867,0.103792307
14.0833333,0.202342296,-0.169603346,0.784434512,0.81022737,0.0338140536,-0.027173744,0.584508175,-0.108188566,0.0711543388,0.26118005,0,0.221829013,-0.104819406,0.28120088,0.106382551,-0.298197949,0.054010568,-0.233928931,-0.0608629103,-0.339134502,-1.24327757,0.41612399,-0.544590026,1.24862283,0.0437573702,-0.595032974,-0.490791356,-0.405116928,-0.584822945,0.0983727589
14.1,0.201482591,-0.166598599,0.781267906,0.773733372,0.0343632174,-0.0234195095,0.632145051,-0.135321298,0.0386426866,0.191611815,0,0.222491897,-0.0734286556,0.303650159,0.122658637,-0.262262804,0.0192645558,-0.237278361,-0.0756505585,-0.310266632,-1.18855533,0.291802698,-0.580432942,1.10564037,0.0390990255,-0.518674281,-0.353520968,-0.410058096,-0.569283356,0.0262865443
14.1166667,0.199993858,-0.163350892,0.77809612,0.749415423,0.0364999101,-0.0183134569,0.66083954,-0.155720965,0.00816673914,0.146927274,0.000336722852,0.22935635,-0.0435911867,0.314224043,0.119842217,-0.251687636,0.0161269873,-0.265564334,-0.0779003491,-0.235463257,-1.06716642,0.234148073,-0.643086839,0.905640373,0.0555717583,-0.454284719,-0.216514971,-0.355076561,-0.4870771,0.0153277218
14.1333333,0.198299784,-0.160194917,0.775994091,0.738769383,0.0393449038,-0.0130264189,0.672682756,-0.165074671,-0.0161770771,0.12544365,0.000225217352,0.233439083,-0.0284273562,0.32005504,0.108768666,-0.269175846,0.0224745495,-0.295725386,-0.0715422677,-0.125212508,-0.879110841,0.243160115,-0.654929574,0.705640375,0.019178116,-0.423452566,-0.0972199174,-0.268028955,-0.338204178,0.071035566
14.15,0.196719458,-0.15729322,0.775633598,0.737811823,0.0412778891,-0.00751860163,0.67370121,-0.165354932,-0.0312966606,0.11715089,6.37713535e-05,0.229541543,-0.0338357647,0.319113241,0.0944996474,-0.29011076,0.0294460265,-0.313171872,-0.0640999698,-0.00196040478,-0.679110836,0.282851569,-0.600105641,0.505640377,-0.0838821928,-0.45928708,-0.0284867783,-0.20440429,-0.138204182,0.193410077
14.1666667,0.194624751,-0.15589735,0.776930262,0.740943699,0.040576436,-0.00179119055,0.67033781,-0.165733089,-0.0384581167,0.115517375,3.2340783e-07,0.22265677,-0.0549714407,0.307371529,0.0806752989,-0.296235939,0.0330993451,-0.314012537,-0.0598072494,0.115184645,-0.479110831,0.255876357,-0.478615042,0.365938206,-0.253609168,-0.56178826,-0.00225409031,-0.198504723,0.0617958139,0.382451254
14.1833333,0.192333734,-0.156114228,0.779179379,0.744281406,0.0377046354,0.00253622319,0.666796158,-0.169211772,-0.0387015972,0.11429122,0,0.220702296,-0.0782323175,0.290338468,0.0718802246,-0.290080449,0.0311360058,-0.298463104,-0.0571880227,0.218960716,-0.279110826,0.162234478,-0.290457776,0.292902701,-0.453609168,-0.730956107,-7.51795824e-08,-0.259271822,0.26179581,0.582451255
14.2,0.191591135,-0.156443531,0.781610521,0.745675091,0.0336139072,0.0035884483,0.665451641,-0.171863449,-0.0327109141,0.109444079,1.93009429e-06,0.223243584,-0.0925414271,0.279090057,0.0719275633,-0.284394132,0.023146737,-0.271893062,-0.0518816541,0.302602492,-0.0791108219,0.0645793226,-0.106251443,0.286533863,-0.653609168,-0.930956111,-0.000306862227,-0.386705588,0.461795806,0.763635587
14.2166667,0.191953999,-0.156178914,0.783567735,0.743902751,0.0274445113,0.00111282235,0.667723189,-0.174873519,-0.0183454928,0.0986059987,1.30118265e-06,0.221705293,-0.0957556153,0.273565384,0.0855633966,-0.287048896,0.0119966591,-0.239919993,-0.0405720268,0.357319483,0.120889182,0.0112450878,0.0112882234,0.246928598,-0.853609168,-1.13095612,-0.000276544316,-0.481674897,0.661795803,0.878153254
14.2333333,0.191841754,-0.154827534,0.784482072,0.738796332,0.0212315828,-0.0011045772,0.673593334,-0.179727463,-0.00818030669,0.0831721511,3.72447418e-07,0.215796706,-0.0911717494,0.271414972,0.100996466,-0.298272715,0.00305957048,-0.216900408,-0.0248567001,0.388987772,0.320889186,3.67412674e-08,0.0731408166,0.140656666,-1.05360917,-1.26428945,-0.000106027333,-0.50997754,0.861795799,0.926004253
14.25,0.191359017,-0.152644073,0.784077028,0.731127614,0.0170575831,0.000241228108,0.682027414,-0.190671585,-0.0102077077,0.0651357343,3.92052549e-09,0.214079157,-0.084513656,0.267531673,0.109484679,-0.312556105,1.7531959e-25,-0.214300228,-0.013651246,0.402025309,0.52088919,3.49042041e-08,0.0920076725,-0.0322819318,-1.25360917,-1.33095612,-1.42268159e-05,-0.497604521,1.0617958,0.907188586
14.2666667,0.190536881,-0.150358907,0.782795404,0.72217528,0.014305247,0.0037216489,0.691552149,-0.204556354,-0.0196576559,0.0450712215,1.04110376e-28,0.215037799,-0.074928751,0.262143339,0.11482723,-0.323765191,0,-0.224078105,-0.0105231343,0.403265852,0.720889194,0.000355388026,0.0799386447,-0.232281931,-1.3869425,-1.33643156,-5.81725278e-08,-0.52576871,1.19984084,0.821706252
14.2833333,0.189607515,-0.148337938,0.781311663,0.713603993,0.0124818612,0.00795860161,0.700392893,-0.218050453,-0.0330269661,0.0246024727,1.05062948e-08,0.21807495,-0.0645744481,0.256325321,0.116918268,-0.33004266,0.000134201103,-0.238085448,-0.0145341941,0.402338581,0.887612243,0.000237710892,0.0447689306,-0.391884152,-1.45360917,-1.33150033,-5.52639014e-08,-0.577200406,1.27121922,0.768284073
14.3,0.189086936,-0.14684366,0.780186782,0.706987169,0.0112437262,0.0117185818,0.707039883,-0.228211113,-0.0445613403,0.00660632554,7.19044627e-09,0.221225913,-0.0569582436,0.251151446,0.118315623,-0.332071968,0.000378028099,-0.248927701,-0.0211630429,0.402994849,0.987668625,6.73299637e-05,0.0180456638,-0.484819707,-1.45360917,-1.33255466,-5.00155163e-07,-0.61341955,1.27593093,0.757645288
14.3166667,0.188828318,-0.145668018,0.779609337,0.703131545,0.0101919334,0.0139357453,0.71085016,-0.233034466,-0.0480474946,-0.00681984207,3.58357707e-09,0.222311118,-0.0529699269,0.247962684,0.119537396,-0.330955107,0.000891814077,-0.253329891,-0.0245965218,0.406452535,1.02105834,3.6973193e-07,0.00469961217,-0.511088595,-1.40459413,-1.33472462,-3.49275006e-07,-0.625752675,1.25238698,0.76838345
14.3333333,0.188540915,-0.144442192,0.779418591,0.701597661,0.00926411813,0.0153767834,0.712347143,-0.23511382,-0.0487175601,-0.0156648626,5.20214945e-09,0.221706395,-0.050871831,0.246276303,0.119209239,-0.330002855,0.00120164978,-0.254617509,-0.0235923523,0.411318734,1.02720102,2.70082077e-08,0.00334472744,-0.501092539,-1.3867947,-1.33394297,-1.32070817e-07,-0.620388574,1.23191404,0.784074497
14.35,0.188267813,-0.143104612,0.779410613,0.701257194,0.00829404357,0.016999787,0.712657396,-0.236945516,-0.0492617955,-0.0209412472,7.56256603e-09,0.220267804,-0.0496281086,0.244496485,0.117946323,-0.329841755,0.00125738805,-0.254950201,-0.0208133689,0.415998912,1.03018362,2.06255274e-06,0.00232114652,-0.482279151,-1.39893223,-1.33119301,-4.52477643e-08,-0.608663357,1.21986597,0.797525714
14.3666667,0.188054845,-0.14168339,0.779379643,0.7011418,0.00697495487,0.0190484455,0.712733248,-0.240231892,-0.0504495968,-0.024007789,7.2127433e-29,0.218859069,-0.0480949342,0.241230618,0.117041683,-0.329746559,0.00137862394,-0.255676213,-0.0195241658,0.420217751,1.04462787,1.39755002e-06,-0.00608766873,-0.484222511,-1.41422974,-1.3287521,-4.27621534e-08,-0.596803747,1.21059003,0.806550126
14.3833333,0.187973657,-0.140186001,0.779404124,0.701093026,0.00552095722,0.0212204866,0.712732614,-0.243875336,-0.0515650312,-0.0256489568,2.92348128e-09,0.217262944,-0.0464987231,0.237480427,0.116729554,-0.329781447,0.0015081167,-0.255561367,-0.0189564326,0.423858114,1.05112601,4.16177067e-07,-0.0101107811,-0.488973719,-1.41473359,-1.32697351,-4.44405778e-08,-0.585828028,1.20161644,0.811751343
14.4,0.187979194,-0.138617906,0.779584064,0.701323288,0.00447396313,0.0232741545,0.712449257,-0.245353255,-0.0532050646,-0.026904599,2.73881358e-07,0.214520598,-0.0467347167,0.236279168,0.113802556,-0.329227692,0.00069219136,-0.254618088,-0.015501308,0.428541091,1.02138227,2.60708009e-08,-0.00270954899,-0.471678643,-1.40328066,-1.32453568,-4.45443585e-08,-0.575173875,1.19323798,0.815580749
14.4166667,0.187885769,-0.136868578,0.779782788,0.701717367,0.00338683,0.0252765066,0.711998852,-0.246967917,-0.0543534374,-0.0283181926,9.56758786e-07,0.211642573,-0.0465955836,0.234767359,0.111334514,-0.328587457,0.00013541709,-0.25357906,-0.0109923928,0.432763806,0.986005581,2.08984363e-08,0.0080594462,-0.455909475,-1.39217907,-1.32346233,-4.33391873e-08,-0.567062809,1.18654956,0.821544237
14.4333333,0.187544878,-0.134741811,0.779906191,0.702211501,0.00182904098,0.0273757373,0.711439549,-0.249567856,-0.0551566387,-0.0289247996,1.41918918e-06,0.208944318,-0.0434282543,0.232709269,0.110040139,-0.328231548,5.49209124e-26,-0.252452346,-0.00693264997,0.435850208,0.968525896,3.12031391e-08,0.0144331276,-0.453438435,-1.38536433,-1.32473668,-3.48300412e-08,-0.560168568,1.18279129,0.829355937
14.45,0.186894311,-0.132048848,0.779994463,0.702943043,0.000396982022,0.0296221882,0.710628909,-0.25192705,-0.0564496677,-0.0285372697,3.2923424e-27,0.205748701,-0.0374769529,0.231259539,0.108303115,-0.328214823,0,-0.251482761,-0.00303383762,0.438592613,0.967600835,2.65831344e-08,0.0141805824,-0.45962024,-1.37821611,-1.32697143,-3.52186911e-08,-0.55329889,1.18106994,0.836301462
14.4666667,0.185939112,-0.128703336,0.780122579,0.704030633,-0.000177809398,0.0319276235,0.709451523,-0.251114595,-0.0599569224,-0.0263781845,2.37802145e-07,0.200903836,-0.0305519062,0.232603409,0.102086445,-0.328411362,5.27965787e-06,-0.251900023,0.00299767408,0.442417347,0.97042759,2.01572986e-08,0.0131402722,-0.464136753,-1.37253276,-1.32727633,-2.44700329e-07,-0.544930416,1.18021238,0.840573479
14.4833333,0.184882248,-0.124915003,0.780307278,0.705191881,-0.000463592044,0.0342026966,0.708190915,-0.249089409,-0.0640201089,-0.0228032177,4.68907909e-05,0.195196712,-0.0230070861,0.234495885,0.0951617673,-0.329344769,0,-0.252009247,0.0104765174,0.446787991,0.970998726,1.70603362e-08,0.0152770368,-0.466102864,-1.37004964,-1.32708933,-7.75118613e-07,-0.537952771,1.17903211,0.844061962
14.5,0.183764612,-0.120803846,0.780553283,0.706013805,-0.000912930547,0.0363366862,0.707264674,-0.24713249,-0.0680716766,-0.018984365,0.000165601304,0.189807362,-0.0147544832,0.23629606,0.0892241548,-0.330424255,8.59247405e-08,-0.251257767,0.017908081,0.450863012,0.968443499,1.61708116e-08,0.0196792621,-0.466685197,-1.37032547,-1.32629522,-1.13385189e-06,-0.530738918,1.17609114,0.845210984
14.5166667,0.18249588,-0.11627733,0.780649664,0.70633289,-0.00135703714,0.0381631866,0.706849049,-0.245912833,-0.072419605,-0.0154532685,0.000247590794,0.186321127,-0.00644957035,0.238586777,0.083988667,-0.331756967,0.000118779629,-0.250121044,0.0248414066,0.454882334,0.963172593,1.54252451e-08,0.0245393947,-0.46518805,-1.37159305,-1.32267102,-2.69508219e-08,-0.51932531,1.16892545,0.839126462
14.5333333,0.181079377,-0.111223033,0.780503331,0.705940092,-0.00163287204,0.0396314276,0.707160003,-0.246373967,-0.0777925854,-0.0124972629,4.16149321e-25,0.186113497,0.00126575868,0.242765373,0.0794698087,-0.333949334,0.000420460319,-0.24914118,0.0315940971,0.45858276,0.954621204,1.46399245e-08,0.0283833063,-0.461232035,-1.36844895,-1.31536807,-2.10836664e-07,-0.502483366,1.1552562,0.824687072
14.55,0.179495862,-0.105540789,0.780079056,0.704493255,-0.00170435155,0.0408475841,0.708532162,-0.248507624,-0.0846089235,-0.0105974196,0,0.186688949,0.0090770002,0.249590596,0.0765331655,-0.33938607,0.000628734016,-0.247006842,0.0386995289,0.461028056,0.948774754,1.3880588e-08,0.0301174768,-0.457219828,-1.36057918,-1.30337827,-3.65499207e-05,-0.477058658,1.13352675,0.80208218
14.5666667,0.177692511,-0.0990412348,0.779838237,0.70174496,-0.00154840447,0.041771328,0.711200935,-0.252532103,-0.0928572912,-0.0104226386,0.00783490217,0.18133936,0.0176957049,0.259177917,0.0756666582,-0.349535446,0,-0.241279704,0.0452319,0.461172245,0.958330193,1.31742664e-08,0.0333318328,-0.457359624,-1.35201027,-1.28608036,-0.000129018307,-0.444368454,1.10427478,0.773635671
14.5833333,0.175596109,-0.0916538483,0.779864259,0.697522549,-0.000721115195,0.0421617923,0.715321017,-0.258858358,-0.102815349,-0.0123463954,0.0338252129,0.162392502,0.0271519116,0.270335407,0.0757206047,-0.363615027,4.99006197e-24,-0.232715534,0.0509400267,0.458984471,0.979159597,1.25147344e-08,0.0330619977,-0.459953138,-1.34528824,-1.26528935,-0.000192882899,-0.410306628,1.07195236,0.738725102
14.6,0.173231054,-0.0835128397,0.780103955,0.691799043,0.00130508134,0.0417098872,0.720883255,-0.262500463,-0.115221696,-0.0173544251,0.0722741742,0.132178469,0.036418555,0.278132603,0.0703455535,-0.37995945,0.0198957347,-0.230592604,0.0600092076,0.454932095,0.989647734,1.18928096e-08,0.0355849066,-0.451056228,-1.33823558,-1.24332854,-2.08540323e-08,-0.375296085,1.04421422,0.68647617
14.6166667,0.170716402,-0.0749889456,0.780384279,0.684384781,0.00397076265,0.0404042014,0.727989839,-0.262375493,-0.128535429,-0.0272522271,0.113014533,0.0987703658,0.0451293508,0.267647976,0.0578817352,-0.399061719,0.0921175237,-0.242365672,0.0678755305,0.448617676,0.984477269,1.12997648e-08,0.0418617733,-0.432505816,-1.33458644,-1.22568346,-1.98113307e-08,-0.338671912,1.02980148,0.600849297
14.6333333,0.16810972,-0.0663843921,0.780880763,0.675349035,0.00689641226,0.0382466358,0.736473567,-0.256810579,-0.141076845,-0.0415166283,0.146379599,0.0692933394,0.0523519255,0.238141769,0.0373162299,-0.42033265,0.215141647,-0.253680823,0.075153617,0.441125122,0.973632598,1.07280468e-08,0.0500840743,-0.413231369,-1.33022441,-1.21700933,-0.00610301902,-0.301557873,1.03923865,0.477859892
14.65,0.165361247,-0.0578399583,0.781637468,0.665103759,0.0102609448,0.034843951,0.745867013,-0.242748867,-0.148670324,-0.0575843555,0.165569489,0.0484064034,0.0556674991,0.201535961,0.0108286101,-0.44097148,0.358577788,-0.234459612,0.0896932679,0.435718591,0.965633082,1.01978883e-08,0.0577346855,-0.39946284,-1.31447643,-1.21187,-0.032770984,-0.262539204,1.07138967,0.334482405
14.6666667,0.16228771,-0.049497941,0.782505158,0.653561552,0.0140372909,0.0308992515,0.756112087,-0.22470261,-0.155463766,-0.0730570823,0.175094269,0.0348660656,0.0563443072,0.162772005,-0.0209659052,-0.457355893,0.501633432,-0.170424608,0.112133913,0.432195413,0.960190035,9.91893238e-09,0.0628366212,-0.390455756,-1.2889449,-1.20328032,-0.0825754004,-0.215885282,1.11250555,0.192746815
14.6833333,0.159000699,-0.0414415042,0.782349884,0.640612654,0.0179712345,0.0274827925,0.767161755,-0.205869324,-0.164438224,-0.0869939402,0.182054531,0.023314476,0.055508886,0.118772242,-0.0548915758,-0.463939198,0.63618591,-0.0698351204,0.133381917,0.428315193,0.957217093,1.00049792e-08,0.0662735272,-0.388758267,-1.26468948,-1.19554857,-0.151113529,-0.155532546,1.15749422,0.0681328662
14.7,0.155961733,-0.0336308816,0.782473571,0.626977942,0.0217657859,0.0245362375,0.77834625,-0.187728754,-0.173311146,-0.0986177745,0.188833755,0.0117237993,0.0513333337,0.0657452843,-0.0858364124,-0.455305081,0.763524971,0.033168779,0.139856503,0.423133095,0.957067041,9.91977934e-09,0.0708761707,-0.392060414,-1.24565854,-1.1962254,-0.23054718,-0.0812446252,1.20800818,-0.0328192428
14.7166667,0.153619599,-0.0260424544,0.783166647,0.613746979,0.0250187094,0.0215728462,0.788811335,-0.168687731,-0.177069782,-0.10881027,0.193102774,0.000323434745,0.0417141702,0.00332966763,-0.104698094,-0.428753035,0.883849629,0.0949422182,0.115545856,0.417896841,0.959229833,8.30115813e-09,0.0744205087,-0.395934781,-1.23186111,-1.20529072,-0.31232727,0.00247312212,1.25974878,-0.108790902
14.7333333,0.152112814,-0.0188598991,0.783993712,0.60161599,0.0272023853,0.0191042793,0.798093514,-0.154277965,-0.178162942,-0.118259884,0.198656263,-0.0110827384,0.0287686035,-0.0663092462,-0.108071304,-0.390835144,0.985118636,0.104705295,0.072191338,0.413420468,0.961349161,8.31401949e-09,0.0798680652,-0.400585172,-1.22481748,-1.2229264,-0.389661645,0.093254271,1.30648413,-0.164763557
14.75,0.151190105,-0.0121130982,0.785034503,0.590950092,0.0281711117,0.017130344,0.806034074,-0.141574889,-0.177191615,-0.128402346,0.200447731,-0.0196507215,0.0174378564,-0.13523023,-0.103906077,-0.358816015,1.05535845,0.085046295,0.034681119,0.410304527,0.960700856,4.8369205e-08,0.0871681269,-0.401228317,-1.22357001,-1.24681213,-0.458832506,0.185560219,1.34643199,-0.209736717
14.7666667,0.15038889,-0.00561339382,0.786364772,0.581864269,0.0286038543,0.0151201827,0.812642094,-0.127290036,-0.173002886,-0.140083921,0.195094855,-0.0224505804,0.00955349703,-0.192058027,-0.106299059,-0.343559727,1.08480849,0.0595774249,0.017993753,0.408831157,0.95731691,1.49916365e-07,0.096038653,-0.398468772,-1.22844035,-1.27145106,-0.518006921,0.27681466,1.37844356,-0.254170844
14.7833333,0.149397566,0.000674891082,0.787961101,0.57402451,0.0291321403,0.0132123137,0.818213062,-0.109085459,-0.167867369,-0.154280733,0.180881761,-0.0170215804,0.00564003343,-0.231706324,-0.122967236,-0.345470634,1.07237018,0.0365180475,0.0169194053,0.408190636,0.952412053,2.18574344e-07,0.105427637,-0.394157801,-1.24090888,-1.29305923,-0.567568852,0.365204673,1.40233487,-0.303807142
14.8,0.14839248,0.00663700199,0.789825943,0.567165384,0.0290989247,0.0117817597,0.823005389,-0.0906923227,-0.163076937,-0.169950824,0.160176729,-0.00429970948,0.00600018795,-0.260579627,-0.144420166,-0.356242489,1.02186459,0.0169381288,0.0164418382,0.408451317,0.94745941,6.42327792e-09,0.113759618,-0.391623641,-1.261301,-1.3179596,-0.608380113,0.451941653,1.42420733,-0.359957993
14.8166667,0.147674397,0.0123525064,0.791794586,0.560958463,0.0281817026,0.0108238162,0.827293321,-0.0745926957,-0.156876933,-0.185235588,0.137374031,0.0112572582,0.00658385302,-0.281940884,-0.162570833,-0.368670219,0.942790123,-0.00265417522,0.00834240458,0.409190576,0.941569433,4.15926706e-08,0.120140044,-0.390014254,-1.28538119,-1.34412869,-0.640295801,0.532443068,1.44644296,-0.421011901
14.8333333,0.147348376,0.0181351419,0.793808637,0.554970977,0.026856178,0.00977638535,0.831378604,-0.0599401039,-0.14884652,-0.199192372,0.115032893,0.025794274,0.00444948692,-0.295421425,-0.173542804,-0.378912052,0.840763276,-0.0214528345,-0.00303690765,0.409791907,0.935506566,7.0040217e-06,0.125387751,-0.388531759,-1.30389679,-1.36365654,-0.664288812,0.594663729,1.46697073,-0.48182019
14.85,0.147435656,0.0242900955,0.796116772,0.548846275,0.0254815802,0.00799764712,0.835496555,-0.0425926612,-0.135605556,-0.211928805,0.0906053386,0.0354152654,-0.00178449553,-0.296820946,-0.17440017,-0.384791692,0.713846467,-0.0284631186,-0.00935505309,0.409574299,0.930910213,2.47207025e-05,0.131132686,-0.390448939,-1.31470264,-1.37147941,-0.683005811,0.63178072,1.48298716,-0.539073557
14.8666667,0.147841645,0.030850517,0.798025549,0.542154128,0.0241678346,0.00620541883,0.839908513,-0.0270135863,-0.122104664,-0.223794314,0.0700154069,0.0378994373,-0.00920241932,-0.283592815,-0.167885995,-0.386031051,0.555303923,-0.00528980715,-0.0093512986,0.40670807,0.927958152,3.69569615e-05,0.137232001,-0.396585076,-1.31969537,-1.37274188,-0.695545829,0.649932909,1.49260941,-0.585135851
14.8833333,0.148471049,0.0379162718,0.797445344,0.534612031,0.0229037455,0.0047561822,0.8447738,-0.0155915317,-0.110257248,-0.235003456,0.0585470837,0.0316663648,-0.0146316749,-0.254509438,-0.157033219,-0.385090893,0.368162304,0.0544835276,-0.00543221187,0.400576089,0.925293887,4.97021001e-09,0.143638076,-0.404471192,-1.32233502,-1.37099798,-0.703938564,0.658814334,1.49662842,-0.622066936
14.9,0.149263809,0.0457494641,0.797607183,0.525950147,0.0216091826,0.00316863878,0.850234936,-0.00776018615,-0.098608562,-0.246775429,0.0567072759,0.0175501919,-0.0177892215,-0.218680506,-0.146690944,-0.381824138,0.181322414,0.134297809,0.00774116812,0.391256056,0.924304364,4.72169951e-09,0.150959108,-0.412359241,-1.32361626,-1.36797846,-0.712351176,0.664863611,1.49586441,-0.655822931
14.9166667,0.150083566,0.0544872365,0.79768774,0.515725361,0.0204857533,0.00117219614,0.856508209,-0.00145703488,-0.0862105595,-0.261001566,0.0625471854,-0.00240343893,-0.0199093584,-0.197330287,-0.14622544,-0.372330489,0.0511015625,0.208552202,0.0371115082,0.378121145,0.927134277,0.00116932574,0.156733293,-0.420522548,-1.32215465,-1.36236876,-0.721537203,0.667158032,1.49088341,-0.687706296
14.9333333,0.150822452,0.0640129284,0.797782651,0.50417968,0.0198270313,-0.000998540016,0.863370571,0.00503417662,-0.0739726881,-0.278273046,0.0727676232,-0.0248239479,-0.0216421176,-0.197672779,-0.15894327,-0.35255738,0.00227412954,0.258561084,0.0767138616,0.36288481,0.931989213,0.00731608358,0.157705391,-0.428563286,-1.31544221,-1.35367018,-0.731967429,0.666088449,1.48187408,-0.718012071
14.95,0.15159759,0.0740004761,0.798016037,0.49241333,0.0194944277,-0.00274272758,0.870138815,0.0138128764,-0.0624988206,-0.294904316,0.0803518916,-0.0438597336,-0.0229908216,-0.205507236,-0.178280225,-0.325981561,0,0.28613998,0.110776888,0.349147013,0.926687599,0.0196586066,0.154924612,-0.426515376,-1.29885768,-1.34264122,-0.743923454,0.664466645,1.4694191,-0.744433922
14.9666667,0.152550999,0.0841101158,0.798233248,0.481702927,0.0191702039,-0.00367961604,0.876117146,0.0250924456,-0.0499518579,-0.307178296,0.0788570224,-0.0561756571,-0.0258197646,-0.211433051,-0.198199751,-0.299306169,0.000902075989,0.307257431,0.130341229,0.33912042,0.905379703,0.0354837535,0.150115594,-0.411144346,-1.28236001,-1.33158079,-0.756482144,0.663105153,1.45446293,-0.764297365
14.9833333,0.153726727,0.0943738674,0.798341972,0.473350051,0.0190221326,-0.0040756204,0.880659569,0.0371254879,-0.0357056875,-0.311886752,0.0704775012,-0.0631195885,-0.0311616479,-0.208936202,-0.21152001,-0.279371486,0.00127413138,0.331631889,0.136274612,0.333603453,0.874090591,0.0498985009,0.145895567,-0.38629018,-1.27224784,-1.32264846,-0.767587198,0.664405718,1.43770778,-0.775761011
15,0.155177773,0.104953823,0.798190052,0.46865161,0.0193497848,-0.00412848331,0.883161486,0.0534693447,-0.0203469903,-0.308752401,0.0552739366,-0.0678877603,-0.0376418389,-0.198501374,-0.214960566,-0.267858164,0.00307043153,0.358312787,0.138755283,0.33322932,0.838990827,0.0683742239,0.143243349,-0.352809105,-1.26641313,-1.3167856,-0.77425182,0.666823593,1.42129364,-0.780263448
15.0166667,0.156744095,0.115809165,0.797625962,0.468689544,0.0203104327,-0.00394843501,0.883120607,0.0758264803,-0.00538933501,-0.298577109,0.0338801384,-0.0717486283,-0.0434895866,-0.184064823,-0.208917013,-0.261459443,0.00589758712,0.370876493,0.144802679,0.335813617,0.812610142,0.0834317103,0.139730102,-0.321888584,-1.24670759,-1.31385689,-0.77180644,0.668177178,1.40713164,-0.781352492
15.0333333,0.158068986,0.126728883,0.796589679,0.474100527,0.0219588626,-0.00365686999,0.880189256,0.0999638918,0.00613909637,-0.280733503,0.0173208208,-0.0797583009,-0.0481418206,-0.167092959,-0.195623111,-0.257616768,0.0047047577,0.352187397,0.14771414,0.337700341,0.800606583,0.0864986456,0.135573191,-0.296092099,-1.19047918,-1.31561711,-0.755150028,0.666351662,1.3972581,-0.777974865
15.05,0.159174183,0.137323016,0.795274692,0.485072467,0.0239403252,-0.00355514916,0.874138961,0.121305605,0.0125155718,-0.254729436,0.0147778439,-0.0962949751,-0.0528706437,-0.155806632,-0.18101641,-0.25220854,0.00420581695,0.316583239,0.140501882,0.335756953,0.792477987,0.084230697,0.1318534,-0.264058207,-1.10371532,-1.32241665,-0.719803088,0.658003289,1.39539148,-0.763761707
15.0666667,0.160551707,0.146810816,0.793720246,0.50190538,0.0258242405,-0.00435600032,0.864525953,0.139851345,0.0181827187,-0.218202312,0.023718518,-0.120058014,-0.0572129702,-0.151061863,-0.162351871,-0.24302557,0.00359551794,0.284528598,0.128190478,0.328044014,0.77290142,0.0850369567,0.13290981,-0.226427575,-1.01573764,-1.3301078,-0.660419437,0.634481507,1.40356118,-0.730257124
15.0833333,0.162162622,0.154489732,0.791908446,0.524757162,0.0278439155,-0.00591025632,0.850775944,0.160092993,0.0177522744,-0.168683591,0.0365926593,-0.146788424,-0.0570615211,-0.151978631,-0.142002375,-0.22908116,0.00210656517,0.261476412,0.109728748,0.313538673,0.754502853,0.0853402544,0.130613335,-0.220539859,-0.952356161,-1.33188903,-0.572033145,0.591340243,1.413324,-0.666398772
15.1,0.163928048,0.160834561,0.789737712,0.552137804,0.0298873882,-0.00796916513,0.833178901,0.182631159,0.012121262,-0.105993056,0.049744675,-0.174750492,-0.0541241436,-0.158884473,-0.121029546,-0.207536162,0.00557644097,0.246626801,0.0907832155,0.288830404,0.742076075,0.0863694791,0.112819197,-0.281318809,-0.915184165,-1.32030475,-0.454937005,0.540294866,1.3958336,-0.568769873
15.1166667,0.166223636,0.166183583,0.787452325,0.580878801,0.031678318,-0.0104804934,0.813305885,0.204658712,0.00404279632,-0.034469956,0.0625384033,-0.202536448,-0.0538546466,-0.174147236,-0.1003161,-0.173746188,0.0245917263,0.235326231,0.0744339855,0.247588479,0.680832024,0.0913527234,0.0776269038,-0.364442521,-0.882447466,-1.28628143,-0.318672579,0.510913118,1.31167653,-0.455584189
15.1333333,0.169069295,0.170249533,0.785205485,0.608028745,0.0332715661,-0.0130018485,0.793110963,0.225157712,-0.00685361003,0.0348618738,0.0723937394,-0.226954265,-0.0563264846,-0.198804513,-0.0810048892,-0.130705043,0.062378019,0.222294377,0.0606680575,0.187657771,0.552921307,0.100327376,0.0329852162,-0.380899567,-0.822156275,-1.22852224,-0.194370924,0.531720948,1.1608528,-0.357454522
15.15,0.171920441,0.173195753,0.782999505,0.632015719,0.0350362075,-0.0152388212,0.774013161,0.24461059,-0.0201996207,0.0888452584,0.0770938577,-0.245648813,-0.0547200751,-0.219006663,-0.0627539502,-0.0884822152,0.0948028971,0.210785318,0.047903747,0.114294293,0.358343923,0.128359136,-0.0158187875,-0.330689947,-0.728668695,-1.13893891,-0.125634044,0.604720331,0.960852799,-0.298721296
15.1666667,0.174234661,0.175242432,0.780886377,0.651862303,0.0372574492,-0.0170704225,0.757229174,0.262466772,-0.0348358936,0.120531551,0.0773223558,-0.258236318,-0.0452070026,-0.226848782,-0.0468386323,-0.0544855276,0.1059923,0.207002413,0.0337601293,0.033632659,0.158343924,0.168721899,-0.070723895,-0.213813659,-0.614524519,-1.00126185,-0.123563831,0.698429962,0.760852799,-0.273388646
15.1833333,0.176257947,0.176268705,0.779245665,0.66642782,0.0389725011,-0.0189314527,0.744309549,0.276083066,-0.0450762188,0.135540372,0.0769935883,-0.26684316,-0.030766666,-0.222213319,-0.0327052504,-0.0321458445,0.0943010099,0.213207251,0.0179974477,-0.0487703057,-0.0416560761,0.216525341,-0.13469467,-0.0302707052,-0.495380289,-0.81761371,-0.188160284,0.759469138,0.560852799,-0.239109223
15.2,0.17853403,0.176601142,0.77830423,0.675330153,0.0388602037,-0.0212952706,0.736183116,0.28161369,-0.0419659996,0.144289249,0.0831612888,-0.277592215,-0.0209445513,-0.210323741,-0.0175067176,-0.0216464785,0.0693653465,0.226184952,0.00626545386,-0.129977768,-0.241656076,0.269858411,-0.216448052,0.169729295,-0.383621742,-0.61761371,-0.300956792,0.753841647,0.360852799,-0.138163133
15.2166667,0.180717513,0.177018698,0.778159387,0.679846289,0.0375774715,-0.0223322736,0.732050699,0.280402642,-0.0342818176,0.151952189,0.0910803474,-0.285647569,-0.021288903,-0.19861408,-0.00630765142,-0.0186954758,0.0424145862,0.240142547,-0.000454612099,-0.20767171,-0.441656076,0.28721081,-0.316769815,0.369729295,-0.277538721,-0.41761371,-0.38423877,0.68154749,0.167578194,0.0294496243
15.2333333,0.182358757,0.178539267,0.778391092,0.682267959,0.0363577114,-0.0197622226,0.729930136,0.274354732,-0.0330312527,0.160805326,0.0913658393,-0.281424501,-0.0332412712,-0.197081323,-0.0072274763,-0.0191615626,0.0253288661,0.249918293,-0.0040147209,-0.274558559,-0.641656076,0.27089101,-0.414876793,0.569729295,-0.176333737,-0.21761371,-0.400854082,0.542586666,0.0409702565,0.229449624
15.25,0.183838001,0.181362922,0.77943656,0.685562881,0.0364825555,-0.0148978379,0.726946088,0.270621243,-0.0404540457,0.172522916,0.0835307674,-0.261889734,-0.0537496333,-0.198824387,-0.0137706046,-0.0166415168,0.0152961074,0.254999291,-0.00822858717,-0.323391024,-0.841656075,0.248512502,-0.504919714,0.769729295,-0.0652688697,-0.0176137105,-0.350802727,0.379453611,-0.0189710145,0.429449624
15.2666667,0.185194205,0.183951783,0.780661032,0.692206234,0.0383689724,-0.01013791,0.720607781,0.273252487,-0.055986691,0.188294551,0.072329888,-0.234091876,-0.0705305686,-0.199388726,-0.0197419487,-0.00623509251,0.00744826027,0.259583606,-0.0137534302,-0.35548624,-1.04165608,0.234987024,-0.561240857,0.969729295,0.0519312391,0.182386289,-0.236688502,0.252811537,-0.0122456189,0.629449624
15.2833333,0.185952909,0.185276619,0.781273051,0.702673744,0.0401047356,-0.00605857732,0.710355203,0.277608192,-0.0750767521,0.207038004,0.0628256317,-0.213625442,-0.0760634198,-0.205862517,-0.0210959426,0.0126242914,0.00593678856,0.264524361,-0.019085834,-0.378190787,-1.20124663,0.24528421,-0.589037068,1.1697293,0.150552599,0.324045984,-0.169193309,0.190402965,0.0341485104,0.829449624
15.3,0.185953283,0.186075307,0.780938586,0.71542508,0.0401110178,-0.00238462861,0.697533064,0.275797683,-0.0892048047,0.224957107,0.0636029042,-0.207865638,-0.0762650606,-0.220043993,-0.0173689812,0.0369170046,0.0104523508,0.268895258,-0.024018338,-0.391828015,-1.29417053,0.28038989,-0.673293232,1.33200401,0.223375292,0.432857367,-0.166906608,0.173755526,0.0138759729,1.02944962
15.3166667,0.185270855,0.187002894,0.780209452,0.728391467,0.0391535949,0.000716000485,0.684041193,0.271871508,-0.101720644,0.240486313,0.0680857979,-0.209627013,-0.0745231481,-0.233829102,-0.0112404968,0.0639302936,0.0135234901,0.27388015,-0.0269673618,-0.395986101,-1.32042775,0.332093058,-0.814016074,1.42761206,0.273477036,0.510609211,-0.199307038,0.180468387,-0.0730632312,1.16278296
15.3333333,0.184253217,0.187805802,0.779677591,0.739316888,0.0382378004,0.00330925047,0.672262938,0.268267346,-0.113450844,0.250819631,0.0702605674,-0.21006815,-0.0716744118,-0.242397751,-0.00678045686,0.0895335338,0.00966443566,0.281311631,-0.0273585582,-0.394504227,-1.32050434,0.379282281,-0.91021142,1.45655344,0.302754709,0.549147128,-0.227588476,0.189786001,-0.136975853,1.22944962
15.35,0.183119491,0.188182525,0.779271378,0.746531682,0.0372272969,0.00511849731,0.664287872,0.265969171,-0.121857063,0.25616543,0.0697244527,-0.2103169,-0.0683731068,-0.246957673,-0.00405423464,0.109709196,0.00383270768,0.28794825,-0.0255164523,-0.393241657,-1.31440654,0.402783774,-0.939740098,1.44595363,0.321201945,0.548458501,-0.229924719,0.192694508,-0.152861752,1.22944962
15.3666667,0.182078433,0.188328199,0.778985464,0.749592303,0.0359051615,0.00594756144,0.660898498,0.265776696,-0.125138412,0.257597526,0.0671645443,-0.211307693,-0.066157497,-0.249173946,-0.00218688473,0.122643319,0.000625967504,0.290884919,-0.0225278465,-0.395706861,-1.30669278,0.407200308,-0.90260211,1.43940719,0.335920905,0.53392048,-0.21552396,0.190605296,-0.145872828,1.19668777
15.3833333,0.181333059,0.188436752,0.778875219,0.749226476,0.0340934398,0.00626899441,0.661406096,0.26602552,-0.123647107,0.255637651,0.063576535,-0.21294245,-0.0659824393,-0.250285736,-0.000522842489,0.129180274,0,0.290232818,-0.0195072885,-0.40193522,-1.30013476,0.406072132,-0.860457941,1.43726278,0.343128841,0.520064038,-0.202281528,0.187839519,-0.135025908,1.17581715
15.4,0.180815046,0.188497531,0.778958614,0.746605821,0.0320382984,0.00662975422,0.664461693,0.262103462,-0.119150277,0.251769308,0.0623683815,-0.216436208,-0.0657464373,-0.251158105,0.000579959886,0.131187305,5.54431556e-26,0.287580684,-0.0167213079,-0.410639963,-1.2994743,0.406247628,-0.848433887,1.43342632,0.338401491,0.507736345,-0.196836546,0.18942381,-0.125697896,1.17067829
15.4166667,0.180364877,0.18854519,0.779226123,0.742938337,0.0305079824,0.00720437269,0.668625446,0.257163213,-0.11493005,0.246401016,0.0624057818,-0.217010472,-0.0653331939,-0.251648638,-0.0026710647,0.130692598,1.97631079e-05,0.284664993,-0.0123322378,-0.420923751,-1.30299863,0.408741365,-0.870353879,1.42772274,0.330980195,0.498068307,-0.194252066,0.192486562,-0.119029134,1.1705577
15.4333333,0.180058359,0.18864147,0.779476287,0.739687164,0.0293276333,0.0078387004,0.672265829,0.253217032,-0.111485245,0.24181699,0.0622692544,-0.216872004,-0.0650133395,-0.252578667,-0.00588335139,0.130088726,1.31470277e-05,0.28253022,-0.0082770685,-0.428772222,-1.30656651,0.40961555,-0.896072839,1.42511806,0.329675517,0.493520235,-0.192127146,0.197333432,-0.118270853,1.16275349
15.45,0.179911234,0.188798146,0.779632561,0.737651132,0.0283469368,0.00845043483,0.674533801,0.250567994,-0.109456242,0.238995556,0.0618271936,-0.21658637,-0.0648478292,-0.253784015,-0.00764695696,0.128945183,3.59804328e-06,0.281291592,-0.00612776631,-0.433323511,-1.30848065,0.407902685,-0.900457601,1.42657719,0.33146636,0.49395736,-0.191557381,0.200990385,-0.123186504,1.15149769
15.4666667,0.179804407,0.18901967,0.779756241,0.736931195,0.0278025865,0.00909134217,0.675334567,0.249433899,-0.109804982,0.237587985,0.0604773939,-0.214908156,-0.0644266333,-0.255000096,-0.00855305409,0.126884043,7.42751958e-08,0.280793125,-0.00598604698,-0.434291988,-1.309369,0.405683133,-0.890459921,1.42807837,0.332089038,0.497148932,-0.193374135,0.204302547,-0.131677233,1.141773
15.4833333,0.179655569,0.18932361,0.779873379,0.73720929,0.0278178715,0.00974699312,0.675021203,0.250289755,-0.112855563,0.237158014,0.0570983728,-0.210820582,-0.0634328303,-0.256022852,-0.00927097029,0.125586863,9.74675335e-07,0.280924106,-0.00692368588,-0.432668434,-1.31070227,0.404670977,-0.884871916,1.42730259,0.331933768,0.499983237,-0.196734407,0.20653386,-0.13922254,1.13645989
15.5,0.179541692,0.189671782,0.77996465,0.737857986,0.0280018403,0.0103513644,0.674295438,0.252459927,-0.117228396,0.237430292,0.0523065047,-0.205579758,-0.0615150121,-0.257036769,-0.00980552424,0.126128426,2.37089999e-06,0.281578644,-0.00791644261,-0.43021443,-1.31328511,0.404741175,-0.888662351,1.42569183,0.332982366,0.501418781,-0.200618743,0.208254768,-0.143709905,1.13297757
15.5166667,0.179567252,0.189980856,0.779903674,0.738411486,0.0279060181,0.0108909244,0.673684733,0.251873913,-0.118497449,0.23826142,0.0518402634,-0.204692292,-0.0596846536,-0.258886177,-0.00962467,0.127693714,0,0.282493146,-0.00819354048,-0.428865592,-1.31759537,0.405016057,-0.895169903,1.42499915,0.335765471,0.501163133,-0.203550567,0.208608765,-0.14429392,1.1322194
15.5333333,0.179691378,0.190269057,0.779770858,0.73885942,0.0277226409,0.011218475,0.673195632,0.251079855,-0.119276798,0.2393923,0.0527943674,-0.20562389,-0.0583434574,-0.260677013,-0.00932522384,0.130065133,0,0.283700184,-0.00798409408,-0.428383739,-1.32165099,0.405542083,-0.899501595,1.4249223,0.338939101,0.500447723,-0.205785706,0.208400296,-0.142720219,1.13009855
15.55,0.179957271,0.190522048,0.779556042,0.739139338,0.0273015094,0.0111459769,0.672906705,0.249429662,-0.116135726,0.240179312,0.0564624212,-0.209939683,-0.0588652209,-0.261717392,-0.00772988049,0.131584554,8.45573553e-05,0.284150356,-0.00775282976,-0.42929203,-1.32508458,0.406317118,-0.901153873,1.42508284,0.340530322,0.499586382,-0.206277709,0.208608473,-0.140546084,1.1270285
15.5666667,0.180247665,0.190707493,0.779407128,0.739385159,0.026933501,0.0108485426,0.672656288,0.248743231,-0.113341628,0.240720805,0.0595417564,-0.213916753,-0.0604787917,-0.261972755,-0.00604300429,0.132426453,0.000360577838,0.284161528,-0.0078494432,-0.430512214,-1.3272854,0.407337422,-0.902080207,1.42554944,0.340742307,0.497280695,-0.204818901,0.20862762,-0.137221163,1.12557791
15.5833333,0.180453402,0.190831246,0.779326815,0.739804104,0.0269044889,0.0105043653,0.672202123,0.249757634,-0.112732675,0.241201576,0.0599192176,-0.215106901,-0.0609459578,-0.261514593,-0.00477657555,0.133175208,0.00066921983,0.284039326,-0.00829261488,-0.431276029,-1.32826148,0.408683378,-0.903608415,1.42622239,0.342057631,0.493557556,-0.201958286,0.207764054,-0.13350332,1.12616169
15.6,0.180575499,0.190911742,0.779303483,0.740414503,0.0272229336,0.0101467366,0.671522389,0.252297468,-0.114290163,0.241690975,0.0575214988,-0.213487448,-0.060106735,-0.26032321,-0.00402066516,0.133976866,0.000343758803,0.284281811,-0.00898841853,-0.43139888,-1.32836102,0.410098289,-0.904730204,1.42729633,0.344659838,0.490265388,-0.198796455,0.20649307,-0.131236689,1.12657762
15.6166667,0.18070421,0.190926954,0.779323189,0.740949034,0.0275965544,0.0097972132,0.670922479,0.254943029,-0.116253984,0.242465163,0.0545721873,-0.211267612,-0.0588727606,-0.259167563,-0.00368023614,0.134449392,4.95808264e-05,0.284679306,-0.00962469731,-0.431642676,-1.32808326,0.411887575,-0.906018272,1.42788644,0.347287917,0.488470711,-0.1958074,0.205154892,-0.130044258,1.12444802
15.6333333,0.180957295,0.190811577,0.77926496,0.741085978,0.0274656793,0.00946111311,0.670781407,0.253891442,-0.113809419,0.243202139,0.0570959127,-0.213820011,-0.0589402773,-0.25865926,-0.00247168008,0.133365428,1.58792269e-26,0.284493049,-0.0100058851,-0.432949777,-1.32911941,0.413660031,-0.908987794,1.42770258,0.349169647,0.487659692,-0.19285644,0.204083885,-0.128783141,1.12307469
15.65,0.181298156,0.190600324,0.779118423,0.740876636,0.0270649583,0.00897139446,0.671035626,0.252435012,-0.109744331,0.243715229,0.0610357495,-0.2186398,-0.0604291596,-0.258117474,-5.47156178e-05,0.131897694,0.000253447597,0.283900674,-0.0107914763,-0.434677911,-1.33065218,0.415011777,-0.912077557,1.42754096,0.34882375,0.487677421,-0.191001371,0.202986631,-0.127588723,1.12648639
15.6666667,0.181690161,0.190333913,0.778988024,0.740572061,0.0267957981,0.00817310272,0.671392738,0.252867807,-0.106298624,0.244561978,0.0628180205,-0.222736585,-0.0616799017,-0.256732295,0.0037688215,0.131007798,0.00104182059,0.282898094,-0.0125368552,-0.435851214,-1.32987998,0.415852904,-0.912441525,1.42684837,0.347689782,0.488781658,-0.190336879,0.201300638,-0.126830784,1.13422032
15.6833333,0.181894883,0.18985601,0.778957852,0.740130575,0.0271407674,0.00781003965,0.671869864,0.254821959,-0.107007154,0.245798682,0.0605065575,-0.222452296,-0.0604934708,-0.255629053,0.00595910247,0.130553749,0.00187256753,0.282419705,-0.0145265179,-0.43655815,-1.32816194,0.416652141,-0.909608342,1.42545952,0.345851556,0.489200954,-0.190124138,0.200538554,-0.126730822,1.13497135
15.7,0.181787861,0.189005789,0.779088587,0.739099691,0.0280792215,0.0085480192,0.672956266,0.255029566,-0.111412794,0.245175463,0.0566737936,-0.216386349,-0.0582646897,-0.256394222,-0.000118380856,0.128502074,0.000991904682,0.283968143,-0.0127098376,-0.43808051,-1.32673854,0.417145441,-0.903309892,1.42355636,0.34298144,0.489247519,-0.189717928,0.19897516,-0.129257469,1.13004712
15.7166667,0.181728117,0.187805859,0.779246707,0.73752606,0.028531623,0.00957498679,0.674647743,0.250433765,-0.111871313,0.244194274,0.0584592832,-0.214611527,-0.0570503063,-0.258371481,-0.0057927913,0.123842134,0.000228705145,0.285105687,-0.0102762077,-0.440184468,-1.32707539,0.416877917,-0.897993065,1.42139692,0.340138942,0.489564303,-0.188562474,0.197771049,-0.134630419,1.12349058
15.7333333,0.181675336,0.186230642,0.779286564,0.735884871,0.0286498897,0.0106100759,0.67641708,0.244550466,-0.112155114,0.243921826,0.0614273987,-0.215450215,-0.0560538957,-0.261019987,-0.00977858609,0.118465858,0,0.28612269,-0.00923501591,-0.441352512,-1.3285514,0.415851531,-0.893132508,1.41900317,0.337411839,0.487982822,-0.187522967,0.197977013,-0.141110614,1.11468519
15.75,0.181557875,0.184255002,0.779194864,0.734231785,0.0288491574,0.0115443322,0.678187393,0.240027742,-0.113849715,0.243845096,0.0613767326,-0.216129069,-0.054436333,-0.264498474,-0.0131316483,0.113321802,5.6692167e-26,0.287925162,-0.00902035991,-0.44143376,-1.33064516,0.414450403,-0.888823084,1.41526474,0.33429453,0.48340324,-0.186611528,0.199096427,-0.14765179,1.10435471
15.7666667,0.181530885,0.181939968,0.7788747,0.732378012,0.0289547332,0.0117491434,0.680180879,0.239026325,-0.111786117,0.243281496,0.0591595603,-0.218678547,-0.0552154776,-0.266531678,-0.0148225434,0.107371217,7.70750727e-06,0.289524151,-0.00857684128,-0.441347048,-1.33246404,0.41233217,-0.88853888,1.40982643,0.330922303,0.473094832,-0.18432529,0.201801137,-0.148887921,1.09293719
15.7833333,0.18140353,0.179279668,0.778573319,0.730502071,0.0291849004,0.0116917964,0.682186387,0.232887282,-0.109797556,0.243536442,0.0667003282,-0.226163011,-0.0550092872,-0.267946234,-0.0163169612,0.101846285,6.42767786e-06,0.291133634,-0.00790226917,-0.440086006,-1.33226235,0.40884193,-0.890765343,1.40083999,0.327037313,0.455953425,-0.181164476,0.204401367,-0.139370098,1.08003333
15.8,0.181213565,0.176454197,0.778260305,0.728830677,0.0294381991,0.0110030861,0.683972345,0.216104167,-0.106636414,0.245671384,0.0959358531,-0.243822018,-0.0495674477,-0.268118412,-0.0159210583,0.097382223,3.58802434e-06,0.292501626,-0.00778552218,-0.437052578,-1.32961168,0.40323953,-0.896910186,1.38800839,0.323673645,0.435139994,-0.181290854,0.20597502,-0.119606169,1.07148577
15.8166667,0.180965481,0.173428333,0.777487496,0.727428642,0.0293362608,0.00926170854,0.685493381,0.198227939,-0.0981026866,0.249356821,0.135259882,-0.268809003,-0.043646073,-0.266428301,-0.0114666371,0.0925576764,4.09850988e-27,0.293159331,-0.00847754776,-0.432439314,-1.32538292,0.394915684,-0.909989877,1.37276319,0.321333735,0.40720026,-0.186717318,0.206541527,-0.0903348419,1.06881552
15.8333333,0.180121993,0.169739676,0.77655329,0.726444557,0.0290815944,0.008224813,0.686560208,0.181046878,-0.0921387959,0.253605736,0.171353667,-0.291634768,-0.0387245822,-0.268974431,-0.0108062125,0.0885617638,3.54906711e-06,0.295291485,-0.00687288002,-0.425609386,-1.32187344,0.383470164,-0.928023615,1.35497017,0.318263272,0.361419244,-0.203876879,0.203185432,-0.0516952242,1.07560573
15.85,0.178815984,0.165255743,0.775609261,0.726237937,0.0288285159,0.00845939533,0.686786586,0.165350805,-0.0904789127,0.258988367,0.19921558,-0.308708717,-0.0332062887,-0.275814089,-0.0137788897,0.085678315,9.99869792e-05,0.298173912,-0.00309944255,-0.416859821,-1.31830262,0.369823453,-0.950247627,1.33468462,0.31553659,0.299627579,-0.224771278,0.202696956,-0.0014508967,1.08037316
15.8666667,0.177486984,0.160130895,0.774886576,0.727210325,0.0285900056,0.00910258084,0.68575863,0.146840999,-0.0918058931,0.267034012,0.222824849,-0.320973961,-0.0253957018,-0.284234072,-0.0177339838,0.083655088,0.000330201805,0.301097229,0.00114416124,-0.405748834,-1.31313905,0.354623744,-0.977742107,1.31251608,0.314989646,0.218732365,-0.235789983,0.211897458,0.0758348411,1.06374776
15.8833333,0.176273233,0.154525307,0.774562253,0.729445343,0.0278401737,0.009635457,0.683404401,0.127635753,-0.0930486808,0.277245879,0.2427752,-0.329580875,-0.017955329,-0.292639992,-0.0187938941,0.0820826432,0.000468387419,0.306128111,0.00634320962,-0.392755675,-1.30585075,0.337764345,-1.01141,1.28946649,0.316172804,0.122024799,-0.242816477,0.237143188,0.173994091,1.02656986
15.9,0.175280857,0.148409907,0.774500823,0.732702661,0.0258760726,0.0102357461,0.679979756,0.107178684,-0.0902171193,0.287586193,0.261486368,-0.337780724,-0.0151339498,-0.30443441,-0.01649871,0.0789721271,1.07252986e-24,0.314076526,0.0289570574,-0.37846182,-1.29843193,0.32068194,-1.05044393,1.26457952,0.320213853,0.0149560771,-0.245799054,0.275556047,0.280969272,0.978629959
15.9166667,0.174584958,0.142015188,0.774294038,0.736601299,0.0234162182,0.0109739723,0.675832656,0.0872952851,-0.0862894514,0.298706428,0.279454797,-0.34706006,-0.0141226887,-0.324389477,-0.0135150443,0.0736240145,0.000535519202,0.326371583,0.0953921837,-0.362903127,-1.29012632,0.306452466,-1.09135465,1.23613708,0.326765231,-0.0947540249,-0.23513675,0.317808518,0.38342694,0.925452239
15.9333333,0.174130047,0.135851775,0.774032489,0.740476249,0.0212147971,0.0116896631,0.671645896,0.066261644,-0.0830709618,0.31107084,0.299871452,-0.356028491,-0.0107486658,-0.35467343,-0.0131442395,0.0664091855,0.0192831537,0.337281543,0.205350144,-0.34743946,-1.27986782,0.295477644,-1.13302143,1.20355445,0.333804951,-0.189643064,-0.219057821,0.362314514,0.468400981,0.873925891
15.95,0.173831305,0.129912004,0.773985006,0.743771205,0.0188909872,0.0121517649,0.668056779,0.0459261569,-0.0788459854,0.322904873,0.319736658,-0.362307881,-0.00671292394,-0.395351835,-0.0154900656,0.0596385847,0.0682439321,0.333741753,0.32603631,-0.332958414,-1.26798816,0.27969768,-1.17607586,1.17173812,0.341716306,-0.269836732,-0.195057195,0.409095024,0.537508182,0.828894457
15.9666667,0.173627354,0.124063136,0.774096749,0.746269609,0.0162231678,0.0123976692,0.665330578,0.0281150801,-0.0708731643,0.334173123,0.337353097,-0.367602429,-0.00566938334,-0.428527224,-0.0210844482,0.0541541074,0.123140446,0.307748297,0.404597866,-0.320376283,-1.25612731,0.259951174,-1.22268574,1.1413549,0.35256022,-0.350331477,-0.170344236,0.462070668,0.581066223,0.801975439
15.9833333,0.173521946,0.118541431,0.77421484,0.747808677,0.0136206465,0.0128186593,0.663650768,0.0106449711,-0.0626355073,0.344191889,0.354756032,-0.372303319,-0.00598288425,-0.450760745,-0.0304505936,0.0515470007,0.176341815,0.257371524,0.409768867,-0.3103399,-1.24467085,0.2374737,-1.26966471,1.11051308,0.364168259,-0.421504591,-0.151187336,0.524779175,0.589783429,0.796805823
16,0.173604307,0.113365135,0.774268195,0.74848677,0.0112335193,0.0135323765,0.662916464,-0.00710077168,-0.0553838927,0.352824478,0.371695866,-0.375791268,-0.00567663867,-0.463038191,-0.0438098881,0.0459581738,0.226821067,0.196009178,0.361194642,-0.302201617,-1.23502097,0.208125467,-1.30883743,1.08585471,0.366821065,-0.478815183,-0.137444673,0.596246071,0.570143199,0.809931367
16.0166667,0.173818781,0.108249482,0.774274103,0.748489058,0.009357736,0.014763751,0.662916732,-0.0250631962,-0.0496928551,0.359846525,0.386966781,-0.377037692,-0.00414647768,-0.465088488,-0.0618488907,0.0309273042,0.268437564,0.143805513,0.302837587,-0.295163739,-1.2313767,0.17254348,-1.33173172,1.07337577,0.344548453,-0.525825767,-0.12169304,0.668897153,0.550315991,0.82007381
16.0333333,0.174017257,0.103208492,0.774364014,0.74790962,0.00848441662,0.016645031,0.663537608,-0.0405626065,-0.047882973,0.364690056,0.396286247,-0.37438908,-0.0033649771,-0.457643849,-0.0889262485,0.00555578345,0.296591115,0.110392503,0.261954518,-0.288918895,-1.2427141,0.131767084,-1.33867879,1.07368209,0.292640896,-0.55742888,-0.104120045,0.739871118,0.542775295,0.808979943
16.05,0.174169233,0.0984671742,0.77467401,0.747323907,0.00801975897,0.0188056058,0.664145323,-0.0511824022,-0.0467467527,0.368411721,0.398440596,-0.3690134,-0.00465983995,-0.442863771,-0.120147947,-0.02765026,0.311296129,0.0920244327,0.241161509,-0.279295379,-1.27319607,0.0864894897,-1.34499096,1.07311496,0.254085845,-0.582867094,-0.082846497,0.809773776,0.560912238,0.785510434
16.0666667,0.174427945,0.0939646709,0.775239286,0.747275374,0.00711178488,0.0216503323,0.664123633,-0.0615562884,-0.0481419392,0.371667731,0.395058516,-0.360781968,-0.00692746028,-0.42883793,-0.153915959,-0.0632029035,0.322427201,0.0773350409,0.229827747,-0.263343515,-1.29805525,0.0309711174,-1.36590764,1.04963988,0.262563057,-0.628631385,-0.0430344727,0.878389053,0.585307442,0.750426835
16.0833333,0.175394472,0.089544043,0.776091849,0.747830451,0.00583857136,0.0248506703,0.663398803,-0.0751031275,-0.0470584643,0.37513996,0.393455954,-0.35149621,-0.0117039639,-0.418442457,-0.188201181,-0.0976692557,0.341381754,0.0592561853,0.214171353,-0.246163345,-1.31851301,0.00545004188,-1.39430543,0.995247454,0.293149384,-0.668635921,-0.0133635052,0.946507363,0.582343809,0.726159256
16.1,0.177161182,0.0855316239,0.776560534,0.748997162,0.00516013459,0.0274708879,0.661983364,-0.0847989312,-0.0457983973,0.378920565,0.39016965,-0.342204965,-0.01785253,-0.409188773,-0.223477784,-0.126861204,0.373569443,0.0381500559,0.189312401,-0.229837145,-1.33618609,0.00230402249,-1.42860735,0.935952295,0.308138901,-0.688582494,-0.00391620701,1.01155038,0.542161999,0.719296379
16.1166667,0.1796707,0.082121099,0.777262311,0.750984599,0.00460734057,0.029309655,0.659652824,-0.0905613564,-0.0431599952,0.38352899,0.385391802,-0.333772675,-0.0236720455,-0.3996174,-0.257055377,-0.150834591,0.411261493,0.0204358155,0.16133903,-0.216343506,-1.33900942,0.00236826128,-1.46479923,0.892976592,0.307589321,-0.697025265,-0.00376792539,1.07497888,0.46205356,0.702696011
16.1333333,0.183212147,0.0793239964,0.778113635,0.753972869,0.00193432632,0.0296780066,0.656231961,-0.0975297702,-0.033181525,0.389342428,0.385329766,-0.329042772,-0.0268071127,-0.389880977,-0.283300173,-0.171519529,0.446539339,0.0110790111,0.143419132,-0.208436955,-1.32640164,1.91403145e-06,-1.48667566,0.885410342,0.314112329,-0.682309775,-0.000268034936,1.16133674,0.307221816,0.674799051
16.15,0.187480174,0.0768721463,0.778901595,0.75787063,-0.00305438237,0.0275717314,0.651814835,-0.106233029,-0.0125039009,0.395706336,0.394880442,-0.331316389,-0.0246877416,-0.37884636,-0.296386488,-0.191414115,0.472412936,0.014815154,0.131867808,-0.202527783,-1.23229521,0.000145192951,-1.5160069,0.90427234,0.363190488,-0.710948598,-0.000198897466,1.16108951,0.126099394,0.684398546
16.1666667,0.191481863,0.0738569523,0.77960242,0.76249184,-0.00705293914,0.0244183741,0.64649841,-0.11255565,0.00846848828,0.403624676,0.406985771,-0.334723331,-0.0221866442,-0.36367858,-0.307540359,-0.209218182,0.484351417,0.0268600661,0.122037209,-0.1855878,-1.15638185,0.000193510584,-1.5397396,0.905536319,0.430799726,-0.754874683,-0.000141640203,1.133461,0.0113887723,0.746269428
16.1833333,0.195203265,0.0704522809,0.779936295,0.767801328,-0.00883240179,0.0226426351,0.64022685,-0.116028841,0.0228752429,0.413152541,0.414577714,-0.335234368,-0.023511531,-0.348175561,-0.323351387,-0.222647886,0.485410219,0.0414347786,0.113403071,-0.165536129,-1.12118699,0.000179235189,-1.54886858,0.890558799,0.479253833,-0.791549135,-8.79482489e-05,1.1217278,-0.0366015355,0.815821516
16.2,0.199092063,0.0671877851,0.77998295,0.773647466,-0.00959070642,0.0226494675,0.633138704,-0.119329996,0.0325457339,0.42358354,0.418495628,-0.333640578,-0.0283105321,-0.335571415,-0.342156824,-0.232964463,0.478936884,0.0580852808,0.105637335,-0.148107078,-1.08721277,0.000139876159,-1.54766117,0.868317024,0.489895073,-0.837175917,-4.69880483e-05,1.10314124,-0.0610080019,0.85626991
16.2166667,0.203230813,0.0639998309,0.779921052,0.779845618,-0.00992752386,0.0233563698,0.625457222,-0.122189247,0.0406252008,0.43430696,0.421453399,-0.331659421,-0.0347420684,-0.325034567,-0.360505459,-0.241999584,0.466937869,0.07792299,0.102545144,-0.132421875,-1.08420912,9.85820082e-05,-1.5317307,0.843353345,0.470621739,-0.852360595,-2.22768178e-05,1.120064,-0.0848622911,0.857705806
16.2333333,0.20769747,0.0607982741,0.779786803,0.786436977,-0.0102096366,0.0241229726,0.617114841,-0.124619731,0.0497765832,0.445607699,0.424913894,-0.33034395,-0.0415670501,-0.316750598,-0.375783217,-0.251611257,0.450140008,0.103209361,0.108644567,-0.118499593,-1.07670725,6.55418194e-05,-1.51373406,0.825864232,0.44231833,-0.868420034,-7.8122871e-06,1.1297082,-0.111047544,0.853468228
16.25,0.212510888,0.0576041339,0.779570302,0.793373646,-0.0104147354,0.02487356,0.6081374,-0.126120411,0.0599977915,0.457844254,0.428787755,-0.329589611,-0.0488279772,-0.311792762,-0.388484652,-0.262627219,0.43131416,0.132744781,0.11838934,-0.106319561,-1.07229601,4.45041598e-05,-1.49365832,0.817586797,0.419984999,-0.878602147,-1.7750132e-06,1.14210881,-0.138605588,0.859820309
16.2666667,0.217614782,0.0544408977,0.779157165,0.800568267,-0.0103028831,0.0256697359,0.598602844,-0.126632731,0.0704432846,0.47118109,0.433328383,-0.329582569,-0.0565792764,-0.311743294,-0.400344121,-0.274780171,0.415053191,0.16259846,0.12301757,-0.0952275661,-1.07005345,3.16610203e-05,-1.47695987,0.815253425,0.40771289,-0.891361492,-6.32823476e-07,1.15295711,-0.15949606,0.87333599
16.2833333,0.223022906,0.0513217158,0.778586261,0.80813981,-0.00978720329,0.0265341921,0.588311308,-0.126264862,0.0808461521,0.485274223,0.438471892,-0.330105273,-0.0651303078,-0.316423777,-0.411305453,-0.287619894,0.401625937,0.189396202,0.122233287,-0.0841543178,-1.06789665,1.705275e-05,-1.45928382,0.817404744,0.396613507,-0.906250809,7.19371625e-08,1.16278809,-0.170436321,0.888029605
16.3,0.228749447,0.048236764,0.777967541,0.816224442,-0.00870730529,0.0273957699,0.577019336,-0.123415721,0.0901988681,0.500237029,0.441615303,-0.329849239,-0.074662685,-0.324493584,-0.420709797,-0.300154824,0.389432265,0.212357399,0.117835205,-0.0726123664,-1.06235508,4.8631942e-08,-1.43665702,0.823735693,0.379860108,-0.919878662,-1.72568133e-08,1.17027615,-0.172186628,0.902229974
16.3166667,0.234863774,0.0452343944,0.777362862,0.824980191,-0.00695828671,0.0280171129,0.564423873,-0.116792511,0.0983223728,0.516446062,0.44159585,-0.328403841,-0.085245765,-0.334432775,-0.427378027,-0.311088252,0.377440391,0.231275148,0.109916671,-0.0605821226,-1.04881721,7.17869986e-05,-1.40517237,0.83508098,0.356002176,-0.929037936,-4.66478359e-07,1.17413536,-0.166175218,0.917149924
16.3333333,0.241533425,0.0424022598,0.776743753,0.834645072,-0.00459483859,0.0281576386,0.550048761,-0.105605108,0.105563517,0.533802751,0.438595676,-0.326178033,-0.0972267459,-0.344861616,-0.429971097,-0.320417815,0.364668804,0.245077395,0.0987187258,-0.0483227622,-1.02540908,0.000313771969,-1.36362253,0.854386126,0.328331995,-0.928919755,1.34692423e-21,1.17466999,-0.154336387,0.930195794
16.35,0.24877955,0.0396672033,0.775941053,0.845279993,-0.00176316148,0.0282959724,0.533570954,-0.0912923872,0.111411957,0.548642069,0.433489821,-0.324250861,-0.11070757,-0.357013974,-0.428955694,-0.328331029,0.352585086,0.251937344,0.0856576853,-0.0380993765,-0.996604863,0.000506755783,-1.30641065,0.883811688,0.292131284,-0.912119717,-3.74252463e-06,1.17405772,-0.140894086,0.935331624
16.3666667,0.256542489,0.0369492139,0.774718958,0.856875297,0.00130312435,0.0288148777,0.514716164,-0.0748443111,0.114450355,0.551499247,0.426097141,-0.324520206,-0.12597309,-0.375300755,-0.427468686,-0.33411449,0.348641807,0.249974184,0.0735770755,-0.0313090292,-0.963733601,2.07585067e-05,-1.22644921,0.908026894,0.245456681,-0.870291681,-8.55987682e-05,1.17316208,-0.132285673,0.923521696
16.3833333,0.264777202,0.0343436889,0.772891044,0.869440739,0.00432825864,0.0290400432,0.493164012,-0.0527018091,0.115918845,0.525451691,0.414428087,-0.330358851,-0.143839348,-0.396211305,-0.422638556,-0.337189457,0.352231837,0.242852289,0.0698538315,-0.0270199236,-0.91186192,0.000195153516,-1.12052805,0.877910447,0.201951464,-0.798614002,-0.000296094804,1.16701582,-0.133139842,0.894003476
16.4,0.27328304,0.0316712839,0.769965245,0.882970778,0.00736710401,0.0287749551,0.468487281,-0.0215487276,0.115616873,0.46108107,0.394776112,-0.344159294,-0.16377124,-0.42011853,-0.414890502,-0.334347242,0.364329274,0.236778605,0.0827258852,-0.0207930941,-0.820170982,0.0182001525,-0.994658309,0.781350421,0.177153682,-0.707399136,-0.000520984895,1.14869385,-0.133491426,0.85254681
16.4166667,0.282162976,0.0281345101,0.765565972,0.897416075,0.0101545311,0.0280046752,0.440178387,0.0208279969,0.116844794,0.365182999,0.364464641,-0.365535176,-0.184108658,-0.449603757,-0.39990804,-0.32448585,0.38575631,0.228028021,0.112774136,-0.0077351121,-0.664554907,0.0925476257,-0.870015299,0.618377534,0.168234059,-0.627613689,-0.000415678327,1.10578141,-0.101460885,0.794483805
16.4333333,0.291656423,0.023292689,0.759794235,0.912406105,0.0119746654,0.0265177626,0.408250553,0.0739193346,0.123706359,0.256293946,0.32327595,-0.39107416,-0.202182522,-0.483076135,-0.374384824,-0.31073873,0.414096799,0.197317969,0.138021639,0.0125625604,-0.463298382,0.216431459,-0.741994966,0.419374906,0.126910282,-0.584937756,-0.000667940438,1.02956687,-0.00286441244,0.724284563
16.45,0.3016371,0.0184952973,0.753170686,0.92697675,0.0124660913,0.0242858816,0.374124174,0.135226826,0.135915686,0.152449201,0.273324271,-0.417372656,-0.214539493,-0.515963931,-0.340602997,-0.298394614,0.448757965,0.141172202,0.126952684,0.0383046928,-0.26199635,0.312180525,-0.593088865,0.220409191,0.0189208366,-0.558218872,-0.0103979707,0.930010841,0.156709171,0.624396095
16.4666667,0.311037266,0.0154401875,0.746769101,0.939647874,0.0126551836,0.0218363399,0.341210922,0.199114208,0.147125283,0.0672500204,0.216981428,-0.437577317,-0.219477991,-0.550544383,-0.309714767,-0.290685037,0.49977426,0.0826197789,0.0904469382,0.0677597189,-0.0169549505,0.354043423,-0.433635049,0.085712355,-0.153395582,-0.57182106,-0.0321351355,0.786498179,0.319870134,0.48480472
16.4833333,0.318869808,0.0143516571,0.741158994,0.949375769,0.01277794,0.0203919615,0.313219637,0.256423804,0.15180838,0.0119095569,0.161323739,-0.448632979,-0.217123262,-0.587201729,-0.290311487,-0.293105496,0.563540788,0.0396304464,0.0528144384,0.101161368,0.180392631,0.314971856,-0.257678572,-0.0289115175,-0.353526816,-0.549408282,-0.119335464,0.647683399,0.521891284,0.306202544
16.5,0.325823275,0.0143876972,0.736481085,0.956131194,0.0111715157,0.0205620013,0.292002639,0.29441914,0.155421384,-0.00567569474,0.128130434,-0.459897089,-0.210665862,-0.620147554,-0.279040666,-0.311494113,0.623513183,0.0132371246,0.0236789825,0.132236521,0.377142182,0.208921796,-0.118576789,-0.0773317795,-0.553670156,-0.573443927,-0.205642883,0.542503403,0.724083065,0.111881625
16.5166667,0.332125154,0.0147233081,0.732579769,0.960564125,0.00848425878,0.0220407941,0.277053752,0.30681766,0.156606127,0.00960061845,0.132998766,-0.479916407,-0.205720878,-0.647240058,-0.27468706,-0.338781904,0.671705152,-0.00271464869,0.0006562181,0.157367718,0.573898291,0.100283565,-0.0133915991,-0.0904141478,-0.753810007,-0.626301214,-0.288931697,0.504024268,0.926220938,-0.0872250407
16.5333333,0.337320332,0.0145974593,0.728902469,0.963462304,0.00698664726,0.0250991979,0.266573827,0.301032274,0.152748092,0.0436550758,0.163825569,-0.506050755,-0.203805778,-0.673533052,-0.276318864,-0.361579245,0.71189081,-0.0156750159,-0.0192424862,0.176197391,0.727637153,0.0536219277,0.0480582459,-0.131409944,-0.953938873,-0.672202237,-0.365702449,0.528806105,1.12819653,-0.28741161
16.55,0.341697629,0.0140905581,0.725028546,0.965579668,0.00717328623,0.0301055425,0.258259761,0.289717825,0.142556328,0.0803472834,0.194275538,-0.529223299,-0.201633248,-0.702661535,-0.281526645,-0.372838282,0.747700482,-0.0316812217,-0.0365755402,0.189841664,0.835575172,0.055786452,0.0427968397,-0.203329374,-1.11807252,-0.698468854,-0.413311823,0.524694817,1.29914051,-0.427317611
16.5666667,0.345495107,0.0135017087,0.721567774,0.967577807,0.00771119596,0.0355477324,0.249940159,0.282701511,0.131340961,0.107871565,0.212843437,-0.547053319,-0.198643685,-0.730686656,-0.28473857,-0.375702376,0.778277745,-0.048128862,-0.050051939,0.202803386,0.905738611,0.0568660548,0.00354652954,-0.285210948,-1.21552699,-0.706214054,-0.437310829,0.484585225,1.40323292,-0.500546176
16.5833333,0.348938938,0.0126010758,0.71880136,0.969826172,0.00768378574,0.0402808535,0.240323966,0.282187384,0.122780133,0.12356264,0.217014023,-0.558051059,-0.196053924,-0.753605657,-0.281191147,-0.373626932,0.799703448,-0.0614999255,-0.0602805212,0.212934808,0.941466621,0.0426046357,-0.0205133351,-0.356327131,-1.24630428,-0.705205642,-0.451377403,0.471379248,1.44050195,-0.507098291
16.6,0.352412156,0.0112907492,0.716959224,0.972423102,0.00644528805,0.0443696612,0.228873552,0.286188665,0.117358808,0.134670446,0.210133076,-0.562768436,-0.194453611,-0.770822839,-0.266955231,-0.364667448,0.809930602,-0.0712653284,-0.0674434834,0.211869087,0.940015823,0.0376216049,-0.0353284691,-0.384543127,-1.21040659,-0.713394773,-0.451339141,0.480587133,1.41097936,-0.446974961
16.6166667,0.355930452,0.00984356183,0.715535348,0.975533962,0.00323990616,0.0476625652,0.214595603,0.292799975,0.115289014,0.147691151,0.201138914,-0.567230085,-0.192648409,-0.782851487,-0.23783843,-0.345568835,0.808906055,-0.0771296928,-0.0710139332,0.195807516,0.90639094,0.0514366561,-0.0372070897,-0.357138415,-1.12211768,-0.739738495,-0.427251314,0.499244534,1.37275983,-0.354077434
16.6333333,0.359061134,0.0081370774,0.714325577,0.979275471,-0.000886821405,0.0500139611,0.196258423,0.300832434,0.111804483,0.166689453,0.195173816,-0.574033549,-0.189190861,-0.791539788,-0.197410392,-0.318766318,0.799431125,-0.0788890452,-0.07376851,0.165383414,0.851805209,0.0731547138,-0.0219022175,-0.291121325,-1.05329979,-0.77647158,-0.376177886,0.512895177,1.3515892,-0.30146777
16.65,0.361342986,0.00570728277,0.713457417,0.983361585,-0.00412701931,0.0514661458,0.174167152,0.30980909,0.102357462,0.190965772,0.189569368,-0.579437631,-0.183729915,-0.797667026,-0.152130343,-0.288295611,0.783967738,-0.0745108004,-0.0787810264,0.125016423,0.758319127,0.101920899,-0.00107273014,-0.19184832,-0.978056345,-0.810400556,-0.308403608,0.525406331,1.33441562,-0.274021954
16.6666667,0.36301086,0.00271142022,0.712701714,0.987264696,-0.00626925744,0.0519587258,0.150231182,0.321455035,0.0881037288,0.216494309,0.181605192,-0.582654043,-0.177757145,-0.802003728,-0.107336333,-0.259113991,0.768105035,-0.0664296096,-0.0870991454,0.0777301042,0.649178382,0.137468428,0.00397406442,-0.112410127,-0.87095408,-0.831924389,-0.240259347,0.555085599,1.30034502,-0.23218054
16.6833333,0.364477809,-0.000330449159,0.711402401,0.990544373,-0.00816544232,0.0516653616,0.126830049,0.336598269,0.0742152364,0.238109906,0.171978232,-0.586496002,-0.172808143,-0.806084465,-0.0660428768,-0.235346814,0.757613952,-0.0584939307,-0.0972887138,0.0263815528,0.535659322,0.177324881,-0.0244000216,-0.0917760402,-0.752250889,-0.836598055,-0.18757347,0.612925948,1.23041823,-0.176021481
16.7,0.365708662,-0.00317973568,0.709275814,0.992965294,-0.00980846987,0.0509636006,0.1064257,0.353294396,0.0636525059,0.250394884,0.162752762,-0.592651803,-0.169053412,-0.811524842,-0.0316512957,-0.218770428,0.756211165,-0.0544084313,-0.108075321,-0.0286124653,0.393428378,0.218115222,-0.0824128879,-0.0988827444,-0.650283065,-0.824326954,-0.161139271,0.685224294,1.10799272,-0.138556265
16.7166667,0.366468423,-0.0058986347,0.706624276,0.994533024,-0.0105896304,0.0493991215,0.0913873691,0.368912457,0.0594993889,0.25243649,0.157976362,-0.601261769,-0.16802794,-0.81701189,-0.00819618387,-0.210669246,0.763669727,-0.0554574474,-0.118344288,-0.0889651773,0.198341556,0.256290782,-0.15155273,-0.0674498088,-0.56651261,-0.780418939,-0.168125442,0.744741582,0.927577403,-0.153119041
16.7333333,0.366572628,-0.00848754175,0.703925558,0.995443909,-0.0103076437,0.0465024911,0.082599602,0.385659203,0.0600766085,0.247340558,0.154548902,-0.609221968,-0.169858501,-0.820004545,0.00314318269,-0.210203934,0.777452348,-0.060878619,-0.127253752,-0.152405229,-0.00267124314,0.301555212,-0.222219616,0.0307026799,-0.502303854,-0.677428645,-0.211436934,0.769576733,0.728426847,-0.200136236
16.75,0.366250185,-0.0105493076,0.701642199,0.995832542,-0.00935404085,0.0433846927,0.0796731948,0.400891017,0.0636912727,0.239793251,0.149989066,-0.614289536,-0.173330855,-0.8218324,0.0032858215,-0.217161011,0.793527313,-0.0689534322,-0.134576392,-0.213262077,-0.203633402,0.339049115,-0.302884999,0.195572077,-0.448672874,-0.510258967,-0.280278557,0.751656138,0.529233818,-0.199407885
16.7666667,0.366446679,-0.0120045656,0.69992869,0.99578182,-0.00798739196,0.0412007278,0.081592087,0.411814563,0.069032907,0.234400419,0.144653415,-0.615631668,-0.178491513,-0.8237808,-0.00589716403,-0.229954333,0.81067919,-0.0796213115,-0.140199112,-0.269483055,-0.404547454,0.351627625,-0.392542101,0.394665207,-0.383480119,-0.309344915,-0.348336627,0.681058477,0.330000441,-0.13200829
16.7833333,0.367877737,-0.0132127678,0.699010661,0.995415775,-0.00607292989,0.0404846627,0.0864381123,0.416566247,0.0734980828,0.233921127,0.138275752,-0.612090297,-0.18596441,-0.826329418,-0.0199557236,-0.243402729,0.827087508,-0.0920262996,-0.144091289,-0.321236249,-0.605415802,0.331340744,-0.482763759,0.593803681,-0.279270774,-0.108476567,-0.369510133,0.557616902,0.130728733,0.00206231958
16.8,0.370274563,-0.0146078246,0.698923285,0.994960326,-0.00341450699,0.0409054476,0.0914824294,0.416953013,0.0744245497,0.237792963,0.129687438,-0.60320778,-0.195400193,-0.828753597,-0.0325569086,-0.251438766,0.840372545,-0.103953482,-0.147048045,-0.365841484,-0.806240734,0.281844532,-0.576265924,0.792985231,-0.10839243,0.0923483646,-0.323992533,0.404378817,-0.01501577,0.201983845
16.8166667,0.372625978,-0.0166217089,0.699456474,0.994712287,-0.000251483319,0.0411167458,0.0941106571,0.41763463,0.0715516186,0.245761672,0.120133793,-0.591792627,-0.206193561,-0.829487336,-0.0377139636,-0.250997294,0.8485406,-0.112518426,-0.150483369,-0.40272065,-1.00702442,0.240159378,-0.663326101,0.992207703,0.09156547,0.293132049,-0.218698609,0.253850353,-0.0941282004,0.401909293
16.8333333,0.374328429,-0.0186491176,0.699430206,0.994822431,0.00229148399,0.0401144283,0.0933483436,0.422832452,0.0673961937,0.256434885,0.112265282,-0.58372627,-0.216622345,-0.829195012,-0.0348793434,-0.243768277,0.854762241,-0.117428224,-0.153463732,-0.435603232,-1.19047899,0.219070569,-0.69036653,1.19146905,0.291525475,0.49387655,-0.123505218,0.110141891,-0.113246719,0.60183847
16.85,0.375352258,-0.0193212821,0.698409594,0.995212057,0.00265923307,0.0388485281,0.0896475378,0.430663323,0.0638376986,0.266491389,0.109096678,-0.584035447,-0.221240679,-0.829598036,-0.0282657519,-0.235643379,0.860519517,-0.119816503,-0.153393722,-0.466872315,-1.30722967,0.212597818,-0.67058209,1.37361873,0.43042372,0.627917159,-0.085102306,-0.0070864382,-0.1382703,0.801771187
16.8666667,0.375942674,-0.0186939517,0.697364983,0.995810339,0.000659467779,0.0387940025,0.0828031372,0.433056576,0.0620152586,0.277666411,0.114966294,-0.592058557,-0.219391538,-0.831833284,-0.0150459195,-0.228236125,0.860378176,-0.117633686,-0.1528177,-0.490065344,-1.35727832,0.221450773,-0.683713975,1.48913682,0.502657197,0.695255737,-0.0834350654,-0.0576649026,-0.193888464,1.00170727
16.8833333,0.376404629,-0.0178028565,0.696732488,0.996525212,-0.00164668549,0.0388512558,0.0736571181,0.433319146,0.0568409174,0.288380865,0.123604806,-0.601397278,-0.2126828,-0.832842048,0.00225357561,-0.219787384,0.855052488,-0.112083464,-0.153344623,-0.502744439,-1.37177519,0.244393833,-0.726094301,1.53802158,0.508225813,0.728613213,-0.101234516,-0.0415926625,-0.253079102,1.14796014
16.9,0.376659505,-0.0172723647,0.696547734,0.997165819,-0.00235788466,0.0380640928,0.0648528684,0.434887153,0.0469696354,0.293903081,0.128955582,-0.606120707,-0.204158364,-0.830414411,0.0159470703,-0.210025186,0.849426037,-0.107284508,-0.154211194,-0.510579229,-1.37356214,0.273561495,-0.753869089,1.52181098,0.463365653,0.750568943,-0.113913997,-0.0138712748,-0.289525573,1.22754938
16.9166667,0.376693951,-0.0167846831,0.696552569,0.997562802,-0.00240157027,0.0371889063,0.0589887547,0.436560344,0.0377963558,0.296541908,0.130675359,-0.607880195,-0.196591692,-0.828930267,0.0245552302,-0.201339097,0.845877668,-0.103673972,-0.154239853,-0.516057663,-1.3720426,0.293580496,-0.759202889,1.50285221,0.412096637,0.76464586,-0.110749935,0.00269211681,-0.305003019,1.24047483
16.9333333,0.376836932,-0.0161786241,0.696331004,0.997680915,-0.0030166761,0.036238034,0.0575369103,0.441660636,0.0379117828,0.29719916,0.127557454,-0.606750787,-0.196606678,-0.82638897,0.0259617538,-0.19913213,0.846704613,-0.104386363,-0.152344551,-0.52329612,-1.36865607,0.303984315,-0.784955223,1.49289835,0.386917848,0.773872005,-0.0994407177,0.0132853195,-0.319333775,1.21759454
16.95,0.377044519,-0.0155965426,0.696090336,0.997615325,-0.00360969049,0.0359265366,0.0588210549,0.44461187,0.0409173281,0.296889505,0.123962597,-0.606553138,-0.1993585,-0.826603863,0.0237829078,-0.198906807,0.850561495,-0.10722313,-0.149668096,-0.529492227,-1.36902952,0.310530068,-0.839742778,1.48384472,0.387470157,0.778472852,-0.0933854828,0.0193221442,-0.334072897,1.19915483
16.9666667,0.377183216,-0.0150892476,0.695861276,0.997480523,-0.00380821002,0.0363954258,0.0607739833,0.444858218,0.0430845502,0.294524447,0.121607393,-0.607176012,-0.199669903,-0.828879303,0.0213488995,-0.19727456,0.85469798,-0.109742828,-0.146731515,-0.533070343,-1.37295524,0.314469043,-0.906010649,1.47307927,0.396242529,0.775753381,-0.0928994882,0.0210254372,-0.337304667,1.19591126
16.9833333,0.37720854,-0.0146625768,0.695786321,0.997318345,-0.00386703167,0.0371855588,0.0629158139,0.443651368,0.0445573522,0.290095562,0.119804057,-0.607341019,-0.19856958,-0.831444885,0.0196311766,-0.194161119,0.85720464,-0.110989547,-0.143571645,-0.535570563,-1.37851133,0.31490015,-0.953218047,1.46648952,0.397264605,0.765757944,-0.0911040888,0.0194107069,-0.325989064,1.20569092
17,0.377152019,-0.014322942,0.695895078,0.997145005,-0.00381064962,0.0379520492,0.0651687055,0.441698033,0.0460407285,0.28541455,0.118903439,-0.606917666,-0.197832537,-0.83354209,0.0179300664,-0.190712719,0.858387614,-0.111330042,-0.140432277,-0.538484135,-1.38380033,0.31261832,-0.967655116,1.46647534,0.388342799,0.755072367,-0.087980033,0.0171764332,-0.315427772,1.21803164
17.0166667,0.377211786,-0.0140377917,0.695967117,0.99699255,-0.00354004175,0.0384263656,0.0672066732,0.439968273,0.047314121,0.283270316,0.119241666,-0.606290137,-0.198059581,-0.834643991,0.0154367463,-0.188689507,0.859688708,-0.111995419,-0.138006305,-0.541081534,-1.38575765,0.309920232,-0.963710154,1.46760143,0.377661324,0.750880181,-0.0868250768,0.0192892407,-0.316432648,1.22140617
17.0333333,0.377397614,-0.0137752643,0.695912924,0.996880106,-0.00301135628,0.0389996878,0.0685566247,0.437818795,0.0474019997,0.283133388,0.120648993,-0.606140084,-0.198195706,-0.836446615,0.0125301388,-0.187713022,0.862084815,-0.113340601,-0.136603013,-0.542877495,-1.38983838,0.308393971,-0.961361026,1.46740146,0.371187507,0.750097474,-0.0881928506,0.0265670324,-0.323061866,1.21529307
17.05,0.377594456,-0.0135184821,0.695775849,0.996825527,-0.00231387213,0.0399132311,0.0688509104,0.435036192,0.0457647465,0.282759162,0.122438492,-0.606653609,-0.197093338,-0.839637266,0.0105118463,-0.186369784,0.864787369,-0.114504828,-0.135993128,-0.543001978,-1.39861201,0.307095537,-0.970337903,1.46777619,0.367692291,0.747209501,-0.0908165957,0.0348793971,-0.324409155,1.20524659
17.0666667,0.377829857,-0.0132458865,0.695607016,0.996826149,-0.00155998338,0.040851387,0.0683107485,0.432935403,0.0429008667,0.28159432,0.123309586,-0.607070023,-0.195790376,-0.84288518,0.00977996691,-0.184297006,0.867270317,-0.115462516,-0.13583111,-0.541583491,-1.40736402,0.305277174,-0.985113254,1.4686916,0.365975885,0.743468329,-0.0948616964,0.040842002,-0.321092478,1.19839637
17.0833333,0.378116622,-0.0129941202,0.695417877,0.996842384,-0.00081854996,0.0418214072,0.067494905,0.431421698,0.0397285785,0.281111848,0.123205867,-0.606960798,-0.195376293,-0.846243685,0.00975097481,-0.181992719,0.869619297,-0.116288403,-0.136025617,-0.539872272,-1.41447955,0.303481,-0.998321876,1.46846638,0.368280304,0.739291836,-0.0992218715,0.0440856437,-0.314760748,1.19949824
17.1,0.378437716,-0.0127908351,0.695246806,0.996837182,-2.82307691e-05,0.0427928385,0.0669657004,0.430008662,0.0370592406,0.281541615,0.122794461,-0.606286287,-0.195959515,-0.849549817,0.00926962105,-0.180428775,0.872234218,-0.117536713,-0.136419896,-0.539132215,-1.42116566,0.3017564,-1.00494981,1.46853009,0.369600025,0.735839672,-0.102435858,0.0456365501,-0.309396545,1.20621567
17.1166667,0.378845052,-0.0125827817,0.695188722,0.996797064,0.000934425119,0.0435112918,0.0670932727,0.429259865,0.0347467291,0.28130606,0.121778398,-0.604051278,-0.19758363,-0.851607194,0.00577967795,-0.180155576,0.876184645,-0.12055985,-0.136005111,-0.540410164,-1.42683867,0.30024387,-1.00870856,1.46825995,0.370840763,0.736761793,-0.104726208,0.0470040871,-0.312014409,1.20764804
17.1333333,0.379354156,-0.0124045995,0.69515523,0.996741193,0.00180427547,0.0442274615,0.0674364196,0.428838614,0.0330774789,0.280708712,0.120290669,-0.601634069,-0.200267256,-0.853731807,0.00244401221,-0.179739775,0.880123778,-0.123558522,-0.13530985,-0.542284162,-1.43041462,0.297869658,-1.01000886,1.46786669,0.372138191,0.738640304,-0.105306378,0.048601363,-0.31661901,1.20503778
17.15,0.379900785,-0.0123429923,0.69518321,0.99669791,0.002421833,0.0451145563,0.0674691548,0.428323352,0.031867696,0.27982726,0.118658558,-0.59875631,-0.204015961,-0.855680907,0.00101574893,-0.178688576,0.882477394,-0.125564145,-0.134936869,-0.543152833,-1.43347913,0.2954368,-1.01064469,1.46754451,0.372599021,0.738865387,-0.105251047,0.0497588422,-0.318988161,1.20371209
17.1666667,0.380487765,-0.0124072737,0.6952946,0.996670621,0.00292585808,0.0461138392,0.0671760843,0.427813466,0.0306393498,0.279308679,0.117011683,-0.595097168,-0.208373068,-0.857686268,0.00111883862,-0.176728734,0.883879794,-0.126893037,-0.134752176,-0.542821413,-1.43723118,0.294003716,-1.01254911,1.46678279,0.37258601,0.738015316,-0.105136038,0.0497616425,-0.320566643,1.20541944
17.1833333,0.381169385,-0.0125500234,0.695394726,0.996655013,0.00346591429,0.0473363123,0.0665285318,0.42723813,0.0286799767,0.279517476,0.115289173,-0.590506144,-0.212605645,-0.859983025,0.00226158306,-0.174369471,0.884997872,-0.128076287,-0.135094514,-0.541317499,-1.44135511,0.293418454,-1.01490568,1.46561092,0.370817404,0.737092059,-0.104864612,0.0495010855,-0.322861689,1.2090219
17.2,0.382053533,-0.0127798992,0.695482555,0.996624826,0.00394973112,0.0486613336,0.0659956872,0.426716981,0.0265223944,0.280166533,0.11315505,-0.58561119,-0.215714307,-0.862956824,0.00385156554,-0.171383919,0.886539082,-0.129288084,-0.13542994,-0.539456566,-1.44334825,0.29260126,-1.01472442,1.46386583,0.366715599,0.737171645,-0.104614065,0.0498826354,-0.326090562,1.21400132
17.2166667,0.383233454,-0.0131414732,0.695763419,0.996545957,0.00429203302,0.0497458089,0.0663557713,0.426601373,0.0275470953,0.278817729,0.111348796,-0.578613832,-0.219891062,-0.863817398,0.00318095908,-0.17060749,0.88823855,-0.131990193,-0.135056672,-0.539525829,-1.44167572,0.291369834,-1.0110195,1.46206666,0.358500136,0.739102208,-0.104581738,0.0518005938,-0.328202451,1.21859671
17.2333333,0.384625894,-0.0137012771,0.696233473,0.996428673,0.00457411921,0.0510482961,0.0671047526,0.426187109,0.0291315206,0.276010152,0.108857411,-0.569859427,-0.225451714,-0.864624476,0.00263090453,-0.170383157,0.889260384,-0.13478917,-0.135089668,-0.539064802,-1.4399267,0.29043498,-1.00541373,1.46045396,0.341632456,0.73962499,-0.103926001,0.0535296993,-0.327046115,1.2200881
17.25,0.386199854,-0.0145433359,0.696703947,0.996273897,0.00463042112,0.0529783111,0.0678983069,0.424542378,0.0330112336,0.273357754,0.107081635,-0.560588614,-0.23272605,-0.866407857,0.00391400937,-0.170463912,0.889255007,-0.137014984,-0.135956735,-0.537074801,-1.43952625,0.288483734,-0.997647288,1.45908055,0.315198541,0.735611755,-0.10194848,0.0559675575,-0.32120309,1.21733327
17.2666667,0.388014214,-0.0155593778,0.697303686,0.996067832,0.00483822464,0.0551842029,0.0691387714,0.422393842,0.0370519466,0.270944419,0.105324602,-0.548967419,-0.240564274,-0.868824319,0.00526232747,-0.170091539,0.889443142,-0.139560983,-0.137065361,-0.533580092,-1.43951704,0.284925407,-0.985932715,1.45864728,0.281022832,0.727436218,-0.0991153021,0.0589320279,-0.31136083,1.2106178
17.2833333,0.3901694,-0.0166533269,0.698261056,0.995799486,0.00560980411,0.0571624667,0.071304743,0.421569541,0.0410352338,0.266713605,0.101949231,-0.53057024,-0.247980047,-0.869406806,0.00313894209,-0.170228675,0.890809045,-0.144304675,-0.137234507,-0.529978956,-1.43707544,0.280221569,-0.970967128,1.45775534,0.245320112,0.717562056,-0.0985406404,0.0614314877,-0.298847689,1.20085623
17.3,0.392805115,-0.0179202941,0.699523464,0.99547763,0.00681151253,0.0589913871,0.0741478732,0.422425738,0.0454033369,0.262144775,0.096492119,-0.504910398,-0.255231244,-0.869072198,-0.000261478216,-0.170168922,0.893067495,-0.150527964,-0.137232732,-0.525006422,-1.43105785,0.274818868,-0.952695272,1.45462897,0.209181287,0.704508154,-0.101736787,0.0634262094,-0.281150404,1.18426747
17.3166667,0.39610858,-0.0194072207,0.701154703,0.995118861,0.00833605115,0.0606553629,0.0773943721,0.423378734,0.0493094332,0.258550632,0.0909685171,-0.474883844,-0.263948615,-0.866794245,-0.00387430094,-0.170385165,0.894910031,-0.157833789,-0.137855718,-0.517510928,-1.41998224,0.268566632,-0.932924128,1.44787446,0.172681048,0.676221421,-0.110277345,0.0664120644,-0.245356504,1.14628056
17.3333333,0.400197154,-0.0210662204,0.703258061,0.994722928,0.010155059,0.0621514835,0.080996082,0.419914879,0.0539870792,0.255741805,0.095338175,-0.443521003,-0.274226368,-0.862404019,-0.00763722832,-0.171640858,0.895832887,-0.166180125,-0.139547966,-0.506414771,-1.40575434,0.259173589,-0.910347931,1.43922364,0.133299615,0.608848291,-0.129378694,0.0732245051,-0.175256984,1.07763432
17.35,0.40489216,-0.0227829306,0.705902052,0.994308097,0.0120513428,0.0637088533,0.0845420279,0.410977515,0.0599336131,0.255437764,0.11174602,-0.408724395,-0.285398735,-0.856009598,-0.0105081003,-0.1737517,0.893586617,-0.17379589,-0.142220687,-0.489544421,-1.38823355,0.245263175,-0.886870287,1.42980665,0.0908831792,0.483080325,-0.162252487,0.089557789,-0.0623491492,0.982135514
17.3666667,0.40999738,-0.0245736392,0.70907283,0.993945774,0.0136300632,0.0653158473,0.0872918126,0.3981588,0.0672903411,0.258611039,0.137409806,-0.367202467,-0.298737815,-0.847209204,-0.0108869223,-0.176001525,0.886765789,-0.179610939,-0.145677508,-0.466948533,-1.36566324,0.22836788,-0.862092081,1.41973832,0.0458684868,0.305922555,-0.202505947,0.11615351,0.0793807897,0.863305225
17.3833333,0.415631038,-0.0266493421,0.712916735,0.993703966,0.0146654483,0.0664306356,0.0890186695,0.380843513,0.0771284824,0.261767229,0.17649309,-0.31975629,-0.316833575,-0.834878535,-0.00852769701,-0.178748186,0.875670697,-0.183889772,-0.149553452,-0.441365434,-1.33646902,0.211084656,-0.832437745,1.41107298,-0.00373887207,0.122321288,-0.234589734,0.154741196,0.215990873,0.741984221
17.4,0.421775989,-0.0288914627,0.717220702,0.993532605,0.0156935318,0.0665554833,0.0906479053,0.354525874,0.0886557807,0.25916237,0.237920075,-0.268482564,-0.336105174,-0.818339345,-0.00874487366,-0.183172935,0.863936091,-0.189487598,-0.151968277,-0.419061694,-1.30078249,0.197990016,-0.795018264,1.4056508,-0.0610166659,-0.0328935813,-0.259641299,0.210891792,0.318118342,0.65167589
17.4166667,0.428198224,-0.0309629014,0.721484483,0.993386331,0.0170572773,0.065844002,0.0925052093,0.319002199,0.0998100186,0.249828227,0.317700907,-0.210185886,-0.349758398,-0.7984886,-0.0122758381,-0.189277947,0.852288571,-0.196800519,-0.153164377,-0.400827349,-1.25945054,0.188241929,-0.744851945,1.40350414,-0.129358957,-0.152226587,-0.278689568,0.271277373,0.369226664,0.600391967
17.4333333,0.434868724,-0.032759224,0.7248982,0.993354878,0.0177943624,0.0645021168,0.0936425287,0.277083725,0.11182394,0.240128058,0.408239776,-0.142738848,-0.352105291,-0.77537094,-0.0123378802,-0.19432862,0.837270382,-0.202808379,-0.154572201,-0.379998475,-1.21301329,0.169844528,-0.684679064,1.40618507,-0.204617549,-0.248020677,-0.292142657,0.334809637,0.38816835,0.566318682
17.45,0.441942589,-0.0343210947,0.727606986,0.993469293,0.0173113201,0.0624447616,0.0939134347,0.23059283,0.131566996,0.23573293,0.506455902,-0.0632082412,-0.344417479,-0.747651936,-0.0066339784,-0.19866463,0.816099996,-0.20599269,-0.15612048,-0.353889638,-1.16447575,0.139104326,-0.622627698,1.41457393,-0.279698281,-0.333771229,-0.301353967,0.402383229,0.402133422,0.523115718
17.4666667,0.449477579,-0.0356976657,0.731883878,0.993640621,0.016414301,0.0596164801,0.0940997439,0.182689986,0.154197958,0.236147038,0.60797083,0.0212628593,-0.320192268,-0.715221591,0.00105150273,-0.201112862,0.790300111,-0.207307386,-0.15697593,-0.324725457,-1.11309398,0.103664328,-0.563890891,1.42415652,-0.351403422,-0.412612515,-0.311814107,0.476256199,0.418037784,0.46931911
17.4833333,0.457282889,-0.0370775856,0.736583444,0.99374618,0.015280769,0.0564290542,0.0951356352,0.133622063,0.180153201,0.236706333,0.706043839,0.0965711295,-0.271221437,-0.679872894,0.00923661427,-0.204354843,0.760697214,-0.207103211,-0.157474817,-0.296345042,-1.0548024,0.0673262087,-0.513722864,1.42706813,-0.41584918,-0.485686447,-0.320738388,0.557298262,0.426683663,0.415043146
17.5,0.464775476,-0.0384929134,0.74152993,0.993716357,0.0142468703,0.0537729346,0.0971251784,0.0838775818,0.201055044,0.23597797,0.788591859,0.145924819,-0.204200631,-0.645271131,0.0165704369,-0.208316727,0.729205814,-0.205546508,-0.158197404,-0.270069834,-0.987517259,0.0339255086,-0.473989567,1.41656091,-0.468736472,-0.561629981,-0.31643889,0.639768492,0.435824607,0.365987312
17.5166667,0.471340168,-0.0401391303,0.745840469,0.99351954,0.0133198523,0.0526443504,0.099850272,0.03266354,0.21638164,0.237621187,0.851522618,0.1580293,-0.144167314,-0.617868939,0.0228831319,-0.213605757,0.700184632,-0.202974789,-0.160141767,-0.249101641,-0.92749366,0.0102041368,-0.444587516,1.40193954,-0.516168301,-0.651875903,-0.288842644,0.72408351,0.457807378,0.322133666
17.5333333,0.477127841,-0.0421279243,0.749035644,0.993152944,0.0122442125,0.0527030875,0.103535954,-0.0163182436,0.233797826,0.246377909,0.893901459,0.138370702,-0.107447096,-0.599016925,0.0273127653,-0.222033483,0.675685458,-0.199271565,-0.162358558,-0.233611605,-0.874683942,0.00104226308,-0.429841346,1.38121043,-0.562465761,-0.748762288,-0.245577076,0.807472221,0.485896877,0.284560979
17.55,0.482687037,-0.0442193152,0.752424334,0.992663041,0.0113714262,0.0527092427,0.108224365,-0.0620621476,0.249386886,0.261031691,0.918017547,0.105523623,-0.0922665054,-0.578926671,0.0280971068,-0.234107598,0.651409666,-0.196383282,-0.163525225,-0.222147622,-0.818032099,0.000463113968,-0.423495535,1.34861002,-0.611818753,-0.840147308,-0.193624105,0.886051217,0.511880934,0.247954835
17.5666667,0.488226803,-0.0463923568,0.756085603,0.992129681,0.0102494525,0.0523024123,0.113305353,-0.103536743,0.26430786,0.280743735,0.924880101,0.0741396317,-0.0900834381,-0.555726754,0.0307666137,-0.247090542,0.623336445,-0.19161632,-0.164603033,-0.211354792,-0.758633873,0.000600146311,-0.420334868,1.30795002,-0.664577815,-0.91874535,-0.133213641,0.953043973,0.534207863,0.209236247
17.5833333,0.493929509,-0.0484902062,0.75978655,0.991530664,0.00863333903,0.0513902849,0.118959854,-0.137343226,0.280881485,0.303561415,0.913998844,0.0487417567,-0.0963881818,-0.530534403,0.0329315407,-0.260415611,0.595015697,-0.185839665,-0.16305088,-0.201776429,-0.699528629,0.000542648888,-0.418183027,1.26428736,-0.720900625,-0.981486228,-0.0729780899,1.01059842,0.544413206,0.171072208
17.6,0.499792512,-0.0501995867,0.763472235,0.990768897,0.00659274013,0.0503814189,0.125679118,-0.16709823,0.295890005,0.32477185,0.889582362,0.0246530398,-0.108567263,-0.505363233,0.0376360563,-0.269650174,0.566303822,-0.177212423,-0.159574449,-0.192715846,-0.643018538,0.000439192925,-0.421891333,1.21569496,-0.779044444,-1.02154294,-0.0287134737,1.06361407,0.527551931,0.132147933
17.6166667,0.505446628,-0.051323953,0.767088777,0.989765174,0.00412683759,0.0498303573,0.133659288,-0.195706227,0.308216046,0.341452517,0.85590713,-0.00676991579,-0.124135138,-0.482005791,0.0458643869,-0.270885119,0.536326634,-0.165222832,-0.154952958,-0.183465301,-0.593202848,0.000380801236,-0.440473165,1.16333142,-0.837919686,-1.05517567,-0.00482429422,1.10942635,0.491563145,0.0999333307
17.6333333,0.510730083,-0.0518754583,0.770377301,0.988568547,0.00128952529,0.0495454472,0.142393169,-0.221853776,0.317613433,0.354987636,0.81297723,-0.0471360624,-0.144569524,-0.460104639,0.055733958,-0.26853781,0.506006407,-0.152121195,-0.149570454,-0.173209851,-0.55236056,0.00035834876,-0.470906291,1.11051742,-0.897265677,-1.08691637,0,1.15000695,0.441493725,0.076649004
17.65,0.515643051,-0.051958236,0.773196116,0.987247089,-0.00157587717,0.0493163746,0.151355859,-0.243539725,0.323339986,0.367113883,0.756468933,-0.083276797,-0.166916637,-0.439778357,0.0653147927,-0.266266208,0.477722772,-0.140587001,-0.143591895,-0.162747553,-0.520608223,0.000340817072,-0.506287051,1.05976534,-0.952087283,-1.11582031,0,1.18673344,0.387972023,0.0535549915
17.6666667,0.520171973,-0.0515801422,0.775404104,0.985809396,-0.00394952211,0.0492874375,0.160421271,-0.259818032,0.323568864,0.377752537,0.685687452,-0.102401809,-0.185236596,-0.424509006,0.0705955376,-0.264986363,0.457532396,-0.132492812,-0.136416103,-0.153569465,-0.491184435,0.000323781128,-0.53834206,1.00356527,-0.997132793,-1.14145929,-0.000175046021,1.22149526,0.337950811,0.0211068871
17.6833333,0.524342123,-0.0508257116,0.777254032,0.984346467,-0.00596584925,0.0491841009,0.169137119,-0.269102313,0.320360682,0.387916074,0.604134895,-0.101434962,-0.193845214,-0.411074434,0.07419769,-0.264271161,0.441850279,-0.127584982,-0.129097444,-0.144998195,-0.468604149,0.000307387471,-0.564592087,0.952115452,-1.03951834,-1.16490031,-0.000117082834,1.24892016,0.294386695,-0.0101166276
17.7,0.528206985,-0.0497057836,0.778800696,0.982978866,-0.00751933657,0.0486727126,0.17699428,-0.270537265,0.314657184,0.399225113,0.517199548,-0.0836334474,-0.188948668,-0.397697596,0.0768844179,-0.264129865,0.4284575,-0.125187791,-0.122923683,-0.135938649,-0.454322022,0.000291897625,-0.586528005,0.910355948,-1.08276178,-1.18539405,-3.3101239e-05,1.26767482,0.257859131,-0.0311175547
17.7166667,0.53185609,-0.0482631939,0.780070834,0.981814115,-0.00895906085,0.047829536,0.183502353,-0.266060862,0.30856533,0.41229961,0.432551737,-0.0544338859,-0.171903812,-0.38495108,0.0789388976,-0.264506446,0.418038122,-0.124781432,-0.11798515,-0.125736595,-0.444422591,0.00027728344,-0.603038369,0.876617281,-1.12690712,-1.20311801,-1.06824308e-26,1.27897462,0.227432563,-0.0411729065
17.7333333,0.53526966,-0.0466386551,0.780648261,0.980958417,-0.0111692456,0.0468082257,0.188161691,-0.260820338,0.30981282,0.426956801,0.358817433,-0.015630903,-0.157624308,-0.374018534,0.0834736469,-0.264932458,0.410240362,-0.125007044,-0.113472621,-0.112949879,-0.43733541,0.00026342903,-0.615213245,0.848574289,-1.16570879,-1.22001217,1.06399641e-20,1.28190327,0.202332226,-0.0418205676
17.75,0.53838986,-0.0446619273,0.781036904,0.980399464,-0.0133473888,0.0452309587,0.191292705,-0.250047731,0.31132442,0.443790352,0.29138765,0.0272884271,-0.156309516,-0.363257715,0.087703089,-0.265210471,0.405219874,-0.126889914,-0.109591802,-0.0994796297,-0.436253941,0.000174359684,-0.623156194,0.8240014,-1.19624817,-1.23416287,-9.86520464e-06,1.27872299,0.183628205,-0.0410856499
17.7666667,0.541200031,-0.0422749432,0.781303972,0.980038143,-0.0148561297,0.0430241217,0.193528959,-0.233396296,0.310537964,0.463445773,0.230238332,0.0688725254,-0.166100867,-0.351912939,0.090240514,-0.266536707,0.402619371,-0.130745527,-0.106388961,-0.0873960472,-0.443459704,9.15959591e-05,-0.623732638,0.806144124,-1.21982104,-1.24133421,-1.18810264e-05,1.26940288,0.168720215,-0.0444049884
17.7833333,0.543602574,-0.039705463,0.781438618,0.979682372,-0.0159395667,0.0407211869,0.195729827,-0.215400305,0.308239663,0.486329708,0.178963922,0.104092603,-0.17921651,-0.342083168,0.0908579624,-0.269531132,0.402701119,-0.135995893,-0.103775702,-0.0797098789,-0.46115535,2.71569001e-05,-0.614032527,0.798399854,-1.23569877,-1.25094468,-1.63011991e-19,1.25949189,0.1574057,-0.0432567848
17.8,0.54569689,-0.0370457746,0.781522614,0.979056354,-0.0166937842,0.0383101001,0.199254382,-0.198933221,0.304705575,0.508883841,0.139305729,0.129231357,-0.188095262,-0.334526396,0.0894331626,-0.275408094,0.405882148,-0.141092706,-0.101028746,-0.07883363,-0.485928185,5.81087152e-06,-0.59433986,0.800489288,-1.24564293,-1.26054107,-7.06907169e-07,1.24822379,0.149001651,-0.032019675
17.8166667,0.54788087,-0.0341634758,0.781729153,0.977814725,-0.0168724903,0.0352101989,0.20580069,-0.185224746,0.299092612,0.526949964,0.112684214,0.142631697,-0.18874366,-0.325508072,0.0855336636,-0.285067364,0.4102191,-0.14699229,-0.097661849,-0.085676411,-0.504858278,6.86114602e-05,-0.571089182,0.798464845,-1.25557869,-1.26020137,-0.000281824463,1.23305237,0.140932439,-0.00977148091
17.8333333,0.550400086,-0.0310255087,0.782175077,0.97553489,-0.0159886254,0.0311209188,0.217042692,-0.175160172,0.289849692,0.534298556,0.0984170948,0.146698563,-0.184618699,-0.310296303,0.0786270274,-0.29868777,0.4118259,-0.156438988,-0.0940259546,-0.10064585,-0.513349129,0.000985909461,-0.549688393,0.776858073,-1.27855094,-1.24161462,-0.00105130462,1.21411335,0.13096889,0.0200280521
17.85,0.553203338,-0.027836509,0.782824147,0.971693746,-0.0134730878,0.0262014853,0.234399708,-0.168903002,0.275051311,0.526505003,0.0918774565,0.147968206,-0.178352274,-0.287976618,0.0680892488,-0.316996568,0.409323046,-0.170808428,-0.0912942557,-0.123618648,-0.516440414,0.00353703502,-0.536527348,0.737574524,-1.31595968,-1.20050399,-0.00178885625,1.19316441,0.117645878,0.0439160292
17.8666667,0.556094832,-0.0247797129,0.783577442,0.965624552,-0.00903518221,0.0203702725,0.258983864,-0.16622534,0.254204427,0.503032783,0.0889532217,0.152202201,-0.170237779,-0.261588329,0.0540786379,-0.340692626,0.405612715,-0.188788672,-0.0904054086,-0.154105911,-0.524663248,0.00844813003,-0.535111548,0.693396954,-1.35169172,-1.1274072,-0.00154445465,1.16810545,0.100595347,0.0294087351
17.8833333,0.558955011,-0.0217940125,0.78454932,0.95640734,-0.00325124364,0.0129913936,0.291728731,-0.16517041,0.228176131,0.469356989,0.0865680116,0.163792132,-0.159049474,-0.226337047,0.0402929961,-0.36788497,0.396285714,-0.207969909,-0.091191771,-0.190604399,-0.544816119,0.0162653821,-0.547608322,0.655843022,-1.345105,-0.995716384,-0.00705201802,1.12919904,0.0712102039,-0.0518937828
17.9,0.561656744,-0.0184724915,0.785894552,0.94293732,0.00251354446,0.00442630522,0.332931376,-0.167191695,0.200428177,0.434214329,0.0850754715,0.184331724,-0.144193164,-0.179204167,0.0317445904,-0.39105766,0.377344709,-0.224527309,-0.0905369116,-0.228716055,-0.591092455,0.0267994513,-0.581096329,0.628484109,-1.27196097,-0.797876497,-0.0756916286,1.05938085,-0.00303873013,-0.194015139
17.9166667,0.563980836,-0.0143219631,0.787613724,0.924303206,0.00750310964,-0.00326971391,0.381571219,-0.171095662,0.166509956,0.404080878,0.0758848576,0.210984432,-0.126172255,-0.120065785,0.0278071228,-0.394110891,0.351155452,-0.240032046,-0.0818571317,-0.263264525,-0.669807659,0.0474844888,-0.637127545,0.637458537,-1.13259964,-0.618780171,-0.197734596,0.916116006,-0.163871808,-0.269781634
17.9333333,0.565941774,-0.00951231779,0.788741403,0.900640097,0.0114948778,-0.00753910797,0.434348301,-0.1785748,0.124140878,0.375496569,0.0568516718,0.237275587,-0.104373864,-0.048272756,0.0244534957,-0.356325813,0.318994423,-0.261873176,-0.0612882657,-0.292743328,-0.799082723,0.0701164062,-0.708203702,0.693131506,-0.934118496,-0.448200259,-0.316595047,0.706256451,-0.362138445,-0.278191766
17.95,0.567860534,-0.00450343348,0.78824709,0.874048542,0.0141248462,-0.00683033319,0.485585195,-0.195630596,0.0810059184,0.340986611,0.0390696252,0.257645653,-0.0824055778,0.0343075896,0.0210104749,-0.278176805,0.270764763,-0.287340419,-0.0362552068,-0.314562995,-1.0503811,0.0971436668,-0.7601656,0.739084439,-0.732090082,-0.196901894,-0.428940379,0.513012487,-0.409418784,-0.21951705
17.9666667,0.570385098,0.000345222849,0.786437048,0.848492954,0.0149759188,-0.000653232189,0.528994331,-0.224214826,0.0453769032,0.300867607,0.0316079844,0.270662484,-0.0645098317,0.104042289,0.0192455497,-0.193634094,0.211869433,-0.304456346,-0.0225831723,-0.329039514,-1.25213606,0.104060488,-0.846200483,0.767734467,-0.531693723,0.00485632244,-0.427607545,0.318984668,-0.431038937,-0.094038969
17.9833333,0.574419056,0.00479934999,0.785070002,0.828137438,0.0152329146,0.011108338,0.560207949,-0.255842478,0.0181164201,0.265249842,0.0262688322,0.279147763,-0.051906862,0.134195517,0.0120382266,-0.141287149,0.176824115,-0.319321183,-0.0209456374,-0.336095311,-1.4542963,0.154446413,-0.925714073,0.75380283,-0.331211402,0.207025489,-0.359287232,0.126540526,-0.385227001,0.0981973493
18,0.579806798,0.00912324456,0.784856321,0.814704196,0.0218772832,0.0241350556,0.578961101,-0.268620604,-0.0105542263,0.244760149,0.0141477958,0.287102371,-0.0444955646,0.140427969,-0.01509762,-0.129551585,0.182537734,-0.345828635,-0.0190868838,-0.32751787,-1.6043602,0.272955893,-0.99868971,0.673945586,-0.130787602,0.408923946,-0.224583592,-0.014965542,-0.331852588,0.298659262
18.0166667,0.585318167,0.0136861067,0.785404898,0.807159841,0.0395736727,0.032938312,0.588083313,-0.244037989,-0.0520772515,0.238935838,0.00369366058,0.293687924,-0.0444450754,0.162062042,-0.0614821669,-0.141060478,0.200435345,-0.374237418,-0.0136184709,-0.306360231,-1.68721499,0.460817635,-1.05348791,0.528802645,0.0695224131,0.610290795,-0.131235371,-0.103785128,-0.290538543,0.498998952
18.0333333,0.589869863,0.0178240968,0.787374831,0.803820667,0.0593424093,0.040226428,0.590535899,-0.21232238,-0.0947540468,0.238448687,1.09457091e-24,0.296562959,-0.049822803,0.179778615,-0.10879671,-0.152758827,0.220465526,-0.395851415,-0.00938257606,-0.276187796,-1.69950347,0.653950295,-1.09218443,0.325521732,0.269715604,0.747149327,-0.0869614696,-0.169522276,-0.258471888,0.699213186
18.05,0.593032555,0.0206684574,0.789608048,0.803460164,0.0719821955,0.0494937653,0.588914845,-0.19716365,-0.127544476,0.238612665,0,0.29743208,-0.0590660546,0.176092413,-0.14215042,-0.152420917,0.238022193,-0.407775005,-0.0104528864,-0.240660204,-1.7,0.816627942,-1.09429923,0.150408167,0.469813734,0.816897403,-0.0614078216,-0.208152715,-0.248892513,0.899325282
18.0666667,0.594880969,0.0223633238,0.791725766,0.804872502,0.0772068555,0.059565586,0.585381327,-0.19671497,-0.149308521,0.23800201,0.000116723394,0.296976104,-0.0716359547,0.159551342,-0.160939159,-0.144830137,0.244422242,-0.408859945,-0.013624338,-0.203786183,-1.6997147,0.914238274,-1.05122464,0.0427793766,0.669845759,0.833030384,-0.0588565492,-0.212080955,-0.265757253,1.05391159
18.0833333,0.596186062,0.0237271103,0.793321245,0.80680116,0.0781651113,0.0692710612,0.581518378,-0.204539212,-0.160144795,0.237196314,7.80705317e-05,0.293147723,-0.082713341,0.142557561,-0.174193546,-0.141140854,0.241953494,-0.40629645,-0.0126144187,-0.168431896,-1.69986307,0.957444008,-0.97456886,-0.0335486494,0.869838218,0.829405995,-0.0751449503,-0.194362813,-0.297415666,1.14178855
18.1,0.59768609,0.0253779897,0.794487615,0.808246257,0.0773434535,0.0788162088,0.578397773,-0.215536576,-0.165996733,0.236962212,2.21060116e-05,0.28646307,-0.0904183053,0.128480192,-0.186072215,-0.143268429,0.235984091,-0.404744106,-0.00859535866,-0.1371032,-1.69999637,1.00330755,-0.877763432,-0.137086378,1.06981119,0.825107924,-0.094203684,-0.175671298,-0.315929765,1.16297766
18.1166667,0.599370858,0.0270475755,0.795221036,0.808783796,0.0758114724,0.0876156943,0.576580334,-0.227242145,-0.169627362,0.235808054,1.12051716e-07,0.280052496,-0.0957521646,0.115714428,-0.195144788,-0.146701268,0.230935467,-0.404399019,-0.00545151419,-0.112945359,-1.69999999,1.05121534,-0.782558333,-0.245952351,1.20311099,0.822778495,-0.105888723,-0.172002748,-0.313252533,1.16036993
18.1333333,0.600800791,0.0285433388,0.79557871,0.808331875,0.0739444753,0.0945432727,0.576362181,-0.238027025,-0.171694252,0.232849318,0,0.276683143,-0.0993633344,0.104805735,-0.198943033,-0.14822737,0.227417518,-0.404030127,-0.0056626269,-0.0968181039,-1.69997144,1.08404006,-0.714081969,-0.325411663,1.26974448,0.823966008,-0.112147437,-0.175466816,-0.298056361,1.16039157
18.15,0.601673162,0.0302375256,0.795611388,0.806944497,0.0722768297,0.0993625884,0.57770556,-0.245491162,-0.173992081,0.229600716,6.69329518e-07,0.274581779,-0.10097975,0.0992415803,-0.200072528,-0.14910719,0.22282827,-0.403318519,-0.00666089395,-0.0881273061,-1.69997477,1.1042004,-0.683131939,-0.363852624,1.26971407,0.831311322,-0.113611915,-0.17752133,-0.285910363,1.15881893
18.1666667,0.602115146,0.0322147985,0.79537841,0.804787434,0.0712456761,0.102618566,0.580267756,-0.248765545,-0.178205588,0.227375797,4.51511469e-07,0.271709135,-0.10033197,0.101562041,-0.201124645,-0.15129452,0.213681978,-0.401522836,-0.00670937161,-0.0854657004,-1.69999823,1.11410098,-0.677061519,-0.375056841,1.24986228,0.84341936,-0.11065239,-0.176540164,-0.284950133,1.15168253
18.1833333,0.602242753,0.0342757745,0.795218627,0.802127472,0.0705715819,0.10509626,0.583580283,-0.250356413,-0.183910423,0.224239128,1.28950574e-07,0.268066305,-0.0975071689,0.1083087,-0.201202633,-0.154688969,0.200263709,-0.3980493,-0.00684281041,-0.0862552197,-1.69999951,1.11261379,-0.680302129,-0.374111337,1.24030812,0.856209811,-0.106552515,-0.172226228,-0.292627525,1.14309667
18.2,0.602095163,0.0363493128,0.795070833,0.799277704,0.0695998032,0.107363278,0.58718323,-0.252927331,-0.19048949,0.218593141,2.35543985e-29,0.265309573,-0.0929487102,0.116195693,-0.200544063,-0.158717689,0.184091194,-0.393032915,-0.00704878748,-0.0880853826,-1.7,1.10250075,-0.685174013,-0.369171322,1.2414559,0.865860339,-0.104077655,-0.164049591,-0.300386638,1.13250408
18.2166667,0.601844688,0.0385001882,0.794904992,0.796511583,0.0677582912,0.109653195,0.590723529,-0.258775032,-0.193305954,0.211858647,6.92583143e-09,0.265103826,-0.0899327345,0.123171611,-0.197308163,-0.163244852,0.164494191,-0.385524589,-0.00767726282,-0.0886812981,-1.7,1.08992652,-0.687872777,-0.365670667,1.24534882,0.868035815,-0.103676792,-0.149633382,-0.30106414,1.11379102
18.2333333,0.60148302,0.0409627355,0.794688207,0.793803889,0.0655721052,0.112164239,0.594133713,-0.264817498,-0.196219905,0.204910862,8.51051639e-08,0.264542883,-0.0878111279,0.13025375,-0.193994737,-0.168547163,0.142868431,-0.377077651,-0.00796449711,-0.0875377112,-1.69999998,1.07873495,-0.687406171,-0.365109334,1.24489056,0.860710431,-0.105767645,-0.128991496,-0.287056866,1.08636908
18.25,0.600936791,0.0438289663,0.794349144,0.790921825,0.0635051132,0.114867328,0.597674882,-0.269763329,-0.200276132,0.197682118,1.3959601e-07,0.261629053,-0.0855568786,0.136184128,-0.192012274,-0.173622712,0.124979952,-0.371248561,-0.00754616818,-0.0854903456,-1.69999997,1.07032104,-0.682424393,-0.366755735,1.23955809,0.844202008,-0.109696977,-0.100388998,-0.255404612,1.04821724
18.2666667,0.600038134,0.0469654336,0.793714058,0.787705239,0.0618224031,0.117341416,0.601605717,-0.273766508,-0.205657589,0.18956645,0,0.257837561,-0.0828815021,0.138620998,-0.192302142,-0.178373042,0.118412138,-0.372011297,-0.00616214253,-0.0829236614,-1.7,1.06614924,-0.672748039,-0.367767236,1.22927746,0.814160792,-0.116743289,-0.0736464089,-0.201971701,1.00931409
18.2833333,0.598670171,0.0502170258,0.792784505,0.784287721,0.0607426493,0.119232434,0.605794295,-0.276950908,-0.212319032,0.181868752,5.09263883e-27,0.256023102,-0.0794308234,0.138070124,-0.194518557,-0.182431497,0.123826978,-0.379448448,-0.00415363652,-0.0786772112,-1.7,1.06631793,-0.658707236,-0.363387089,1.21224942,0.767190331,-0.128534451,-0.0503381965,-0.129333667,0.975989116
18.3,0.596830751,0.0535628921,0.791808213,0.780873026,0.059806622,0.12069578,0.609994273,-0.281621984,-0.219865701,0.175718912,4.46509288e-06,0.258503233,-0.0746323702,0.137170175,-0.196771473,-0.185071654,0.131826589,-0.388410526,-0.00243312077,-0.0720694527,-1.69999859,1.06718835,-0.642357027,-0.352792251,1.18632673,0.704138057,-0.150013336,-0.0302362018,-0.0447849421,0.950527288
18.3166667,0.594609158,0.0568710151,0.790707163,0.777476257,0.0585428241,0.121591066,0.61426299,-0.286374074,-0.226719782,0.171015886,3.69428339e-05,0.262304871,-0.0686841297,0.136194379,-0.197683067,-0.187286305,0.140162556,-0.397316387,-0.000871246553,-0.0626128243,-1.69999497,1.0586889,-0.627254108,-0.335586644,1.14984847,0.625360532,-0.176521174,-0.00402191921,0.0348673542,0.923034004
18.3333333,0.592066291,0.0599848932,0.789357425,0.774026557,0.0568646927,0.121647883,0.618749616,-0.290597854,-0.232003955,0.167206771,9.99397488e-05,0.264457564,-0.0607893779,0.135551637,-0.198174635,-0.190363718,0.150679805,-0.407652722,0.00197314864,-0.0504227124,-1.69999251,1.03585708,-0.61553176,-0.307828528,1.10160769,0.532001868,-0.200493218,0.0320305751,0.100792171,0.888810281
18.35,0.589182097,0.0629357802,0.787483557,0.770497344,0.0546785492,0.120648695,0.623528661,-0.295499697,-0.233486449,0.162808415,0.000116186079,0.264478989,-0.0494442807,0.136496068,-0.199595749,-0.195949316,0.163644799,-0.420272607,0.00827957437,-0.0354852929,-1.7,0.998631218,-0.611569243,-0.264840763,1.0431126,0.427606677,-0.217762197,0.0793165283,0.148620259,0.832831278
18.3666667,0.585916262,0.0660981405,0.784997245,0.766794224,0.0522672433,0.118117492,0.62876308,-0.299668339,-0.230290932,0.156101692,0,0.262238193,-0.0350351584,0.139392706,-0.202440136,-0.205260876,0.181110718,-0.436071568,0.0189078903,-0.0195966928,-1.69999876,0.949349262,-0.619859232,-0.205934295,0.973287982,0.324091797,-0.232173578,0.139654693,0.18247736,0.734061629
18.3833333,0.582331842,0.069752495,0.782557652,0.762903346,0.0497824664,0.11387395,0.634454816,-0.299525821,-0.228010766,0.146707413,0.000702813126,0.258015073,-0.0229632443,0.147348329,-0.199970462,-0.215177527,0.191377828,-0.447626053,0.027563661,-0.00143909566,-1.69975169,0.896012312,-0.636147114,-0.145349875,0.884754323,0.219515005,-0.239729746,0.202743701,0.209652727,0.606207367
18.4,0.578512529,0.0737176238,0.780042567,0.758701287,0.0467321266,0.10831164,0.640669223,-0.300298608,-0.225776256,0.135365955,0.00953189704,0.24925357,-0.0141392236,0.158651732,-0.18998683,-0.224839029,0.194193291,-0.455500786,0.0322564628,0.0200059151,-1.69912295,0.838163258,-0.653993982,-0.0877003788,0.776495037,0.112786334,-0.243628189,0.265779684,0.220002422,0.482845829
18.4166667,0.574373248,0.0778440121,0.77718211,0.753750856,0.0431235175,0.101573373,0.647829344,-0.306236483,-0.222774805,0.121741611,0.0319800938,0.232079955,-0.00597206451,0.169735646,-0.175758,-0.234830361,0.19937209,-0.465937524,0.0352654813,0.0447870951,-1.69868868,0.76837267,-0.67196064,-0.0260106543,0.655558082,0.00599402816,-0.244057768,0.320773328,0.215506136,0.387606942
18.4333333,0.569943322,0.0821614776,0.773756784,0.747647292,0.0392608627,0.0931006658,0.656364516,-0.315437756,-0.218197131,0.105040167,0.0651403893,0.204666819,0.00461143877,0.182198075,-0.157904036,-0.245271152,0.208467371,-0.479101802,0.038165384,0.0722268623,-1.7,0.676309317,-0.692453965,0.0477505782,0.526999475,-0.0925068452,-0.235590601,0.35931689,0.200016171,0.319781295
18.45,0.565478143,0.0868403428,0.769775613,0.740094919,0.0358549777,0.0826872667,0.666435854,-0.322343033,-0.212300888,0.0838704906,0.104710805,0.164990307,0.0200405434,0.19986449,-0.136428316,-0.254360495,0.218523768,-0.48795894,0.0413751789,0.101351538,-1.7,0.568709769,-0.711710021,0.126724738,0.397726198,-0.175016015,-0.219900657,0.378269325,0.170415274,0.262801638
18.4666667,0.561316509,0.092404645,0.767069273,0.730648475,0.0352064891,0.0711156353,0.67812674,-0.321208773,-0.211053762,0.0599011491,0.147695081,0.117246734,0.0427409046,0.223804413,-0.115503563,-0.26450234,0.235332188,-0.485333825,0.0449541731,0.128682716,-1.65850311,0.468252774,-0.712598242,0.182626254,0.286465418,-0.235649272,-0.209360446,0.388111074,0.127100513,0.207881534
18.4833333,0.557727636,0.0993674579,0.765955779,0.7188939,0.0394231942,0.058921937,0.691495176,-0.30530095,-0.21970689,0.0359015648,0.191845606,0.0749848943,0.0650300378,0.252362137,-0.0996691055,-0.278446242,0.268979348,-0.471109045,0.0469235305,0.151157603,-1.55033956,0.398533911,-0.673376419,0.179604778,0.210469587,-0.270629265,-0.209948134,0.39194116,0.0796828579,0.155329643
18.5,0.554393277,0.107437349,0.765679055,0.704528351,0.0476024715,0.0464638821,0.706551424,-0.27659219,-0.23632126,0.0115471678,0.234471553,0.0384689421,0.0784108151,0.274663072,-0.088732319,-0.294470249,0.330840041,-0.449390717,0.0457922304,0.16680589,-1.37739282,0.351538482,-0.614371787,0.129451855,0.167628091,-0.281460636,-0.220694655,0.387827818,0.0341174885,0.104720986
18.5166667,0.550936394,0.115795663,0.765078546,0.687551128,0.0574310114,0.0348052686,0.723024009,-0.24523224,-0.257179637,-0.013672211,0.269432065,0.0121282151,0.0872745672,0.281042957,-0.0906084792,-0.312349279,0.436878869,-0.410791406,0.0456672618,0.172279432,-1.18727399,0.322513116,-0.562394275,0.0648219106,0.1410352,-0.276246239,-0.236691257,0.379315326,-0.0200657497,0.0558941128
18.5333333,0.547697445,0.123987775,0.765317612,0.668531183,0.0668834006,0.0237515617,0.740289492,-0.21246372,-0.274128976,-0.0383246015,0.294543761,-0.00719484394,0.0976361578,0.263335846,-0.100788873,-0.325139829,0.578103199,-0.329297985,0.0489497579,0.166158601,-1.01004402,0.308800701,-0.53100835,0.00652964169,0.115876115,-0.259619941,-0.253023403,0.368870879,-0.0828065813,0.0101989557
18.55,0.545417073,0.131908485,0.765253836,0.648227998,0.0747323934,0.0124027912,0.757668597,-0.177507788,-0.279554866,-0.0605325841,0.310482392,-0.0231522183,0.110771953,0.220128944,-0.106643889,-0.319063774,0.734525685,-0.188288398,0.0576107554,0.147916562,-0.856022261,0.309541293,-0.521890965,-0.0325219506,0.0995370981,-0.237249738,-0.259535048,0.360900957,-0.138724218,-0.0294692961
18.5666667,0.544438452,0.139228006,0.765503954,0.62726279,0.0800058202,0.00115520293,0.77468647,-0.147256717,-0.274670183,-0.0806432294,0.323977181,-0.0374204133,0.121467393,0.147156553,-0.0958046689,-0.285820383,0.903046234,-0.0155412564,0.0697501159,0.118002093,-0.726661295,0.323517095,-0.526672891,-0.0504003873,0.0921486507,-0.209427806,-0.256909259,0.354287011,-0.169115999,-0.0584376009
18.5833333,0.544730899,0.145547045,0.767336073,0.606841437,0.0822969993,-0.00992852515,0.790488519,-0.126176633,-0.25979823,-0.100731743,0.339389648,-0.050953875,0.123129224,0.0421223863,-0.0650618299,-0.236679151,1.09470587,0.13924277,0.0735683952,0.0832110581,-0.631826199,0.326883165,-0.541327527,-0.0309276725,0.0909838577,-0.17687164,-0.250735405,0.343491962,-0.173715423,-0.0696092823
18.6,0.545949418,0.150903607,0.770735752,0.588223119,0.0824013872,-0.0218468349,0.804192943,-0.103771725,-0.233694313,-0.122726927,0.344224764,-0.0595227301,0.116425033,-0.0851167194,-0.0256025079,-0.20201275,1.3008083,0.261388967,0.0739991918,0.0469922467,-0.570481182,0.306769767,-0.562556506,0.0387788209,0.0951590213,-0.143047623,-0.245906177,0.328720041,-0.157260349,-0.0643038195
18.6166667,0.547209522,0.155482365,0.775542684,0.571970236,0.0811696286,-0.034297904,0.815527556,-0.0746631334,-0.203524332,-0.147436975,0.331441641,-0.0597617721,0.105900025,-0.226349184,-0.00160746604,-0.200219257,1.50196068,0.368295166,0.0853402742,0.00995936381,-0.528554078,0.262315981,-0.581459596,0.148573358,0.102469856,-0.11261541,-0.247630883,0.313819272,-0.12464752,-0.0515146728
18.6333333,0.548034488,0.159487194,0.780997586,0.558453788,0.0785627833,-0.0456236142,0.824545779,-0.0440985679,-0.176049077,-0.172176341,0.306866637,-0.0530260296,0.093691314,-0.37923209,-0.00416171631,-0.221079956,1.68098596,0.464677685,0.107618094,-0.0270267018,-0.483302165,0.210248342,-0.589128529,0.253148655,0.107433293,-0.0870789361,-0.25359526,0.300823639,-0.0816417744,-0.040278507
18.65,0.548862197,0.162807762,0.785913529,0.548147107,0.0742000192,-0.0544133925,0.831305172,-0.0230474533,-0.153220755,-0.192121393,0.279842175,-0.039083845,0.0801911036,-0.542290947,-0.020715832,-0.241934569,1.82813929,0.528908284,0.120828191,-0.0622188804,-0.441873556,0.164397369,-0.586058837,0.33413026,0.108111236,-0.0712499,-0.265281864,0.295149762,-0.0352102435,-0.0309168276
18.6666667,0.550162358,0.165213464,0.7904827,0.540737939,0.068123064,-0.0608509515,0.836217012,-0.0135174761,-0.132472809,-0.205000586,0.254352935,-0.0183310579,0.0668042115,-0.713725836,-0.0400394229,-0.250717616,1.93798688,0.553774326,0.107215854,-0.0951034686,-0.419069147,0.128529432,-0.582881709,0.407398483,0.11623696,-0.069624483,-0.282253018,0.301466827,0.0115007098,-0.0194889091
18.6833333,0.55178433,0.166740695,0.795062838,0.535085952,0.0605155568,-0.0662478877,0.840019112,-0.00996209702,-0.109436499,-0.211362096,0.226751174,0.00707927329,0.055507083,-0.892216274,-0.0652613763,-0.245304473,2.01336891,0.559268589,0.0830848413,-0.127660097,-0.414603905,0.105770324,-0.58748925,0.481458488,0.137467165,-0.0862980708,-0.299166478,0.321528162,0.0611474716,-0.00577188054
18.7,0.55322649,0.167653026,0.79930733,0.530239968,0.0515276143,-0.0712915873,0.843272193,-0.0111300565,-0.0852889573,-0.2073289,0.199271224,0.03200747,0.0494792096,-1.07543034,-0.0969760148,-0.225277949,2.05808763,0.56642258,0.0710342989,-0.157969408,-0.417850151,0.0894034444,-0.6045582,0.550466516,0.171610257,-0.118307992,-0.314615522,0.348495462,0.11206025,0.00523387019
18.7166667,0.554409941,0.168448117,0.802581218,0.525712559,0.0415301683,-0.0760395783,0.846238461,-0.0176545212,-0.060740961,-0.185629408,0.176659538,0.0484273606,0.0495437803,-1.25930558,-0.132678233,-0.18825636,2.06623904,0.571080572,0.0762598948,-0.184391415,-0.412152196,0.0803663565,-0.632786628,0.586550275,0.209279314,-0.157751336,-0.326671738,0.377226959,0.158553203,0.00925729229
18.7333333,0.555559941,0.169534206,0.804561012,0.521388096,0.0314905668,-0.0809498982,0.848887455,-0.0293110954,-0.0370195741,-0.139219176,0.165383608,0.0496373462,0.0564431691,-1.43526761,-0.170111392,-0.135743281,2.03321899,0.561900559,0.0888141957,-0.206743771,-0.400684069,0.0844930618,-0.663806626,0.58341149,0.237849784,-0.191742408,-0.335929441,0.405444954,0.195495486,0.0015042382
18.75,0.556668566,0.171040555,0.805094203,0.516989955,0.0224547621,-0.086538342,0.851309747,-0.0478362261,-0.0168488861,-0.0678277342,0.177116233,0.0306186408,0.0729509222,-1.59702707,-0.211551311,-0.0723496964,1.95947857,0.537975072,0.0967559502,-0.225177001,-0.396277732,0.0951096653,-0.697085799,0.568982192,0.257681385,-0.217239759,-0.345259976,0.430378331,0.215208328,-0.00851369155
18.7666667,0.557734528,0.173224695,0.804026466,0.512747694,0.015034022,-0.0927653594,0.853380553,-0.0756709747,0.00119967039,0.0174152326,0.219750739,-0.00940377538,0.0993973133,-1.74109952,-0.253729686,-0.00541784333,1.84753362,0.506961782,0.0956263173,-0.238708638,-0.402081621,0.104932095,-0.731290569,0.558783904,0.273095497,-0.239434014,-0.352660519,0.449309464,0.21340583,-0.0114896722
18.7833333,0.559031691,0.176513696,0.801115296,0.510199468,0.00938469455,-0.0994012043,0.854241085,-0.111137722,0.0204939153,0.0985767501,0.290282757,-0.0655207375,0.130009567,-1.86625127,-0.282455612,0.0603551904,1.7006852,0.479433876,0.0867364999,-0.243926266,-0.41426066,0.107854486,-0.764004331,0.557665361,0.289330384,-0.26919487,-0.356418965,0.468352553,0.192534932,-0.0156743851
18.8,0.560842457,0.180948985,0.79742542,0.510554572,0.00542218031,-0.106187059,0.853246118,-0.143754013,0.0438185716,0.159477329,0.367584195,-0.123619663,0.153801918,-1.97031108,-0.29181212,0.12345435,1.52162631,0.459997033,0.0704139755,-0.236895868,-0.425876969,0.107031311,-0.788607707,0.563012578,0.309048278,-0.298975369,-0.351489,0.489798616,0.165985462,-0.0205790869
18.8166667,0.562946783,0.186176946,0.795223618,0.512771104,0.00351504302,-0.11265959,0.851094152,-0.160636117,0.0673015496,0.192169686,0.424545254,-0.167877804,0.16320062,-2.04365481,-0.28458252,0.189392131,1.30378291,0.445310317,0.04687112,-0.223143651,-0.440054488,0.0950348701,-0.797499734,0.578288847,0.324721305,-0.326710085,-0.33521031,0.510803539,0.139619394,-0.016668532
18.8333333,0.564924045,0.19275309,0.794730452,0.514338191,0.00401950568,-0.119491697,0.849212461,-0.158268471,0.0897086227,0.201266994,0.457827894,-0.19777863,0.160660939,-2.0773556,-0.281157751,0.263853201,1.03549063,0.436022732,0.0215838439,-0.210762781,-0.453397217,0.0747186421,-0.791007162,0.597671369,0.327549339,-0.340353138,-0.306984617,0.529720213,0.107772956,0.00544986725
18.85,0.566665409,0.201749393,0.7964027,0.513604131,0.00598348721,-0.127897847,0.848420377,-0.137189918,0.114897804,0.20001778,0.468121292,-0.21550901,0.149404089,-2.07589872,-0.301533146,0.346822133,0.711424312,0.440734729,0.00137255062,-0.20520561,-0.460622835,0.0588785432,-0.778367712,0.608409559,0.321865369,-0.334453629,-0.272879447,0.552012564,0.0648786984,0.0385517298
18.8666667,0.568298085,0.212696176,0.800671867,0.511103008,0.00781663975,-0.137635015,0.848392137,-0.0993762174,0.144648596,0.200390718,0.449448318,-0.218293058,0.132221602,-2.067915,-0.340700281,0.439108707,0.369711436,0.475194212,-0.0129665094,-0.202531773,-0.448889183,0.0661892318,-0.766975344,0.593203979,0.3119044,-0.312572179,-0.243601154,0.567861372,0.023200797,0.0665454247
18.8833333,0.569976201,0.222632463,0.806066765,0.508734582,0.00852183463,-0.146166394,0.848381924,-0.0599932693,0.173295434,0.209461179,0.412088918,-0.207940641,0.114739709,-2.09168963,-0.374398623,0.526548314,0.101522385,0.537676541,-0.0189224146,-0.198646612,-0.432572931,0.0821261289,-0.762238667,0.575107153,0.301921669,-0.28823394,-0.22153876,0.576130822,-0.0168337405,0.0777435764
18.9,0.571515252,0.229704796,0.809165395,0.506981717,0.00890804437,-0.150605545,0.848650785,-0.0379409341,0.19314909,0.225386631,0.386926285,-0.199079118,0.101996613,-2.15734965,-0.383422501,0.580403691,0,0.544945044,-0.0136601592,-0.193621192,-0.428779131,0.0902955839,-0.760487261,0.577977838,0.291180226,-0.269070119,-0.211717605,0.577697248,-0.061319685,0.0843524147
18.9166667,0.572291497,0.235249166,0.809302459,0.504059939,0.0108848217,-0.150707853,0.850348306,-0.0318070739,0.198662521,0.238318548,0.388473321,-0.203864691,0.0954430982,-2.23497701,-0.381356944,0.588012728,8.28885757e-24,0.527168321,-0.00724754309,-0.193038226,-0.438581028,0.0865544028,-0.754734937,0.595917407,0.275388659,-0.252398227,-0.215661928,0.577244112,-0.101703284,0.109453532
18.9333333,0.572416674,0.240842819,0.807874415,0.500002824,0.0146899438,-0.149127063,0.852961019,-0.0300126181,0.196222283,0.240579677,0.406067015,-0.218620652,0.0914499825,-2.29198553,-0.383753472,0.566687816,0.00318287167,0.545346299,-0.00880632547,-0.197924849,-0.454101207,0.0805118917,-0.74743039,0.61021798,0.256755768,-0.233958453,-0.22684683,0.584042115,-0.133702366,0.141218765
18.95,0.572577604,0.246132293,0.806660786,0.497581176,0.0187047666,-0.147893979,0.854511835,-0.0248930122,0.192530733,0.237791894,0.42193459,-0.23268073,0.0875775249,-2.31932788,-0.383620567,0.551814522,0.00213130131,0.596898093,-0.0187258507,-0.200943615,-0.473351167,0.0767703905,-0.745295851,0.620036555,0.247246444,-0.219658707,-0.238137309,0.600575867,-0.163559642,0.146441782
18.9666667,0.573121002,0.249999084,0.806420312,0.497939954,0.0207300977,-0.147248424,0.854367583,-0.0174956766,0.191370126,0.235899179,0.424002622,-0.237761013,0.0836990897,-2.32694837,-0.379456244,0.561913585,0.000760335584,0.633498303,-0.0293484593,-0.199235087,-0.500078707,0.0718075225,-0.750102085,0.635965701,0.253169809,-0.217227911,-0.242217326,0.614489328,-0.185521296,0.137784398
18.9833333,0.573930623,0.252245313,0.807208084,0.499996479,0.0203111396,-0.146905008,0.85323496,-0.00974831174,0.192977281,0.236651427,0.412044937,-0.233252072,0.0802005173,-2.31795943,-0.375651249,0.586695633,0.000553340381,0.621631922,-0.0364080711,-0.195829592,-0.534815743,0.0614563594,-0.758888716,0.664686272,0.267210151,-0.219428631,-0.233291417,0.612841488,-0.193986555,0.142993964
19,0.574538403,0.253589878,0.808308057,0.502380304,0.0186472568,-0.14632492,0.851971436,-0.00439758534,0.195103348,0.237696693,0.397018821,-0.226069791,0.0774626649,-2.29129152,-0.375888531,0.606326333,0.000815930282,0.559433067,-0.0417827631,-0.195016298,-0.575695775,0.0452409433,-0.768336564,0.705631236,0.276298728,-0.217834251,-0.216301606,0.597675015,-0.195799226,0.167422271
19.0166667,0.574666789,0.25469152,0.808857206,0.504446327,0.0168756623,-0.144510655,0.851096813,-0.00283967316,0.193990392,0.235431654,0.387745271,-0.222505481,0.0757807767,-2.24650276,-0.381262768,0.603731044,2.61827008e-25,0.471201226,-0.0555009093,-0.201307991,-0.624024301,0.0291327518,-0.771998838,0.756849419,0.270993121,-0.205032017,-0.204834338,0.58547207,-0.205470209,0.193479228
19.0333333,0.574537082,0.255183336,0.808435406,0.506442438,0.0152169513,-0.140622023,0.850593879,-0.00752301735,0.186948398,0.228628387,0.387140923,-0.223715465,0.0760374789,-2.18608797,-0.390758408,0.576958664,6.99190681e-24,0.405578824,-0.0744518037,-0.213794286,-0.681481093,0.0164166803,-0.77296173,0.820644309,0.255120184,-0.195156707,-0.202100976,0.568423962,-0.205868709,0.225530616
19.05,0.574430589,0.254323564,0.807000743,0.50908936,0.0134514009,-0.134483729,0.850036005,-0.0199223017,0.17383213,0.219058283,0.395068141,-0.228415246,0.0793451353,-2.11717629,-0.398914941,0.533311912,0.0289361822,0.407021368,-0.0846568303,-0.229371385,-0.751846811,0.00653690658,-0.778882452,0.902783613,0.241211298,-0.198001855,-0.207191477,0.54149308,-0.190189397,0.272869617
19.0666667,0.574255046,0.251925214,0.80473755,0.51310105,0.0119454236,-0.12673592,0.848836042,-0.0379772106,0.155426756,0.211539596,0.407617173,-0.233880711,0.0860967874,-2.05977504,-0.393090798,0.483745914,0.140506055,0.469828652,-0.0775150244,-0.244206389,-0.824088055,0.0035820369,-0.792733391,0.988589819,0.234340683,-0.211408764,-0.220550711,0.501319842,-0.16756553,0.337652657
19.0833333,0.573859259,0.248490108,0.802479921,0.518782245,0.0110995484,-0.118340849,0.846603346,-0.0542808495,0.134869013,0.209899055,0.415841578,-0.235746282,0.0939979216,-2.03752122,-0.361200828,0.438829197,0.329194032,0.517895111,-0.0643581537,-0.255366254,-0.897864688,0.012878618,-0.813491132,1.06051062,0.230389481,-0.205247628,-0.243961985,0.450313083,-0.142752953,0.400252776
19.1,0.573687942,0.244999911,0.800760052,0.525709544,0.00994922401,-0.109293476,0.843555229,-0.0688045184,0.11417363,0.212612129,0.414706313,-0.231777457,0.100573617,-2.03594863,-0.314107672,0.398824884,0.557203625,0.520167804,-0.0601218192,-0.264736697,-0.970304206,0.0170175661,-0.846075728,1.09650241,0.222332031,-0.18630721,-0.255421141,0.409270089,-0.109083346,0.457247734
19.1166667,0.574150903,0.242329897,0.799885599,0.533099816,0.00787259504,-0.100250658,0.840055006,-0.0804105179,0.0965563342,0.215512241,0.40384174,-0.222661633,0.104219699,-2.03195342,-0.266451275,0.358126719,0.786250433,0.496610397,-0.0647813786,-0.276972259,-1.02991487,0.0294603264,-0.881523557,1.12055984,0.209796336,-0.175088151,-0.251917978,0.373392418,-0.0753852865,0.516639719
19.1333333,0.575064558,0.240718968,0.800088045,0.540448991,0.00543522058,-0.0922928477,0.836281876,-0.085789277,0.0825422524,0.216922105,0.38219902,-0.207805957,0.104696697,-2.01257079,-0.223730091,0.316158115,0.994680558,0.474275164,-0.068384135,-0.29361485,-1.07808091,0.0432021644,-0.909041182,1.15117533,0.195374818,-0.168930596,-0.23923997,0.343965969,-0.0308071698,0.570665458
19.15,0.576169285,0.240526233,0.801527354,0.547447319,0.00362442518,-0.0860689159,0.832394401,-0.0808807322,0.0723030142,0.217233287,0.349260125,-0.185708645,0.101294644,-1.97146264,-0.184373824,0.27529403,1.17369261,0.463612386,-0.0677048909,-0.314662486,-1.11756179,0.0507852836,-0.925155528,1.19242233,0.187793416,-0.149931421,-0.217610285,0.323929729,0.0201337877,0.608023203
19.1666667,0.577391229,0.242430904,0.804086088,0.553964321,0.00346207049,-0.0816583471,0.828518835,-0.06403163,0.0648908511,0.217372349,0.308383956,-0.156148393,0.0936435236,-1.90945043,-0.146299583,0.234977026,1.32310498,0.460800058,-0.0643074904,-0.339574011,-1.14796221,0.0593011891,-0.942712398,1.23434685,0.1945534,-0.0941786282,-0.194601511,0.311456209,0.0516175383,0.633765144
19.1833333,0.578687988,0.246570239,0.807337454,0.560465688,0.00513388206,-0.0783607561,0.824446146,-0.0372014372,0.0586757157,0.218375656,0.263335327,-0.12173798,0.0829088572,-1.83400734,-0.108416578,0.192289269,1.44603265,0.460422505,-0.0622904924,-0.366465727,-1.16848206,0.0715573111,-0.968648757,1.26953273,0.218305145,0.00440459518,-0.173606871,0.307512268,0.044414592,0.655943913
19.2,0.579971894,0.252119166,0.810344048,0.567648512,0.00796386883,-0.0750254246,0.819806641,-0.0055022569,0.0511530574,0.221668055,0.217014279,-0.0879044408,0.0719260272,-1.75350636,-0.0701191138,0.148630523,1.54239719,0.461322157,-0.061786515,-0.392601587,-1.18296196,0.0880667442,-0.994395847,1.29693512,0.250010308,0.10989452,-0.16386074,0.308698218,0.01269599,0.68846033
19.2166667,0.581380768,0.258145766,0.8124834,0.57560994,0.0114207288,-0.0712177929,0.814537163,0.0278427796,0.0413802734,0.227060129,0.170986636,-0.0572748452,0.0624690589,-1.67171819,-0.0329838985,0.10662426,1.60952225,0.46728886,-0.0630381549,-0.418231402,-1.1924527,0.108463745,-1.006744,1.32077014,0.272986564,0.195529741,-0.154877824,0.313318785,-0.0210514156,0.724772771
19.2333333,0.583007643,0.264231658,0.813552225,0.584488551,0.0152372515,-0.0671534633,0.80847472,0.0611828615,0.0297908187,0.233704769,0.12565279,-0.0311843543,0.0549763525,-1.5877138,0.00210015086,0.0689591055,1.64445745,0.479545198,-0.0646853767,-0.443055942,-1.19664407,0.131836657,-1.00144218,1.34336887,0.280186179,0.248276591,-0.134692088,0.312796379,-0.0457189749,0.759351735
19.25,0.584540595,0.270476073,0.813635211,0.594579647,0.0190780939,-0.0631366383,0.801326921,0.0928957095,0.0172311516,0.243958796,0.0849963013,-0.0119073753,0.0498281156,-1.50433464,0.0402592274,0.0388381684,1.65036379,0.496173988,-0.0623383118,-0.463403832,-1.19820144,0.161296309,-0.983716962,1.36254325,0.276658399,0.2907264,-0.122893519,0.291952546,-0.0737717571,0.815112274
19.2666667,0.58559633,0.276685765,0.813393265,0.604810158,0.0222491951,-0.059218021,0.793853181,0.117571039,0.00574837977,0.254971359,0.0566938602,-0.00126047698,0.0462016884,-1.42356462,0.0757970485,0.018918282,1.63118183,0.512255736,-0.056083207,-0.481147288,-1.19885289,0.193828653,-0.965617518,1.37496208,0.27055197,0.316157709,-0.121283701,0.2540945,-0.0938632628,0.906001963
19.2833333,0.586183536,0.282843488,0.812777183,0.614136939,0.0242763084,-0.0552155886,0.786891174,0.131688928,-0.00371730775,0.264889692,0.0457300649,-0.000556314102,0.0438021059,-1.34789418,0.104661896,0.0106037686,1.59135168,0.523937206,-0.0479577692,-0.497655341,-1.20168382,0.225553551,-0.958057207,1.38174143,0.267756106,0.329116986,-0.132414653,0.21020806,-0.108432193,1.0281134
19.3,0.58674347,0.289356484,0.81182811,0.62203528,0.025327359,-0.0513913318,0.78089024,0.139669822,-0.0102525323,0.272673702,0.0450437716,-0.00698301362,0.0410142798,-1.27576123,0.124901345,0.0123120667,1.53290803,0.533327467,-0.0380502211,-0.51254021,-1.20666185,0.254540199,-0.964698311,1.38381123,0.271435907,0.359704963,-0.135380257,0.170520894,-0.121956925,1.1356348
19.3166667,0.58746853,0.296312215,0.810829624,0.62808359,0.0259156478,-0.0479565842,0.77623421,0.146524846,-0.0147564187,0.278764939,0.046717074,-0.015914318,0.0364816607,-1.20497673,0.135769348,0.0222790315,1.45792712,0.544427252,-0.0266342957,-0.526709893,-1.21145003,0.279298132,-0.97787653,1.38256839,0.28159808,0.406313263,-0.127115601,0.136458009,-0.125929438,1.20695398
19.3333333,0.588310939,0.303440366,0.80984085,0.632302573,0.0262094494,-0.0448346233,0.772978898,0.153872469,-0.0177130281,0.2833421,0.0471760353,-0.0247602413,0.0301157716,-1.13628862,0.142279492,0.0407196635,1.37274754,0.555032463,-0.0187528234,-0.539993196,-1.21550591,0.299448963,-0.988929787,1.38102898,0.29219224,0.446659583,-0.110518623,0.108736153,-0.116873389,1.24988884
19.35,0.589266836,0.310669947,0.808828457,0.634678604,0.0263280879,-0.0421773461,0.77117506,0.162293524,-0.0190347961,0.286015491,0.045696143,-0.0331029952,0.0220346136,-1.06890527,0.145098207,0.0664075935,1.28101636,0.561424187,-0.0188293103,-0.553375195,-1.21864123,0.31622556,-0.992462596,1.37938466,0.300769249,0.471453071,-0.0947057381,0.0876879633,-0.103664076,1.27798094
19.3666667,0.590375389,0.318105768,0.807846412,0.635093641,0.0263941211,-0.0398623509,0.77095422,0.171090679,-0.0186535458,0.285361604,0.044077988,-0.0412386626,0.0127985185,-0.999157546,0.142850316,0.0969849998,1.17893323,0.564883956,-0.0273893445,-0.567186956,-1.22035371,0.330177158,-0.988956028,1.37716665,0.30875276,0.494249638,-0.0841657761,0.0717345792,-0.103628638,1.31235921
19.3833333,0.591500793,0.325717002,0.80688354,0.633495575,0.0264484905,-0.0372581127,0.772396055,0.174808518,-0.0188025092,0.280699584,0.0476634068,-0.0497956182,0.0051934496,-0.927202123,0.131857733,0.129316107,1.06407707,0.569283583,-0.04036513,-0.580741102,-1.22203343,0.340671629,-0.98004126,1.37379016,0.316717649,0.514529159,-0.0807576058,0.0569074497,-0.115278097,1.37211555
19.4,0.592620009,0.333656487,0.805988384,0.629653183,0.026927586,-0.0347909684,0.775629655,0.179232117,-0.0180289301,0.272337662,0.0523393807,-0.058805266,-0.00172591456,-0.851104319,0.110173755,0.157561085,0.936677304,0.575779478,-0.0543821822,-0.593801536,-1.22226325,0.346060987,-0.965795576,1.37015418,0.321147173,0.527164392,-0.0786603778,0.0425598432,-0.12166072,1.44195758
19.4166667,0.593745617,0.342190967,0.804942566,0.623011334,0.0282132288,-0.0329460874,0.781009249,0.187441328,-0.0155071206,0.260695183,0.0546479097,-0.0677270759,-0.00972491789,-0.769371616,0.0758863213,0.17509719,0.797056147,0.583218952,-0.0674587355,-0.607180221,-1.21872387,0.342796701,-0.944226376,1.36718207,0.315976635,0.539493188,-0.0752550876,0.0312203271,-0.108589412,1.4451333
19.4333333,0.594811242,0.351403993,0.803572953,0.612984776,0.0303843072,-0.0314456889,0.788883785,0.199408519,-0.0114759574,0.245524327,0.0542264228,-0.0774870012,-0.0194668928,-0.678885561,0.0303289913,0.180177382,0.644523889,0.592772203,-0.0807648338,-0.620945577,-1.21220457,0.329034464,-0.914690632,1.36534165,0.295142502,0.558717712,-0.0739543242,0.0188243581,-0.0835306502,1.3816427
19.45,0.595901855,0.360975937,0.801696065,0.59946572,0.0329178946,-0.029827663,0.7991668,0.211701047,-0.00557778239,0.227493569,0.0527164786,-0.0903505425,-0.0312822066,-0.57741154,-0.0209757318,0.174696925,0.478634112,0.608407563,-0.0943318866,-0.631693449,-1.20546344,0.303277645,-0.878927552,1.3643109,0.255959568,0.576903958,-0.0651963994,0.00429163892,-0.0550274825,1.25148575
19.4666667,0.597051578,0.370669886,0.799365124,0.583018568,0.0351611646,-0.0279811149,0.811215199,0.22043721,0.00296436485,0.207368938,0.055211042,-0.10884471,-0.045189385,-0.466894319,-0.0708669726,0.158478573,0.310176322,0.627450821,-0.10057278,-0.634179164,-1.20010274,0.262082466,-0.839629658,1.36387204,0.199387564,0.598552426,-0.0510687225,-0.00510491636,-0.0514875937,1.05466244
19.4833333,0.597881962,0.380470194,0.796570629,0.564337699,0.0372111743,-0.0260880047,0.824292245,0.222791022,0.0142967005,0.185176432,0.0686678274,-0.136236195,-0.0612032327,-0.360105881,-0.112543322,0.12446215,0.170624671,0.623967093,-0.0861538824,-0.622384195,-1.1950402,0.200110625,-0.800766415,1.35981284,0.129528102,0.633363084,-0.0437934122,-0.000894851561,-0.109106622,0.8546569
19.5,0.598159111,0.390272052,0.793209192,0.544339323,0.039374172,-0.0239753017,0.837597493,0.220821,0.0258419481,0.161882487,0.0913313728,-0.171519796,-0.0789093568,-0.272924541,-0.144016394,0.061936198,0.0915576449,0.55470622,-0.0506663277,-0.593810117,-1.18732883,0.122814952,-0.771497212,1.33078639,0.053606327,0.665074278,-0.0527040368,0.0187114952,-0.229021705,0.654651636
19.5166667,0.598501782,0.399418153,0.789721564,0.525080394,0.0408827033,-0.0212462001,0.849804556,0.213651119,0.0367043096,0.140535802,0.118570552,-0.209510107,-0.0941696079,-0.195856138,-0.162900378,-0.0244233481,0.033747748,0.441566417,0.0115135665,-0.546513374,-1.17038365,0.0521933765,-0.76196127,1.23662185,-0.0148606934,0.631270611,-0.0698119465,0.0434511874,-0.326655042,0.454646635
19.5333333,0.599356414,0.406749862,0.786601965,0.508557496,0.0413276672,-0.0178956873,0.85984943,0.204377585,0.0449105023,0.119821433,0.139542726,-0.236703002,-0.102041461,-0.148805243,-0.172550957,-0.108137932,0.00848811372,0.344470706,0.0931141206,-0.478846552,-1.13114931,0.00897500897,-0.772992198,1.0757947,-0.0569302892,0.530796952,-0.0859007588,0.0498019241,-0.357625279,0.254641885
19.55,0.600485824,0.411886943,0.784308942,0.496706144,0.0406983575,-0.0144816017,0.866843085,0.194155978,0.049643226,0.0981868193,0.154872246,-0.253932653,-0.0990073354,-0.12990691,-0.178738424,-0.162281443,0.00627275346,0.277168461,0.146369443,-0.388845113,-1.05490373,0.00218620226,-0.796390209,0.875721364,-0.0538830004,0.363653469,-0.108733738,0.0342783485,-0.321932238,0.0546373714
19.5666667,0.601751795,0.415623449,0.782577321,0.490959472,0.0393560208,-0.0120142612,0.870210065,0.186811312,0.0519736803,0.0720750048,0.166533224,-0.267468242,-0.0878141231,-0.125285222,-0.179943972,-0.181756834,0.0087078952,0.237562549,0.156837229,-0.282700119,-0.921251165,0.0313889844,-0.818775057,0.675651692,-0.011763233,0.163710471,-0.149929633,0.0248017571,-0.219575748,-0.145366916
19.5833333,0.603390641,0.419012822,0.781582383,0.491832398,0.0380532176,-0.0105075503,0.869794479,0.188648463,0.0509844143,0.0383031506,0.164118056,-0.273439691,-0.0772097493,-0.125948741,-0.175980499,-0.168414675,0.00651044478,0.222044156,0.143501589,-0.175602155,-0.730731831,0.127263899,-0.827620857,0.475585503,-0.011765288,-0.0362353767,-0.218499807,0.0351998762,-0.0505556487,-0.345370989
19.6,0.605057305,0.422208129,0.781351083,0.499793287,0.0368366758,-0.0089719618,0.865314528,0.201407222,0.0448770519,0.00596293483,0.139834724,-0.267444791,-0.0679081611,-0.132770488,-0.169006562,-0.13423253,0.00239232526,0.222356389,0.126877985,-0.0740595583,-0.530783287,0.259946173,-0.785585806,0.275522624,-0.0784339068,-0.236183932,-0.30312189,0.071725971,0.149499539,-0.50772095
19.6166667,0.60587548,0.425146041,0.781148327,0.514735242,0.0346686187,-0.00675720373,0.856621304,0.218280081,0.0332987888,-0.0129225309,0.1045405,-0.25555864,-0.0581934817,-0.148109007,-0.160599421,-0.0984620668,1.28701167e-24,0.229923267,0.113938358,0.0224453523,-0.33083217,0.345520428,-0.6768838,0.0911533106,-0.211769095,-0.43613506,-0.388937892,0.154089849,0.349551968,-0.603404051
19.6333333,0.605518577,0.427974249,0.780501976,0.534169752,0.030471818,-0.00431210792,0.844816873,0.230949753,0.0209305066,-0.0167083693,0.0736181065,-0.246929584,-0.0498418946,-0.171494232,-0.148948681,-0.0733372004,0,0.238767885,0.104694878,0.108774272,-0.130878609,0.364432702,-0.516053255,-0.0265463495,-0.411770857,-0.636088631,-0.450924385,0.301833491,0.549601775,-0.632420301
19.65,0.604267331,0.430247176,0.780206747,0.553160808,0.0245065036,-0.0027457987,0.83270944,0.233439949,0.0118618649,-0.0120165707,0.0621393097,-0.249054502,-0.0437072636,-0.199905323,-0.134263583,-0.0592559103,0.0111479062,0.243031293,0.100828381,0.177144016,0.0690772745,0.316682761,-0.353332419,-0.0775765056,-0.61177253,-0.836044524,-0.473732413,0.489156098,0.749649092,-0.616826197
19.6666667,0.602987529,0.43181104,0.780242169,0.566629014,0.0175260314,-0.00225447624,0.823783537,0.227567082,0.0104828235,-0.00543940132,0.0639893816,-0.257410339,-0.0406716478,-0.231962185,-0.119530877,-0.0515822087,0.0403635675,0.237457008,0.104125162,0.221794082,0.269035363,0.202270383,-0.229777946,-0.0619372995,-0.81177412,-1.03600262,-0.467421652,0.641354183,0.949694043,-0.614559907
19.6833333,0.602241828,0.433752564,0.780478156,0.571482608,0.0105795569,-0.0023130655,0.820542718,0.217704481,0.0178170458,-0.00279771945,0.0700382809,-0.266097,-0.0408349204,-0.258433966,-0.107646118,-0.0498236638,0.0723050352,0.22434676,0.107733556,0.242382685,0.468995548,0.128452235,-0.142695103,-0.0413180009,-1.01177563,-1.20098766,-0.455503338,0.72688289,1.14973675,-0.582895943
19.7,0.601812685,0.4364439,0.780867661,0.567386079,0.00462221284,-0.00315479559,0.823432887,0.209051247,0.0311379695,-0.00839445583,0.0740524898,-0.271895427,-0.0401679225,-0.270879345,-0.0983246553,-0.0545334753,0.0936361659,0.210135338,0.108266656,0.243398492,0.648784254,0.10270509,-0.100550448,-0.0873629362,-1.21177707,-1.29930803,-0.454187111,0.748056795,1.30767204,-0.535915884
19.7166667,0.601541138,0.438959176,0.78162302,0.556673396,9.32860291e-05,-0.00462654512,0.830718554,0.200940863,0.0471258916,-0.0227303683,0.0756395006,-0.272655188,-0.0402121318,-0.267270405,-0.0947956678,-0.0644082813,0.0974942462,0.200792491,0.111293908,0.232916829,0.767051622,0.0855046492,-0.0807272893,-0.171330148,-1.41177843,-1.33096362,-0.470846372,0.756317675,1.39893864,-0.508435259
19.7333333,0.601682838,0.440965509,0.782552111,0.543249843,-0.00306847712,-0.00617455615,0.839542773,0.193534173,0.0628106608,-0.042303198,0.0751487311,-0.269830468,-0.0431126921,-0.257192535,-0.0963221095,-0.0763877601,0.0938262379,0.196117923,0.119398995,0.218210037,0.825885683,0.0838018107,-0.0663765018,-0.247035792,-1.56385244,-1.32689447,-0.494230997,0.76484753,1.42353665,-0.503887219
19.75,0.602232317,0.442548516,0.783263665,0.530969913,-0.00521761464,-0.00791063869,0.847337683,0.18996968,0.0796974501,-0.0596262673,0.0714589333,-0.26576608,-0.0501220424,-0.248422325,-0.0963851605,-0.0874368791,0.0927147579,0.19259097,0.127826507,0.205573081,0.842587744,0.0972564026,-0.0633196407,-0.296064096,-1.64925972,-1.31813334,-0.509358364,0.76176331,1.4076542,-0.509165797
19.7666667,0.602944326,0.443601899,0.783758722,0.522148994,-0.0064582731,-0.00946560945,0.852777299,0.188334154,0.0932500856,-0.0707450064,0.0678543282,-0.262241208,-0.0577303821,-0.243025108,-0.095408346,-0.0956496524,0.0943287724,0.189063425,0.132916677,0.19814459,0.833440934,0.111943354,-0.0686402779,-0.314910894,-1.66800027,-1.31099673,-0.516242529,0.741445001,1.39501685,-0.513140493
19.7833333,0.603628671,0.444145742,0.783970508,0.517421698,-0.00665106638,-0.0101699388,0.855644273,0.18794473,0.100879564,-0.0759582958,0.0658181787,-0.260035157,-0.0631180027,-0.240971648,-0.0948316916,-0.101226912,0.0977081805,0.185916707,0.134195373,0.197107667,0.808796539,0.121776645,-0.0747074155,-0.305345471,-1.65038315,-1.30504065,-0.521088581,0.716448833,1.39201259,-0.515762186
19.8,0.604026238,0.444324381,0.783923442,0.516111821,-0.00591334513,-0.00971876366,0.856445659,0.188187392,0.0983627204,-0.0772128366,0.0652679466,-0.258755289,-0.0630922324,-0.242110907,-0.0973285088,-0.104699516,0.10269587,0.183187657,0.132831204,0.202115249,0.785166719,0.125079952,-0.0783963236,-0.283804155,-1.62469463,-1.30441652,-0.524518923,0.699267451,1.39087022,-0.517436522
19.8166667,0.604222546,0.444391513,0.783749403,0.516625133,-0.00510800441,-0.00893158484,0.856149874,0.188831629,0.0943064743,-0.0757332635,0.0654523091,-0.258606188,-0.0622027683,-0.244992517,-0.0999506885,-0.107917196,0.108396542,0.180712188,0.130272294,0.209517976,0.775377077,0.122712809,-0.0796446756,-0.268336348,-1.6034456,-1.30958879,-0.523084508,0.686176258,1.38881106,-0.517561147
19.8333333,0.604366461,0.444367883,0.783594016,0.517614147,-0.00475179179,-0.00826474335,0.855561049,0.188980767,0.0915267453,-0.0735925421,0.0658035131,-0.258907904,-0.0620130641,-0.248320568,-0.101633122,-0.111119499,0.112919248,0.178815735,0.127550868,0.217369826,0.775301738,0.119835271,-0.0805468296,-0.264094201,-1.59165852,-1.31603584,-0.51803047,0.672438599,1.38718814,-0.513783388
19.85,0.604388946,0.444217666,0.783507595,0.51815448,-0.00478418172,-0.00775142244,0.855238541,0.188318932,0.090267214,-0.0729718567,0.0660846056,-0.259109204,-0.0620478247,-0.250583892,-0.102518494,-0.112423899,0.114692015,0.178035459,0.125918366,0.223826159,0.778324636,0.115367539,-0.0795754367,-0.267086952,-1.58725715,-1.32021826,-0.513600773,0.658293804,1.38717775,-0.508883874
19.8666667,0.604274111,0.444047443,0.783528874,0.51766007,-0.00506403348,-0.00754440525,0.855538128,0.187235549,0.0907074232,-0.0743946261,0.0659415859,-0.258801064,-0.0621453331,-0.25076024,-0.102759977,-0.111831616,0.113501995,0.178509427,0.126123937,0.227638155,0.778832402,0.109997747,-0.0761748911,-0.268750604,-1.5809935,-1.32201337,-0.512176234,0.646870398,1.38814259,-0.508976419
19.8833333,0.604081568,0.443938727,0.783651878,0.516040506,-0.00548972551,-0.00756302145,0.856513199,0.185887396,0.0921989029,-0.076989638,0.0654794226,-0.258062217,-0.0625499742,-0.249692431,-0.102877374,-0.109854752,0.111411769,0.179425105,0.128070325,0.228502331,0.77620459,0.10596938,-0.0713016927,-0.266632996,-1.5740546,-1.32235725,-0.514308202,0.643061959,1.38937943,-0.513006136
19.9,0.603827446,0.44392322,0.783805511,0.513566402,-0.00595655504,-0.00762349669,0.85799531,0.184331871,0.0941075057,-0.0799583881,0.0648084095,-0.257009911,-0.0633926063,-0.248268061,-0.103372666,-0.107883366,0.109916273,0.179919723,0.130989935,0.226894992,0.774030523,0.105315335,-0.0673420942,-0.264135763,-1.56812671,-1.321825,-0.518132918,0.645167114,1.39044191,-0.51791219
19.9166667,0.603510477,0.444022814,0.783958221,0.510803897,-0.00634104082,-0.0076744374,0.859639618,0.182908391,0.0959448779,-0.0828471428,0.0640260302,-0.255812724,-0.0644341813,-0.246514491,-0.104331084,-0.107650473,0.10905761,0.17969863,0.133828721,0.224207859,0.773943114,0.107119387,-0.0652662092,-0.262006014,-1.56077644,-1.32072097,-0.522413728,0.64751599,1.39066778,-0.519720105
19.9333333,0.603142159,0.444216776,0.784098371,0.508288464,-0.00658662914,-0.00774896992,0.861126824,0.181900918,0.0973810718,-0.0855745959,0.0632256836,-0.254675903,-0.0652378855,-0.244489064,-0.105501938,-0.110498667,0.108424931,0.179055913,0.135641669,0.221934732,0.776390588,0.11050308,-0.0646210811,-0.262570864,-1.55076745,-1.31928236,-0.526559039,0.647178136,1.39020713,-0.518651425
19.95,0.602727391,0.444467324,0.784195157,0.506098049,-0.00671535715,-0.00789825323,0.86241364,0.181554243,0.0986375763,-0.0877631982,0.0623398557,-0.25374407,-0.0656545411,-0.242157692,-0.106649914,-0.115946914,0.107860091,0.178208237,0.136282713,0.220263943,0.778276754,0.114669321,-0.0658170022,-0.266819905,-1.54146795,-1.31785857,-0.530886026,0.647375158,1.38899686,-0.516143754
19.9666667,0.602276495,0.444676452,0.784247131,0.504074304,-0.00679316276,-0.00810333213,0.863595556,0.181977866,0.0997444536,-0.0892774798,0.0610559454,-0.252987951,-0.0658390046,-0.240335416,-0.107695765,-0.12241181,0.108361113,0.177012561,0.136104812,0.218974103,0.776263472,0.118613386,-0.0696151431,-0.273999478,-1.53403578,-1.3171107,-0.535952055,0.652518203,1.38761702,-0.514940762
19.9833333,0.601827531,0.444769433,0.784272388,0.502285577,-0.00687566228,-0.00831157149,0.864634514,0.183027856,0.100593448,-0.0904035679,0.0593274699,-0.252397402,-0.065697253,-0.239557592,-0.108602599,-0.127664926,0.110418281,0.175327753,0.135816799,0.218107224,0.767088013,0.121964786,-0.0757054062,-0.281877476,-1.52955637,-1.31732355,-0.540928047,0.65912436,1.38664214,-0.51436601
20,0.60139533,0.444842931,0.784306495,0.501035416,-0.00693417678,-0.00848935103,0.86535736,0.183661324,0.100836418,-0.0912975656,0.0583421159,-0.25203189,-0.0653658304,-0.239571069,-0.109444755,-0.130015243,0.113325745,0.173397163,0.136089539,0.218120575,0.754807469,0.123351261,-0.0771777879,-0.281841032,-1.52759841,-1.31822739,-0.544423601,0.662728368,1.38614491,-0.511563416
20.0166667,0.600933189,0.444984737,0.784359826,0.500462242,-0.00698970196,-0.00862285655,0.865687204,0.183639365,0.100249127,-0.0921615588,0.0587326627,-0.252356688,-0.0645300096,-0.239764749,-0.110074408,-0.129685631,0.115813864,0.171672651,0.137006515,0.218670699,0.745627577,0.123296529,-0.0731822472,-0.277817212,-1.52923474,-1.31971844,-0.546299302,0.663852579,1.38609534,-0.509309695
20.0333333,0.600316836,0.445135831,0.784345245,0.500652712,-0.00715533869,-0.00855968791,0.865576337,0.182756408,0.0989247806,-0.092714126,0.0608507653,-0.253868723,-0.0630010585,-0.240601869,-0.110204998,-0.127717617,0.117691152,0.170379213,0.137810287,0.219449234,0.744151526,0.11925538,-0.066219174,-0.276951777,-1.5310934,-1.32240708,-0.546601687,0.665412518,1.38647794,-0.509976808
20.05,0.599540198,0.44533422,0.784291425,0.50168863,-0.00750090488,-0.00853174188,0.864973679,0.181815362,0.0970709794,-0.0918966771,0.0639837349,-0.2565539,-0.0609962674,-0.242792163,-0.109498601,-0.125131721,0.120274539,0.169121209,0.137471393,0.220280282,0.754256315,0.110662956,-0.0575169412,-0.284185907,-1.52795195,-1.32587106,-0.545896767,0.669574181,1.38667586,-0.510701348
20.0666667,0.598765832,0.445606296,0.784071178,0.503326985,-0.0076439776,-0.00884482947,0.864016947,0.184287414,0.0974242137,-0.0897275033,0.0640906585,-0.258840831,-0.0603176544,-0.244613676,-0.10732623,-0.122767061,0.123357919,0.1677724,0.136178297,0.221755008,0.76981008,0.106663637,-0.0475188549,-0.294472163,-1.5159421,-1.32708935,-0.544957715,0.672182792,1.38638101,-0.509435001
20.0833333,0.59791829,0.445514914,0.783835995,0.50522536,-0.00705192479,-0.00865233943,0.862915258,0.187741349,0.094644235,-0.0877047751,0.0623026313,-0.259144848,-0.0590078764,-0.243974593,-0.109701443,-0.121265807,0.123432139,0.167160835,0.136780674,0.223254763,0.782572999,0.102659939,-0.0338663979,-0.296863587,-1.48983365,-1.32720728,-0.543939075,0.672552679,1.38436661,-0.504428748
20.1,0.597056409,0.444868782,0.783604123,0.50755983,-0.00614393812,-0.00774271593,0.861559819,0.189935513,0.0889040305,-0.0852689303,0.0606076981,-0.258348324,-0.0562993435,-0.244746928,-0.1137248,-0.119713775,0.123430743,0.167448011,0.137755036,0.224818067,0.796813952,0.0928434619,-0.0109836496,-0.295475076,-1.44636889,-1.32704944,-0.542384977,0.669713885,1.38021399,-0.49128697
20.1166667,0.596370299,0.443999648,0.78337015,0.510464505,-0.00532144909,-0.00654911284,0.859857419,0.190998422,0.0819621249,-0.0813465359,0.0599180369,-0.257729929,-0.0529048839,-0.247169335,-0.117213075,-0.117429191,0.12385111,0.167968765,0.137426588,0.226093851,0.821963699,0.0930972849,0.0259433561,-0.297921961,-1.39231982,-1.3254018,-0.538148051,0.659017172,1.37469062,-0.46684728
20.1333333,0.595820516,0.443019913,0.783090321,0.513689229,-0.00451895642,-0.00508495975,0.857949357,0.1912808,0.0743863225,-0.0764838971,0.0598222036,-0.257373209,-0.0495099553,-0.251172878,-0.120674717,-0.114379291,0.12520466,0.168113474,0.135889377,0.226039033,0.855027936,0.111848224,0.0675831015,-0.304614146,-1.33916125,-1.32330653,-0.532579719,0.64456285,1.36785382,-0.436518484
20.15,0.595325296,0.441781135,0.782767085,0.51704702,-0.00363820189,-0.00312505381,0.855943559,0.190823966,0.0657127002,-0.0720172999,0.0593075151,-0.256365049,-0.0461736731,-0.256970754,-0.125222965,-0.110646327,0.127940461,0.16780107,0.133925433,0.22344505,0.88078805,0.146597843,0.100511843,-0.304257631,-1.2879309,-1.32239921,-0.526629246,0.632421079,1.35968173,-0.405780746
20.1666667,0.594944305,0.440161189,0.782450473,0.520379689,-0.00277279287,-0.000775092344,0.853930144,0.189324286,0.0562699044,-0.0685288982,0.0582188975,-0.2543676,-0.0429363432,-0.264015504,-0.130910072,-0.106534056,0.130679249,0.168311524,0.132436508,0.217515029,0.882672265,0.197021679,0.112402637,-0.289620108,-1.23519788,-1.32197257,-0.519187581,0.62044889,1.35013798,-0.373714602
20.1833333,0.594759522,0.438145651,0.782205073,0.523465625,-0.00201235109,0.00136212647,0.852043329,0.186359632,0.0482730127,-0.0657532651,0.0595898026,-0.253469654,-0.040539485,-0.270928739,-0.136177409,-0.102301165,0.1324936,0.17110078,0.132259823,0.206958324,0.845062417,0.260528905,0.0889076297,-0.261044644,-1.17009086,-1.31508587,-0.509336109,0.60439118,1.33530367,-0.340077787
20.2,0.594696499,0.435862003,0.781962847,0.526569942,-0.00130416818,0.00282806392,0.850126106,0.179548605,0.0410988704,-0.062371462,0.0713159007,-0.258340192,-0.0379839481,-0.275968879,-0.139908538,-0.0976671915,0.131595411,0.176246586,0.133207554,0.191900386,0.76309752,0.335802959,0.0275138927,-0.213174915,-1.09527935,-1.29951059,-0.496626436,0.583628573,1.31391623,-0.304653805
20.2166667,0.594675987,0.433342194,0.781582116,0.530073238,-0.000727059513,0.0035794203,0.847943997,0.165820594,0.0340944045,-0.0572646789,0.100347605,-0.272770869,-0.0347182889,-0.27756544,-0.141382957,-0.0923689091,0.12470588,0.183633986,0.134500121,0.171789205,0.636472511,0.411266287,-0.0651389915,-0.143017893,-1.02541572,-1.27683992,-0.479350422,0.561463812,1.28756882,-0.266781394
20.2333333,0.59447146,0.430282924,0.781143652,0.534011761,-0.000386371905,0.00406200854,0.845467202,0.150036032,0.0272827119,-0.0498446035,0.133285945,-0.289153229,-0.0311935797,-0.273422593,-0.141946229,-0.0875729367,0.105259046,0.194762525,0.135916657,0.144650566,0.471671778,0.470542898,-0.183212814,-0.0598219009,-0.963915854,-1.24907405,-0.455519235,0.53802696,1.25791811,-0.223524237
20.25,0.593886004,0.426148863,0.780846862,0.538854812,-0.00043111207,0.00462813087,0.84238583,0.134007025,0.0196634458,-0.0388912609,0.16224785,-0.30219835,-0.0269562729,-0.26343067,-0.142690845,-0.083722473,0.0690283906,0.213120021,0.137650123,0.112537607,0.281364541,0.502530588,-0.322126375,0.0195734706,-0.906069182,-1.21667951,-0.426962228,0.509625143,1.22591383,-0.17329666
20.2666667,0.5933271,0.420635308,0.780667277,0.54526878,-0.00121263386,0.0052044789,0.838244237,0.115319466,0.0119287677,-0.0239665562,0.190527621,-0.313392676,-0.0214368729,-0.254718489,-0.142854672,-0.078053105,0.0254255875,0.241014223,0.140091295,0.0771740209,0.0813579283,0.522759928,-0.466506685,0.0911203689,-0.847426312,-1.17972889,-0.392001132,0.4747041,1.19447391,-0.118688503
20.2833333,0.592865946,0.413907932,0.780384848,0.553463364,-0.00253412062,0.0058833251,0.832848888,0.0937311564,0.00358737964,-0.00600047369,0.220963314,-0.325380794,-0.0146009215,-0.263345383,-0.143248946,-0.0662609086,0.0035275303,0.275864457,0.142816296,0.0379276027,-0.118648354,0.53488011,-0.602697571,0.149771137,-0.809093984,-1.14053502,-0.346249528,0.433639529,1.16973462,-0.0613228588
20.3,0.591904411,0.406469116,0.779759575,0.563477402,-0.00357274333,0.00656237083,0.826097687,0.0720136573,-0.00629101188,0.0147310733,0.253823378,-0.339377675,-0.00647050284,-0.284304725,-0.144642454,-0.0461546506,0.000662817985,0.31602711,0.146016748,-0.00247611785,-0.318654322,0.527166243,-0.733667137,0.198059287,-0.770824454,-1.09995034,-0.291003374,0.387613109,1.15758096,-0.00278053042
20.3166667,0.590163981,0.398965149,0.778672982,0.575191177,-0.00408334935,0.00685444836,0.817980106,0.0527217081,-0.016581188,0.0385823435,0.287396268,-0.355325786,0.00261537082,-0.307315395,-0.144720886,-0.020208928,0.00230784147,0.35530222,0.1502782,-0.0426720157,-0.508532648,0.502581413,-0.853873451,0.236419924,-0.713677492,-1.05609868,-0.231806115,0.340389598,1.15700284,0.0570306238
20.3333333,0.587777422,0.39195064,0.777130035,0.588191299,-0.00423700876,0.00655513067,0.808684162,0.0360507608,-0.0259314913,0.0660907088,0.321601302,-0.373578465,0.0119907711,-0.325835886,-0.14277096,0.00671419173,0.00126553141,0.385536604,0.159316299,-0.0832557588,-0.669650484,0.469532995,-0.955439963,0.257278538,-0.646377793,-1.00696133,-0.172543354,0.297094388,1.16358893,0.119663914
20.35,0.585075383,0.385585744,0.775188501,0.602135807,-0.00410467383,0.00601430904,0.798360476,0.0217907704,-0.0341343504,0.0972359355,0.354948295,-0.392879784,0.0211055948,-0.337573358,-0.139933198,0.0299739941,8.28981947e-05,0.399721241,0.178187223,-0.125143966,-0.801117898,0.440791582,-1.04081377,0.256449727,-0.584405698,-0.95124727,-0.116419781,0.265140725,1.16845673,0.186392108
20.3666667,0.582268664,0.379624174,0.7733159,0.616928947,-0.00397421083,0.00614822434,0.786984803,0.0090999764,-0.0428833886,0.130865601,0.381878923,-0.409086051,0.0301419841,-0.343499004,-0.136733657,0.0479095799,0.00353568806,0.392271046,0.201425941,-0.168251547,-0.91388522,0.420965074,-1.11513995,0.238211772,-0.53035289,-0.89261634,-0.0664080219,0.252232586,1.156445,0.25870512
20.3833333,0.579105999,0.373990032,0.771768183,0.632697689,-0.00403045285,0.00727913241,0.774354185,-0.00166756508,-0.0533555816,0.165393424,0.398716759,-0.419791435,0.0395982857,-0.345941878,-0.132818638,0.059874122,0.015581764,0.360593753,0.219903008,-0.208381554,-1.01783605,0.393448016,-1.18386806,0.220171781,-0.474320911,-0.834556316,-0.0298682897,0.262243782,1.13054576,0.335480458
20.4,0.575381478,0.368890822,0.770839808,0.649629925,-0.00419930864,0.00896439744,0.760186139,-0.0089309784,-0.0655200134,0.20025063,0.403045938,-0.423744725,0.0492621576,-0.345334189,-0.128607959,0.0668531191,0.0346898167,0.309862845,0.228639609,-0.242821588,-1.11487179,0.342906723,-1.24661103,0.217650971,-0.409931651,-0.778331479,-0.00680199195,0.288090649,1.10238077,0.416817059
20.4166667,0.571337796,0.364516692,0.770919282,0.667839945,-0.00447129714,0.0106479801,0.744215315,-0.0108520532,-0.0784682056,0.235032366,0.392590224,-0.4188263,0.057388774,-0.347848929,-0.124009305,0.0726947196,0.0680574379,0.252290955,0.22147447,-0.271538133,-1.20169587,0.282480145,-1.30304447,0.223857148,-0.339575202,-0.716864825,-1.56213498e-05,0.325483102,1.0697408,0.507842487
20.4333333,0.567373838,0.360944415,0.772186577,0.687609721,-0.00496317238,0.0121551782,0.725961769,-0.00840258841,-0.0909894317,0.269898677,0.369963698,-0.403687634,0.0613322272,-0.355924086,-0.118342911,0.0768802197,0.118869264,0.198427573,0.195925686,-0.295257046,-1.27089889,0.221520717,-1.3498167,0.228829842,-0.273508603,-0.649875178,-1.48402824e-05,0.367102148,1.03417276,0.605731497
20.45,0.563706643,0.358281189,0.774527435,0.709217037,-0.00552269632,0.0135527384,0.704838292,-0.0030773339,-0.103412942,0.306019433,0.341604341,-0.378381593,0.060099145,-0.357379815,-0.113187325,0.0730492464,0.1641808,0.153111286,0.158910263,-0.313572397,-1.32093694,0.161475062,-1.38372109,0.231195672,-0.222299155,-0.5776113,-0.000851559244,0.408893723,0.995147986,0.702224391
20.4666667,0.560350935,0.356415543,0.777651536,0.732450082,-0.00604577661,0.0147844551,0.680633342,0.00437338526,-0.115564561,0.344715504,0.311648876,-0.344345868,0.0558026923,-0.346449829,-0.11018401,0.057388645,0.193299263,0.114578042,0.126163608,-0.326992742,-1.35898714,0.100046539,-1.4080601,0.236539921,-0.18458433,-0.50248902,-0.00167694361,0.452619016,0.952701822,0.788534758
20.4833333,0.557217332,0.354782669,0.780814082,0.756845594,-0.00645519674,0.0160216664,0.653365429,0.0109408499,-0.128009144,0.386406768,0.2835009,-0.309407616,0.0523440543,-0.329671566,-0.111789491,0.0328436037,0.223014121,0.0688937792,0.110557509,-0.336194928,-1.39058853,0.0439843674,-1.42607578,0.244487672,-0.149140051,-0.447933607,-0.00134515587,0.497108801,0.923928904,0.856065952
20.5,0.554462489,0.353040555,0.782881807,0.78192141,-0.00610287311,0.0172689133,0.623107895,0.0172788951,-0.141765419,0.430937141,0.258820187,-0.28387183,0.0510830602,-0.312910632,-0.121140514,0.00289317227,0.281963408,-0.00402240064,0.108725496,-0.342252944,-1.41269651,0.00942213773,-1.43854312,0.240663978,-0.107180366,-0.420505236,-0.000500698497,0.542820407,0.912367523,0.903787317
20.5166667,0.552388729,0.351154511,0.783411382,0.807134637,-0.00451310265,0.0182999816,0.590066454,0.0203461317,-0.15604082,0.479559043,0.243485727,-0.273900575,0.0521806382,-0.288905369,-0.141496306,-0.0310280762,0.3650608,-0.100236365,0.110274656,-0.345817885,-1.42249457,0.00011159878,-1.44698184,0.219704454,-0.0537854247,-0.41062366,-7.11923838e-05,0.589129047,0.907914997,0.942396067
20.5333333,0.550840051,0.34916274,0.78211331,0.831778189,-0.00199381766,0.0194613398,0.554763306,0.0211906524,-0.170612683,0.532186768,0.234807983,-0.275765655,0.0533571812,-0.255770925,-0.172807334,-0.0670368239,0.445673234,-0.192312809,0.104404822,-0.345757569,-1.42984235,0.000106018841,-1.45086206,0.185190576,0.00346678112,-0.408129762,-1.09089712e-05,0.634414659,0.899475241,0.977451403
20.55,0.549468453,0.347245526,0.780415346,0.85514609,0.000867852091,0.0208586768,0.51796653,0.0206985184,-0.186722416,0.585377611,0.226805121,-0.27670888,0.0532139705,-0.225418253,-0.206529287,-0.100935615,0.496545034,-0.248590811,0.0856272244,-0.343831734,-1.44320166,0.000394754107,-1.44665495,0.147308148,0.0547933818,-0.408846138,-1.03635227e-05,0.678028156,0.882844274,1.00753216
20.5666667,0.548420784,0.345319131,0.779550969,0.876963105,0.00345689133,0.021912202,0.480045434,0.0192194023,-0.198959967,0.636651855,0.221050192,-0.275191505,0.0514049002,-0.197859226,-0.237587569,-0.131494125,0.518629291,-0.269276662,0.0620754074,-0.340490245,-1.45548866,0.000292350154,-1.43759789,0.110113013,0.0916348603,-0.408114895,-1.17322166e-05,0.719983253,0.85498888,1.03261756
20.5833333,0.547686773,0.343163752,0.779034787,0.897123259,0.00577829342,0.0223496631,0.441176792,0.0157872261,-0.206475947,0.684281743,0.220409954,-0.273518595,0.0497678689,-0.170452274,-0.266763823,-0.157994095,0.52124698,-0.267852821,0.0455715214,-0.336031316,-1.46646094,0.000146594454,-1.42340248,0.0787188765,0.108842156,-0.404824849,-1.0615135e-05,0.758329295,0.816702189,1.05628946
20.6,0.546998685,0.340758152,0.778790663,0.915518104,0.00810304596,0.0220445944,0.401590559,0.0118056697,-0.210088247,0.722630009,0.224758979,-0.271488979,0.0509708321,-0.142414247,-0.294193696,-0.180859812,0.513869411,-0.252243634,0.0400574666,-0.329207146,-1.4726938,8.66544899e-05,-1.40911897,0.0560252435,0.125315796,-0.404140485,-9.24287088e-06,0.786642357,0.784998627,1.08590356
20.6166667,0.546293681,0.338134895,0.778797329,0.932124081,0.0105594869,0.0214314529,0.361350091,0.00704140688,-0.211352035,0.746401343,0.232808246,-0.268464961,0.0537305462,-0.116191532,-0.320050433,-0.199263611,0.501014021,-0.227550067,0.0484259827,-0.318673607,-1.47767178,8.20353579e-05,-1.39507287,0.036836429,0.1593536,-0.4070545,-8.44313844e-06,0.806072618,0.764578743,1.11638715
20.6333333,0.545493825,0.335254601,0.779059042,0.946989654,0.013012935,0.0208912939,0.320319861,0.000879543187,-0.21044538,0.753377981,0.243773439,-0.264823322,0.0549079353,-0.093742353,-0.343652831,-0.213538533,0.481972593,-0.196075161,0.0704037967,-0.304464455,-1.47855259,7.95138288e-05,-1.38058173,0.0225752582,0.208425927,-0.414066571,-8.01909627e-06,0.821465646,0.7516852,1.13906127
20.65,0.544538571,0.332075376,0.779469502,0.960138304,0.0153171,0.0203079642,0.278365604,-0.00610567254,-0.207167535,0.744551478,0.256910301,-0.261435035,0.0533266372,-0.0753281927,-0.364674319,-0.223478345,0.45573257,-0.160552082,0.0966183725,-0.28646595,-1.47607173,7.49004234e-05,-1.36494603,0.0133791876,0.263691699,-0.423435565,-7.62826191e-06,0.833452107,0.744285827,1.15559538
20.6666667,0.543432348,0.328601635,0.779938071,0.971539958,0.0174392625,0.0196735255,0.235412266,-0.0144976929,-0.201444374,0.724454502,0.273157185,-0.259348247,0.0502952717,-0.061703474,-0.382664136,-0.229091567,0.423912126,-0.124197013,0.121355049,-0.263714051,-1.47268236,7.0518751e-05,-1.34807844,0.00589400448,0.317966858,-0.432526554,-7.24416402e-06,0.841070889,0.736266952,1.17316601
20.6833333,0.542129276,0.32492845,0.780325706,0.981109573,0.0194715522,0.0190865903,0.191521711,-0.0235877083,-0.194817385,0.699057252,0.290041708,-0.258600322,0.0453031827,-0.0537925295,-0.398478941,-0.231550564,0.38971614,-0.0886536485,0.140987391,-0.236387669,-1.46619935,6.80248668e-05,-1.32759469,-0.00111805434,0.358656508,-0.440954202,-6.88151908e-06,0.845685306,0.727129655,1.19516641
20.7,0.540612303,0.321128628,0.780616721,0.98875055,0.0214177947,0.0185044005,0.146871421,-0.0322712338,-0.18860414,0.672453478,0.304067665,-0.258816014,0.0381544735,-0.0519950382,-0.412290923,-0.233330163,0.356117274,-0.0542929074,0.153487022,-0.205423271,-1.45627681,6.78575516e-05,-1.30512293,-0.00798372849,0.384125615,-0.449923838,-6.5460141e-06,0.849438739,0.718292189,1.22187179
20.7166667,0.538950413,0.31726489,0.780795466,0.994391742,0.0232542458,0.0179892031,0.10159081,-0.0398976209,-0.182880259,0.649005228,0.314581043,-0.259857677,0.0306904739,-0.0550239207,-0.42332789,-0.236703558,0.321463309,-0.0207777994,0.164710817,-0.171576636,-1.4459322,0.000118900872,-1.28433476,-0.012767405,0.3985076,-0.459316837,-4.99835533e-06,0.853866957,0.709568282,1.24081448
20.7333333,0.537129356,0.313420995,0.780815345,0.997979968,0.0249622665,0.0177665637,0.0556526456,-0.0470087401,-0.177621396,0.630778739,0.321970978,-0.262095712,0.0237146904,-0.0651307451,-0.431515688,-0.242576003,0.288866336,0.0113863495,0.173726766,-0.134724125,-1.43738556,0.000170675728,-1.2661272,-0.0169942931,0.404089585,-0.470469903,-3.26127154e-06,0.855493026,0.699931851,1.23481898
20.75,0.53508389,0.309592563,0.780698708,0.999459057,0.0262420076,0.0177751918,0.00877457012,-0.0529756011,-0.172391756,0.619341666,0.326160238,-0.265982062,0.0181186893,-0.0846833319,-0.436013825,-0.252023347,0.263522866,0.0414460414,0.175380501,-0.093187082,-1.43064421,0.000244601164,-1.25021622,-0.0218264118,0.407564079,-0.487010716,-1.31505817e-06,0.850746416,0.693616688,1.22360377
20.7666667,0.532963446,0.30583582,0.780547804,0.998711095,0.027113679,0.0176098539,-0.0391265823,-0.056686169,-0.167139599,0.613587896,0.326391086,-0.270880341,0.0131040366,-0.110887981,-0.436043715,-0.266905563,0.242257095,0.0726001475,0.17209246,-0.0482322468,-1.41848731,0.000543993844,-1.2329385,-0.0267032633,0.415491386,-0.508101199,-1.32598431e-09,0.843497521,0.689822315,1.22618354
20.7833333,0.53093666,0.302298437,0.780308476,0.995604931,0.0279295669,0.0169823044,-0.0877630983,-0.0573453382,-0.16322939,0.608470543,0.32348833,-0.276310912,0.00758628573,-0.139345438,-0.435260988,-0.286335595,0.221663906,0.110763722,0.171463147,-0.00304882801,-1.39088297,0.00117108895,-1.20978072,-0.0298538156,0.431857014,-0.533149613,-2.99888195e-06,0.839799353,0.68533944,1.24556363
20.8,0.528994177,0.298786401,0.779984496,0.990010674,0.0277628462,0.016006544,-0.13730215,-0.0557290972,-0.157794934,0.597510486,0.319082533,-0.284936398,0.000886722636,-0.171661026,-0.428525225,-0.303700947,0.202918706,0.156373979,0.179192252,0.0418817424,-1.34984979,0.00158125046,-1.18446743,-0.0298509921,0.465903221,-0.561370202,-0.000990312477,0.841593923,0.672642515,1.27767005
20.8166667,0.527153055,0.294972136,0.779602926,0.981757478,0.0253366602,0.0142310385,-0.187903659,-0.0497839969,-0.148042194,0.573811232,0.315894934,-0.299045508,-0.00508048779,-0.200127728,-0.409132943,-0.314835653,0.17976543,0.205675482,0.199330027,0.0872514767,-1.29643177,0.000345901148,-1.15679473,-0.0305419268,0.507277967,-0.593341755,-0.00410633981,0.850883852,0.650717359,1.30396726
20.8333333,0.525259172,0.290627163,0.779097715,0.97072562,0.0203964084,0.0108867827,-0.239075795,-0.0360270272,-0.133594784,0.532675928,0.313314252,-0.319658499,-0.00907040558,-0.219971321,-0.376552103,-0.317447597,0.150610247,0.252236357,0.219391233,0.129514281,-1.21209347,4.30397151e-05,-1.11582019,-0.0435343693,0.54241979,-0.633481147,-0.0104277814,0.876993351,0.614746003,1.26748548
20.85,0.523142249,0.285400932,0.778463022,0.956927321,0.0136177949,0.00544528115,-0.289956904,-0.0113801304,-0.116919516,0.474544874,0.31103295,-0.343319502,-0.00781225427,-0.228798611,-0.334916533,-0.312177971,0.117904291,0.286793082,0.226623871,0.164250569,-1.07269054,0.0357666117,-1.04888843,-0.100557437,0.565471094,-0.691616166,-0.0208013579,0.920520348,0.569800099,1.1645077
20.8666667,0.520905095,0.279035941,0.777894616,0.9405474,0.00587677181,-0.00131544861,-0.339609072,0.0226223857,-0.101653515,0.402831515,0.307913498,-0.362888586,0.00144410953,-0.226403891,-0.287497512,-0.301314735,0.083118725,0.302912435,0.219797424,0.189102897,-0.877282431,0.137916371,-0.943547577,-0.226892818,0.562444702,-0.778508405,-0.0351533591,0.971091678,0.529477619,0.995028463
20.8833333,0.518695785,0.271645729,0.776984458,0.922187289,-0.00170292131,-0.00800784827,-0.386656927,0.0632645048,-0.091160761,0.323815052,0.300994364,-0.376888121,0.0184592454,-0.219461388,-0.238518417,-0.281072868,0.0536793476,0.300268787,0.200386301,0.205184056,-0.682434306,0.286959139,-0.784177977,-0.40983734,0.495929233,-0.91115615,-0.0513228681,1.01058056,0.527683427,0.795756944
20.9,0.51664498,0.263594292,0.775479805,0.902962447,-0.00859580578,-0.0138503147,-0.429410178,0.107543846,-0.0860316575,0.248538561,0.288836414,-0.387172127,0.0350988337,-0.21907131,-0.195102948,-0.249884399,0.0450869689,0.282153774,0.172198358,0.216027376,-0.514633084,0.385994203,-0.572073712,-0.561558891,0.362685817,-1.05141686,-0.0871887794,1.03972717,0.596138785,0.596100224
20.9166667,0.515151112,0.255955541,0.774316199,0.884551667,-0.0163728341,-0.0180853635,-0.46580382,0.148980316,-0.0773753354,0.192149009,0.276600063,-0.39647996,0.0433426768,-0.238209437,-0.159092429,-0.215859142,0.0814453937,0.256349811,0.14551473,0.219416148,-0.258004398,0.473297563,-0.37820008,-0.560755408,0.162914825,-1.30232229,-0.128523258,0.992840205,0.65081764,0.398041238
20.9333333,0.515359153,0.249336225,0.773895086,0.868713598,-0.0264202171,-0.0202702687,-0.494194064,0.189668021,-0.0660152885,0.166501717,0.259492275,-0.403281819,0.0456936896,-0.259255444,-0.125232586,-0.19001337,0.135637721,0.229416809,0.125133046,0.216352855,-0.0555004211,0.455513865,-0.207382584,-0.523135737,-0.0372091271,-1.50031811,-0.134420038,0.97189815,0.6381008,0.197410453
20.95,0.517794192,0.244161594,0.774772314,0.856564256,-0.0402671531,-0.0197544015,-0.514087536,0.227621596,-0.048240961,0.167250361,0.239130221,-0.406785094,0.0467737806,-0.263242546,-0.0879939037,-0.174653989,0.171666008,0.209137109,0.113870525,0.214297833,0.148274954,0.371320407,-0.0841030014,-0.416068236,-0.237369046,-1.64083614,-0.203289455,0.944081438,0.593951947,-0.00339483367
20.9666667,0.521395204,0.240263715,0.777024431,0.848200559,-0.0578593323,-0.0167283208,-0.526239748,0.260532173,-0.0171524878,0.179072927,0.224189975,-0.409580867,0.0459779804,-0.245625727,-0.044618072,-0.167838958,0.17983568,0.199204851,0.112618704,0.212087866,0.351663215,0.220444232,0.0135244588,-0.289768738,-0.43751571,-1.692897,-0.340341164,0.926446747,0.500881857,-0.204135945
20.9833333,0.524953868,0.236804157,0.779773889,0.84358255,-0.0743506947,-0.0110330085,-0.531713013,0.283254197,0.0162832001,0.18843681,0.211977898,-0.410759831,0.0444592609,-0.223785656,-0.00484991,-0.165737377,0.171362007,0.197227157,0.117843414,0.202087118,0.553983664,0.0885073249,0.0901200536,-0.23270362,-0.637628841,-1.69635181,-0.506778174,0.926471666,0.375481048,-0.404714237
21,0.527333845,0.233295977,0.782369211,0.842914141,-0.0855105476,-0.00218793218,-0.531205149,0.290990109,0.0501842773,0.190313044,0.20357833,-0.411766548,0.0398532118,-0.212344067,0.0271146603,-0.166471069,0.158802811,0.198617959,0.125333031,0.18080506,0.755142248,0.023087662,0.124379571,-0.245088428,-0.837705572,-1.69711396,-0.646783243,0.919682508,0.260069195,-0.605115426
21.0166667,0.52784654,0.230040661,0.784559122,0.845523077,-0.0901859458,0.00780711928,-0.526209341,0.2853924,0.076397292,0.185373383,0.195049366,-0.409657492,0.0329868313,-0.212977645,0.0466072036,-0.170363818,0.146317967,0.200991381,0.131660704,0.150893024,0.895564229,0.01608319,0.142945222,-0.326474263,-1.03775168,-1.69858917,-0.723458593,0.879494464,0.172698864,-0.805367172
21.0333333,0.527360696,0.22699614,0.786366883,0.849582383,-0.0912282107,0.016759375,-0.519236278,0.276319911,0.0953526452,0.177697144,0.184955839,-0.405087985,0.0259452053,-0.216420152,0.0579447209,-0.178552583,0.133482635,0.203253326,0.135143627,0.118680046,0.987862125,0.0159505679,0.156498006,-0.419041802,-1.17110913,-1.69968201,-0.752115222,0.815533401,0.0967981607,-1.00551114
21.05,0.527096774,0.223875429,0.787809162,0.853399604,-0.0912029345,0.0252371671,-0.512595578,0.264834939,0.111259462,0.172121244,0.178294709,-0.401744599,0.0204095632,-0.218924635,0.067725282,-0.187097195,0.118807807,0.205213614,0.136291,0.0908862202,1.06374932,0.0152211511,0.15282673,-0.495081837,-1.23778617,-1.69999979,-0.786688756,0.753446685,0.0213718074,-1.17422183
21.0666667,0.526965131,0.220822318,0.788871927,0.856429398,-0.089713102,0.0337906317,-0.507285362,0.2525304,0.123982602,0.169900681,0.170543231,-0.398650944,0.0143508141,-0.22636673,0.0749048556,-0.192767075,0.106323042,0.207259314,0.136316635,0.0721282474,1.12513205,0.014138351,0.14482116,-0.545864204,-1.23778924,-1.69999982,-0.823854136,0.705891097,-0.0316828255,-1.27622909
21.0833333,0.526512418,0.218094524,0.789539158,0.858590022,-0.0869746283,0.0409792609,-0.503566569,0.24380965,0.132440896,0.170042338,0.158003514,-0.392822409,0.00755204271,-0.233483099,0.0796139967,-0.195145107,0.0941658263,0.209552325,0.135617767,0.0613028863,1.16204015,0.0132139462,0.151679088,-0.557600918,-1.23476015,-1.6999855,-0.845384234,0.675132401,-0.0568331995,-1.31155357
21.1,0.525748251,0.215966219,0.790134633,0.859652865,-0.0839263875,0.0460433664,-0.501829973,0.238868816,0.135448775,0.17074898,0.141748086,-0.383651053,0.00217355922,-0.239455213,0.0801608645,-0.196172205,0.0849825428,0.211484637,0.13576073,0.0569189715,1.16128943,0.0124867309,0.172239573,-0.531521911,-1.25929543,-1.69998555,-0.853753801,0.657798285,-0.0627953398,-1.2802067
21.1166667,0.524741887,0.214364138,0.790583598,0.859395098,-0.0815759527,0.049616392,-0.502318268,0.236076907,0.136297784,0.172409827,0.127851276,-0.375119189,-0.00104842451,-0.243524669,0.0816047803,-0.196313765,0.0774021093,0.213262623,0.135205998,0.0585841612,1.13031232,0.0118341224,0.190653478,-0.49111234,-1.29534309,-1.69999226,-0.858159883,0.648404337,-0.0610286001,-1.25634007
21.1333333,0.523606705,0.213000019,0.790809189,0.85812483,-0.0800436905,0.0521481882,-0.504475321,0.23524121,0.136747268,0.175699232,0.117510594,-0.368955689,-0.00326843493,-0.246558539,0.0849943704,-0.195627752,0.0721106348,0.214557332,0.132798377,0.0631879551,1.09232533,0.0112168801,0.19547867,-0.45565941,-1.32360099,-1.69999988,-0.859171105,0.645615917,-0.059658628,-1.25870755
21.15,0.522581985,0.211780634,0.79085935,0.85638879,-0.0792232206,0.0536467929,-0.507389341,0.237605782,0.136616867,0.179785137,0.107762794,-0.364050277,-0.00507509486,-0.249898468,0.0871386095,-0.193616443,0.0719143757,0.214457624,0.131129957,0.0671394319,1.06007665,0.0106542896,0.191727993,-0.431374184,-1.34428212,-1.7,-0.856700569,0.644425537,-0.0601804093,-1.27105733
21.1666667,0.521687959,0.210514013,0.790705093,0.854315326,-0.0795433896,0.054331133,-0.510750723,0.243964632,0.137716166,0.185326857,0.0985695417,-0.360676565,-0.00686046848,-0.250923962,0.0910230507,-0.189082512,0.0734514593,0.213305685,0.130262688,0.0688787712,1.03622914,0.010121713,0.1883869,-0.417208011,-1.3641915,-1.7,-0.853410582,0.640679382,-0.0618873723,-1.2805147
21.1833333,0.520811122,0.208957143,0.790486976,0.851813707,-0.0805149239,0.0547225074,-0.514719538,0.250913585,0.139759554,0.192176106,0.0925624559,-0.359829087,-0.00899499598,-0.250505297,0.0968915145,-0.182172362,0.0744858922,0.212098517,0.129141738,0.0678615744,1.01742526,0.009665593,0.188680818,-0.405315369,-1.37840306,-1.7,-0.849909693,0.632569272,-0.0654824261,-1.2780576
21.2,0.51991231,0.207062064,0.790086276,0.848804815,-0.0813830159,0.0551454775,-0.519486446,0.256790943,0.141595279,0.200629308,0.0900552051,-0.361541186,-0.0114515324,-0.250710326,0.103735603,-0.174705304,0.0760260966,0.210848683,0.126932183,0.064721291,0.998941784,0.00931186903,0.192497867,-0.394820831,-1.38213127,-1.7,-0.845954584,0.62238762,-0.070364528,-1.26443483
21.2166667,0.518945606,0.204809532,0.789500426,0.845236599,-0.0818481153,0.0556273408,-0.5251491,0.261939749,0.14226264,0.211062966,0.0889809704,-0.364596333,-0.0141661395,-0.251861629,0.110879144,-0.166704196,0.0778777294,0.209406704,0.123416704,0.0597860817,0.97847737,0.00894286363,0.200915871,-0.387489076,-1.3721685,-1.69999999,-0.841192092,0.615153058,-0.0750521717,-1.25248419
21.2333333,0.517842522,0.202118198,0.788745991,0.84097203,-0.0818299639,0.0560616656,-0.531908819,0.26732803,0.141134889,0.222761322,0.0874144678,-0.367830613,-0.0167267104,-0.254171174,0.118309519,-0.158325244,0.0808517687,0.207421016,0.118238483,0.0536234907,0.960353748,0.00824408623,0.213403116,-0.385155739,-1.34082997,-1.7,-0.833462683,0.612433996,-0.078900337,-1.25079817
21.25,0.516554131,0.198974415,0.787804852,0.835978553,-0.0811747713,0.0562286,-0.539804465,0.273294347,0.137846321,0.235198793,0.0849919539,-0.370914773,-0.0189579833,-0.257307293,0.125967207,-0.149930065,0.085663092,0.204141321,0.110787396,0.0464445432,0.950891453,0.00783188191,0.227312966,-0.390379005,-1.29066026,-1.7,-0.820290694,0.610576602,-0.0844196971,-1.2446122
21.2666667,0.514967479,0.195418536,0.786645365,0.830480075,-0.079650797,0.0559715191,-0.548475874,0.279141258,0.132405274,0.24699285,0.0825813604,-0.374006738,-0.0213096723,-0.262206537,0.132219204,-0.140903344,0.0942559605,0.198825489,0.101955138,0.0386907894,0.947068241,0.0158221884,0.238337565,-0.402274198,-1.2259665,-1.69999911,-0.799335836,0.609253614,-0.0893883719,-1.21390977
21.2833333,0.512840033,0.191509264,0.785274785,0.824793526,-0.0770058823,0.055382432,-0.557421313,0.284007125,0.125825456,0.258411812,0.0809888464,-0.377526717,-0.0250891152,-0.269566361,0.136444114,-0.13148501,0.105990406,0.192202698,0.0928234364,0.0299504598,0.938183906,0.0416952957,0.24859457,-0.410445365,-1.14026363,-1.69999681,-0.770703779,0.609521269,-0.0809850159,-1.15493695
21.3,0.510113312,0.187394226,0.783740033,0.818968175,-0.0730235285,0.0545081647,-0.566557634,0.286902208,0.117174285,0.269972696,0.0798588929,-0.380797667,-0.03074384,-0.279446507,0.138464842,-0.121799126,0.119796144,0.184986955,0.0831739243,0.0199245289,0.904348354,0.0781289892,0.254066161,-0.402406573,-1.02604369,-1.69999523,-0.732478366,0.613544747,-0.0510468681,-1.08089279
21.3166667,0.506997571,0.183090047,0.782077989,0.812790293,-0.0683573927,0.053254889,-0.576075623,0.289447755,0.106411281,0.282660395,0.0782007275,-0.383762651,-0.03735895,-0.289839236,0.140639879,-0.11186326,0.134211268,0.177238974,0.0715967117,0.00846976385,0.849044126,0.11624303,0.247089768,-0.388162121,-0.886243931,-1.7,-0.689848146,0.618738958,-0.0120767647,-1.03014988
21.3333333,0.503628962,0.178728864,0.780267079,0.806265223,-0.0633884354,0.0513389998,-0.585903238,0.293356444,0.0943204018,0.296402335,0.0755417354,-0.386413604,-0.0453342,-0.299700409,0.143277914,-0.101116328,0.14989914,0.16828985,0.0577947642,-0.0036349267,0.766535911,0.161759233,0.216442351,-0.362101046,-0.742978136,-1.69999922,-0.642827026,0.620826637,0.0260438927,-0.998503889
21.35,0.500288001,0.174513263,0.778291697,0.799580728,-0.0579333901,0.0487781671,-0.595764275,0.298482314,0.0803298217,0.309481519,0.0709660934,-0.388492921,-0.055199935,-0.312890681,0.141750184,-0.0908181343,0.171475634,0.157527559,0.0451642987,-0.0176490138,0.642009029,0.209572599,0.149898221,-0.310443615,-0.617474518,-1.69984162,-0.591490073,0.615288492,0.0604024985,-0.952175392
21.3666667,0.496966375,0.170117547,0.776171481,0.792606836,-0.0529451928,0.0456849724,-0.605709579,0.305853777,0.0676019292,0.32254022,0.0665929097,-0.391411673,-0.0673476751,-0.326159958,0.140511374,-0.0811146871,0.195517681,0.145827971,0.0332910361,-0.0343603017,0.465689852,0.256781923,0.037311091,-0.208731795,-0.516195284,-1.69943335,-0.539599476,0.601106357,0.0932788502,-0.869327508
21.3833333,0.493323653,0.165327319,0.773954048,0.784964835,-0.0490565492,0.0417419789,-0.616182822,0.314769521,0.0561872977,0.335325082,0.0676532171,-0.396537727,-0.0829995806,-0.336473252,0.142016252,-0.0707506712,0.219909654,0.133869148,0.0203879943,-0.0526186482,0.265320894,0.300463179,-0.104157417,-0.0637051441,-0.443642067,-1.69914957,-0.48612021,0.588511012,0.127054682,-0.751611483
21.4,0.489462179,0.160448227,0.771638979,0.776341035,-0.0454881846,0.0364686194,-0.627610917,0.325725721,0.0429334237,0.346268773,0.0743165265,-0.400652475,-0.100968218,-0.344870927,0.144961751,-0.0569453757,0.245109468,0.121735185,0.00588328011,-0.0676988426,0.0649715273,0.333683241,-0.24073799,0.0702424187,-0.403295958,-1.69998078,-0.428376654,0.587939988,0.164334247,-0.612948021
21.4166667,0.485936527,0.155305772,0.76968466,0.766536802,-0.0419317412,0.0293305569,-0.640158401,0.339437365,0.0241251042,0.354529136,0.0875171869,-0.39823093,-0.117722958,-0.351591194,0.14440013,-0.0391446726,0.275061363,0.107147707,-0.00707149259,-0.0764720024,-0.135356949,0.345849706,-0.343747094,0.147471902,-0.377156314,-1.6999792,-0.364797621,0.594988116,0.202917828,-0.471684265
21.4333333,0.482762913,0.149260313,0.768484866,0.755229681,-0.0405742434,0.0203670449,-0.653886109,0.353945736,0.00570549145,0.363902752,0.114832943,-0.390442059,-0.128122576,-0.34971444,0.14648498,-0.017990572,0.305988513,0.0882795857,-0.0190929942,-0.0794117432,-0.305350759,0.351870627,-0.399553132,0.158037607,-0.35575724,-1.67351418,-0.308642865,0.597231802,0.223014483,-0.346922369
21.45,0.479820804,0.142196807,0.768217693,0.742261226,-0.0435497742,0.00984036787,-0.668621609,0.360751381,-0.00148996589,0.37591312,0.183197889,-0.37706608,-0.131492876,-0.332088693,0.15498068,0.00417236523,0.331737897,0.0657915815,-0.0318666645,-0.0773861022,-0.432450158,0.354706248,-0.422258287,0.130422647,-0.334793382,-1.58690569,-0.269867928,0.583521368,0.202413536,-0.258672355
21.4666667,0.477155881,0.134295523,0.769476834,0.727620556,-0.050047343,-0.00146976442,-0.684150152,0.346730183,0.0113178849,0.389006579,0.318258999,-0.347916452,-0.134210837,-0.301702863,0.167296754,0.0258722308,0.348900538,0.0445576607,-0.0455055746,-0.0698971814,-0.523645193,0.35072831,-0.426925332,0.0819472079,-0.305886591,-1.46028991,-0.247020041,0.560803962,0.153782549,-0.21184942
21.4833333,0.474761165,0.125793611,0.770693707,0.711388783,-0.0576482686,-0.0127489738,-0.700314315,0.316099745,0.0369263938,0.398158459,0.486412795,-0.277898586,-0.145252641,-0.265537229,0.179295957,0.0471865779,0.359391438,0.0258547987,-0.0597873247,-0.0556077384,-0.586519209,0.341359228,-0.42354151,0.016049292,-0.265533169,-1.32621932,-0.236644157,0.543874837,0.105235275,-0.201292679
21.5,0.472472113,0.116929725,0.770620229,0.693677652,-0.0648103204,-0.0240012816,-0.716962255,0.272118125,0.0585024152,0.398199114,0.653479222,-0.150174202,-0.154396366,-0.226698179,0.188335486,0.0702752336,0.364558105,0.0105272358,-0.0739143447,-0.0348927998,-0.619119518,0.327421688,-0.411374215,-0.0597099969,-0.226874911,-1.19840747,-0.229468665,0.538004102,0.0726479219,-0.210325589
21.5166667,0.470298154,0.108206475,0.770421799,0.674775011,-0.0711387197,-0.0356400759,-0.73372185,0.215158401,0.0654924038,0.379386731,0.807990605,0.032070549,-0.145447246,-0.184639334,0.192618107,0.0962531225,0.363228574,0.00108021656,-0.0861747256,-0.0102680003,-0.61253314,0.320748147,-0.383765169,-0.135469277,-0.206380102,-1.08325352,-0.21758214,0.538389132,0.0647777133,-0.220530875
21.5333333,0.468692414,0.100158911,0.772997634,0.65559889,-0.0759208649,-0.0475418467,-0.749777227,0.142265707,0.0482004747,0.331585545,0.95084136,0.230315615,-0.117468812,-0.141959112,0.188945213,0.124955142,0.354005882,-0.000825405469,-0.0938147738,0.0173986898,-0.566510742,0.328204581,-0.339723757,-0.215100516,-0.210508333,-0.978260051,-0.207209396,0.538784648,0.077778791,-0.215003069
21.55,0.468014486,0.0930597542,0.776822007,0.637667746,-0.0780845137,-0.0593100644,-0.764045137,0.0522941224,0.00743613743,0.265964992,1.08406715,0.392706151,-0.107979441,-0.102288958,0.173301714,0.155640516,0.336512082,0.0023669147,-0.0935507251,0.0455380588,-0.502833094,0.347761605,-0.292541894,-0.303839839,-0.228590913,-0.884466041,-0.199699446,0.552632087,0.115192854,-0.195609216
21.5666667,0.468124595,0.0871384649,0.781641393,0.622517692,-0.0772686538,-0.0703154617,-0.775601066,-0.0550941183,-0.0348712055,0.207143421,1.21055496,0.490546052,-0.125301589,-0.067221854,0.144420471,0.186081475,0.31020939,0.00622047871,-0.0835885604,0.0711379223,-0.456441172,0.367789075,-0.26304628,-0.38041772,-0.22830453,-0.812090126,-0.187959136,0.592730615,0.177136902,-0.177150932
21.5833333,0.46860937,0.082490193,0.787051822,0.61062247,-0.074598694,-0.0796511847,-0.784366575,-0.179991406,-0.0572742628,0.178716545,1.33087285,0.531530085,-0.137595306,-0.0324279871,0.111495991,0.213279876,0.274306234,0.0102037247,-0.0696338198,0.0943290026,-0.426314612,0.387281167,-0.277338052,-0.429087912,-0.198678097,-0.762623661,-0.168517278,0.652569538,0.254944229,-0.175602655
21.6,0.469199737,0.0790438655,0.791824712,0.601619893,-0.0713278488,-0.0869788109,-0.790822691,-0.316316949,-0.0608219094,0.180223095,1.44175519,0.53622151,-0.135109982,-0.000738459822,0.0866166629,0.232519166,0.235620538,0.0197279622,-0.0611625333,0.115097083,-0.402170571,0.412705302,-0.311135226,-0.447120464,-0.15338486,-0.724302353,-0.149009923,0.70448413,0.328613044,-0.186180572
21.6166667,0.469903568,0.0768067232,0.795856182,0.594684543,-0.0679433741,-0.0926548264,-0.795706652,-0.456485493,-0.0585371722,0.190312021,1.53861957,0.520049887,-0.118065662,0.0249048444,0.0683147527,0.242042904,0.194730117,0.0399206419,-0.0590597321,0.132673746,-0.376018502,0.440617536,-0.344033516,-0.434895792,-0.111352073,-0.688516702,-0.132550781,0.742936395,0.392513673,-0.20324862
21.6333333,0.470610178,0.075881225,0.799218245,0.588398897,-0.0644072131,-0.0967927006,-0.800168496,-0.59697114,-0.0429935254,0.196755402,1.60705219,0.503413222,-0.0963687787,0.0471213468,0.0523437923,0.244653371,0.1518757,0.0632125947,-0.0595055739,0.149850611,-0.357660713,0.462917051,-0.374801881,-0.39938436,-0.0833608174,-0.662893624,-0.118490794,0.774940732,0.463793249,-0.218128184
21.65,0.471214922,0.0760787417,0.802070434,0.58178639,-0.0598819736,-0.0999944765,-0.80494711,-0.739446242,-0.011541782,0.19665173,1.64494373,0.495266853,-0.08268154,0.0640743409,0.0350159775,0.236608497,0.110538811,0.0825211383,-0.0595855727,0.16836549,-0.355477661,0.473317659,-0.408103705,-0.343455758,-0.0692373237,-0.640201953,-0.104698113,0.802980924,0.537644265,-0.225427104
21.6666667,0.471797819,0.0770294026,0.804950306,0.574223689,-0.0541102434,-0.10292919,-0.810397938,-0.882902612,0.0343998009,0.188912931,1.65364603,0.488750341,-0.0783275108,0.0715424061,0.0184013669,0.20984773,0.0814937761,0.0939660039,-0.0604412814,0.189992906,-0.371380875,0.466070603,-0.445490749,-0.270490439,-0.0625716132,-0.61341364,-0.0926857978,0.826839996,0.603779651,-0.226715446
21.6833333,0.472393723,0.078633335,0.80692659,0.565068999,-0.0473987019,-0.105721237,-0.816868049,-1.02514866,0.0911730982,0.177035379,1.63256223,0.47808962,-0.0763284261,0.0656335713,0.00898249424,0.15947164,0.0712114465,0.0985751925,-0.0690020213,0.21521919,-0.4017327,0.441945697,-0.48465438,-0.18462129,-0.0537842037,-0.593620518,-0.081561604,0.851273586,0.657970441,-0.226443763
21.7,0.472972011,0.0806219838,0.807925758,0.554193753,-0.0399630729,-0.108690413,-0.824292807,-1.16498489,0.157811784,0.159591818,1.58619077,0.469260559,-0.0689669056,0.0438572086,0.00582747872,0.0894666622,0.0847994059,0.0965953664,-0.088066138,0.242504529,-0.435781936,0.413231658,-0.515969181,-0.102714668,-0.0411477713,-0.584007729,-0.0733474406,0.879287084,0.701113475,-0.22677729
21.7166667,0.473562095,0.0823459218,0.807953121,0.542485634,-0.0320601033,-0.112435788,-0.831889224,-1.30293875,0.229184334,0.132589866,1.51668432,0.46803457,-0.0550062041,0.0113344996,0.00332214789,0.0110117101,0.114942984,0.088821333,-0.11371154,0.268292538,-0.464834336,0.38718902,-0.533121384,-0.0363313559,-0.0267036527,-0.580657915,-0.0681794776,0.910046055,0.733142823,-0.227341291
21.7333333,0.474231897,0.0830370708,0.806911465,0.531754547,-0.0240574201,-0.117788433,-0.83832227,-1.4364234,0.293258998,0.0947324441,1.42158397,0.468072948,-0.036758679,-0.0205948825,-0.00317214007,-0.0640735209,0.145192111,0.0752222829,-0.140457817,0.286459589,-0.484170616,0.367321568,-0.535102422,0.00834262149,-0.0156854064,-0.579229138,-0.0658389631,0.941056605,0.753633521,-0.226520698
21.75,0.474997684,0.0823138677,0.805819651,0.52397508,-0.0162899394,-0.124772762,-0.842387388,-1.55444715,0.343317848,0.0495312331,1.2872667,0.472015109,-0.0167710834,-0.0484668771,-0.0175573332,-0.124981993,0.17646528,0.0497904255,-0.166273223,0.292150894,-0.493146025,0.352627504,-0.523659263,0.0316711131,-0.0101817463,-0.576845804,-0.0661178467,0.9698862,0.763390849,-0.224435914
21.7666667,0.475678582,0.0799613129,0.803156569,0.520079313,-0.00970519535,-0.13189949,-0.843816237,-1.63999871,0.379437649,0.00494096147,1.09519827,0.492568807,0.000344267343,-0.0784803514,-0.0349511682,-0.165231452,0.222518261,0.00708326997,-0.19000278,0.28412835,-0.498806298,0.346864428,-0.509303599,0.0314437052,-0.00379425315,-0.573154584,-0.0674894662,0.993474556,0.762536645,-0.225831577
21.7833333,0.476040091,0.0753135655,0.799570773,0.518344079,-0.00565350209,-0.13896699,-0.843786483,-1.68946978,0.412051413,-0.0347145289,0.841604467,0.540062114,0.0148632026,-0.107047054,-0.0538148395,-0.183025161,0.287265755,-0.0487336115,-0.207029153,0.269671122,-0.506693654,0.353808817,-0.50509857,0.00649880956,0.0151632034,-0.563548619,-0.0668423252,1.00698604,0.754869247,-0.229751227
21.8,0.476164814,0.0676094603,0.797986406,0.515587038,-0.00444943637,-0.147676188,-0.844003526,-1.70847737,0.45104922,-0.071696119,0.540606295,0.598722697,0.02831503,-0.119314055,-0.0768307391,-0.182006117,0.350889458,-0.103496032,-0.213794578,0.260129886,-0.506113017,0.358012647,-0.506285773,-0.0286644896,0.0373093711,-0.540953982,-0.0642360015,1.00919861,0.743799441,-0.230111221
21.8166667,0.476354972,0.0567323923,0.800117139,0.51129016,-0.00418455842,-0.159461189,-0.844474388,-1.72166758,0.494151413,-0.117609543,0.246833642,0.616935698,0.0419438059,-0.102471846,-0.108275352,-0.176492222,0.379908855,-0.139272766,-0.207912907,0.256460818,-0.483395681,0.353591298,-0.501139969,-0.0669478936,0.0408422783,-0.498341046,-0.0674466614,1.00222005,0.728038103,-0.226644393
21.8333333,0.476708895,0.0445207012,0.805744686,0.50921823,-0.00270382889,-0.172799912,-0.843107155,-1.78028056,0.519002757,-0.190980299,0.0550499351,0.544991224,0.0524785874,-0.0599139731,-0.146572047,-0.186141315,0.357931538,-0.147861002,-0.193907286,0.246981487,-0.437479326,0.351651128,-0.484834096,-0.115103041,0.0142965831,-0.440546886,-0.0789953139,0.993468124,0.709275623,-0.22292789
21.85,0.477014555,0.0344378942,0.811877551,0.51163335,-0.000878589911,-0.183233506,-0.839437922,-1.89398572,0.513327452,-0.277885658,0,0.422734062,0.0494862172,-0.0130871759,-0.17824708,-0.21859512,0.310257654,-0.139683214,-0.181117686,0.225952929,-0.391655489,0.357118138,-0.466145646,-0.157521129,-0.0222038058,-0.39020263,-0.0853690073,0.985832105,0.703935165,-0.221139301
21.8666667,0.477177357,0.0273545519,0.814333221,0.514961702,-0.0011616052,-0.187498498,-0.836455264,-2.00681957,0.500142577,-0.335002926,4.50421776e-26,0.354711968,0.0249124745,0.0136852128,-0.191900378,-0.25647734,0.284494318,-0.138240755,-0.174995797,0.206129764,-0.369294462,0.362582267,-0.45653072,-0.181550535,-0.0448352314,-0.367727999,-0.0849968409,0.98223958,0.709371547,-0.220849098
21.8833333,0.477246626,0.021190642,0.813098917,0.515013504,-0.00412127295,-0.187344195,-0.836448599,-2.08366669,0.499873014,-0.352273158,0.00174075061,0.375910793,0.00763653192,0.0167040507,-0.193434726,-0.280707329,0.305111665,-0.159416436,-0.173209476,0.199406904,-0.369674468,0.365713285,-0.456426442,-0.191779358,-0.0474730661,-0.371543958,-0.086179909,0.985616315,0.708013263,-0.223910262
21.9,0.477363527,0.0148184506,0.810058555,0.512136984,-0.00747224072,-0.186254666,-0.838432511,-2.12934907,0.509249012,-0.353731975,0.00116721262,0.455067646,0.0156244851,0.00469513745,-0.197231153,-0.290484455,0.358642236,-0.197393002,-0.169940122,0.204406659,-0.380047355,0.368713627,-0.457382429,-0.197944001,-0.0377904795,-0.388906009,-0.0902753489,0.991392303,0.698215787,-0.229087999
21.9166667,0.477423768,0.00906454597,0.807475647,0.509319251,-0.0094304902,-0.18514324,-0.8403731,-2.15913555,0.516355195,-0.361454676,0.000334294039,0.537224759,0.0403238153,-0.00903922732,-0.203783603,-0.298138362,0.407671454,-0.231325761,-0.165746456,0.212630098,-0.389640903,0.372545734,-0.452964205,-0.203097192,-0.0267373211,-0.412113127,-0.0884117093,0.994506263,0.696790624,-0.234831331
21.9333333,0.477226853,0.00484451972,0.806268881,0.508792693,-0.010172183,-0.183599492,-0.841021848,-2.1798747,0.516993347,-0.3686192,4.05684487e-26,0.579931767,0.0543902334,-0.0128023675,-0.205916557,-0.313744462,0.424472934,-0.246299589,-0.163985291,0.217241029,-0.391799729,0.37177663,-0.441135686,-0.202127757,-0.0261350453,-0.439721662,-0.0762278146,0.999697859,0.711649643,-0.244127915
21.95,0.476956312,0.00215021442,0.806327369,0.510998675,-0.00983024208,-0.181840835,-0.840070016,-2.18786496,0.514496804,-0.364311936,0,0.578842876,0.0424025074,-0.00873787089,-0.204385438,-0.331389268,0.41565331,-0.245256424,-0.163722593,0.218553088,-0.385266992,0.359369038,-0.422095138,-0.19001446,-0.0421528268,-0.467929167,-0.0663495059,1.00922275,0.726851559,-0.257610019
21.9666667,0.476622766,0.000432559005,0.806755797,0.514636026,-0.00858701504,-0.179842424,-0.838291552,-2.1756769,0.513556492,-0.349955918,0.000198128721,0.558811489,0.0148330115,-0.00582476721,-0.202178946,-0.339074009,0.404774805,-0.240803862,-0.162766018,0.221855035,-0.373523831,0.333124705,-0.397306657,-0.16507992,-0.0700425904,-0.492574622,-0.0627792272,1.015513,0.731010153,-0.272284972
21.9833333,0.476019065,-0.000805294564,0.806815672,0.517469175,-0.00725994776,-0.176804037,-0.837205637,-2.13646339,0.519503769,-0.321509165,0.000672066006,0.524757623,-0.00392741614,-0.00817122681,-0.197653908,-0.33240098,0.40239217,-0.239428755,-0.161369273,0.234267013,-0.36341109,0.298648722,-0.372639673,-0.128057295,-0.0972593477,-0.512099984,-0.0625156216,1.0090244,0.725688883,-0.28228119
22,0.475128312,-0.00144673142,0.806084475,0.517957193,-0.00625612074,-0.172239953,-0.837863119,-2.06180506,0.536425262,-0.277548559,0.00099665529,0.456711847,0.00392626574,-0.0161193392,-0.188247055,-0.314210321,0.407385728,-0.240844171,-0.161283091,0.258630917,-0.356828394,0.269465147,-0.350198113,-0.084481771,-0.117865816,-0.530799174,-0.0648402654,0.990867612,0.717531222,-0.286825411
22.0166667,0.473992268,-0.000905869851,0.804687693,0.517002497,-0.00510094835,-0.16604801,-0.839708555,-1.95659055,0.560845065,-0.219297966,0,0.397227574,0.0264844075,-0.030084154,-0.173877361,-0.290795897,0.415607021,-0.242361077,-0.163820019,0.290524177,-0.345553079,0.255651618,-0.325864161,-0.0534652928,-0.139706967,-0.555368219,-0.0723896721,0.969525043,0.711450091,-0.289269978
22.0333333,0.472677298,0.00114841204,0.802701537,0.517791934,-0.0036879194,-0.157775084,-0.840823962,-1.86259032,0.571863739,-0.160498828,4.76280451e-24,0.420843964,0.0418078383,-0.0484330576,-0.153903983,-0.271159344,0.422613454,-0.241539828,-0.168873279,0.318666088,-0.325461016,0.255070714,-0.296161914,-0.0347224816,-0.172995331,-0.59125832,-0.0817734465,0.951308192,0.712358549,-0.289853736
22.05,0.47152931,0.00427156074,0.800587538,0.522703669,-0.00222245632,-0.147588506,-0.839638951,-1.80398481,0.557962474,-0.113947397,0.0314768302,0.509309309,0.0452353791,-0.0677816013,-0.130033858,-0.260835675,0.42431287,-0.236437002,-0.174529624,0.335706785,-0.297634169,0.25549595,-0.260160492,-0.0146612309,-0.223571037,-0.642262653,-0.0850159613,0.933577033,0.736947865,-0.288040856
22.0666667,0.470807589,0.00747180961,0.799106428,0.531449738,-0.000594021778,-0.136681413,-0.835989841,-1.78266156,0.522676251,-0.0869661549,0.145309541,0.586994331,0.044196197,-0.0843377982,-0.106731005,-0.259540741,0.41727437,-0.225395498,-0.177110503,0.341263382,-0.262037959,0.247192596,-0.218684978,0.0162836545,-0.295250959,-0.705358756,-0.0791432642,0.917786012,0.78888726,-0.289119925
22.0833333,0.470542331,0.0100329249,0.798747205,0.541692246,0.00130870064,-0.126269362,-0.831037813,-1.77830372,0.478655239,-0.0732815777,0.32719755,0.613348821,0.0495649911,-0.0961723275,-0.0870851105,-0.262383973,0.401455476,-0.207621691,-0.173635524,0.341466106,-0.21865439,0.23233385,-0.176043264,0.0578443265,-0.385378476,-0.771162346,-0.066139664,0.903276049,0.85798889,-0.297914394
22.1,0.470832896,0.0117452324,0.799728281,0.550961276,0.00326159449,-0.11725463,-0.82624596,-1.76715048,0.436346982,-0.0622549101,0.531311538,0.599579329,0.0578342104,-0.102397146,-0.0720524998,-0.264717369,0.377954471,-0.182438717,-0.16370946,0.345371194,-0.167942036,0.208455562,-0.139050391,0.107586961,-0.483968068,-0.83186704,-0.0598145522,0.889888376,0.921048102,-0.311883986
22.1166667,0.471796547,0.0119560942,0.802280553,0.557902065,0.00469558918,-0.110491107,-0.82250529,-1.73680457,0.399012292,-0.0508181262,0.726858278,0.572188688,0.061043129,-0.100072427,-0.0623314932,-0.264639001,0.347267234,-0.151390728,-0.148670266,0.357054898,-0.0977543974,0.176278315,-0.110558472,0.156620301,-0.575178946,-0.881513845,-0.0663434318,0.882348675,0.964986531,-0.330894169
22.1333333,0.473322027,0.0100559167,0.805908838,0.562441204,0.00521789249,-0.105703293,-0.820036267,-1.68875042,0.364794047,-0.0392763749,0.904255619,0.548219746,0.0586988735,-0.0875423351,-0.0570541469,-0.262366697,0.310383161,-0.117977386,-0.131150818,0.375805961,0.00178502715,0.139232745,-0.0898810481,0.187157245,-0.651130241,-0.919865737,-0.0834225084,0.883818825,0.992297759,-0.356977979
22.15,0.474964473,0.00658348481,0.809306953,0.565407094,0.00477973466,-0.101410962,-0.818540035,-1.63096037,0.330839468,-0.0279508193,1.05975342,0.534276129,0.0545989422,-0.0681619515,-0.0518813251,-0.259779544,0.269650882,-0.0877976535,-0.114497004,0.396785297,0.0971999062,0.108882864,-0.0695380227,0.210722995,-0.737416675,-0.955461328,-0.0999957709,0.890570724,1.01718863,-0.388216262
22.1666667,0.476615154,0.00203161865,0.811569863,0.567797867,0.00322030795,-0.096544343,-0.817480521,-1.56790572,0.294219902,-0.0161153416,1.19152588,0.532751516,0.0490094993,-0.0449452026,-0.0439697586,-0.258415985,0.228270758,-0.0649759216,-0.101197642,0.418770919,0.183566761,0.0882840858,-0.0525099927,0.217038636,-0.855441025,-0.996014719,-0.11054462,0.897026403,1.05215422,-0.418768988
22.1833333,0.478513175,-0.00362343357,0.812588019,0.570727337,0.000720431276,-0.0907033407,-0.816114386,-1.50504055,0.256087811,-0.00380270662,1.30091147,0.541643514,0.0408397153,-0.0210020872,-0.0323819945,-0.258442981,0.189620645,-0.0491160555,-0.0908604038,0.43987241,0.270274818,0.0728756238,-0.0481294645,0.203155858,-0.992346582,-1.04215285,-0.114378288,0.898601023,1.09953202,-0.445071192
22.2,0.48045806,-0.0102321188,0.813156314,0.574991855,-0.00208294474,-0.0844417546,-0.813787207,-1.43819292,0.218044724,0.0128397562,1.38545878,0.552965533,0.0308360315,0.00211713749,-0.0200259039,-0.260650517,0.154485319,-0.0367123935,-0.0817785901,0.456550665,0.351402491,0.0594984739,-0.0497681453,0.184867547,-1.11857812,-1.07985751,-0.118653793,0.899810399,1.14408216,-0.472253985
22.2166667,0.481931518,-0.0175547934,0.8143489,0.58042878,-0.00478953832,-0.0791287599,-0.81044317,-1.35764148,0.180552169,0.0355216551,1.43539113,0.558433926,0.0227454646,0.0248964452,-0.00873371845,-0.264405835,0.12350306,-0.0263818854,-0.0736204867,0.468646982,0.432568664,0.0700675511,-0.0429249044,0.141856683,-1.22485196,-1.1058099,-0.123756884,0.899638496,1.18152976,-0.505223332
22.2333333,0.483486438,-0.0256568671,0.8150998,0.586592347,-0.00696151593,-0.075883262,-0.806289456,-1.27438335,0.143080236,0.0605939027,1.45646721,0.562044246,0.0158646588,0.0507715073,-0.00452884182,-0.267946749,0.0947910546,-0.0190557646,-0.0643034025,0.476168578,0.548006809,0.0876847237,-0.0336425057,0.0333802725,-1.30488151,-1.12407154,-0.128793688,0.900047897,1.21517562,-0.543699531
22.25,0.4855988,-0.0339454003,0.815088649,0.593069538,-0.00829849499,-0.0736714021,-0.801730742,-1.1988085,0.107097068,0.079611726,1.45312104,0.566934941,0.00849410235,0.0722394171,-0.0042046629,-0.270578372,0.0750161383,-0.0163379969,-0.0556701183,0.479294978,0.696810738,0.0867885891,-0.0149005111,-0.125747098,-1.36186732,-1.13871095,-0.135449403,0.900539311,1.24334864,-0.579161381
22.2666667,0.487678338,-0.0413328734,0.814753167,0.599407838,-0.00876058759,-0.0715785388,-0.797188816,-1.13058688,0.0745341184,0.0890053058,1.42424356,0.572788326,0.00155827298,0.08599122,-0.00486667321,-0.273224303,0.06529808,-0.0180408514,-0.0485928003,0.481345792,0.812385902,0.070385603,0.0083686188,-0.248003889,-1.39325791,-1.15180668,-0.144928584,0.898087743,1.26592266,-0.607121012
22.2833333,0.489347632,-0.0478244908,0.81473682,0.605124616,-0.00834063949,-0.0700907662,-0.792995534,-1.06390472,0.0451285371,0.0905483923,1.36986731,0.577432165,-0.00329832165,0.0946297976,-0.00676757765,-0.27582654,0.0614462009,-0.0219605035,-0.042160313,0.484735805,0.861294475,0.051938374,0.0303222954,-0.303594164,-1.39955523,-1.16243614,-0.155404609,0.889918106,1.28508331,-0.629023639
22.3,0.490931761,-0.0539965739,0.814951139,0.609728987,-0.00724204851,-0.0692364819,-0.789546974,-0.997460927,0.0174937549,0.0853728931,1.29387953,0.580168999,-0.0052175602,0.100424675,-0.0100565501,-0.277860192,0.060116353,-0.0264232223,-0.0358305348,0.489935762,0.879140056,0.0340689351,0.0438218847,-0.306389756,-1.3899562,-1.1701291,-0.165451827,0.874998987,1.30120971,-0.647138924
22.3166667,0.492246213,-0.0601275376,0.815072611,0.612850858,-0.00588567999,-0.0682398158,-0.787224563,-0.932379073,-0.00593353912,0.0741736947,1.20121807,0.582487808,-0.00518645148,0.104875189,-0.0127329348,-0.278733271,0.0594470753,-0.0311137519,-0.0308039943,0.496619266,0.890536821,0.0322142524,0.0544802785,-0.305456658,-1.38311925,-1.17550447,-0.173452667,0.853556901,1.31447125,-0.662680893
22.3333333,0.493201235,-0.066451666,0.815062263,0.614033945,-0.00451069217,-0.0672977946,-0.78639238,-0.868887333,-0.021340978,0.0598906324,1.09594063,0.588565782,-0.00399307405,0.110237885,-0.0154110701,-0.277141481,0.0582893312,-0.0366808157,-0.0254821731,0.505008827,0.902495865,0.052498819,0.0633719523,-0.316121063,-1.38451593,-1.1790671,-0.17818202,0.828111117,1.32543091,-0.6740754
22.35,0.494315095,-0.0731488527,0.815033606,0.612485479,-0.00316814065,-0.0671815205,-0.78761548,-0.80444545,-0.0298233654,0.0464068804,0.981924115,0.600505713,-0.00067907058,0.119195014,-0.0234525222,-0.272250914,0.0559703233,-0.0429336797,-0.0164335763,0.513843155,0.915174676,0.0609613934,0.068396305,-0.329996711,-1.37225361,-1.18135702,-0.178858218,0.804047851,1.3348532,-0.67542118
22.3666667,0.495555881,-0.0801312389,0.815207307,0.607597304,-0.00209325763,-0.0670690952,-0.791405629,-0.740706998,-0.0311131344,0.0344618426,0.870260596,0.610178281,0.0020801914,0.126516962,-0.0306916018,-0.26386891,0.0532635833,-0.0483771834,-0.00774298731,0.523981824,0.927100628,0.0559426101,0.0684758743,-0.347065034,-1.33201116,-1.18443841,-0.174879051,0.784871946,1.34147866,-0.665459842
22.3833333,0.496737387,-0.0873939921,0.814982704,0.599683544,-0.00161911392,-0.0666239463,-0.797457381,-0.676092301,-0.0291005348,0.0216037602,0.761672947,0.613354327,0.00344798541,0.132760596,-0.0363919682,-0.253111673,0.0508262347,-0.0548249801,-0.00210337456,0.534465696,0.933205989,0.0499829139,0.0630851609,-0.369251314,-1.2714655,-1.1883015,-0.165468016,0.771493443,1.34618466,-0.648853462
22.4,0.497712581,-0.0949264069,0.814179247,0.589113256,-0.00168562883,-0.0657785218,-0.805366945,-0.610140194,-0.0238088615,0.00900496671,0.653530494,0.610117428,0.00983712818,0.138646643,-0.0410873505,-0.240494687,0.0487701533,-0.0644858182,0.000447181095,0.542632686,0.934837057,0.0535303832,0.051000058,-0.397231806,-1.20080583,-1.19317148,-0.147901304,0.760045545,1.35161977,-0.632329043
22.4166667,0.498285596,-0.102606553,0.81285868,0.576065505,-0.00205801811,-0.0640005975,-0.81489154,-0.544089755,-0.0104271017,0.00542785109,0.545668446,0.600612142,0.0191843098,0.142275214,-0.0438545742,-0.225186105,0.0477406091,-0.0763824233,0.000525201681,0.544622152,0.93005248,0.0612371315,0.0367909285,-0.424925295,-1.11860868,-1.20018862,-0.11736402,0.743105694,1.36001737,-0.614324476
22.4333333,0.498511398,-0.110548186,0.811098048,0.561073063,-0.00329866577,-0.0611428899,-0.825498446,-0.474766162,0.0106282148,0.0205193253,0.435287594,0.586434377,0.0293366967,0.145445317,-0.0446477371,-0.206672863,0.0478831927,-0.0895566672,-0.000132203407,0.536716094,0.917320198,0.0705050563,0.0229927647,-0.445770357,-1.02134294,-1.20668541,-0.0739814277,0.715095099,1.368872,-0.581930955
22.45,0.498810178,-0.11891994,0.808926377,0.544710746,-0.00612826077,-0.0569846752,-0.836663251,-0.397091291,0.0391943092,0.0551836787,0.319632307,0.57061617,0.0357699598,0.147240493,-0.0416429171,-0.183710357,0.0533396621,-0.10454307,-0.00054054879,0.518105319,0.889040494,0.0779010894,0.0113012107,-0.450246056,-0.923058664,-1.20175522,-0.0297446165,0.675809974,1.35994291,-0.514252394
22.4666667,0.49972457,-0.127574771,0.806278316,0.528231262,-0.00965564906,-0.0517431175,-0.847467493,-0.315810233,0.0653988636,0.100862762,0.203704938,0.555562374,0.0338892422,0.142015402,-0.0384333499,-0.159023621,0.0740553978,-0.127308087,-0.000908659593,0.487410808,0.84319032,0.0828686916,0.00208248894,-0.447726469,-0.840220478,-1.17054843,-0.00558952471,0.642158521,1.30030569,-0.399045026
22.4833333,0.500876551,-0.136033012,0.803386743,0.513176711,-0.0126409507,-0.0464390061,-0.856932488,-0.236372152,0.0827427228,0.153388043,0.0990867489,0.538313787,0.00629475989,0.129447324,-0.0372557697,-0.136730271,0.109601497,-0.157340976,-0.00131476811,0.440233172,0.763450602,0.0904910723,0.00184500641,-0.43928189,-0.779357114,-1.11304614,-0.000457225577,0.640966883,1.17722541,-0.265724848
22.5,0.501541562,-0.143982733,0.800370311,0.50097854,-0.014825788,-0.042314674,-0.864297499,-0.166255101,0.0902114726,0.211380038,0.024966274,0.501297941,-0.0536794444,0.115256038,-0.0396213403,-0.12029388,0.152303066,-0.192268923,-0.000644529937,0.373155394,0.637151652,0.108502207,0.0104086708,-0.415005733,-0.726361373,-1.04181005,-0.000434364299,0.687706986,1.00131581,-0.187249477
22.5166667,0.501500854,-0.151036356,0.797207365,0.493198969,-0.0167528361,-0.0397046913,-0.868848466,-0.118144398,0.0927901906,0.260327615,2.92494722e-25,0.426354303,-0.119171318,0.102962121,-0.043284334,-0.112236893,0.200471328,-0.232658352,0.000440692983,0.28717834,0.459641786,0.13529889,0.024305221,-0.343171045,-0.664575506,-0.970244395,-0.000412646084,0.765823652,0.801303819,-0.175440686
22.5333333,0.500918805,-0.15690292,0.794891929,0.491587638,-0.0191214309,-0.0386049685,-0.869761819,-0.0896365573,0.093125843,0.285757848,0,0.338081885,-0.164695148,0.0995711448,-0.044731344,-0.113171458,0.244330832,-0.272265121,0.00190321235,0.189274526,0.259641123,0.186970202,0.0333752121,-0.204669761,-0.591114607,-0.883241164,-0.0220129383,0.835926947,0.601292424,-0.23029848
22.55,0.500241333,-0.161952816,0.791287404,0.497522332,-0.0221818726,-0.0384518439,-0.866314579,-0.0738612361,0.0912041283,0.284417964,0.00078895938,0.267817128,-0.179130324,0.111632391,-0.0420430074,-0.122742873,0.267977239,-0.30238672,0.00320969,0.0901494923,0.0596404942,0.267259027,0.016007835,-0.00466849758,-0.492900297,-0.745266756,-0.0989094251,0.857677578,0.4012816,-0.229263171
22.5666667,0.499824231,-0.16643181,0.788406095,0.51124666,-0.0250532341,-0.0374747669,-0.85825103,-0.0715556143,0.0891385946,0.263388549,0.00052769612,0.225280994,-0.170859843,0.135600184,-0.0320161855,-0.138865887,0.264257453,-0.317662757,0.0032908659,-0.00320298361,-0.140360104,0.369186243,-0.0494287613,0.195332702,-0.384796692,-0.550528286,-0.214294215,0.81276067,0.201271316,-0.161561122
22.5833333,0.499924595,-0.170898525,0.786498109,0.531279181,-0.026012472,-0.0355042232,-0.846052737,-0.0812071262,0.0832128997,0.230450454,0.00014941964,0.204458221,-0.15354833,0.163487645,-0.0175175955,-0.1583889,0.238120317,-0.319651425,0.00184714437,-0.0873841304,-0.340360671,0.44243205,-0.172717786,0.395333842,-0.27569434,-0.350529521,-0.303104959,0.701176266,0.0478121233,-0.0271923352
22.6,0.50019199,-0.176048523,0.785489843,0.554383656,-0.0242058836,-0.0344826251,-0.831194193,-0.0960536748,0.0692841637,0.193350478,7.57761315e-07,0.201305012,-0.137576179,0.191332909,-0.00494728822,-0.177084157,0.198968516,-0.312921488,-0.000998252284,-0.155992686,-0.540361211,0.459424077,-0.331230523,0.595334925,-0.162071199,-0.150530695,-0.32524992,0.522924408,-0.0389799147,0.172806395
22.6166667,0.499521236,-0.181316173,0.785358659,0.576141816,-0.0201039856,-0.0354350986,-0.81633375,-0.109553362,0.0493518092,0.16151841,0,0.210993891,-0.128082473,0.217068913,0.00355507855,-0.189715893,0.156451934,-0.3029008,-0.00676745606,-0.207354981,-0.740361723,0.432829793,-0.472987263,0.795335954,-0.0434386859,0.0494681902,-0.280729055,0.365646057,-0.0591048219,0.37280519
22.6333333,0.498453783,-0.185030571,0.785433946,0.592020984,-0.0151593164,-0.0371959462,-0.804920997,-0.12046145,0.029955511,0.140368692,4.52231767e-06,0.225668558,-0.123090236,0.230953241,0.00841826609,-0.192196587,0.130406187,-0.297972467,-0.0156794293,-0.242404209,-0.94036221,0.386764403,-0.548076763,0.995336931,0.0551417687,0.249467131,-0.169542322,0.269132692,-0.0125626216,0.572804044
22.65,0.498920195,-0.187252829,0.785652598,0.598973829,-0.0104687323,-0.0382380771,-0.799786601,-0.129550446,0.01513703,0.133327181,3.04873047e-06,0.237190385,-0.118231225,0.226301548,0.0038936203,-0.186668603,0.134372581,-0.303556708,-0.0192736282,-0.261282795,-1.10989058,0.354750735,-0.580041837,1.19533786,0.130811105,0.403305261,-0.118881312,0.199120428,-0.0326866692,0.772802956
22.6666667,0.50075668,-0.189423108,0.785862797,0.597076702,-0.00590096286,-0.0379597517,-0.801263782,-0.135717242,0.0058960801,0.138561552,8.72593372e-07,0.240673392,-0.113258527,0.210722463,-0.00957041777,-0.179137529,0.15538525,-0.315404973,-0.0144330546,-0.268557358,-1.21275226,0.35943861,-0.678673059,1.34368688,0.197744346,0.499639961,-0.13488769,0.158559531,-0.119476986,0.972801922
22.6833333,0.502373042,-0.191652514,0.786279121,0.588541514,-0.00141650897,-0.0362834532,-0.807651157,-0.13897691,0.00404094866,0.151182063,9.0471405e-09,0.235707015,-0.111282953,0.192701211,-0.0230876578,-0.172593813,0.171701936,-0.322267481,-0.00677632989,-0.26446439,-1.24894725,0.39460524,-0.815881324,1.42536918,0.252933509,0.553450159,-0.17856082,0.128601567,-0.207144555,1.15342268
22.7,0.503033713,-0.193519421,0.787115974,0.576326469,0.00260185361,-0.0341727546,-0.816500615,-0.137189534,0.00971972014,0.167321499,8.98743914e-29,0.224934851,-0.116798965,0.180085395,-0.0356896866,-0.165226288,0.172032549,-0.318523414,0.0023247015,-0.250351766,-1.24526239,0.431030099,-0.886422455,1.44038478,0.283323457,0.579975575,-0.208875274,0.107188901,-0.249684042,1.26737682
22.7166667,0.503293925,-0.195120647,0.788251358,0.564447519,0.00619353049,-0.0325824455,-0.824802414,-0.135724451,0.0139883189,0.180380444,2.51968868e-08,0.216746914,-0.124333543,0.177340267,-0.0466819057,-0.155798526,0.154402954,-0.305760946,0.0108173945,-0.234681788,-1.22900422,0.448206211,-0.890296474,1.43810047,0.294272396,0.589386699,-0.223195341,0.104068863,-0.256709861,1.31466433
22.7333333,0.503671777,-0.196554223,0.789379334,0.556005673,0.00933792351,-0.0315432425,-0.830527253,-0.13670596,0.0136274874,0.188041921,1.71430168e-08,0.214213005,-0.127538552,0.182176598,-0.0543357614,-0.145690847,0.125769782,-0.288183217,0.0164003753,-0.224386534,-1.210788,0.452670283,-0.831985164,1.43682981,0.300603447,0.589939538,-0.230604613,0.108432382,-0.249884707,1.30916126
22.75,0.504015366,-0.197726483,0.790191535,0.551540703,0.0115443297,-0.0304797217,-0.833510989,-0.139388379,0.0117759455,0.192482551,4.96968113e-09,0.214833315,-0.12614504,0.191579489,-0.0571554952,-0.139014087,0.0916694584,-0.268334809,0.0191135,-0.220421043,-1.19589538,0.455123821,-0.790664793,1.43136776,0.304185114,0.587379785,-0.234360687,0.105717062,-0.242653348,1.30702757
22.7666667,0.504020017,-0.19858006,0.790465894,0.550070658,0.0126040951,-0.0289424385,-0.834521266,-0.140637821,0.0141338333,0.196096188,8.29093162e-11,0.213820634,-0.125806828,0.199130908,-0.0549617118,-0.136136966,0.0653572874,-0.25272981,0.0195533621,-0.221015845,-1.19073524,0.459108182,-0.792601772,1.4216065,0.303250637,0.583922495,-0.237121099,0.098590401,-0.236523025,1.31906143
22.7833333,0.503749755,-0.199162065,0.790358517,0.550582643,0.0134281784,-0.0271560812,-0.834230774,-0.142768721,0.0166888798,0.19862186,2.66576626e-30,0.210974167,-0.126363301,0.200678437,-0.0513106328,-0.137101223,0.0541475529,-0.246336649,0.0190555897,-0.225228851,-1.19560246,0.4625442,-0.820802738,1.41584337,0.304371947,0.581400868,-0.238712304,0.0917772366,-0.234228413,1.33352806
22.8,0.503356035,-0.199629686,0.790076986,0.552107475,0.0143373583,-0.0256479692,-0.833255038,-0.145240453,0.0175106732,0.198844249,1.36205171e-10,0.207498274,-0.125999321,0.199145969,-0.0479941998,-0.139102718,0.0526330754,-0.246416207,0.0181540868,-0.231186008,-1.20259512,0.461716983,-0.835517804,1.41799079,0.309966232,0.582098651,-0.238429578,0.0843788435,-0.234890164,1.34637035
22.8166667,0.502885179,-0.20003252,0.789798638,0.553692092,0.0151143219,-0.024441047,-0.832225486,-0.147120996,0.017138652,0.196631482,9.46833699e-11,0.204307786,-0.124729144,0.197133795,-0.0451462057,-0.13981409,0.0538188164,-0.248172848,0.0166198629,-0.237197532,-1.2060436,0.458233391,-0.826636214,1.42300201,0.317408641,0.586594861,-0.238726879,0.0766596016,-0.238080471,1.35742916
22.8333333,0.502402294,-0.200354918,0.789584487,0.554630872,0.0158750906,-0.0232717486,-0.831619506,-0.149770963,0.0185221513,0.193610696,2.89505909e-11,0.202701219,-0.124628461,0.194883107,-0.0422339367,-0.139253086,0.0539598113,-0.248876506,0.0149598624,-0.241702599,-1.20896287,0.456586882,-0.817392661,1.42475765,0.324808658,0.593253558,-0.240429768,0.0705401553,-0.240671614,1.36434421
22.85,0.501935266,-0.200621656,0.789444027,0.554641998,0.0167952625,-0.0222546616,-0.831621851,-0.151911742,0.0194656363,0.191421578,1.45396699e-12,0.201474863,-0.125254632,0.193011842,-0.0414262434,-0.138010938,0.0533145467,-0.249050903,0.0144741207,-0.244022689,-1.21571579,0.458482406,-0.824448775,1.42458481,0.332711597,0.600202919,-0.24246134,0.0676013658,-0.240444856,1.36242458
22.8666667,0.501300515,-0.200715754,0.789328679,0.5539388,0.0176699042,-0.0211503238,-0.832101102,-0.154803382,0.0228019088,0.191020453,2.16956015e-32,0.200851911,-0.127287208,0.19062099,-0.0402315816,-0.136626724,0.0522004508,-0.248537918,0.0141730805,-0.245336526,-1.2244609,0.46259265,-0.838125012,1.42520111,0.340672643,0.605072244,-0.240549559,0.0647358054,-0.241089622,1.35614669
22.8833333,0.500597654,-0.200820084,0.789287497,0.552784586,0.0182613654,-0.020283436,-0.832877125,-0.156231716,0.0260469857,0.192075722,1.683926e-12,0.19995056,-0.129670816,0.188640592,-0.0391181851,-0.135027785,0.0513488944,-0.247752355,0.013645469,-0.245818729,-1.23024189,0.46623945,-0.843496658,1.42674937,0.345924785,0.610336958,-0.237633675,0.0599504649,-0.241690647,1.35202641
22.9,0.499963336,-0.201085677,0.789334724,0.551234975,0.0186690176,-0.0199152182,-0.833903384,-0.156167011,0.0278778237,0.194217789,4.23023105e-12,0.198918525,-0.131410849,0.187112289,-0.0389471459,-0.133425166,0.0510647731,-0.247125284,0.0133082309,-0.245350867,-1.23239976,0.469396763,-0.840567326,1.42775193,0.349613013,0.614785902,-0.237758247,0.05437376,-0.243198706,1.35032809
22.9166667,0.499317517,-0.201473211,0.789381115,0.549331998,0.0190359176,-0.0198732136,-0.835150911,-0.155021887,0.0289779833,0.197503032,8.73219157e-12,0.197634401,-0.132600446,0.186505227,-0.0397247737,-0.131547273,0.0507185533,-0.246796804,0.0133681021,-0.244111206,-1.2339741,0.473741845,-0.837870588,1.42743519,0.352730072,0.619948698,-0.2422583,0.0511454999,-0.246415638,1.34908264
22.9333333,0.498661765,-0.201925251,0.789431364,0.547227056,0.0194208868,-0.0200225052,-0.836519263,-0.153561134,0.0295544876,0.201207149,1.08576655e-11,0.196434516,-0.133643469,0.186371164,-0.0412585283,-0.129196049,0.0502349884,-0.246696683,0.0137143773,-0.242623812,-1.23667064,0.479480543,-0.841406455,1.42690861,0.35592369,0.623955105,-0.247960675,0.0469031949,-0.250252815,1.34862094
22.95,0.497889978,-0.202443604,0.789486382,0.544943457,0.0196611248,-0.0203098084,-0.83799617,-0.151441792,0.0303664187,0.204791834,1.41819032e-32,0.195083018,-0.134886857,0.186659821,-0.0427954384,-0.125944998,0.0498081023,-0.246678732,0.0138746437,-0.241107869,-1.23870987,0.486208947,-0.847566671,1.42638798,0.359603527,0.630240189,-0.252819079,0.0420071168,-0.254678005,1.35174021
22.9666667,0.496957785,-0.203041001,0.789527034,0.542491205,0.0197220133,-0.0206851515,-0.839575166,-0.148614966,0.0317004253,0.20783682,6.94609499e-12,0.193266453,-0.136537051,0.187437117,-0.0439757691,-0.121704124,0.0492439604,-0.246638485,0.0136317728,-0.239615226,-1.23966202,0.493618296,-0.852418921,1.42558904,0.363025401,0.640478428,-0.256370423,0.0378074987,-0.258358907,1.35371721
22.9833333,0.495989986,-0.203646678,0.789551821,0.540040523,0.0197606882,-0.0211131844,-0.84114207,-0.145745447,0.0330851203,0.209814501,3.64650758e-10,0.191341057,-0.138518869,0.188587388,-0.0449128612,-0.117703719,0.0484454078,-0.246694981,0.0131758913,-0.238202281,-1.23992192,0.500220915,-0.855081778,1.42456628,0.364184116,0.649262501,-0.257859561,0.0323182719,-0.260911836,1.353356
23,0.494991649,-0.20420194,0.789528086,0.537819382,0.0197692279,-0.0215542856,-0.842552611,-0.142979817,0.0341744717,0.211138058,1.25411432e-09,0.189240995,-0.140364171,0.190374646,-0.045497595,-0.114361366,0.047020784,-0.246779361,0.0124782209,-0.23731046,-1.24062038,0.506005293,-0.857290227,1.4239319,0.362807963,0.655286922,-0.257251535,0.0260610775,-0.263206353,1.35585857
23.0166667,0.493959683,-0.204721283,0.789481973,0.535880508,0.0198729814,-0.0220698979,-0.843771335,-0.140177375,0.0345827111,0.21259542,1.84192374e-09,0.186874142,-0.141614057,0.192650165,-0.0460411159,-0.111832063,0.0453027441,-0.247042835,0.0117279089,-0.237212855,-1.24165628,0.510823453,-0.859246411,1.42460473,0.361899099,0.660437931,-0.254401822,0.0201622841,-0.266657899,1.36106194
23.0333333,0.492976811,-0.205262474,0.789498083,0.534188489,0.0202421145,-0.0228708063,-0.844813495,-0.137515448,0.0332160064,0.214875375,1.23478798e-30,0.185249931,-0.142085872,0.193684717,-0.0483239749,-0.11001337,0.0459271285,-0.248653057,0.0117961382,-0.237614885,-1.24203192,0.515088352,-0.86062728,1.42548498,0.363024763,0.665868429,-0.249157979,0.013857768,-0.271323294,1.36311369
23.05,0.49191237,-0.205747235,0.789461539,0.532936273,0.0203883546,-0.023600088,-0.84558044,-0.134602026,0.0320330602,0.217357006,6.6144149e-10,0.183326887,-0.141964349,0.196087259,-0.0490105397,-0.108701639,0.0448530425,-0.249549313,0.0108371008,-0.238885363,-1.24141984,0.518459139,-0.860201562,1.42646463,0.362647412,0.669378224,-0.242311548,0.00397402526,-0.273438906,1.3660051
23.0666667,0.490714244,-0.20605614,0.789365223,0.531927658,0.0204508639,-0.0237826304,-0.846208671,-0.133424281,0.0341837761,0.219677209,6.37514924e-08,0.1823783,-0.143379723,0.198415837,-0.0470016344,-0.107384102,0.0417987018,-0.248993343,0.00871319123,-0.240804327,-1.24087381,0.521002764,-0.85662281,1.42748987,0.35753725,0.668377672,-0.235364504,-0.00917263553,-0.271146645,1.38214222
23.0833333,0.489540927,-0.206405188,0.789376527,0.530587798,0.0209968331,-0.0240516458,-0.847028477,-0.132646914,0.0349471605,0.223322307,2.22736701e-07,0.182810396,-0.145751754,0.197025966,-0.0486175125,-0.105772104,0.0443465283,-0.251011156,0.00865440918,-0.24207966,-1.2393017,0.522958616,-0.848875744,1.42886205,0.348481301,0.670763659,-0.232822645,-0.0165238696,-0.268681835,1.40181629
23.1,0.488282828,-0.206913001,0.789385872,0.528900663,0.0215432364,-0.0247745802,-0.848048464,-0.130314745,0.034204432,0.228200133,3.30394215e-07,0.181611873,-0.147230856,0.195879138,-0.0510456231,-0.104261043,0.0488258085,-0.25461429,0.00883558114,-0.243287133,-1.23537706,0.524847638,-0.838432488,1.42963396,0.336960461,0.679051459,-0.234747713,-0.0192854399,-0.27005005,1.41474827
23.1166667,0.486807455,-0.207332042,0.789338962,0.526845095,0.0218291768,-0.0253804969,-0.849301809,-0.127159107,0.0336564546,0.234505899,0,0.178881602,-0.147952557,0.195923922,-0.0523570201,-0.102925564,0.0516573635,-0.257517306,0.00829824062,-0.24425652,-1.22985117,0.527338627,-0.828299636,1.42741178,0.325648971,0.685861309,-0.234606373,-0.0245467929,-0.273010044,1.41870275
23.1333333,0.485089568,-0.207438265,0.789256823,0.524105931,0.0219837069,-0.0252890434,-0.850993628,-0.125681314,0.037078258,0.242787969,5.53616222e-08,0.177169959,-0.150125668,0.195948794,-0.0513693575,-0.101031107,0.0512332978,-0.257949424,0.00713612965,-0.244114617,-1.22442734,0.530468993,-0.819735639,1.4208822,0.313716407,0.689926217,-0.230932949,-0.0307517606,-0.274456552,1.41299821
23.15,0.48315912,-0.20736584,0.789221763,0.520475479,0.021897775,-0.0250844583,-0.853227129,-0.123738769,0.0416600997,0.253249616,1.09163679e-05,0.176096903,-0.153490073,0.196550519,-0.0501274344,-0.0985881358,0.0489683839,-0.256754799,0.00603355288,-0.243086933,-1.21683034,0.531856303,-0.804348347,1.41188432,0.296843441,0.694517748,-0.226251456,-0.0353552689,-0.274900237,1.39489709
23.1666667,0.480967699,-0.207202245,0.789259786,0.515705848,0.0214752688,-0.025258214,-0.856124006,-0.120846512,0.0459788692,0.265141043,3.85526587e-05,0.176339743,-0.157549473,0.197379934,-0.0495201379,-0.0955590505,0.0476686575,-0.255738549,0.00510214348,-0.241114195,-1.20507585,0.530689958,-0.778620849,1.40124374,0.275106327,0.701362942,-0.221906668,-0.037416292,-0.277103268,1.3648183
23.1833333,0.478503319,-0.20679326,0.789297048,0.50973775,0.0208131511,-0.0254759378,-0.859700654,-0.116296545,0.0515271435,0.278468698,5.7640145e-05,0.176273746,-0.163300347,0.194370005,-0.0492485479,-0.0913535352,0.054294882,-0.258351579,0.00404793956,-0.238734329,-1.19147628,0.526272301,-0.743046248,1.38997779,0.246666076,0.709815272,-0.217289826,-0.0327408665,-0.281283526,1.32563765
23.2,0.475902112,-0.206016997,0.789250312,0.502665619,0.0201215793,-0.0255225791,-0.863869779,-0.110323871,0.0596112196,0.292546318,0,0.174936046,-0.171080934,0.181868186,-0.0493363432,-0.0853574008,0.0790280423,-0.269728244,0.00274451479,-0.236679667,-1.17827637,0.517557082,-0.70463904,1.37869284,0.211863626,0.7142362,-0.212330672,-0.023542859,-0.283941441,1.28605618
23.2166667,0.473204983,-0.204939816,0.788924272,0.49439228,0.0195989414,-0.0257676145,-0.868635819,-0.104143997,0.0673706337,0.307374237,1.79972614e-25,0.172299871,-0.177852331,0.161427474,-0.0507139084,-0.0773919433,0.120397945,-0.29002295,0.00122475723,-0.235364572,-1.1665429,0.505183499,-0.666507508,1.36782594,0.171898197,0.71419742,-0.209214897,-0.0134885468,-0.285529492,1.24994976
23.2333333,0.470296745,-0.203622712,0.788201551,0.484730472,0.0191633332,-0.0263924928,-0.874055246,-0.0988542824,0.0748146036,0.323284619,0.00182399693,0.168108283,-0.182510281,0.137211131,-0.0527849953,-0.067440526,0.170175955,-0.314861953,-0.000700455697,-0.235071054,-1.15556968,0.489486576,-0.630982951,1.35650083,0.127412508,0.70999412,-0.206809236,-0.00343744345,-0.280491917,1.21895331
23.25,0.467158802,-0.201979476,0.787262727,0.473570116,0.0186484624,-0.0270679062,-0.88014255,-0.0947006282,0.0837256127,0.341552264,0.00887352603,0.160040704,-0.185587656,0.112024155,-0.053935396,-0.0551518031,0.22022236,-0.339010579,-0.00350292398,-0.236251954,-1.14505688,0.471181462,-0.603877607,1.34262455,0.0839927933,0.694604842,-0.203362214,0.00597483155,-0.254619829,1.18568313
23.2666667,0.463820903,-0.199796564,0.786240647,0.460693731,0.0179915603,-0.0271975334,-0.886959911,-0.0911904132,0.0959055892,0.363525379,0.0209737403,0.147769436,-0.189100406,0.0868595954,-0.0523152085,-0.0402863817,0.265746649,-0.358978575,-0.00762246376,-0.238885127,-1.13551837,0.4492513,-0.582953306,1.32643353,0.0459127186,0.662568621,-0.196199027,0.0147296529,-0.202612774,1.1461975
23.2833333,0.460349536,-0.197147998,0.785221581,0.445687307,0.0170236674,-0.0268459437,-0.894624119,-0.0873995517,0.111393036,0.389505014,0.0366726723,0.132577873,-0.194160837,0.0626927091,-0.0485671066,-0.0233003487,0.305231494,-0.374032491,-0.0119411476,-0.242483805,-1.12762365,0.422399994,-0.564009165,1.30969751,0.0105978299,0.612997972,-0.186339409,0.0248336016,-0.127374959,1.10305464
23.3,0.456758395,-0.194322227,0.78430894,0.428050948,0.0153759125,-0.0265300737,-0.903234257,-0.0817858066,0.128041876,0.417670751,0.0574756313,0.114339448,-0.200728036,0.0442357258,-0.0461122853,-0.00442973818,0.336426279,-0.384852592,-0.0140348657,-0.246884096,-1.12010266,0.39010236,-0.543562624,1.29469933,-0.0271139176,0.553025791,-0.182125378,0.0421093992,-0.0348411067,1.05357615
23.3166667,0.452940822,-0.19105502,0.78345531,0.407404407,0.0131594316,-0.0256131317,-0.912793759,-0.0747484646,0.148042031,0.446166097,0.0819582662,0.0933626929,-0.208915761,0.0281659798,-0.0406582814,0.0166759254,0.361737117,-0.391706107,-0.0166525567,-0.251027215,-1.11462358,0.353321209,-0.524758726,1.28111103,-0.0680454407,0.48305118,-0.187085955,0.0720063043,0.0635329412,1.0046929
23.3333333,0.448989488,-0.187112057,0.78263141,0.383581519,0.0109517826,-0.0238261875,-0.923134654,-0.0692953625,0.173138796,0.473224772,0.114385089,0.0714663545,-0.219244607,0.0119978384,-0.0317536443,0.0419143675,0.383752457,-0.395745864,-0.0205196001,-0.254634186,-1.11033622,0.312428595,-0.504742204,1.26484504,-0.112193973,0.405525802,-0.203574863,0.115819581,0.143822324,0.960427409
23.35,0.445124624,-0.182637774,0.782038431,0.356597077,0.00876876348,-0.0214503831,-0.933970832,-0.0700298266,0.204931907,0.497713918,0.165247666,0.0521751545,-0.231933375,-0.00410121952,-0.0214554322,0.0717974488,0.402038033,-0.39649329,-0.0243808099,-0.257052581,-1.10133861,0.267795411,-0.47968737,1.23553312,-0.160032546,0.320099469,-0.228346415,0.169353363,0.207384939,0.909975628
23.3666667,0.441286649,-0.177829819,0.781986369,0.3269131,0.00580458901,-0.0183635121,-0.944858145,-0.076172528,0.245633878,0.517734253,0.236323068,0.0395944884,-0.245471957,-0.0170917269,-0.00746919888,0.104714616,0.412800245,-0.39092319,-0.028788424,-0.258651166,-1.07988081,0.219115894,-0.45409969,1.18159577,-0.215301683,0.225242734,-0.250254641,0.231005236,0.280346566,0.837552567
23.3833333,0.437341711,-0.172941561,0.781964486,0.294986903,0.00215435882,-0.0146692206,-0.955386257,-0.0863007746,0.293509455,0.529645008,0.321952467,0.040242096,-0.259157795,-0.0264940874,0.00904121117,0.14040701,0.416832057,-0.37968338,-0.0331839635,-0.260484267,-1.047163,0.173951652,-0.450195048,1.10474144,-0.277526996,0.122188355,-0.264829797,0.302772332,0.364938752,0.753700252
23.4,0.433294627,-0.168131874,0.781288293,0.261164079,-0.00144158422,-0.0103938994,-0.965237387,-0.100633806,0.347193566,0.527540505,0.417379254,0.0567929449,-0.263690474,-0.0342335877,0.0280728708,0.179765071,0.417549244,-0.364278801,-0.0375226406,-0.262654487,-1.01138821,0.133155778,-0.474499682,1.01744521,-0.341758002,0.0127822603,-0.279705865,0.390782165,0.452048954,0.678126154
23.4166667,0.428948801,-0.163480146,0.781302966,0.226124582,-0.00518750823,-0.00614436027,-0.974065198,-0.115066084,0.398270921,0.506286172,0.514680416,0.0874672459,-0.240779491,-0.0398083928,0.0484151325,0.222417038,0.417824937,-0.346735399,-0.0422980732,-0.266150559,-0.978974741,0.0957221693,-0.513759178,0.932773357,-0.404969626,-0.0942628026,-0.283700013,0.491948559,0.535534547,0.612456715
23.4333333,0.424316124,-0.159424455,0.781463023,0.190598333,-0.00929625382,-0.00309644404,-0.981619207,-0.1268885,0.434775826,0.4638523,0.606448928,0.132515704,-0.189645168,-0.0386749367,0.0650766732,0.266115925,0.416827023,-0.331570927,-0.0462495166,-0.270821824,-0.951582782,0.0599702065,-0.558419715,0.854667109,-0.464482364,-0.189844032,-0.275197398,0.596837246,0.612638113,0.554013651
23.45,0.420007453,-0.156222359,0.781509186,0.155035861,-0.0125674586,-0.00169524541,-0.987827448,-0.141039097,0.446898682,0.401110009,0.688784713,0.186611891,-0.127721427,-0.0388789866,0.074935715,0.307512667,0.421121153,-0.324226905,-0.0482884021,-0.276137038,-0.92935697,0.0280420501,-0.606388103,0.778528255,-0.519410658,-0.28434925,-0.259325326,0.702752479,0.676544479,0.506387152
23.4666667,0.41611694,-0.153768124,0.781177976,0.120119932,-0.0148118693,-0.00162346683,-0.992647558,-0.158056123,0.433052058,0.325628362,0.759631977,0.235711902,-0.0782967143,-0.0414376594,0.0809117825,0.341505771,0.432187229,-0.324558846,-0.0507988024,-0.282853547,-0.909288313,0.00653216584,-0.659837357,0.698628639,-0.573456949,-0.377079479,-0.239093874,0.808083728,0.727978936,0.469850847
23.4833333,0.412287543,-0.151834299,0.780778869,0.0865566489,-0.0165558616,-0.00274325936,-0.996105579,-0.176125322,0.402189395,0.25826042,0.819699975,0.268463268,-0.0476713313,-0.0460514248,0.0836511971,0.362199446,0.449159272,-0.329574915,-0.0543834774,-0.291349759,-0.888854898,7.09898476e-06,-0.71765109,0.608559693,-0.63380809,-0.460319209,-0.21602146,0.910870884,0.770344864,0.434092855
23.5,0.408248613,-0.15026293,0.780542659,0.0546832967,-0.01814548,-0.00512045644,-0.998325728,-0.192719167,0.368945918,0.22170059,0.871050754,0.280566495,-0.0295057218,-0.049574034,0.0818966047,0.366795542,0.468127482,-0.336796039,-0.0590977749,-0.30024402,-0.87211222,6.74403552e-06,-0.774616759,0.516617862,-0.701930237,-0.532100161,-0.189757956,1.00946359,0.813859778,0.386624326
23.5166667,0.403910632,-0.149105266,0.780548162,0.0247396421,-0.0197573523,-0.00871665557,-0.999460663,-0.206396234,0.340455326,0.221519648,0.911036887,0.273970819,-0.0175646062,-0.0505602931,0.0750156491,0.357143318,0.485623936,-0.345233137,-0.0634159186,-0.308578632,-0.859248895,0.000212593705,-0.828506243,0.428777806,-0.769994372,-0.58901604,-0.163377177,1.10063751,0.857319443,0.332059571
23.5333333,0.399334879,-0.148358923,0.780433078,-0.00320886882,-0.020932593,-0.0126912668,-0.999695184,-0.219891679,0.316681791,0.246988086,0.937084858,0.251165182,-0.00916390973,-0.0511989193,0.0637559082,0.337405399,0.501329029,-0.357140366,-0.0658471174,-0.317106962,-0.84667292,0.000143994745,-0.880637247,0.33978569,-0.811027937,-0.640828551,-0.136686326,1.18635937,0.894218482,0.283683544
23.55,0.394557553,-0.147874474,0.779926064,-0.0293489847,-0.0213632803,-0.016373449,-0.999206764,-0.236111195,0.299211914,0.283338745,0.950261104,0.215850253,-0.00577572894,-0.0533454488,0.0513122893,0.314298693,0.51474021,-0.371424382,-0.064611824,-0.326236628,-0.831489252,4.48315264e-05,-0.930224993,0.243451285,-0.802148857,-0.68889313,-0.108748454,1.26808091,0.922051719,0.244034661
23.5666667,0.389752395,-0.147720517,0.779125078,-0.0537606918,-0.0210803978,-0.0207767173,-0.99811509,-0.254947688,0.277984921,0.31948686,0.948379302,0.175409547,-0.0100389603,-0.0568511219,0.0347078833,0.292981035,0.527322175,-0.390039616,-0.0593836404,-0.336944352,-0.830270841,5.6910712e-06,-0.971082012,0.148069255,-0.783187282,-0.729420386,-0.0831594056,1.34367047,0.935139024,0.206782517
23.5833333,0.384986164,-0.147785165,0.778194358,-0.0771562627,-0.020578749,-0.0251706834,-0.996488767,-0.276394492,0.257795924,0.350411509,0.933961977,0.138760254,-0.0194728571,-0.0592030315,0.0158960959,0.276504973,0.536741498,-0.410370195,-0.0508246629,-0.346578787,-0.842415706,5.21840613e-06,-1.0059535,0.0656393498,-0.793457581,-0.760736094,-0.0632656442,1.40957386,0.934016781,0.162649784
23.6,0.380112288,-0.147815913,0.777510308,-0.100250511,-0.0207680076,-0.0281083337,-0.994348252,-0.295368015,0.244705841,0.377244146,0.90763426,0.110283876,-0.0326418063,-0.0575406186,0.000873348674,0.264737994,0.540432437,-0.425543451,-0.0417788952,-0.35370248,-0.858822498,6.13940706e-06,-1.03356816,0.013987482,-0.846756757,-0.777022211,-0.04719799,1.46220864,0.922228139,0.115633696
23.6166667,0.374935526,-0.147878268,0.777105006,-0.122924058,-0.0213556042,-0.0305794207,-0.991714935,-0.310510915,0.231920269,0.400314854,0.867393174,0.0904084497,-0.0473287757,-0.0545187982,-0.0129704484,0.255870572,0.542163082,-0.436699375,-0.0340290652,-0.357854888,-0.876959992,5.50618546e-06,-1.05621917,-0.0248373367,-0.916843261,-0.782244751,-0.0300246314,1.50234994,0.911987134,0.0754845478
23.6333333,0.369446791,-0.148140617,0.776723972,-0.145167236,-0.0215203958,-0.0334458664,-0.988607465,-0.323185805,0.217264176,0.421321454,0.814749984,0.0774596458,-0.0645319163,-0.053969953,-0.0263403836,0.246743736,0.546513845,-0.447518391,-0.0278277534,-0.357993701,-0.895598391,4.70111599e-06,-1.07436828,-0.0645419372,-0.976206661,-0.787321255,-0.012291628,1.53259319,0.908933395,0.0444224038
23.65,0.363580641,-0.148675035,0.776144423,-0.167242422,-0.0210219293,-0.0364564611,-0.985017247,-0.333924699,0.203189925,0.439972122,0.752157651,0.074694697,-0.0807265351,-0.0566874968,-0.0400190922,0.235770637,0.554333628,-0.459626429,-0.0215174448,-0.353564929,-0.912774601,4.25075205e-06,-1.08850832,-0.106658651,-1.0169402,-0.795531184,-0.00227667687,1.5533228,0.901495691,0.0120105773
23.6666667,0.357239621,-0.149422955,0.775643845,-0.189401243,-0.0201352086,-0.0391453642,-0.980912526,-0.34267179,0.193399685,0.454386417,0.682289213,0.0871036731,-0.0915262671,-0.0596987445,-0.0551549347,0.224318311,0.561812107,-0.471812663,-0.0131921327,-0.34478383,-0.926727611,4.03790319e-06,-1.09919622,-0.14626775,-1.04602189,-0.804221493,-1.19813703e-05,1.5673844,0.885947662,-0.0209416437
23.6833333,0.350404321,-0.150310153,0.775194613,-0.211819745,-0.0191131459,-0.0413796687,-0.976245259,-0.348881359,0.188132545,0.462901942,0.608408796,0.113920706,-0.0967996227,-0.0615112323,-0.0716740255,0.213030076,0.566384004,-0.482470581,-0.00290851067,-0.332382923,-0.937938852,3.85222694e-06,-1.10671725,-0.181260246,-1.07087389,-0.809226031,-1.13823018e-05,1.57479635,0.866009626,-0.0482478448
23.7,0.34305753,-0.151373802,0.773880488,-0.234391983,-0.0179274362,-0.0432889582,-0.971012395,-0.353162141,0.186212587,0.463975028,0.534027037,0.150441875,-0.100082896,-0.0626012917,-0.0891186526,0.203935156,0.568814207,-0.491984725,0.00901809069,-0.317041482,-0.946110372,3.66454588e-06,-1.11071837,-0.210585184,-1.09196414,-0.814324872,-8.30500178e-05,1.58135796,0.848936382,-0.0687385452
23.7166667,0.335157535,-0.152570412,0.772885042,-0.256988826,-0.016389602,-0.0448277963,-0.965234994,-0.356303364,0.187551504,0.45754329,0.461688797,0.195072656,-0.105760434,-0.0642021797,-0.106859899,0.199088402,0.570189877,-0.500726505,0.0226303061,-0.299584119,-0.951904215,3.46199724e-06,-1.11254542,-0.235053628,-1.10231403,-0.820062187,-6.0560844e-05,1.58716133,0.835916866,-0.0804536145
23.7333333,0.326680297,-0.153805534,0.771680869,-0.279401402,-0.0144641186,-0.0458110058,-0.958971844,-0.358766211,0.192940644,0.445726236,0.393688396,0.246679591,-0.114064103,-0.0660120756,-0.124825783,0.199857224,0.569940626,-0.508768458,0.0381747873,-0.280683511,-0.955617316,3.29422329e-06,-1.11367289,-0.254944603,-1.09413257,-0.826321719,-2.69235212e-05,1.59101353,0.82552757,-0.0806274219
23.75,0.317633259,-0.155073726,0.770303791,-0.301177425,-0.0122463369,-0.0460584866,-0.952376397,-0.361282104,0.203707347,0.435269361,0.333177627,0.301736881,-0.121881719,-0.065640689,-0.143505975,0.205138268,0.565106881,-0.515317306,0.056078452,-0.261490692,-0.954551648,3.11877199e-06,-1.11514189,-0.268865971,-1.06952705,-0.834848107,-2.620504e-05,1.59156492,0.815256493,-0.0720690922
23.7666667,0.308022861,-0.156438784,0.768869237,-0.321603813,-0.00968374191,-0.0452212522,-0.945744284,-0.364258377,0.21903448,0.430506313,0.281564547,0.353276339,-0.125351171,-0.0616454674,-0.162870721,0.212210915,0.552901153,-0.518939716,0.0764139357,-0.243198211,-0.945526352,3.77944402e-06,-1.11631183,-0.272346883,-1.03990292,-0.846269618,-2.37800021e-07,1.58364515,0.801946731,-0.0579573115
23.7833333,0.297793612,-0.157844436,0.767580338,-0.339421636,-0.00704741432,-0.0429669451,-0.939626058,-0.365341595,0.233827261,0.42997429,0.235427831,0.393714584,-0.122834867,-0.0540211054,-0.179153494,0.215332566,0.533783759,-0.517830858,0.0961074404,-0.227209348,-0.924441408,3.91685254e-06,-1.11687961,-0.261362293,-1.01439577,-0.854745872,-4.25568918e-06,1.56132675,0.790245646,-0.025395784
23.8,0.286777459,-0.159154076,0.766416085,-0.353444843,-0.00487017959,-0.0395818849,-0.934604889,-0.3645125,0.243453686,0.427276313,0.195737364,0.423736622,-0.118247953,-0.03855509,-0.19386507,0.210755241,0.505911338,-0.512644142,0.114454261,-0.214076507,-0.893996413,7.23283418e-08,-1.11234823,-0.245253298,-1.00061605,-0.851066313,-0.000183354207,1.52557126,0.790716525,0.0254197668
23.8166667,0.274944178,-0.160316217,0.76510198,-0.36281901,-0.00318520316,-0.0350297455,-0.931195542,-0.364963503,0.249738619,0.418308038,0.166951233,0.450486719,-0.122734894,-0.00915037918,-0.210490937,0.197304511,0.461865411,-0.502093569,0.134590369,-0.203381372,-0.849057881,8.24590652e-08,-1.10430308,-0.229826193,-0.991633058,-0.838949689,-0.000380037604,1.47961934,0.808756772,0.0749783002
23.8333333,0.262422393,-0.161230529,0.763524348,-0.366645159,-0.00178688506,-0.0291384176,-0.92990273,-0.368565084,0.253067729,0.407285137,0.152628825,0.469845208,-0.138270795,0.0392106976,-0.228301694,0.170730382,0.39164237,-0.48043051,0.157374041,-0.1943828,-0.785484259,0.000208004964,-1.09541187,-0.218606367,-0.983774518,-0.815781694,-1.93689603e-07,1.42029223,0.842238761,0.121252973
23.85,0.249522604,-0.161892574,0.761913665,-0.36430357,-0.000715785223,-0.0223717118,-0.931011226,-0.37645756,0.254343568,0.40592751,0.155829287,0.459756363,-0.149823364,0.107726291,-0.243232813,0.126028165,0.291790127,-0.443647404,0.181729803,-0.185034038,-0.7107025,0.000792959919,-1.08624554,-0.210727705,-0.97490483,-0.780184589,-0.000625860968,1.34623077,0.872942001,0.15830414
23.8666667,0.237004784,-0.162785636,0.759411919,-0.355688923,-0.000359416321,-0.0146199525,-0.934489977,-0.390875183,0.255057716,0.416319432,0.180376116,0.404116952,-0.139710489,0.189202935,-0.248543515,0.0639293321,0.174654539,-0.395460533,0.203928181,-0.174112116,-0.637631181,0.00162748854,-1.07193711,-0.186260709,-0.961308132,-0.729904878,-0.0212194052,1.25831527,0.853272676,0.161269168
23.8833333,0.225665439,-0.164261448,0.755223076,-0.341461004,-0.00114790152,-0.00511827181,-0.939881306,-0.411193638,0.259256058,0.426852379,0.227171916,0.317721872,-0.105098394,0.264706761,-0.235760316,-0.00628964039,0.0777246433,-0.352745826,0.216588879,-0.163730025,-0.571909419,0.00215364978,-1.04369629,-0.0962814796,-0.925865242,-0.651040724,-0.092832253,1.15498643,0.76769977,0.12133103
23.9,0.215546248,-0.166091592,0.750757725,-0.323500965,-0.00291757183,0.00408918336,-0.946214506,-0.43769256,0.264664492,0.426164787,0.290448832,0.234190297,-0.0581380473,0.317511778,-0.212875476,-0.073455683,0.0359597104,-0.335626446,0.214368162,-0.152015745,-0.51971178,0.0035850896,-0.993721579,0.0311153307,-0.853184174,-0.518172886,-0.203262142,1.03046199,0.616174439,0.0695053332
23.9166667,0.206158557,-0.167667545,0.746871969,-0.304246551,-0.0056855197,0.0106194371,-0.952517159,-0.468329474,0.266724618,0.417260367,0.359889149,0.177571571,-0.018911592,0.355053387,-0.190323798,-0.13093805,0.0362907211,-0.33799525,0.197822173,-0.135874644,-0.481637616,0.0219658106,-0.911059762,0.178784853,-0.745513799,-0.324472727,-0.30651955,0.871562909,0.440821446,0.0843344015
23.9333333,0.196998825,-0.16747651,0.743625915,-0.285191743,-0.00885835279,0.0146199605,-0.958318035,-0.495405777,0.265379978,0.406010907,0.428134969,0.136104555,0.00469296889,0.388974074,-0.170310827,-0.172832704,0.0476814104,-0.344270153,0.18079241,-0.118099834,-0.416010077,0.0715604801,-0.783181438,0.321650075,-0.596725531,-0.108538375,-0.34741583,0.68120349,0.319310353,0.1649938
23.95,0.18832473,-0.165068495,0.740033162,-0.266754693,-0.0102946665,0.0161801302,-0.963573639,-0.523909407,0.262587129,0.398812113,0.496588161,0.0956582969,0.0197683051,0.417194517,-0.152486667,-0.199041132,0.0513335891,-0.354138581,0.174698066,-0.107765365,-0.347858696,0.146522788,-0.622910329,0.516695573,-0.411472975,0.0907477466,-0.314346658,0.480912609,0.22978853,0.313336727
23.9666667,0.180477522,-0.161483925,0.736039885,-0.249772857,-0.00968352765,0.014955818,-0.968140523,-0.552111474,0.25770976,0.400635656,0.562605808,0.0529322668,0.0331684688,0.43924037,-0.139247732,-0.217575826,0.0498781518,-0.370562654,0.176413373,-0.110610311,-0.343109201,0.210485118,-0.456804311,0.718158106,-0.214501229,0.286769088,-0.212498635,0.280259508,0.147409439,0.513483555
23.9833333,0.173615854,-0.158422602,0.731883703,-0.235758615,-0.00787079279,0.0121894721,-0.97170332,-0.577612797,0.252358911,0.410571755,0.620644811,0.0125583159,0.0466943247,0.453544708,-0.133704359,-0.233153481,0.0512141018,-0.391185905,0.178340041,-0.124644766,-0.403327254,0.275387452,-0.358073663,0.91984485,-0.0601356461,0.481956211,-0.0984068636,0.126414525,0.0151018803,0.713653773
24,0.167603363,-0.157208358,0.728121316,-0.225267258,-0.00527303292,0.0101246597,-0.974230131,-0.600077356,0.247411113,0.421339714,0.668661976,-0.0224504268,0.0613412586,0.462706123,-0.12950187,-0.245711501,0.0520678661,-0.408153567,0.174116774,-0.137307565,-0.476865009,0.332734098,-0.325643809,1.12137678,0.0348810775,0.619602471,-0.0421555738,0.0362708991,-0.0948486942,0.913808069
24.0166667,0.162472126,-0.157207432,0.724787099,-0.218281832,-0.00211984235,0.0096299223,-0.975835956,-0.621041359,0.245995588,0.42795826,0.708185721,-0.0507287254,0.0738583791,0.468505147,-0.124468885,-0.252662407,0.0491435512,-0.419538696,0.167280554,-0.147694997,-0.532258462,0.378701657,-0.359086574,1.29827277,0.0978043714,0.691558172,-0.0397731694,0.0129176834,-0.143426282,1.11393102
24.0333333,0.158475923,-0.157185759,0.721541398,-0.214547871,0.00133410922,0.0101450467,-0.976659874,-0.641646818,0.252467151,0.43094976,0.74167971,-0.0711069285,0.0810096461,0.472209759,-0.119999673,-0.253058811,0.0449099487,-0.427929226,0.168157856,-0.159799812,-0.556941068,0.423186442,-0.458357804,1.40818579,0.154816178,0.719373332,-0.0557899742,0.0288514629,-0.160084551,1.26039654
24.05,0.155113127,-0.157257366,0.71825165,-0.212927129,0.00510069725,0.0101751015,-0.977001785,-0.663133241,0.260484593,0.432564236,0.769171321,-0.0845609895,0.0849034354,0.471301202,-0.123588872,-0.248948658,0.0475891294,-0.436048893,0.185048603,-0.167194793,-0.561568688,0.455292382,-0.582946445,1.45116898,0.208815455,0.731450012,-0.0660909652,0.0319030862,-0.169293934,1.34016829
24.0666667,0.151588645,-0.157837084,0.715652653,-0.211884693,0.00884017386,0.00924348545,-0.977210973,-0.680501457,0.261463433,0.431320555,0.792548626,-0.0989048798,0.0878221107,0.468071148,-0.129999774,-0.247278989,0.0530805025,-0.442480305,0.203587575,-0.169693286,-0.562446622,0.474120851,-0.680212666,1.42729566,0.262086668,0.739303778,-0.0681752725,0.01934276,-0.180837978,1.35325386
24.0833333,0.147994005,-0.1586098,0.714148032,-0.211311717,0.0121836299,0.00835058092,-0.977307109,-0.692727834,0.257232391,0.425385923,0.811856548,-0.11453374,0.0889115813,0.464245908,-0.135181003,-0.249695062,0.0568690206,-0.445265395,0.210956373,-0.164760317,-0.572071967,0.47181793,-0.710506288,1.3998545,0.301637761,0.747054358,-0.0648434381,7.39732463e-05,-0.189186529,1.32719502
24.1,0.144915648,-0.158950113,0.713461384,-0.21124524,0.0148772337,0.00818229656,-0.977285612,-0.699704654,0.255986321,0.417309993,0.827226593,-0.128557098,0.0862289335,0.461731767,-0.136635772,-0.250397533,0.0571109338,-0.444332361,0.20760081,-0.154906328,-0.586291606,0.451372417,-0.673972123,1.39763064,0.317347299,0.7585109,-0.0566194823,-0.0147232653,-0.189903128,1.28463314
24.1166667,0.142554494,-0.158850133,0.713114024,-0.210539956,0.0172737352,0.00819214525,-0.977398298,-0.705257108,0.255195752,0.409686946,0.837754355,-0.138318988,0.0830708222,0.46038697,-0.135351904,-0.249114072,0.0552319529,-0.443058952,0.200253237,-0.147783291,-0.599767677,0.431987478,-0.616296548,1.40211442,0.320078697,0.774118944,-0.0486036346,-0.0229730426,-0.190899194,1.23424713
24.1333333,0.140649179,-0.158468092,0.712847767,-0.209020335,0.019767273,0.00834085255,-0.97767591,-0.711526244,0.254978022,0.403816985,0.845048726,-0.144519584,0.0811895347,0.459001808,-0.131819807,-0.246264919,0.0528742248,-0.441828971,0.194118518,-0.144890402,-0.612104608,0.423570486,-0.597707953,1.40040725,0.318663743,0.7882683,-0.0419451325,-0.0209063061,-0.190551199,1.17792796
24.15,0.138906932,-0.157906296,0.712503912,-0.207615628,0.0226267734,0.00874046981,-0.977909702,-0.718825742,0.256857911,0.40032259,0.852121824,-0.149968839,0.0801352258,0.456535528,-0.12753754,-0.241916197,0.0507298072,-0.440210008,0.191233896,-0.145414893,-0.623654835,0.427447229,-0.62672559,1.39196584,0.317131785,0.793504355,-0.0364076363,-0.00728800351,-0.184481084,1.11870035
24.1666667,0.137343284,-0.157458838,0.711992908,-0.206812293,0.0263169583,0.0088769437,-0.977986346,-0.728226433,0.25899977,0.399381705,0.859580294,-0.155731176,0.0802355612,0.451103769,-0.124861107,-0.237605442,0.0496406535,-0.439357994,0.19293628,-0.147691161,-0.634492478,0.436642621,-0.667685738,1.38324421,0.317073575,0.794038127,-0.0331647182,0.00225929229,-0.179157552,1.06471025
24.1833333,0.135876589,-0.157201918,0.711335754,-0.206391151,0.0306455479,0.00822187871,-0.97795498,-0.738899408,0.259152924,0.400749252,0.86713207,-0.162085908,0.0818456437,0.443481354,-0.124750474,-0.234766003,0.0499190216,-0.440562659,0.198598986,-0.150613156,-0.642022958,0.443937143,-0.681107416,1.37968101,0.319045825,0.793987882,-0.0290619302,-0.00125833556,-0.185641519,1.03121191
24.2,0.134184356,-0.156982279,0.710699151,-0.205982316,0.0347445864,0.00665281841,-0.97791607,-0.748366055,0.255799266,0.402924755,0.873941311,-0.168993562,0.0842194294,0.43614082,-0.127332843,-0.234032636,0.0509938149,-0.443180445,0.205367758,-0.153230114,-0.645364269,0.44746213,-0.668177162,1.37970546,0.32347508,0.799797201,-0.0218430468,-0.0220827528,-0.200760225,1.02894535
24.2166667,0.132262581,-0.156533677,0.710273362,-0.20580445,0.0386435592,0.00502964014,-0.977816908,-0.755795641,0.25214531,0.403844364,0.879542617,-0.175688128,0.0851683499,0.429798455,-0.13005243,-0.233143185,0.0512705078,-0.444410626,0.209901408,-0.154513726,-0.646808296,0.449817233,-0.65580405,1.37970106,0.331103497,0.808953513,-0.0147926145,-0.0455483792,-0.204785748,1.04425234
24.2333333,0.1303674,-0.155851967,0.709672819,-0.206175892,0.0432283491,0.00419749725,-0.977550609,-0.765965129,0.254854959,0.402777608,0.88765356,-0.182422684,0.0831869444,0.422061091,-0.13017846,-0.228544113,0.049939806,-0.444912711,0.211823856,-0.153413849,-0.650785914,0.452909992,-0.660452917,1.37849873,0.341080475,0.812189085,-0.00938330647,-0.059084944,-0.198742475,1.05294203
24.25,0.128393953,-0.155228936,0.709125458,-0.206409243,0.0481725717,0.00358645574,-0.977272616,-0.77680946,0.257369189,0.400131271,0.896041339,-0.189383341,0.0808360016,0.414307467,-0.129347231,-0.223654843,0.0476894747,-0.444840894,0.211683821,-0.151763103,-0.657020957,0.454274969,-0.672432679,1.3779746,0.350678356,0.810097663,-0.00476486832,-0.0623176455,-0.187822845,1.04600968
24.2666667,0.126141144,-0.154718593,0.70846874,-0.206226409,0.0530236994,0.00268514908,-0.977062918,-0.787671789,0.257592082,0.396952947,0.905020817,-0.197380076,0.0792639255,0.407463571,-0.128849301,-0.221034161,0.0453054272,-0.445270775,0.209312465,-0.150937311,-0.6640732,0.455174017,-0.67971183,1.37728394,0.356942603,0.806569636,-0.0042484303,-0.0631265833,-0.183533427,1.03688215
24.2833333,0.123543705,-0.154202432,0.707474526,-0.206108933,0.0578931473,0.00170431422,-0.976813486,-0.799127487,0.257709635,0.393517116,0.917361324,-0.208157166,0.077681215,0.401156843,-0.128964432,-0.220370564,0.0436533135,-0.447115379,0.207679431,-0.150503403,-0.671003464,0.457493496,-0.679396841,1.375427,0.36174377,0.803891767,-0.00804126171,-0.0640370476,-0.187764382,1.03803229
24.3,0.120640001,-0.153635686,0.706253331,-0.206354385,0.0630920171,0.000955772615,-0.976440654,-0.81170074,0.258852185,0.389249975,0.932505298,-0.221237872,0.0756593171,0.394225236,-0.12907521,-0.219074489,0.0428472574,-0.448998705,0.207207012,-0.149952848,-0.679034196,0.463059214,-0.674490694,1.37319205,0.365034774,0.798068181,-0.0121097653,-0.0655404051,-0.189604302,1.04060344
24.3166667,0.117338042,-0.153062789,0.705031767,-0.207217381,0.0686911094,0.000432691513,-0.97588027,-0.824760624,0.261235528,0.384450928,0.949133328,-0.236042332,0.0730369993,0.386147579,-0.129724485,-0.215161917,0.0427804129,-0.448542771,0.209222599,-0.149248695,-0.688887998,0.473116518,-0.669784654,1.37171711,0.366214915,0.790706615,-0.0181396972,-0.0644631891,-0.190080738,1.04070067
24.3333333,0.113240258,-0.152622188,0.704034145,-0.20858474,0.0739698494,-2.40955516e-05,-0.975202988,-0.835213081,0.263456345,0.38016969,0.96594199,-0.252925655,0.0699839267,0.379023605,-0.132373954,-0.208706597,0.0430813177,-0.44152122,0.218190666,-0.146803287,-0.697305051,0.48074605,-0.667658051,1.37030052,0.367990006,0.78111763,-0.0216262636,-0.0649600168,-0.187189457,1.03472375
24.35,0.108083092,-0.15233617,0.703236,-0.210086381,0.0783200973,-0.000455363613,-0.974540644,-0.841305964,0.2642712,0.376703165,0.983605573,-0.272936879,0.0670708925,0.377215308,-0.136926167,-0.203487729,0.0409190512,-0.425150131,0.233310122,-0.145357982,-0.702967614,0.485479105,-0.666257295,1.36971196,0.372209261,0.773634119,-0.0249946852,-0.0652575009,-0.182331144,1.02423522
24.3666667,0.102014898,-0.152278542,0.702811954,-0.211750806,0.0822129379,-0.00107481265,-0.973859063,-0.843878962,0.262833919,0.37357453,0.999692573,-0.294442636,0.0643114718,0.376621659,-0.143851902,-0.200740959,0.0395414366,-0.401809738,0.249719926,-0.144537202,-0.70748365,0.489370365,-0.663622005,1.36924009,0.376958748,0.767539334,-0.027410512,-0.0673714251,-0.179231873,1.01594805
24.3833333,0.0950870946,-0.152473786,0.702768699,-0.213652717,0.0860701586,-0.00167767333,-0.973109259,-0.843881894,0.259284653,0.371369427,1.01408477,-0.317126209,0.0627108013,0.37533238,-0.152026683,-0.200732802,0.0407187305,-0.373665088,0.264992706,-0.144330033,-0.712582395,0.49377113,-0.65827949,1.36940913,0.378725465,0.762923762,-0.0295041464,-0.0696848633,-0.177477035,1.01126923
24.4,0.0871378011,-0.152730088,0.70309215,-0.216204762,0.0895678395,-0.00143548888,-0.972229933,-0.840379504,0.259595191,0.371502039,1.02871915,-0.342100886,0.0606928559,0.374311413,-0.158868606,-0.200271095,0.0422256114,-0.338599182,0.278652167,-0.143602547,-0.718748581,0.499814393,-0.653061139,1.37018494,0.378688179,0.762216156,-0.0317126795,-0.071601739,-0.177640376,1.01131153
24.4166667,0.0779812196,-0.153026169,0.704149448,-0.21899125,0.0921070138,-0.000314328851,-0.971369668,-0.82900671,0.261780994,0.374742438,1.0420288,-0.370728804,0.0582209225,0.376937965,-0.163261002,-0.199205083,0.0401762572,-0.292718155,0.291423006,-0.143288973,-0.724084602,0.507390804,-0.649470651,1.37137476,0.380655233,0.766441483,-0.0349026872,-0.0722146898,-0.179473054,1.01211513
24.4333333,0.0677410594,-0.153539926,0.70600715,-0.220891382,0.0938820888,0.000956038977,-0.970768889,-0.811950144,0.259344406,0.378441986,1.05042531,-0.399858993,0.0571433214,0.383266193,-0.165309372,-0.19987023,0.0332474686,-0.23636366,0.303379714,-0.145957414,-0.729027669,0.516680929,-0.647448274,1.37142887,0.385990722,0.76849343,-0.0337078965,-0.0746706823,-0.178451222,1.00801555
24.45,0.0565950803,-0.154333245,0.708386728,-0.221969534,0.0950532892,0.00201133914,-0.970407313,-0.792513739,0.253781842,0.380846927,1.05288704,-0.424831436,0.0563571533,0.388846958,-0.170385255,-0.203807003,0.0336035482,-0.168363271,0.312967424,-0.150998496,-0.734729191,0.525855575,-0.647868534,1.36995026,0.392900172,0.766999887,-0.0318444454,-0.0782414542,-0.177530916,1.00374447
24.4666667,0.0445132941,-0.155359644,0.711123219,-0.222263753,0.095254305,0.00272107139,-0.970318524,-0.770105256,0.245277631,0.382567909,1.05023599,-0.446342309,0.0557715639,0.379683837,-0.18212442,-0.206658772,0.0711725072,-0.0969607258,0.316067358,-0.158759508,-0.74094753,0.534189772,-0.648672129,1.3682914,0.398854456,0.763317075,-0.0335651572,-0.0810015124,-0.18043734,1.00325086
24.4833333,0.031520091,-0.156555835,0.714918262,-0.220817951,0.0938287965,0.0026079596,-0.970787715,-0.741528291,0.229701748,0.383092401,1.04269696,-0.467087175,0.0563136396,0.337045131,-0.202212749,-0.201452814,0.183846679,-0.0314147458,0.308944295,-0.171780014,-0.746203542,0.541217768,-0.648015434,1.36792405,0.401744647,0.761065536,-0.0363844978,-0.0837144199,-0.190794153,1.00377639
24.5,0.0178473177,-0.15776474,0.718007106,-0.217344714,0.0904159865,0.00157177115,-0.971896987,-0.7054375,0.205788558,0.381943609,1.03074988,-0.488224787,0.0580998403,0.268747498,-0.224742674,-0.185198365,0.347789482,0.0445758654,0.292884178,-0.190770326,-0.750086862,0.547383372,-0.646754031,1.3692331,0.401975612,0.761681542,-0.0362706362,-0.0885527823,-0.203811144,1.0012765
24.5166667,0.00359225093,-0.158885999,0.719932874,-0.212541051,0.0851065432,0.000224068959,-0.973438816,-0.661274384,0.178261702,0.379440222,1.01364227,-0.508698529,0.0596836663,0.192076363,-0.240422193,-0.157210946,0.519021545,0.14511741,0.277272856,-0.213440935,-0.75294287,0.552698326,-0.648642959,1.37214033,0.402277701,0.766707454,-0.0367919428,-0.0919014017,-0.21548363,0.996941984
24.5333333,-0.0109834351,-0.159926762,0.723479699,-0.207021871,0.0785711801,-0.00129895534,-0.97517528,-0.612984924,0.149291743,0.374414088,0.987798554,-0.521960048,0.0607891322,0.11018132,-0.245573893,-0.116076387,0.689135498,0.255604631,0.252583618,-0.2380412,-0.755428639,0.557752163,-0.656290637,1.37553387,0.405412683,0.775711406,-0.0398499114,-0.0922000373,-0.2253589,0.992330703
24.55,-0.0252686301,-0.160625822,0.727063711,-0.201477381,0.071861611,-0.00290557274,-0.976849186,-0.567008072,0.123153278,0.367156367,0.958780244,-0.529215224,0.0607320831,0.0207023613,-0.231991214,-0.0598427678,0.855006017,0.335501383,0.196783617,-0.26241156,-0.760189015,0.564721533,-0.667402522,1.3785362,0.410911921,0.78942419,-0.0420207628,-0.0913083361,-0.238667642,0.984445206
24.5666667,-0.0389347908,-0.16080405,0.729973922,-0.196583933,0.0654964969,-0.00447391259,-0.978286742,-0.525334775,0.101134008,0.357902279,0.933440305,-0.535628838,0.0591871755,-0.0683458951,-0.198713648,-0.00279864912,1.00133157,0.347912236,0.119016536,-0.28615053,-0.767740891,0.574673034,-0.675667575,1.38121828,0.41516608,0.804515629,-0.0418668912,-0.0920950183,-0.257844773,0.957363301
24.5833333,-0.0521299573,-0.160852538,0.732230908,-0.192804395,0.0599752263,-0.00616045318,-0.979383217,-0.487448629,0.081307738,0.348502312,0.911139953,-0.543105108,0.0575504883,-0.158443591,-0.160696582,0.0355948813,1.1238743,0.298841267,0.0561072847,-0.306703282,-0.778368417,0.585507171,-0.679961012,1.38292259,0.419292646,0.818079275,-0.0391825192,-0.0984818759,-0.277677533,0.92950902
24.6,-0.0652881792,-0.161325659,0.734345676,-0.189549029,0.0550690742,-0.0081828467,-0.980291591,-0.448745695,0.0584713105,0.339497049,0.885886794,-0.550649446,0.0586990153,-0.250579602,-0.135537995,0.0444563898,1.2227838,0.22684189,0.0249845586,-0.324530844,-0.790248926,0.594446913,-0.680508128,1.38369806,0.424476702,0.829035637,-0.0331415505,-0.11070837,-0.288584378,0.916962926
24.6166667,-0.0785605195,-0.16237041,0.736646246,-0.186054672,0.0502183386,-0.0106806837,-0.981197075,-0.406421434,0.0294671311,0.3304541,0.852906972,-0.55558408,0.0643705715,-0.340896709,-0.128684128,0.0263495402,1.29372061,0.155657221,0.0184014476,-0.340907143,-0.802638336,0.600345757,-0.679596626,1.3848203,0.430045893,0.838522965,-0.0254460647,-0.127370481,-0.292054371,0.918245139
24.6333333,-0.0916196573,-0.163535395,0.738884973,-0.182361452,0.0456079061,-0.0134620567,-0.98208095,-0.364160843,-0.00220278707,0.321533149,0.815650573,-0.557320096,0.0730847531,-0.427753103,-0.129136054,-0.00392650123,1.33532801,0.0869566726,0.0124907951,-0.355435409,-0.816007278,0.604345133,-0.679687052,1.38641825,0.433545502,0.849864504,-0.0186282558,-0.145890484,-0.297016497,0.920168613
24.65,-0.1041837,-0.164150059,0.740730692,-0.17850538,0.0415628777,-0.0160623464,-0.982929477,-0.326344077,-0.0280810013,0.312665811,0.78099328,-0.556782677,0.0792430158,-0.509171231,-0.123676571,-0.0312837659,1.34898998,0.0196233026,-0.012177172,-0.367456565,-0.830615494,0.607728601,-0.683509927,1.38786313,0.434778553,0.864096039,-0.0143895212,-0.161631873,-0.307642184,0.918995759
24.6666667,-0.116296125,-0.16396904,0.742322827,-0.173782114,0.0380225039,-0.018258605,-0.983880424,-0.292363218,-0.0478474925,0.302761356,0.749765643,-0.555220508,0.0821580008,-0.583486434,-0.105759784,-0.0517977876,1.33573681,-0.037773629,-0.0496454024,-0.378168435,-0.845925675,0.610789001,-0.693243184,1.3881105,0.43778318,0.879755648,-0.012700916,-0.17225841,-0.319437371,0.915113978
24.6833333,-0.128226739,-0.163168545,0.743756226,-0.167293622,0.0347734795,-0.0200974456,-0.985088697,-0.260639925,-0.0644704214,0.2899996,0.720330845,-0.552652117,0.0835261891,-0.646771892,-0.0779745601,-0.067196123,1.29198499,-0.0727373863,-0.0828595756,-0.389166711,-0.861728964,0.61195371,-0.705369142,1.38765941,0.441581564,0.89391504,-0.0141092385,-0.182282336,-0.329131134,0.91138529
24.7,-0.140220807,-0.161913899,0.745101024,-0.158430734,0.0318075995,-0.0215766177,-0.986621725,-0.230023616,-0.0791482927,0.273588507,0.691357354,-0.549164084,0.083918316,-0.697098995,-0.0462218028,-0.078141404,1.21662582,-0.0803340125,-0.103531082,-0.401319538,-0.877639182,0.610316574,-0.719105904,1.38629789,0.44499066,0.904111407,-0.0166891355,-0.192161248,-0.33392164,0.906428988
24.7166667,-0.152421338,-0.160261471,0.746388027,-0.146682024,0.0291320927,-0.0226055534,-0.988496178,-0.200355675,-0.0914420413,0.253428785,0.663441644,-0.545362238,0.0833930632,-0.733403612,-0.0144562472,-0.0834026445,1.11195781,-0.0638926832,-0.112154551,-0.414781534,-0.893016627,0.605018459,-0.733770095,1.38365738,0.449802356,0.905160345,-0.0167997807,-0.20363047,-0.329820768,0.899224998
24.7333333,-0.165107277,-0.158130775,0.747622154,-0.131578153,0.0264531449,-0.0230721759,-0.990684155,-0.170836957,-0.100728197,0.228264595,0.636904953,-0.541646476,0.0819071506,-0.752472336,0.0143335731,-0.0802754018,0.979905476,-0.0249803814,-0.116288329,-0.429494583,-0.90666191,0.595958599,-0.746134813,1.37902362,0.455660117,0.897094373,-0.0134758553,-0.217833,-0.318349367,0.889583348
24.75,-0.1786996,-0.155311671,0.748557703,-0.113250851,0.0233535643,-0.0228805565,-0.993028366,-0.139877073,-0.107260436,0.194698141,0.613204695,-0.539802397,0.0796696368,-0.75365691,0.038648184,-0.0647113288,0.825735327,0.0428627927,-0.108551849,-0.444126915,-0.917127067,0.582345165,-0.755392044,1.37078138,0.463827314,0.89997538,-0.0111035571,-0.227672709,-0.31402202,0.880392939
24.7666667,-0.193412192,-0.151979658,0.749165154,-0.09110077,0.0196587831,-0.0224791882,-0.995393826,-0.106877236,-0.11239918,0.148572467,0.59138636,-0.539348644,0.0775862969,-0.739009003,0.0533688091,-0.032899302,0.655575927,0.147017701,-0.0785062,-0.45744486,-0.927039259,0.56157444,-0.764460126,1.35988523,0.474764688,0.918489547,-0.00922667734,-0.233518621,-0.321884143,0.874545321
24.7833333,-0.209286988,-0.14861564,0.749722732,-0.0630652006,0.0152502349,-0.022517915,-0.997638789,-0.0704454215,-0.116530032,0.0922002133,0.567781679,-0.537726929,0.0747152856,-0.709898975,0.0461889234,0.00968015227,0.475164461,0.276164428,-0.0303989353,-0.473188542,-0.936802606,0.530668285,-0.774355654,1.34815452,0.484005067,0.947982158,-0.00569460585,-0.236651729,-0.340900015,0.872838235
24.8,-0.226266102,-0.145499195,0.750460916,-0.0288370806,0.0102693904,-0.0226768165,-0.999274099,-0.0299484191,-0.11541673,0.0347589028,0.539949955,-0.534337679,0.0689686935,-0.669278382,0.0202358981,0.0506686038,0.29470046,0.402209935,0.0181048213,-0.489918333,-0.945215493,0.486416854,-0.7853266,1.33661468,0.489335177,0.985038039,-0.00195846642,-0.231571609,-0.368613713,0.868884927
24.8166667,-0.244114456,-0.142876864,0.75129666,0.0109263463,0.00489123312,-0.0230042827,-0.99966369,0.0136886481,-0.106889167,-0.0132540128,0.507905738,-0.529726387,0.0585381388,-0.623204034,-0.018623438,0.0773413183,0.136820187,0.495061877,0.0545669411,-0.504924837,-0.951117447,0.426035779,-0.797379665,1.32432376,0.490582016,1.03046462,-0.000417010258,-0.21727006,-0.413090382,0.848737434
24.8333333,-0.262300983,-0.140707011,0.752146837,0.05615769,-0.00052205355,-0.0233977147,-0.998147578,0.0568478834,-0.0881390984,-0.0408602766,0.473655864,-0.524122763,0.040157599,-0.580079007,-0.06284934,0.0821068122,0.0333036352,0.544084388,0.0801592753,-0.516986666,-0.955988738,0.348710698,-0.810087654,1.31167346,0.483686676,1.08396024,-0.000306661004,-0.209182331,-0.485764856,0.790126947
24.85,-0.280231822,-0.138814301,0.753166632,0.105818334,-0.00529266941,-0.0230320416,-0.994104619,0.0935457662,-0.0528157608,-0.0387640511,0.441625474,-0.517752066,0.00860661196,-0.54459549,-0.104652384,0.0629905918,0,0.565731592,0.10427142,-0.524473436,-0.955132133,0.259846811,-0.826473474,1.29468037,0.467835964,1.12520029,-0.000291327954,-0.238612954,-0.576079345,0.665120509
24.8666667,-0.297395726,-0.137498656,0.754071623,0.156723224,-0.00870115369,-0.0227151764,-0.987342971,0.121554209,-0.00987156705,-0.0104207658,0.412343392,-0.50796393,-0.031884155,-0.50926552,-0.145206442,0.0224381818,9.83293527e-24,0.592268825,0.133476938,-0.52116622,-0.944768841,0.163001985,-0.846474022,1.26899306,0.440663965,1.10506921,-0.000276761556,-0.306321144,-0.654153131,0.473447269
24.8833333,-0.313432808,-0.136599044,0.754203497,0.204284826,-0.0104442625,-0.023867097,-0.97856476,0.140134975,0.0308391672,0.031409343,0.389771821,-0.496068561,-0.0747333908,-0.473127922,-0.186692294,-0.0337799767,0.0115909165,0.621943222,0.163573862,-0.502918337,-0.93140864,0.0741468593,-0.874702942,1.2275634,0.403360609,1.01827333,-0.00577043543,-0.35413955,-0.679667345,0.273449717
24.9,-0.328380492,-0.135094917,0.753369775,0.243677444,-0.0114569754,-0.0273909325,-0.969401763,0.154501275,0.0621795485,0.0743147068,0.372816524,-0.482885907,-0.111589338,-0.44368046,-0.226865675,-0.0952921892,0.0474848468,0.607616499,0.185605769,-0.466919244,-0.909008889,0.0147799525,-0.914935185,1.14334213,0.3673003,0.864812577,-0.0243597356,-0.33529055,-0.638513374,0.118370606
24.9166667,-0.342265243,-0.132504984,0.752363922,0.27119112,-0.0126482165,-0.0334449524,-0.96186113,0.171894136,0.0790030947,0.111975424,0.356622161,-0.469208609,-0.134084538,-0.427124008,-0.260369235,-0.152268369,0.104827913,0.507125939,0.184321212,-0.412941639,-0.864227039,0,-0.953129292,0.992452922,0.34958144,0.664780378,-0.057730276,-0.24977418,-0.530691292,0.0299580458
24.9333333,-0.354380011,-0.129709932,0.750702888,0.284630166,-0.013439839,-0.0395812425,-0.957725621,0.193243325,0.0828732274,0.145652498,0.340403728,-0.459938103,-0.141240628,-0.432131562,-0.281606578,-0.195531838,0.184420714,0.372493086,0.158216999,-0.339978387,-0.782931078,0.0185938569,-0.966462827,0.792475761,0.343666257,0.464749789,-0.131054013,-0.105657541,-0.356201173,0.00821204135
24.95,-0.364438606,-0.127086631,0.747324742,0.283085465,-0.0131686124,-0.0431139917,-0.95803465,0.216685071,0.0808033867,0.178741463,0.326434176,-0.461023665,-0.142618168,-0.468052867,-0.288494758,-0.219402346,0.288167385,0.266181882,0.119840117,-0.254611751,-0.651679187,0.0896428691,-0.94595952,0.592497459,0.288497043,0.264720729,-0.23834064,0.00119443171,-0.15622592,0.0531325986
24.9666667,-0.373689195,-0.124550866,0.743242175,0.267709529,-0.0117219124,-0.044484628,-0.962400812,0.245245373,0.0735697315,0.214786389,0.307842272,-0.468840414,-0.148974592,-0.520684997,-0.280827712,-0.228605571,0.389341936,0.19961543,0.0774727048,-0.166906599,-0.461565459,0.194160642,-0.867529271,0.392518071,0.166661153,0.0646931228,-0.367575561,0.0847512344,0.0437505717,0.0872511499
24.9833333,-0.382980606,-0.122219018,0.738619494,0.242368769,-0.00916486969,-0.044309968,-0.96912848,0.278494734,0.0634959452,0.25293804,0.277318989,-0.473524083,-0.165524124,-0.571494474,-0.258692481,-0.231500147,0.463367919,0.162522769,0.0349011129,-0.0861429268,-0.261539233,0.274871382,-0.722431744,0.204845141,-0.0218414109,-0.135333103,-0.472445223,0.19527951,0.243728238,0.0589407198
25,-0.392593147,-0.120593888,0.73448676,0.212356344,-0.00607085229,-0.0422736276,-0.976258607,0.313833772,0.0525947966,0.283624341,0.238578938,-0.47208974,-0.187461715,-0.611754019,-0.225280742,-0.229931107,0.508513846,0.143402271,-0.00189768545,-0.0180828377,-0.0615143179,0.288915456,-0.530174968,0.0838378977,-0.221841265,-0.335358018,-0.517586996,0.352365783,0.443707022,-0.025984504
25.0166667,-0.402644136,-0.119861918,0.731040718,0.182435163,-0.00291996073,-0.0385462718,-0.982457668,0.344600079,0.0441154458,0.292555729,0.206817934,-0.46889749,-0.20114986,-0.641545589,-0.186777836,-0.223175977,0.538252687,0.132161329,-0.0274170769,0.036938163,0.138509351,0.236292864,-0.345964589,0.0294963913,-0.421841127,-0.535381688,-0.497594915,0.528365382,0.643686866,-0.157464992
25.0333333,-0.412268467,-0.11937651,0.727949738,0.156385136,0.000375922236,-0.0341973755,-0.987103889,0.365196756,0.0398007195,0.279882469,0.193549887,-0.471221097,-0.20345119,-0.666857035,-0.151381994,-0.217420392,0.567892904,0.120343207,-0.0438833479,0.080905102,0.338531837,0.161456044,-0.199389426,0.0417888873,-0.621840996,-0.735404173,-0.440065548,0.65228745,0.843667718,-0.333121909
25.05,-0.420600312,-0.118986692,0.72461579,0.137784627,0.00405301351,-0.0302779513,-0.989991018,0.376205384,0.0399842593,0.259327991,0.193132454,-0.484512019,-0.200474569,-0.692885879,-0.128138421,-0.221812539,0.606950562,0.101481577,-0.0575972866,0.118434818,0.538553199,0.108123307,-0.0723633918,-0.0125861229,-0.821840871,-0.935425535,-0.383466615,0.709543317,1.04364953,-0.499589738
25.0666667,-0.427753617,-0.118338299,0.720302003,0.129794105,0.00818405757,-0.0271371913,-0.991135755,0.380431488,0.0468392355,0.241056496,0.195390643,-0.507367213,-0.200453234,-0.720675056,-0.122488752,-0.240859553,0.655640432,0.073563554,-0.0722400365,0.146177987,0.723416729,0.0712158723,0.032735347,-0.133628597,-1.02184075,-1.13544583,-0.349154938,0.700132961,1.23818005,-0.599390973
25.0833333,-0.434251508,-0.116778358,0.715886206,0.133008521,0.0126413998,-0.0252773636,-0.990711857,0.380395306,0.0609449972,0.229855069,0.193416167,-0.529775652,-0.207916309,-0.746546359,-0.135924929,-0.271204975,0.708725883,0.0387797745,-0.085447999,0.159391243,0.841612579,0.0655904177,0.0822942901,-0.230623773,-1.22184064,-1.26879844,-0.343941594,0.709457157,1.36604477,-0.632525612
25.1,-0.440181407,-0.114988981,0.71245874,0.143618595,0.0170134309,-0.0253019208,-0.989163311,0.37934526,0.0746406765,0.228117114,0.183451888,-0.53922426,-0.220676,-0.767916244,-0.16039324,-0.297976831,0.758726135,0.00389686213,-0.0934322388,0.158187677,0.893140798,0.0711996033,0.0956809707,-0.263221747,-1.36018737,-1.33548342,-0.352643168,0.715361391,1.42724365,-0.59899365
25.1166667,-0.445489487,-0.113764008,0.70992782,0.156023548,0.0203386427,-0.0258894047,-0.987204503,0.381425816,0.0858491379,0.234826989,0.169461783,-0.539028822,-0.233923022,-0.78287319,-0.18389354,-0.315741109,0.801594142,-0.0263926649,-0.095272071,0.152529556,0.886041406,0.0720295237,0.0986628209,-0.267048917,-1.43186743,-1.34160712,-0.364970265,0.710244136,1.42177663,-0.51170384
25.1333333,-0.450059138,-0.112831388,0.707968326,0.166712041,0.0223788193,-0.0257773069,-0.985414539,0.385013248,0.0955784792,0.244805014,0.160106677,-0.538119527,-0.244086251,-0.792318646,-0.199067697,-0.324175274,0.835324602,-0.0500935507,-0.0923503698,0.148910399,0.865408755,0.0676241916,0.0993646066,-0.264818972,-1.43688083,-1.33239574,-0.374972404,0.709827771,1.41247016,-0.491080756
25.15,-0.453654871,-0.111698627,0.706720685,0.175064736,0.023814261,-0.0253066439,-0.983943491,0.385188558,0.104356082,0.249597003,0.158468129,-0.538276073,-0.250557638,-0.798451717,-0.206545249,-0.32482603,0.858247679,-0.0654994765,-0.0856151237,0.149565376,0.822771831,0.0664572447,0.097956713,-0.238876157,-1.40132913,-1.32754351,-0.381267083,0.69711411,1.41508975,-0.526015179
25.1666667,-0.456492581,-0.110660496,0.706159767,0.181603896,0.0250575689,-0.0251124277,-0.982731657,0.383693846,0.111613995,0.246017323,0.157826278,-0.537574878,-0.254289803,-0.802770409,-0.210779422,-0.321416827,0.873982061,-0.075630267,-0.0768526879,0.150611392,0.778663584,0.0561450257,0.100023856,-0.200862298,-1.38556834,-1.32696825,-0.387244498,0.684700142,1.41473289,-0.535675797
25.1833333,-0.458931629,-0.110033666,0.705711667,0.186756744,0.026399996,-0.0253648145,-0.981723782,0.382897254,0.116451423,0.239224772,0.153703724,-0.535080422,-0.257719306,-0.80724343,-0.216255053,-0.319723245,0.887633466,-0.08438906,-0.0694678762,0.150566262,0.751639419,0.0453021552,0.107601251,-0.171914944,-1.39457547,-1.32953691,-0.395760435,0.699182973,1.40906453,-0.52711063
25.2,-0.461041773,-0.109806539,0.70492156,0.190614129,0.0281445145,-0.0260157813,-0.980916571,0.382645234,0.119483849,0.232191143,0.147493349,-0.532297709,-0.26190223,-0.813342825,-0.223809267,-0.321409339,0.901630843,-0.093322588,-0.0662111874,0.150538164,0.74265277,0.0410353184,0.113964228,-0.160825856,-1.41222998,-1.33460986,-0.402868882,0.720716598,1.40553924,-0.525096081
25.2166667,-0.462667938,-0.110021161,0.703968768,0.192879726,0.0303851768,-0.027188863,-0.980374886,0.381619985,0.118021789,0.227581685,0.142315281,-0.530769113,-0.26421557,-0.821091944,-0.231775089,-0.323255545,0.914374837,-0.10136297,-0.0670581695,0.152496739,0.744373864,0.0404630523,0.115742723,-0.16229835,-1.42442546,-1.34005976,-0.406262504,0.724917221,1.40546057,-0.527703628
25.2333333,-0.463754243,-0.11055315,0.703153305,0.193463248,0.0327809552,-0.0283017488,-0.980151209,0.379495945,0.112747894,0.226712421,0.140199219,-0.531505233,-0.263564054,-0.82896988,-0.236618405,-0.322471862,0.923135047,-0.107354134,-0.0699655453,0.156990989,0.750580366,0.0392477317,0.115393276,-0.168468286,-1.42797916,-1.34534371,-0.408231165,0.7208418,1.40542961,-0.527371775
25.25,-0.464430022,-0.111085421,0.702446974,0.193564971,0.0350107436,-0.0284766887,-0.980048942,0.376501897,0.111445163,0.226268628,0.1407184,-0.533792942,-0.263520533,-0.835335047,-0.23779511,-0.321996715,0.927937101,-0.111260436,-0.0732385634,0.161358141,0.755646772,0.0355901048,0.117324318,-0.17331669,-1.42439196,-1.35128388,-0.410985507,0.723099933,1.40473268,-0.526450934
25.2666667,-0.464846178,-0.111614015,0.701678259,0.194230231,0.0372393458,-0.028210241,-0.97984286,0.373304934,0.114150195,0.222174256,0.140018421,-0.535260645,-0.265290131,-0.842297056,-0.242096511,-0.323455076,0.933187569,-0.113019611,-0.0746898052,0.162676499,0.757143404,0.0310868997,0.121293164,-0.173583951,-1.41839153,-1.35862869,-0.413580155,0.729661187,1.40494904,-0.52841009
25.2833333,-0.465147484,-0.112255567,0.700971557,0.194662708,0.0393395572,-0.0280747883,-0.979678843,0.372109512,0.115367241,0.217880335,0.136270946,-0.535408214,-0.266640193,-0.849260356,-0.246171055,-0.324074822,0.938429998,-0.114107454,-0.0751670232,0.163704076,0.754883081,0.0274567177,0.122767895,-0.169300474,-1.41574801,-1.36568404,-0.414648613,0.732359845,1.40690411,-0.530636883
25.3,-0.465425419,-0.112968088,0.700422332,0.194554272,0.0410387024,-0.0279201698,-0.979635097,0.372308293,0.114941287,0.215574843,0.131909984,-0.535209509,-0.267425446,-0.854784511,-0.248195088,-0.323334189,0.942344976,-0.115228364,-0.0755505981,0.165584262,0.748613868,0.0250332248,0.121907349,-0.161507815,-1.41360263,-1.37069223,-0.415576791,0.733156186,1.40935838,-0.534615485
25.3166667,-0.465758144,-0.113644584,0.700044369,0.194487899,0.0423518461,-0.027646286,-0.979600154,0.372193448,0.114400529,0.214477676,0.129546115,-0.535608815,-0.268023496,-0.858595382,-0.24882769,-0.321625282,0.944867893,-0.116524337,-0.07592297,0.167192411,0.740551722,0.0242997392,0.121269408,-0.151845171,-1.41439752,-1.37331365,-0.417374919,0.736541171,1.40996484,-0.541627613
25.3333333,-0.466116378,-0.11424608,0.699910264,0.194591832,0.0433676548,-0.0272138771,-0.979547176,0.371371144,0.11423037,0.213986885,0.128620444,-0.536034789,-0.268336463,-0.860682614,-0.248250933,-0.319197967,0.945776545,-0.117661534,-0.0758051952,0.168045446,0.730634561,0.0233697969,0.122484324,-0.139481343,-1.41794536,-1.37298662,-0.420081731,0.743232347,1.40751386,-0.548616083
25.35,-0.466438858,-0.114815502,0.699995998,0.194620128,0.0441652046,-0.0266159973,-0.979522348,0.370479615,0.114251202,0.213481787,0.127775732,-0.536188576,-0.268011695,-0.861444383,-0.246474854,-0.316222028,0.945032334,-0.118334044,-0.0753409457,0.169135902,0.719748782,0.0198403501,0.124848567,-0.126930254,-1.41355035,-1.36970492,-0.422803638,0.745079083,1.40349145,-0.550865101
25.3666667,-0.466831784,-0.115371177,0.700007602,0.194495396,0.044914298,-0.0260213869,-0.979529037,0.369680554,0.114226493,0.21331056,0.1272087,-0.536641752,-0.267492046,-0.862482062,-0.244957007,-0.31385946,0.944929775,-0.119060407,-0.0751451663,0.170740268,0.711286854,0.0167648317,0.128329556,-0.117436634,-1.4067965,-1.36857951,-0.425321907,0.742330959,1.40224285,-0.548360352
25.3833333,-0.467400418,-0.115898079,0.699898406,0.194284273,0.0455798359,-0.0254932897,-0.979554078,0.369165351,0.114098759,0.213796351,0.127067614,-0.53741575,-0.267288264,-0.863674392,-0.243953488,-0.312509863,0.945957916,-0.120363551,-0.0757553211,0.172594658,0.706540269,0.0153279182,0.131564844,-0.111991613,-1.40466639,-1.37034289,-0.42781235,0.740826658,1.40430465,-0.546934575
25.4,-0.468134334,-0.11636636,0.699764514,0.194156332,0.0458887851,-0.0249241765,-0.979579667,0.369304915,0.114629534,0.214657388,0.127626184,-0.538592976,-0.267701592,-0.864026505,-0.243095917,-0.312110092,0.947627063,-0.122112647,-0.0775732418,0.173687414,0.705887258,0.0154589335,0.133385818,-0.11187217,-1.40743032,-1.36976562,-0.429932706,0.741753463,1.4048524,-0.549131512
25.4166667,-0.468958443,-0.116778036,0.699612666,0.194163999,0.0458683888,-0.024282309,-0.979595224,0.370153993,0.115895693,0.215629427,0.128493326,-0.539999563,-0.268557603,-0.863669836,-0.242065586,-0.312102141,0.949801994,-0.123720771,-0.0800272908,0.173929039,0.707876531,0.0162584067,0.133685877,-0.115582734,-1.41174808,-1.3653158,-0.431968968,0.742063806,1.40145736,-0.553323725
25.4333333,-0.469770914,-0.117154968,0.699390473,0.194309332,0.0458698778,-0.0236316004,-0.97958225,0.37097221,0.11741044,0.21644552,0.129378356,-0.541573116,-0.269495737,-0.86394616,-0.241219404,-0.311779672,0.952731853,-0.124879659,-0.0820882208,0.173800221,0.70969354,0.0169092662,0.132756667,-0.119689352,-1.4147523,-1.36153832,-0.433906573,0.740292234,1.39755857,-0.554873504
25.45,-0.470535067,-0.117479419,0.699100932,0.194611656,0.0460101189,-0.022976484,-0.979531242,0.371261944,0.119325122,0.216927265,0.130574757,-0.543367942,-0.270507163,-0.864940029,-0.240577431,-0.311149157,0.956220852,-0.125949901,-0.0830263201,0.173215187,0.709713206,0.0173811204,0.130972921,-0.121474105,-1.4157076,-1.36004013,-0.435267311,0.738755523,1.39555611,-0.556078087
25.4666667,-0.471269865,-0.117739249,0.698762298,0.194990906,0.0462138363,-0.0223407738,-0.979460932,0.371458299,0.121224303,0.217275358,0.131564624,-0.54511542,-0.271373935,-0.866285044,-0.239925136,-0.310201465,0.960025503,-0.127322457,-0.0829186678,0.17240267,0.708599663,0.018268269,0.128485065,-0.120916281,-1.41521311,-1.35992789,-0.435929473,0.738245721,1.39517062,-0.558792677
25.4833333,-0.471980668,-0.117939788,0.69838679,0.195414532,0.0464554673,-0.0217608175,-0.979378128,0.37173645,0.123042483,0.21751529,0.13213291,-0.546686676,-0.272071494,-0.867848914,-0.239352917,-0.309264619,0.963996139,-0.128909532,-0.0824512821,0.17141824,0.706851598,0.0192512294,0.125260701,-0.119147541,-1.41312531,-1.36019146,-0.436353365,0.738742698,1.39473759,-0.561584123
25.5,-0.472661429,-0.118095038,0.698016721,0.195864828,0.0467018489,-0.0212555977,-0.97928755,0.37205193,0.124685054,0.217726393,0.132520404,-0.548122329,-0.272642142,-0.869445757,-0.238911972,-0.308368365,0.968092685,-0.130715028,-0.0817676785,0.1704187,0.704772494,0.0196712891,0.122592108,-0.116403314,-1.40933177,-1.3602167,-0.436491871,0.737936263,1.39406642,-0.562036736
25.5166667,-0.473301882,-0.118217605,0.697691234,0.196324611,0.0468976959,-0.0208167582,-0.979195545,0.372368172,0.126183535,0.217933732,0.132868088,-0.549362001,-0.27316633,-0.87068762,-0.238682066,-0.307693631,0.971712464,-0.132635623,-0.0807862511,0.169477748,0.702255453,0.0192829461,0.120995296,-0.112716977,-1.40499676,-1.35968562,-0.436574011,0.73584331,1.39345099,-0.560237436
25.5333333,-0.473888097,-0.118314623,0.697417966,0.196779257,0.0470300998,-0.0204300535,-0.979106075,0.372657505,0.127592767,0.218128964,0.133231494,-0.550408962,-0.273706995,-0.871546867,-0.238680231,-0.307430291,0.974744624,-0.134494515,-0.0796213747,0.16863799,0.699287361,0.0183895966,0.120174957,-0.10918803,-1.40195411,-1.35873082,-0.437064789,0.734621849,1.39294362,-0.558862221
25.55,-0.474410884,-0.118393646,0.697187829,0.197205691,0.0471170462,-0.0200863534,-0.979023206,0.372901809,0.128928632,0.218342339,0.133691213,-0.551350019,-0.274272639,-0.872101265,-0.238793905,-0.307629644,0.977276035,-0.136228458,-0.0785755244,0.168029043,0.69643341,0.0175326757,0.120379713,-0.106487302,-1.40191392,-1.35752017,-0.438072463,0.735283861,1.39262076,-0.561581194
25.5666667,-0.474871839,-0.118444233,0.696998037,0.197522924,0.0471515322,-0.0197528452,-0.978964378,0.373074866,0.130309815,0.218719513,0.134444053,-0.552327333,-0.274890384,-0.872328999,-0.238471517,-0.308224722,0.979222118,-0.137807486,-0.0780112152,0.167806063,0.69315476,0.0165229787,0.121393834,-0.103570793,-1.40513052,-1.35616472,-0.439227174,0.736726043,1.39252135,-0.567980213
25.5833333,-0.475284224,-0.118439369,0.696864903,0.197529755,0.0470752553,-0.0193536645,-0.978974643,0.373401989,0.131551404,0.219553414,0.135286647,-0.553274004,-0.275449923,-0.872088954,-0.237048863,-0.30889929,0.980264724,-0.139216378,-0.0781774596,0.168317168,0.690489135,0.0158330302,0.12347747,-0.101528084,-1.4100626,-1.35442214,-0.440287178,0.735751908,1.39238796,-0.572441992
25.6,-0.475616633,-0.118429824,0.696813134,0.197441544,0.0470040211,-0.0190482218,-0.979001851,0.373754009,0.132519486,0.220490935,0.136105919,-0.554147438,-0.275851814,-0.871655811,-0.23531482,-0.309562943,0.98067549,-0.14040552,-0.0787858203,0.169247913,0.689334616,0.0155738559,0.125707847,-0.101367646,-1.41514727,-1.35261953,-0.441105693,0.732905948,1.39250763,-0.574384559
25.6166667,-0.475814741,-0.11850416,0.696615107,0.197736128,0.0471491529,-0.0191657585,-0.978933121,0.373379196,0.132471298,0.219750598,0.13664391,-0.554720624,-0.275850018,-0.872536975,-0.237522451,-0.310278678,0.982495287,-0.141101052,-0.0783047192,0.169021333,0.689033122,0.0152568798,0.126946745,-0.102176119,-1.41983595,-1.35210248,-0.441699412,0.731596578,1.39275003,-0.576295622
25.6333333,-0.475926884,-0.118594342,0.696472849,0.198075482,0.0473423627,-0.0194504618,-0.978849572,0.372931377,0.132033739,0.218670096,0.13699805,-0.555124577,-0.275561732,-0.873392521,-0.239988214,-0.310739058,0.984036108,-0.141878654,-0.0775386879,0.16877027,0.688687334,0.0146941821,0.127307955,-0.10309223,-1.42309975,-1.35184088,-0.442339255,0.731452671,1.39279852,-0.578475371
25.65,-0.475996432,-0.118643021,0.696357988,0.198176773,0.0474626161,-0.0196691357,-0.978818876,0.372644672,0.131542418,0.217993463,0.137294773,-0.555492729,-0.275215292,-0.873981938,-0.241298762,-0.310885852,0.984966605,-0.142691684,-0.0772731591,0.169013919,0.687995868,0.014194403,0.127090964,-0.104024681,-1.42471612,-1.35121565,-0.443028068,0.730679769,1.39247453,-0.580343923
25.6666667,-0.476022097,-0.118670874,0.696271649,0.198188403,0.0475548502,-0.0198854736,-0.978807673,0.37243257,0.13102458,0.217586689,0.137550965,-0.555787027,-0.274919638,-0.874431234,-0.24206787,-0.310870569,0.98556292,-0.143413859,-0.0774059069,0.169518928,0.686928165,0.0141759196,0.126530943,-0.104802553,-1.42540294,-1.35043228,-0.443412552,0.728770072,1.39233216,-0.581104987
25.6833333,-0.476014641,-0.118691647,0.696207901,0.198224755,0.0476274686,-0.0201471156,-0.978791431,0.372258189,0.130462471,0.217304644,0.137737323,-0.555937447,-0.274723044,-0.874766278,-0.242781205,-0.310803665,0.986003562,-0.144112936,-0.0775916745,0.170013968,0.685512749,0.0148868793,0.125727004,-0.104673508,-1.42610999,-1.34969923,-0.443399414,0.72587317,1.39269962,-0.580626127
25.7,-0.475998313,-0.118694447,0.696175185,0.198241951,0.047627274,-0.0204046936,-0.978782622,0.372266972,0.129962577,0.217348378,0.137858289,-0.555939552,-0.2746668,-0.87468919,-0.243025941,-0.310715607,0.986055354,-0.145000511,-0.0777395884,0.170560437,0.684071949,0.0163821337,0.124678382,-0.103944009,-1.42679262,-1.34911797,-0.443614201,0.724633696,1.39309157,-0.580606863
25.7166667,-0.475999194,-0.118654847,0.696186084,0.198066138,0.0474575324,-0.0205354015,-0.978823725,0.372654354,0.129636983,0.217996692,0.137923285,-0.555844812,-0.274772432,-0.873893695,-0.242036285,-0.310527845,0.985406023,-0.146300902,-0.0780713461,0.171415248,0.683445656,0.018598815,0.123547113,-0.103854785,-1.42682576,-1.34831466,-0.44423995,0.724947826,1.39310519,-0.581394676
25.7333333,-0.475983896,-0.118627394,0.696268759,0.197942373,0.0472812221,-0.0207278563,-0.978853237,0.373259632,0.129393807,0.218753635,0.137886568,-0.555687182,-0.274978469,-0.872905885,-0.240720103,-0.310200513,0.984671898,-0.147749844,-0.0782862292,0.172290197,0.684138645,0.0211345045,0.122591786,-0.105185476,-1.42586737,-1.34737635,-0.444908437,0.724899379,1.3928764,-0.581216393
25.75,-0.475888531,-0.118704066,0.69611472,0.198367736,0.0473938364,-0.0213328548,-0.978748678,0.373033133,0.128460846,0.217523533,0.137667791,-0.555423843,-0.274993477,-0.874056092,-0.243887317,-0.309758852,0.986563838,-0.148270194,-0.0765759643,0.17150026,0.685442463,0.0232167408,0.12145341,-0.106934726,-1.42488708,-1.3476098,-0.445209757,0.724213815,1.39242117,-0.57914736
25.7666667,-0.475769011,-0.118812462,0.695975625,0.198936674,0.0475427308,-0.0220086965,-0.978611008,0.372566305,0.127396951,0.215788471,0.137775066,-0.555407677,-0.274697141,-0.875570756,-0.247278977,-0.309016819,0.989014168,-0.148423594,-0.0739998669,0.170406362,0.686296624,0.0243615064,0.120081841,-0.107841768,-1.42411737,-1.3477611,-0.445382753,0.722784864,1.39177879,-0.577447442
25.7833333,-0.475635584,-0.118922671,0.69588182,0.199231014,0.0476763213,-0.0226233263,-0.978530611,0.371249054,0.125422226,0.214411566,0.139189699,-0.556010655,-0.273570655,-0.876909932,-0.249459511,-0.307598759,0.990459367,-0.148424449,-0.071907268,0.169919666,0.686868226,0.0247915601,0.118907027,-0.108138117,-1.42370362,-1.34780568,-0.445881752,0.722587185,1.39083333,-0.578912971
25.8,-0.475397042,-0.119123291,0.69597816,0.19916691,0.0482397067,-0.0236028346,-0.978492912,0.367859046,0.121023346,0.213206015,0.142958513,-0.55768406,-0.270683093,-0.87874505,-0.251247575,-0.305034594,0.99078061,-0.148170559,-0.0706211397,0.170150822,0.687722131,0.0249202456,0.118370255,-0.108276564,-1.42432377,-1.34856234,-0.446856565,0.725650895,1.38942638,-0.584020248
25.8166667,-0.475188639,-0.119315982,0.6960654,0.199089284,0.0486759554,-0.0244574961,-0.978466116,0.364003306,0.116129598,0.21216093,0.147507382,-0.559793692,-0.267283108,-0.880551718,-0.252894887,-0.302319292,0.990729599,-0.147849932,-0.0699052641,0.170575705,0.688737827,0.0248258022,0.118229226,-0.108676878,-1.42615389,-1.34979727,-0.447536218,0.728890132,1.38848714,-0.588831887
25.8333333,-0.475272486,-0.119296594,0.695880312,0.199537444,0.0478718841,-0.0241659782,-0.978421738,0.367509572,0.120069293,0.211982502,0.145356162,-0.559110231,-0.269590402,-0.878823976,-0.252698433,-0.303679838,0.992169307,-0.148342672,-0.0695287214,0.169666326,0.690724427,0.024876492,0.119038788,-0.1115782,-1.42680335,-1.34802487,-0.447862491,0.726810917,1.38891066,-0.591092387
25.85,-0.475419739,-0.11924235,0.695716326,0.200046571,0.0468146958,-0.0236132828,-0.978382423,0.371702841,0.124389677,0.212182453,0.142017211,-0.557581371,-0.272763353,-0.876579312,-0.252260619,-0.305580008,0.993483503,-0.148969664,-0.0693822446,0.168741616,0.692649866,0.0249735799,0.119999421,-0.114903602,-1.42745678,-1.34560387,-0.448095047,0.723468319,1.38926924,-0.59172259
25.8666667,-0.47543499,-0.119279369,0.69571576,0.200249387,0.0462555748,-0.0234885417,-0.97837053,0.373632295,0.125996594,0.212277575,0.140906536,-0.557037113,-0.274023403,-0.875258257,-0.252205136,-0.306286371,0.994077196,-0.149229365,-0.0693660721,0.168335274,0.693798574,0.0253860146,0.120708997,-0.117303769,-1.42947758,-1.34410664,-0.448360383,0.722266457,1.38921369,-0.591639126
25.8833333,-0.475384334,-0.119341065,0.695718301,0.200298579,0.045899945,-0.0235364671,-0.978376057,0.374127105,0.126031642,0.212256123,0.141394585,-0.55729536,-0.273990369,-0.874506425,-0.252342699,-0.306216143,0.994186108,-0.149242546,-0.0694153199,0.168199716,0.694435443,0.0262627935,0.121361844,-0.118907781,-1.43275932,-1.34335562,-0.448537538,0.722808029,1.38908738,-0.591693878
25.9,-0.475322573,-0.119389403,0.695705436,0.200308124,0.045566442,-0.023598866,-0.978388189,0.374324326,0.125748966,0.212246138,0.142208769,-0.557711383,-0.273701602,-0.873860545,-0.252491576,-0.30599374,0.994120751,-0.149190562,-0.0694664631,0.168079965,0.694435951,0.0271471351,0.122110287,-0.119425775,-1.43605427,-1.34273286,-0.448532266,0.723153243,1.38902378,-0.592512696
25.9166667,-0.475260326,-0.119415717,0.695720975,0.200299191,0.0452388384,-0.0236591636,-0.978403764,0.37462797,0.125578844,0.212318052,0.142826648,-0.557985482,-0.273555426,-0.873189207,-0.252592422,-0.305883912,0.994010741,-0.149083667,-0.0694674275,0.167890484,0.693677048,0.0277986249,0.122573898,-0.118777911,-1.43820479,-1.34200928,-0.448343197,0.722469824,1.38891057,-0.594049744
25.9333333,-0.475202009,-0.119415677,0.695742475,0.200268408,0.0449309122,-0.0237194278,-0.978422795,0.375012015,0.125537543,0.212482884,0.143260458,-0.558122,-0.273571073,-0.872529538,-0.252666047,-0.305898165,0.993882666,-0.1489333,-0.0694297455,0.167634059,0.692598393,0.0284076206,0.122156025,-0.117747849,-1.43877198,-1.34139139,-0.448075216,0.721755777,1.38859101,-0.595348874
25.95,-0.475149339,-0.119393751,0.695762864,0.200208567,0.0446626168,-0.0237786447,-0.978445888,0.375387558,0.125549299,0.212712929,0.143603133,-0.558198,-0.273674485,-0.871953292,-0.252630594,-0.305947341,0.993712337,-0.148767012,-0.0694086639,0.167369848,0.691871245,0.0291472452,0.120909575,-0.117310776,-1.43754838,-1.34118939,-0.447673524,0.72149903,1.38825864,-0.595244108
25.9666667,-0.475103477,-0.119351281,0.69578703,0.20009647,0.0444366509,-0.0238054332,-0.978478456,0.37573596,0.125647823,0.213033779,0.14393714,-0.558304161,-0.273818659,-0.871415795,-0.252274242,-0.305993791,0.993406304,-0.148623575,-0.0695108537,0.167204728,0.691646678,0.0299925236,0.118807574,-0.117760481,-1.4347371,-1.34134384,-0.446924188,0.720644822,1.38830301,-0.593682587
25.9833333,-0.475069356,-0.119285119,0.695818302,0.199884988,0.04423289,-0.023745098,-0.978532377,0.375993869,0.125822591,0.213501895,0.144372936,-0.558511846,-0.273935714,-0.870834076,-0.251370758,-0.305995747,0.992823657,-0.148556207,-0.0698796401,0.167290926,0.692922071,0.0315226475,0.116442099,-0.119829222,-1.43161157,-1.34144453,-0.445910957,0.718664156,1.3886687,-0.591825815
26,-0.475021838,-0.119224478,0.695862298,0.19964277,0.044139285,-0.0237015961,-0.978587105,0.375827418,0.125744443,0.213961559,0.145187798,-0.55893088,-0.27381675,-0.870432014,-0.250366983,-0.305827467,0.992102179,-0.148521784,-0.0704012888,0.167519255,0.694587263,0.0330016914,0.114271279,-0.122102686,-1.42908461,-1.34165367,-0.445315995,0.717974804,1.38879465,-0.591923669
26.0166667,-0.474910471,-0.119215447,0.695872063,0.199480901,0.0443382329,-0.0239101337,-0.978606048,0.374578004,0.124690519,0.213787259,0.146641515,-0.559590341,-0.273120173,-0.87103984,-0.250996494,-0.305323521,0.991997535,-0.148204904,-0.0703543917,0.167393477,0.695481388,0.0341391533,0.112541364,-0.123317045,-1.42794689,-1.34278873,-0.445362136,0.720439028,1.38826753,-0.594357291
26.0333333,-0.47479291,-0.119206506,0.695911446,0.199369475,0.0445824353,-0.0241421869,-0.978611963,0.372960658,0.123313364,0.213569243,0.148353779,-0.560324998,-0.272152342,-0.871803388,-0.251701601,-0.304732273,0.991845929,-0.147902413,-0.0700651965,0.167359258,0.695756635,0.0353952668,0.111152057,-0.123820021,-1.42821933,-1.34424743,-0.445837043,0.724302458,1.38757498,-0.597254765
26.05,-0.474758084,-0.119138202,0.695908149,0.199275977,0.0445396741,-0.0240585713,-0.978635012,0.373079482,0.123821905,0.213903572,0.148466171,-0.560375132,-0.272401481,-0.871570995,-0.251113434,-0.305134881,0.991437529,-0.147833526,-0.0702830753,0.167530642,0.696845615,0.0376802176,0.109424859,-0.125665291,-1.42932514,-1.34466468,-0.446354568,0.725405815,1.3875844,-0.599458444
26.0666667,-0.474726822,-0.119074995,0.695999787,0.198841924,0.0445493254,-0.023941902,-0.978725719,0.372613751,0.123489863,0.214939318,0.149383027,-0.560735817,-0.27219094,-0.870979648,-0.249150094,-0.305147201,0.989914902,-0.148039407,-0.071378956,0.168689474,0.699521777,0.0411791517,0.106417194,-0.130001177,-1.43193957,-1.34444397,-0.446737765,0.723796095,1.38804707,-0.600407637
26.0833333,-0.474667136,-0.11904283,0.696133482,0.198378584,0.04467912,-0.0239423091,-0.978813813,0.371296954,0.122216035,0.216081081,0.151355076,-0.561610093,-0.271256038,-0.870592544,-0.246996705,-0.30462099,0.98797169,-0.148218417,-0.0728581932,0.169975197,0.701951991,0.0437823653,0.104170282,-0.13449083,-1.43529901,-1.34419589,-0.447090003,0.722078801,1.38818784,-0.60100542
26.1,-0.474650174,-0.119008659,0.695999599,0.198696215,0.0446230369,-0.0239188185,-0.978752517,0.372199665,0.123644771,0.215630019,0.150131274,-0.561056737,-0.272397705,-0.871019943,-0.248722485,-0.305545677,0.989212302,-0.147849493,-0.0726403149,0.168871971,0.703061572,0.0451140337,0.103444105,-0.137520093,-1.43807255,-1.3444806,-0.447412336,0.721617518,1.38840226,-0.60148714
26.1166667,-0.474643949,-0.118963804,0.695856898,0.199209513,0.0445346158,-0.0239227657,-0.978652103,0.373233367,0.125055929,0.214923285,0.148338582,-0.56005834,-0.273802288,-0.871473365,-0.250744747,-0.306408061,0.99079795,-0.147618276,-0.0716045056,0.167378986,0.702770247,0.045753892,0.103542886,-0.13877693,-1.44016606,-1.3451408,-0.447711642,0.722373592,1.38882958,-0.602746208
26.1333333,-0.474608059,-0.11891814,0.695826949,0.19939312,0.0445524327,-0.0239940308,-0.978612155,0.373441081,0.125525254,0.214624783,0.147679875,-0.559548049,-0.274451214,-0.871764359,-0.251583114,-0.306558949,0.991389249,-0.147537109,-0.0709378769,0.166550114,0.701632306,0.0462802149,0.10407712,-0.138667576,-1.44200289,-1.34563082,-0.44781258,0.722158702,1.38937398,-0.604386655
26.15,-0.474559618,-0.118880168,0.695832634,0.199416786,0.0446066926,-0.0240849157,-0.978602629,0.373134069,0.125533424,0.214577231,0.147865834,-0.559467168,-0.274616229,-0.871949362,-0.251665761,-0.306336537,0.991359969,-0.147428829,-0.0708129081,0.166164665,0.700160032,0.0470093724,0.104828852,-0.13778807,-1.44404123,-1.34577328,-0.447870736,0.720863129,1.38977864,-0.605260373
26.1666667,-0.474509643,-0.118855313,0.695849351,0.199396655,0.0446546595,-0.0241866799,-0.978602033,0.37276882,0.125264756,0.214594282,0.148202757,-0.559495044,-0.274562609,-0.872120273,-0.251626396,-0.305954438,0.991209458,-0.147273233,-0.0709124504,0.165954029,0.698686165,0.0480806655,0.105671812,-0.136761509,-1.44649704,-1.34559846,-0.448049785,0.719751636,1.38981898,-0.605668583
26.1833333,-0.474448062,-0.118863693,0.695865294,0.199257662,0.0447084362,-0.0243899743,-0.978622843,0.372634754,0.124058474,0.214792399,0.148210516,-0.559428483,-0.274005924,-0.872388977,-0.251713287,-0.30515155,0.991062612,-0.147108896,-0.0710038766,0.166037531,0.697207767,0.0492909364,0.106603125,-0.13581277,-1.44898665,-1.34540236,-0.448578892,0.720531608,1.38933189,-0.607425583
26.2,-0.474354662,-0.118958451,0.695921801,0.198805052,0.0448195187,-0.0249059422,-0.978696815,0.372871224,0.120943801,0.215417978,0.147571138,-0.55913185,-0.272437863,-0.872888812,-0.25197574,-0.30346208,0.990895007,-0.147015809,-0.0710494291,0.16670474,0.696022361,0.0505311834,0.107316479,-0.135262783,-1.45087411,-1.34545966,-0.449084879,0.722112495,1.38861781,-0.60912955
26.2166667,-0.474263389,-0.119046258,0.695976491,0.198323114,0.0449078122,-0.025393711,-0.978778009,0.37329541,0.117314917,0.21621764,0.146650368,-0.558731078,-0.270529313,-0.87341372,-0.252186522,-0.3014845,0.990719696,-0.147002696,-0.0710353415,0.167613909,0.695368079,0.0516276816,0.107231242,-0.135308597,-1.45152211,-1.34546605,-0.449400418,0.722674461,1.38804148,-0.610063703
26.2333333,-0.474244468,-0.118952663,0.69595412,0.19841112,0.0448310909,-0.0252048784,-0.978768571,0.373073856,0.119556174,0.215714223,0.147097702,-0.558794583,-0.271619696,-0.873154602,-0.251892632,-0.302154461,0.990710882,-0.146833227,-0.0708052809,0.166973586,0.695385993,0.0524162972,0.106638566,-0.137019694,-1.44916711,-1.34433208,-0.449606774,0.719892008,1.3874443,-0.609616891
26.25,-0.474262366,-0.118834221,0.695904292,0.19866474,0.0447176533,-0.0248561868,-0.978731231,0.372779871,0.122311972,0.215082417,0.147907315,-0.559077053,-0.273275878,-0.87289313,-0.251714552,-0.303405856,0.990829702,-0.146590359,-0.0706663035,0.166009265,0.695945756,0.0528838821,0.105311543,-0.138738745,-1.44475294,-1.34301062,-0.449826245,0.717102115,1.3865987,-0.608117468
26.2666667,-0.474275688,-0.118810263,0.69587575,0.198661279,0.0446484627,-0.024772371,-0.978737217,0.372710568,0.123229582,0.214893769,0.148416081,-0.559339468,-0.273915264,-0.872837416,-0.251637398,-0.30388348,0.990955416,-0.146472944,-0.0706308796,0.165542892,0.696764628,0.0532893726,0.103763683,-0.139677412,-1.44042805,-1.34219457,-0.449911243,0.716359292,1.38597298,-0.606516406
26.2833333,-0.474268694,-0.118838647,0.69584953,0.198481418,0.0446357668,-0.0248464072,-0.97877241,0.372429396,0.12260139,0.214965966,0.149093565,-0.559750754,-0.273529941,-0.872991791,-0.251616641,-0.303608198,0.990962572,-0.146443104,-0.0706119469,0.16553369,0.69777468,0.0539343302,0.102662605,-0.140106393,-1.43823132,-1.34190618,-0.449950441,0.717281151,1.38563342,-0.605840178
26.3,-0.474185165,-0.118904595,0.695919277,0.198161975,0.0447942383,-0.0250913251,-0.978823648,0.371328046,0.120799512,0.215069463,0.150629982,-0.560537666,-0.272277024,-0.873378133,-0.251592687,-0.302716347,0.990562882,-0.146269438,-0.0706355482,0.165866862,0.697367486,0.0540671898,0.102399503,-0.139261777,-1.43816565,-1.34207891,-0.449991143,0.718749937,1.38538278,-0.606025248
26.3166667,-0.474084727,-0.118946815,0.69601275,0.197786434,0.0448489277,-0.0252400762,-0.978893272,0.370100458,0.119001816,0.215295072,0.152490093,-0.561452957,-0.270874225,-0.873492564,-0.251086494,-0.301711576,0.989686183,-0.145986221,-0.070881165,0.166373255,0.695191487,0.053687388,0.103220921,-0.136792702,-1.43835703,-1.34209173,-0.450214571,0.720726458,1.38496583,-0.607823099
26.3333333,-0.474098381,-0.118899805,0.696039084,0.197612279,0.0443916173,-0.024938719,-0.978957012,0.37186447,0.120690657,0.215935991,0.151687205,-0.561217673,-0.271728834,-0.871937789,-0.24947089,-0.302212055,0.98909326,-0.146118234,-0.0714368693,0.1664243,0.693061378,0.0535453392,0.104651552,-0.134645233,-1.43771779,-1.34061092,-0.450396172,0.720845038,1.38490268,-0.610912099
26.35,-0.474124999,-0.118868693,0.696025794,0.197549956,0.0439126296,-0.0246644893,-0.97899814,0.373299819,0.121894732,0.216300204,0.150821622,-0.560785144,-0.272602037,-0.870629979,-0.248825612,-0.302716279,0.988764649,-0.14626915,-0.0718505648,0.166190864,0.691374154,0.0534921652,0.105894294,-0.132917552,-1.43734219,-1.33922993,-0.450300167,0.720402242,1.38510158,-0.614414035
26.3666667,-0.474047606,-0.118919029,0.696168948,0.197345688,0.0438796878,-0.0247901301,-0.979037641,0.372906568,0.121036355,0.216524388,0.151780465,-0.561166634,-0.271986315,-0.870050464,-0.248579533,-0.302347522,0.988004123,-0.146315712,-0.0722087356,0.166311696,0.689714924,0.053334265,0.106870375,-0.130968014,-1.43778774,-1.33852495,-0.450051165,0.720888054,1.38551143,-0.618193017
26.3833333,-0.473923923,-0.118987918,0.696148908,0.197184167,0.0440786122,-0.0250603873,-0.979054369,0.371185649,0.119018367,0.216301302,0.153717351,-0.562106788,-0.270569543,-0.871119998,-0.249565651,-0.301342696,0.987879858,-0.145494328,-0.0720309389,0.166337652,0.688303314,0.0533393849,0.10740087,-0.129196954,-1.43922448,-1.33901499,-0.44948916,0.72144394,1.38614843,-0.621150579
26.4,-0.473908787,-0.118978982,0.696077795,0.197206299,0.0438405683,-0.024918014,-0.979064233,0.372287994,0.120240063,0.216408871,0.153085466,-0.561984184,-0.271254878,-0.870877065,-0.249643068,-0.301684581,0.988340894,-0.145054084,-0.0716302962,0.166033491,0.687800577,0.053672388,0.107981758,-0.128623926,-1.43978148,-1.3384254,-0.448889954,0.720436557,1.38721763,-0.621531029
26.4166667,-0.473930249,-0.118951391,0.696024361,0.197191036,0.0434285523,-0.0246236793,-0.979093116,0.373901918,0.121804195,0.216803493,0.151899003,-0.561483781,-0.272401241,-0.869967726,-0.249101214,-0.302269436,0.988438282,-0.145044478,-0.0713483758,0.165928428,0.687837251,0.0542381789,0.108311962,-0.128668109,-1.43938771,-1.33726871,-0.448365178,0.719333861,1.38801636,-0.620426205
26.4333333,-0.473893392,-0.11895399,0.69605643,0.197084472,0.0432143216,-0.0244785336,-0.979127691,0.374712217,0.122581817,0.21706508,0.151447005,-0.561304961,-0.272902332,-0.869329671,-0.248539943,-0.302722396,0.988182981,-0.144863635,-0.0713537394,0.16592081,0.687671721,0.0551492271,0.108122368,-0.128165731,-1.43899527,-1.33612609,-0.447957161,0.719403966,1.38811762,-0.619372113
26.45,-0.47381734,-0.118965278,0.696099033,0.196933109,0.0431200499,-0.0243838972,-0.979164663,0.374922167,0.122662167,0.217229185,0.151497321,-0.561398819,-0.272766575,-0.869097418,-0.247870831,-0.30303661,0.987985609,-0.14440047,-0.0716549496,0.165975035,0.686508186,0.0563368816,0.107398298,-0.125960557,-1.43880215,-1.33529326,-0.447789516,0.720741318,1.38788364,-0.619409788
26.4666667,-0.473710422,-0.119003198,0.696102968,0.196675151,0.0431020222,-0.024372105,-0.979217596,0.374968038,0.121664166,0.21758955,0.151464517,-0.561521778,-0.271967375,-0.869331987,-0.247117002,-0.302942912,0.988095077,-0.143813552,-0.0721686746,0.166275073,0.683946913,0.0577188913,0.106026148,-0.121500416,-1.43909067,-1.33553174,-0.447826254,0.723078192,1.38803195,-0.619717745
26.4833333,-0.473533607,-0.119154212,0.696140289,0.196157602,0.0432697047,-0.0247227435,-0.97930522,0.375033507,0.118694602,0.218311818,0.150950134,-0.561469567,-0.270246509,-0.870118001,-0.247051401,-0.301765422,0.988018402,-0.143252425,-0.0725814581,0.167218446,0.681107923,0.0590683696,0.104989523,-0.117363263,-1.44040566,-1.33794819,-0.448116258,0.726162182,1.38945124,-0.619059383
26.5,-0.473342344,-0.119318844,0.696171997,0.195657797,0.0435108716,-0.0250893476,-0.979385192,0.375081624,0.115196799,0.219119209,0.150228779,-0.561383389,-0.268291065,-0.871208339,-0.247297241,-0.300106158,0.987756587,-0.142762761,-0.072810179,0.168472287,0.678888859,0.0602930957,0.104306187,-0.114666594,-1.44240907,-1.34189969,-0.448339563,0.728861698,1.39218592,-0.61745282
26.5166667,-0.473290887,-0.119257452,0.696189478,0.19564392,0.0433455462,-0.0246688844,-0.979405976,0.375025275,0.117870367,0.218956963,0.150885196,-0.561667454,-0.269361193,-0.870404463,-0.246143864,-0.301176245,0.986941155,-0.142267375,-0.0729505874,0.168090844,0.677967366,0.0614078751,0.10449039,-0.114128096,-1.44287086,-1.34129546,-0.447754796,0.727786777,1.39294385,-0.616860656
26.5333333,-0.473335777,-0.119108044,0.696314776,0.195487457,0.0428582093,-0.0239118897,-0.979477437,0.375206768,0.120930778,0.219404736,0.152241388,-0.562162607,-0.270696941,-0.868202284,-0.243402541,-0.302556813,0.985018822,-0.141994103,-0.0735634793,0.167789758,0.677993539,0.0622470842,0.104745774,-0.114318614,-1.44167371,-1.33596694,-0.446751284,0.723692351,1.39012134,-0.617492374
26.55,-0.473289454,-0.119106912,0.696556,0.194998421,0.0427619176,-0.0236579055,-0.979585289,0.374511898,0.1210837,0.220349204,0.154088389,-0.563010278,-0.270357344,-0.866963378,-0.240813762,-0.302509812,0.98279304,-0.141660583,-0.0744949708,0.168441496,0.677855674,0.0628511802,0.104246761,-0.113981684,-1.44003844,-1.33243833,-0.446696888,0.72177889,1.38688577,-0.6187292
26.5666667,-0.473129805,-0.119260312,0.696491813,0.194882819,0.0431588674,-0.0239376818,-0.979584089,0.372482391,0.118899882,0.219809606,0.155871392,-0.563903584,-0.268861393,-0.868394591,-0.242624439,-0.301668885,0.982798844,-0.140827766,-0.0741257252,0.168329621,0.676748479,0.0631455082,0.103055077,-0.112370048,-1.43907614,-1.33409213,-0.446832813,0.723711691,1.38624362,-0.619231533
26.5833333,-0.473058315,-0.119364674,0.696372431,0.195064927,0.0432151654,-0.0239220825,-0.97954574,0.373075453,0.119567094,0.219271954,0.154919397,-0.563725904,-0.269262539,-0.869194099,-0.244165979,-0.301953661,0.983977032,-0.140423545,-0.073133153,0.167723018,0.675165078,0.0630720039,0.102490268,-0.110298224,-1.43723344,-1.33728582,-0.446690452,0.726075309,1.38844971,-0.619236287
26.6,-0.473070975,-0.11942093,0.696280369,0.195062661,0.0429926258,-0.0236430032,-0.97956276,0.374502267,0.120799882,0.21938222,0.15349637,-0.563227192,-0.270125735,-0.868862429,-0.244183462,-0.302432318,0.984469323,-0.140353468,-0.0724680896,0.167208649,0.674674584,0.0622599793,0.102924612,-0.108941353,-1.43468088,-1.33818483,-0.445971269,0.727166828,1.38982482,-0.620016837
26.6166667,-0.473081324,-0.119563146,0.696208105,0.194854648,0.0429924647,-0.0234625187,-0.979608506,0.375010943,0.1211307,0.219716744,0.153151238,-0.563437377,-0.270333478,-0.869058173,-0.243784462,-0.302385092,0.984654063,-0.140417558,-0.0723232133,0.166882837,0.678308833,0.0601492125,0.104363185,-0.11167156,-1.43232244,-1.34082512,-0.44592887,0.729433979,1.39136625,-0.620699187
26.6333333,-0.473128244,-0.119776549,0.696112597,0.194577459,0.0430675867,-0.0233044777,-0.979664073,0.37515149,0.121049022,0.22013784,0.153684303,-0.564302927,-0.270097159,-0.869342857,-0.243236099,-0.302202438,0.984915581,-0.14075194,-0.0725088951,0.166158164,0.68795831,0.0566003366,0.107034705,-0.120430692,-1.43043254,-1.34319566,-0.445303712,0.731686295,1.39273883,-0.620341052
26.65,-0.473171437,-0.119966185,0.696050209,0.194296684,0.0430855134,-0.0231001879,-0.979723848,0.375217152,0.121022349,0.22059418,0.154372877,-0.565193826,-0.269809142,-0.869399945,-0.242631215,-0.302214148,0.984930832,-0.14103627,-0.072753843,0.165656074,0.696367492,0.0550672103,0.108383883,-0.129021439,-1.42987885,-1.34429723,-0.444686696,0.733273329,1.39340619,-0.620109722
26.6666667,-0.473154688,-0.120104875,0.696057585,0.194036523,0.0431220913,-0.0228969829,-0.979778567,0.375194644,0.120979669,0.221022297,0.154742366,-0.565685937,-0.269539487,-0.86931337,-0.242090757,-0.302339323,0.984469721,-0.140966399,-0.0729207491,0.165540232,0.700295973,0.0555431812,0.108535905,-0.133687664,-1.43055222,-1.34474231,-0.444329409,0.733741057,1.39376986,-0.620611306
26.6833333,-0.473088137,-0.120208414,0.69612501,0.193820134,0.0432309261,-0.0227124805,-0.979820895,0.375018821,0.120887731,0.221343453,0.15475379,-0.565782687,-0.269262012,-0.869218127,-0.241638347,-0.302473355,0.983604343,-0.140559684,-0.0730139961,0.165564598,0.701011825,0.0567530373,0.10853419,-0.135085446,-1.43155548,-1.34532124,-0.444104618,0.733572535,1.39429962,-0.621533703
26.7,-0.472999345,-0.120278183,0.69623414,0.193671345,0.0434199022,-0.0225294972,-0.979846184,0.374662068,0.120844004,0.221507819,0.154547907,-0.565612174,-0.26900549,-0.869115791,-0.241187628,-0.302589546,0.982439145,-0.139981165,-0.0730866869,0.165481579,0.700327858,0.0578675532,0.10869678,-0.135081183,-1.43194885,-1.3457302,-0.443903305,0.732783379,1.39446863,-0.621989814
26.7166667,-0.472923417,-0.120296567,0.696394134,0.193604413,0.0436416291,-0.0223217508,-0.979854315,0.374192368,0.120929703,0.221547618,0.15409502,-0.565144931,-0.268819634,-0.868878185,-0.240600339,-0.302696323,0.98097223,-0.139370511,-0.073155868,0.165158218,0.698876385,0.0586300102,0.108844816,-0.134169705,-1.43119542,-1.34487414,-0.443720525,0.731420413,1.39301973,-0.621124004
26.7333333,-0.472858988,-0.120263995,0.69662154,0.193652588,0.0439908885,-0.0221029091,-0.979834138,0.373445991,0.121159694,0.221485849,0.153398875,-0.564351139,-0.268759159,-0.868666,-0.239950598,-0.302740585,0.979234577,-0.138800093,-0.0731399467,0.1646073,0.697134641,0.0594608057,0.108653165,-0.132998573,-1.42927357,-1.34284629,-0.443662932,0.729718461,1.38990442,-0.619316085
26.75,-0.472755309,-0.120223026,0.696764093,0.193875509,0.04480141,-0.0219693116,-0.979756332,0.37160729,0.121210581,0.221186776,0.152760698,-0.563518687,-0.268797757,-0.869801793,-0.239786878,-0.302354265,0.977779255,-0.138272402,-0.0729078888,0.164147035,0.69626164,0.0611246971,0.107567054,-0.133281995,-1.4269563,-1.3440116,-0.444573143,0.729151596,1.38783839,-0.617368727
26.7666667,-0.472668271,-0.120175663,0.696798567,0.194294061,0.0460159697,-0.0218983585,-0.979618707,0.368651759,0.121193142,0.220714902,0.152447479,-0.562813463,-0.26901221,-0.872204284,-0.240035228,-0.301576535,0.976794824,-0.137976891,-0.0724409673,0.163717553,0.698282316,0.0640595309,0.105643363,-0.136787804,-1.42522882,-1.34807039,-0.445932056,0.729736378,1.38719974,-0.614176824
26.7833333,-0.47270088,-0.120075843,0.696904597,0.194894022,0.0472986456,-0.0217720675,-0.979441236,0.365370164,0.121648861,0.220393838,0.152484361,-0.562121512,-0.269614435,-0.874284538,-0.240007987,-0.300950074,0.975772695,-0.13823098,-0.0719980517,0.162888244,0.704391753,0.0681759292,0.102525309,-0.144508237,-1.42514785,-1.34952065,-0.446455736,0.72778124,1.38452542,-0.606750014
26.8,-0.47281142,-0.119898568,0.69708076,0.195687751,0.0487235738,-0.0216616358,-0.979215549,0.361271768,0.122278317,0.220130359,0.152966467,-0.561276393,-0.270628681,-0.876264831,-0.240003426,-0.300518269,0.974374273,-0.138918164,-0.072059224,0.161665442,0.710191316,0.0718650613,0.0997334171,-0.152935531,-1.42523088,-1.3503904,-0.447213002,0.723861682,1.38046942,-0.595270092
26.8166667,-0.473003065,-0.11962747,0.697354395,0.196717969,0.050329616,-0.021643635,-0.978928252,0.356147673,0.123035113,0.219760724,0.154384727,-0.559963392,-0.272263953,-0.878033415,-0.24030033,-0.300397864,0.972555631,-0.139938279,-0.0729630402,0.16005093,0.713866541,0.0749108506,0.0967614483,-0.159970206,-1.42226612,-1.35158037,-0.44791517,0.71853325,1.37581992,-0.580479638
26.8333333,-0.473387493,-0.119238502,0.697778486,0.198043719,0.052010233,-0.0216905176,-0.978571991,0.349812781,0.124602589,0.219032753,0.157706288,-0.557302922,-0.275203587,-0.879243021,-0.241051443,-0.300964834,0.970377096,-0.141200287,-0.0743428033,0.157899266,0.715193068,0.0770079799,0.0920874931,-0.163540167,-1.41314965,-1.35324338,-0.447963469,0.712725866,1.37107426,-0.562792768
26.85,-0.474081157,-0.118656087,0.698446937,0.19974211,0.0538904483,-0.0218601699,-0.97812118,0.34241951,0.126895912,0.217847867,0.162531374,-0.551156839,-0.279734456,-0.879918335,-0.242273593,-0.302053887,0.96769505,-0.14258182,-0.0755291063,0.155606778,0.710736551,0.0779581355,0.0850154398,-0.156580468,-1.39560397,-1.35400128,-0.44723022,0.705395257,1.36551657,-0.541238768
26.8666667,-0.475153525,-0.117781367,0.699423542,0.201954667,0.0562351204,-0.0222167979,-0.977526643,0.333680585,0.129947795,0.215925127,0.167894481,-0.53997589,-0.285653548,-0.880562417,-0.243979022,-0.303530716,0.964353455,-0.144083665,-0.0763206407,0.153508823,0.69455252,0.0764486072,0.0757688992,-0.130043144,-1.36816873,-1.35319104,-0.446057494,0.695136787,1.35777736,-0.515111847
26.8833333,-0.476676501,-0.116643528,0.700643335,0.204566274,0.0590044226,-0.0226907054,-0.976809219,0.324261159,0.133487862,0.213079024,0.173507869,-0.524134835,-0.292026025,-0.881265848,-0.24578568,-0.305458026,0.960774504,-0.14615789,-0.0772687264,0.151701715,0.670494773,0.0717792749,0.0652654539,-0.0908161667,-1.3305431,-1.35063355,-0.443969362,0.680978759,1.34722119,-0.483715527
26.9,-0.478780085,-0.115344718,0.701891223,0.207554857,0.0621039625,-0.023113664,-0.975976351,0.314077361,0.137821165,0.208884255,0.1810322,-0.506114344,-0.298929597,-0.882116946,-0.247369046,-0.308348838,0.958145881,-0.149899105,-0.0790569585,0.149760729,0.651399807,0.0658370267,0.0528929264,-0.0583543165,-1.29114215,-1.34675177,-0.440601141,0.666550849,1.33361301,-0.449196197
26.9166667,-0.48154674,-0.113844964,0.703081087,0.211198537,0.0656240417,-0.0234505703,-0.97495576,0.300494566,0.143545587,0.20216008,0.194502033,-0.489031579,-0.306565024,-0.88386086,-0.249929774,-0.312391231,0.957787884,-0.15585604,-0.0811755138,0.146586651,0.639904977,0.0627580423,0.0401848157,-0.0366610188,-1.26502742,-1.34224806,-0.435462791,0.656338819,1.31708246,-0.413494035
26.9333333,-0.485081187,-0.112019813,0.704431354,0.215423859,0.0693800954,-0.0236598085,-0.973765463,0.281940816,0.151125778,0.194245446,0.217065935,-0.471040125,-0.315580479,-0.885173934,-0.251439174,-0.315620359,0.957778651,-0.163282405,-0.0828487051,0.143809183,0.627472755,0.0659720654,0.03159335,-0.00369869771,-1.2479143,-1.3354409,-0.428739155,0.649287735,1.29800101,-0.375827594
26.95,-0.489320921,-0.109898562,0.706013433,0.220202103,0.0731610161,-0.0235643755,-0.972421318,0.26085765,0.160513497,0.18637919,0.244541754,-0.450294335,-0.326330371,-0.885372197,-0.250318789,-0.315754973,0.957273203,-0.171982865,-0.0831361319,0.143355155,0.616424275,0.0747109988,0.0225081024,0.0345205463,-1.21650943,-1.32454043,-0.42171913,0.641522817,1.27718288,-0.336888159
26.9666667,-0.493953692,-0.107438478,0.707903101,0.225710299,0.0770591531,-0.0231228213,-0.970866666,0.238221223,0.171436043,0.177871499,0.271733034,-0.425086788,-0.338171154,-0.884403179,-0.247598504,-0.314652473,0.955205558,-0.181029744,-0.082342439,0.145339299,0.593048945,0.0819464075,0.0143665113,0.081401564,-1.16421617,-1.3114452,-0.414659,0.630268543,1.25727851,-0.294420515
26.9833333,-0.498858747,-0.104631516,0.709971954,0.232105102,0.0810009327,-0.0223945874,-0.969053431,0.21552442,0.183767446,0.167823233,0.295865308,-0.394448339,-0.348648946,-0.8820472,-0.244726512,-0.314841574,0.951758263,-0.189686123,-0.0814618428,0.149963962,0.552854583,0.0853744201,0.00831351678,0.140414182,-1.10005989,-1.29767429,-0.407056532,0.612796581,1.24251082,-0.247884209
27,-0.504142496,-0.101530581,0.711940092,0.239404031,0.0848955185,-0.0214652302,-0.966963135,0.193734302,0.197185814,0.156091453,0.316013559,-0.358842772,-0.35327242,-0.877985917,-0.241718044,-0.317223354,0.946872157,-0.19769759,-0.0810536965,0.157457901,0.49812265,0.0854828553,0.00621563067,0.214628425,-1.03117882,-1.2843661,-0.398561083,0.592537751,1.23459605,-0.201215064
27.0166667,-0.510128686,-0.0981134641,0.714288743,0.247676745,0.0886168842,-0.0204127473,-0.964565497,0.174269148,0.211261104,0.14445949,0.329927,-0.318031137,-0.351314822,-0.871428945,-0.23835568,-0.322423882,0.940465871,-0.206327067,-0.0819711043,0.165449714,0.448370749,0.0844692009,0.00999887628,0.287361891,-0.963067424,-1.2717669,-0.384955496,0.576964235,1.22830617,-0.156798969
27.0333333,-0.516994768,-0.0942881036,0.717297661,0.257100317,0.0917852311,-0.0190422753,-0.961827578,0.158748581,0.226615531,0.134769912,0.334633293,-0.271907072,-0.343957304,-0.860418935,-0.233431713,-0.331106113,0.931509803,-0.216202003,-0.0847110615,0.173450572,0.405541114,0.08271555,0.0190288671,0.354186385,-0.89282395,-1.25287532,-0.365452559,0.564235177,1.21801262,-0.113524185
27.05,-0.524477587,-0.0901009897,0.720782956,0.268282851,0.0945739961,-0.0176482887,-0.958524183,0.147102687,0.243046622,0.126649466,0.327793837,-0.219420945,-0.33216228,-0.845761272,-0.228756512,-0.343358143,0.920309881,-0.226452145,-0.0881381602,0.182392952,0.35121761,0.0776998166,0.0339216191,0.435617,-0.814114079,-1.22768728,-0.344945826,0.549693486,1.203273,-0.0695092164
27.0666667,-0.532247406,-0.0857566348,0.724618434,0.281993185,0.0975071816,-0.0170059323,-0.954297119,0.137888262,0.25738526,0.118657259,0.308667878,-0.160364077,-0.312316471,-0.83051141,-0.231265341,-0.35896165,0.909793533,-0.236259706,-0.0894780338,0.19113323,0.279776223,0.0651356823,0.054422006,0.539818914,-0.723849565,-1.19993768,-0.324879848,0.534290485,1.18808375,-0.0259439481
27.0833333,-0.540351476,-0.0813444692,0.728769261,0.297925826,0.100342728,-0.0167570753,-0.949152643,0.131680349,0.270238307,0.114696486,0.278258416,-0.0967913682,-0.279249005,-0.81276402,-0.235763769,-0.377884794,0.897662809,-0.246636792,-0.090282219,0.20146737,0.20162738,0.0478949578,0.0775810524,0.65412211,-0.626101977,-1.16926227,-0.30367336,0.516550275,1.17640699,0.0154162883
27.1,-0.549089996,-0.0770405945,0.733083776,0.315817467,0.102659114,-0.016275624,-0.943109505,0.127677937,0.282031468,0.119287337,0.241052308,-0.0310898682,-0.234958572,-0.791344791,-0.239468527,-0.400062408,0.883625391,-0.258599243,-0.092293271,0.213945698,0.140473467,0.0335172352,0.0981771775,0.75057348,-0.531784007,-1.13331061,-0.282106689,0.496562754,1.16536913,0.0539546681
27.1166667,-0.558504652,-0.072943649,0.737381709,0.336130022,0.104526603,-0.0154936047,-0.935868979,0.123610396,0.292072827,0.137548988,0.201332466,0.0339664856,-0.192664868,-0.766984015,-0.242786462,-0.4262675,0.868839009,-0.27207729,-0.0953011097,0.226707956,0.106913122,0.0282940605,0.113378513,0.812701314,-0.461782462,-1.0916152,-0.259376179,0.474456119,1.15296188,0.0927521605
27.1333333,-0.568171137,-0.0690216296,0.741385718,0.359169021,0.106271996,-0.0146746998,-0.927086042,0.115758709,0.298780608,0.171956988,0.163952404,0.0937138977,-0.159334447,-0.742024306,-0.248876264,-0.456440316,0.85537922,-0.286413283,-0.0977973414,0.23811621,0.0900334815,0.030631103,0.122440748,0.84979407,-0.420380942,-1.04483911,-0.236646009,0.453351561,1.13587166,0.130587534
27.15,-0.577689475,-0.0652870705,0.744958215,0.384472259,0.107899702,-0.0139907934,-0.916702239,0.101658969,0.301406437,0.218578637,0.134669149,0.139271845,-0.130020728,-0.717663431,-0.257078597,-0.489073597,0.843779923,-0.301033747,-0.0995154099,0.248345378,0.0788701492,0.0358162765,0.125259072,0.873827776,-0.396047849,-0.990823489,-0.215938625,0.435803884,1.10679964,0.16715192
27.1666667,-0.58682525,-0.0618855293,0.748086555,0.411441649,0.10930518,-0.0135945815,-0.904755953,0.0838298836,0.297775271,0.265530918,0.109900084,0.164016252,-0.102638033,-0.693983806,-0.26706967,-0.522447895,0.834273132,-0.315823798,-0.100681866,0.257105105,0.0717845633,0.0412748555,0.122518688,0.888548763,-0.37613197,-0.925905869,-0.200685701,0.425810189,1.05666436,0.20186789
27.1833333,-0.595474796,-0.0589060313,0.750731154,0.439567253,0.110425796,-0.0133389298,-0.891296161,0.0651462864,0.286933864,0.295362048,0.0852352486,0.166980265,-0.0845228808,-0.671037196,-0.278259651,-0.556164797,0.826602129,-0.330746164,-0.101440796,0.265151759,0.0687819715,0.0475649495,0.11448375,0.894777583,-0.355755017,-0.856388286,-0.193816826,0.427395914,0.994730396,0.237211119
27.2,-0.603732507,-0.0561944025,0.753303989,0.468283754,0.110945127,-0.0129261964,-0.876489828,0.0489793198,0.270427051,0.300161604,0.0598582174,0.151947731,-0.0838341221,-0.6469886,-0.288218732,-0.590836187,0.818206881,-0.344583629,-0.101590483,0.272458651,0.0590019988,0.0567531927,0.105487257,0.907194156,-0.333625799,-0.789226235,-0.188777438,0.433364398,0.941043429,0.281503725
27.2166667,-0.61168476,-0.0536676328,0.755985406,0.496914164,0.11070269,-0.0122932606,-0.860621929,0.0373226256,0.250719764,0.287789446,0.0360835207,0.125967429,-0.0924528819,-0.621099927,-0.295082447,-0.625373335,0.806674529,-0.355889056,-0.100928966,0.280555356,0.0389943462,0.0632100322,0.0948945526,0.930052681,-0.303592487,-0.728493797,-0.18162082,0.438354202,0.906766058,0.332264263
27.2333333,-0.619523888,-0.0513356147,0.758939078,0.524981592,0.109630342,-0.0113797615,-0.843946691,0.0312675547,0.229786169,0.272503891,0.016323125,0.0984498587,-0.0971715398,-0.592738567,-0.296984373,-0.659461869,0.790233762,-0.363850835,-0.0996283003,0.289528986,0.0127869588,0.0677032825,0.0829668178,0.959833405,-0.267572576,-0.674889309,-0.170745698,0.440985525,0.893431839,0.381194352
27.25,-0.627305113,-0.0491746582,0.762188546,0.552422828,0.107713082,-0.0101675921,-0.826512874,0.0293586137,0.208200955,0.265849511,0.0035782823,0.0771355905,-0.0977309461,-0.561710028,-0.293573221,-0.693521306,0.767610584,-0.368301624,-0.0989243311,0.297951777,-0.0159947914,0.0715207418,0.0714343587,0.992295312,-0.23124147,-0.629125761,-0.155868104,0.440029244,0.89845457,0.422340649
27.2666667,-0.634902826,-0.0471278224,0.765545165,0.57921603,0.105156476,-0.00875182179,-0.808315725,0.0288222656,0.185866953,0.271797382,0,0.0649482943,-0.102417912,-0.529799792,-0.285747402,-0.726482038,0.740460736,-0.369434904,-0.0999843638,0.305172086,-0.0462137119,0.0753793021,0.061526666,1.02616889,-0.198004378,-0.594253767,-0.136585455,0.434623942,0.921172371,0.458019156
27.2833333,-0.642178609,-0.0451143885,0.76872459,0.605314278,0.102188891,-0.00717574056,-0.789367192,0.0272736617,0.163952823,0.287541232,0.00293872922,0.0610546093,-0.11257021,-0.499311397,-0.275168088,-0.755687958,0.712348824,-0.368700883,-0.102061997,0.310520066,-0.0766326735,0.080649031,0.0508641175,1.05950172,-0.165454951,-0.576208668,-0.113143761,0.42633872,0.963465579,0.492251206
27.3,-0.649184815,-0.043134256,0.771403542,0.630570181,0.0988759225,-0.00546950879,-0.769788856,0.0217543974,0.145086695,0.306118177,0.0223752071,0.0579885945,-0.123626272,-0.471890581,-0.262829605,-0.776471626,0.686468128,-0.366906186,-0.103390338,0.313797624,-0.105070592,0.0873300513,0.0417934438,1.08945082,-0.133546845,-0.580833136,-0.083246082,0.417735226,1.03143746,0.524399424
27.3166667,-0.656090868,-0.0412095003,0.773658222,0.655030554,0.0952904189,-0.0036461028,-0.749560815,0.0117425513,0.131047507,0.321815657,0.0618666161,0.0447395533,-0.132852834,-0.448119945,-0.248880654,-0.783711733,0.663726825,-0.36335181,-0.103266011,0.314575971,-0.129773048,0.0933894057,0.0347020911,1.11329433,-0.104968825,-0.599165926,-0.048536744,0.409761625,1.11486255,0.544912085
27.3333333,-0.662767635,-0.0393722347,0.775722853,0.678976854,0.0916644799,-0.00180741065,-0.728412512,0.00128677406,0.120227306,0.331638779,0.109609372,0.0188306756,-0.14153336,-0.427789087,-0.233044128,-0.773256246,0.643823271,-0.358597875,-0.100176952,0.31209699,-0.148293878,0.0989456486,0.0263712721,1.127174,-0.08099255,-0.620835843,-0.0149833709,0.40402816,1.19396664,0.552219004
27.35,-0.668838296,-0.0379353544,0.777664203,0.702581641,0.0880927036,-0.000281800564,-0.706129332,-0.00693179903,0.109678684,0.334201393,0.156610021,-0.00973119553,-0.148050233,-0.408721622,-0.217226746,-0.745237251,0.627014387,-0.354617539,-0.0928344322,0.307661307,-0.160391294,0.103623593,0.013045999,1.1322598,-0.0580351416,-0.61641193,-0.0010272843,0.408388512,1.22853575,0.563272531
27.3666667,-0.674416545,-0.0369556236,0.779479369,0.72591324,0.0844832996,0.00107529544,-0.682577017,-0.0118900978,0.0995691255,0.329407741,0.196488706,-0.0328815018,-0.153194276,-0.389739071,-0.201507517,-0.704054313,0.612990628,-0.351685067,-0.082224908,0.299662341,-0.175723439,0.109177598,0.0020744026,1.14114856,-0.0389821151,-0.585058058,-1.26080104e-07,0.424126803,1.21824772,0.589522735
27.3833333,-0.679668286,-0.0360985024,0.781058225,0.749025724,0.0810018832,0.0025878836,-0.657565557,-0.0141480145,0.0896655356,0.317654092,0.227568778,-0.0490554821,-0.163027565,-0.371587206,-0.186712546,-0.655617215,0.602852746,-0.35040226,-0.068836742,0.287376657,-0.196865149,0.114498433,-0.00366150433,1.15769999,-0.025647063,-0.5463526,-0.000203246271,0.443517329,1.18832105,0.625882837
27.4,-0.684511844,-0.0350970513,0.782376777,0.771764953,0.0778546798,0.00427338946,-0.631109535,-0.0145924924,0.0796509905,0.302904649,0.24976897,-0.0590623752,-0.180987638,-0.354862769,-0.174904876,-0.606906418,0.597313841,-0.350955388,-0.0532552971,0.271996258,-0.220866029,0.118037402,-0.00951079195,1.17726112,-0.0172035942,-0.514251954,-0.000167729909,0.46115741,1.15924648,0.664503076
27.4166667,-0.688927762,-0.0339768699,0.783551804,0.793757625,0.0748131256,0.00586051683,-0.60358718,-0.0130152941,0.0700265424,0.288651733,0.264646473,-0.0644136087,-0.202446657,-0.337646648,-0.166300371,-0.563029046,0.594133739,-0.352550005,-0.0373438017,0.255787206,-0.246985517,0.120897728,-0.017344441,1.19831335,-0.015413571,-0.488548383,-5.7500309e-05,0.471334513,1.13971586,0.698365931
27.4333333,-0.693013356,-0.0327665714,0.784691388,0.814722337,0.0717663285,0.00726903269,-0.575347086,-0.00925199761,0.0626645257,0.276917742,0.272616615,-0.0672763841,-0.218908521,-0.319116062,-0.158173816,-0.52745409,0.58933136,-0.354234124,-0.0237641359,0.239718014,-0.272049203,0.122537427,-0.0257474361,1.21468298,-0.0218829929,-0.465234029,-2.20198426e-06,0.473066791,1.12659934,0.7268702
27.45,-0.696877526,-0.0313844719,0.786174314,0.834488642,0.0689373782,0.00865832295,-0.546627274,-0.00410801117,0.0564222824,0.267458809,0.27325874,-0.0692011027,-0.223993121,-0.300959311,-0.148214181,-0.498668374,0.579645247,-0.355415555,-0.0121724196,0.223982537,-0.294878269,0.122222745,-0.0329937819,1.22510695,-0.0340821063,-0.448066218,-3.40827514e-06,0.468323493,1.12041342,0.75056842
27.4666667,-0.70058661,-0.0298966654,0.787143584,0.852869057,0.0662319051,0.01013782,-0.517807813,0.00173601196,0.052668945,0.2596876,0.269534464,-0.0716269125,-0.222081605,-0.28356406,-0.136376174,-0.4730522,0.566623706,-0.355388636,-0.00535213288,0.208702419,-0.31503092,0.120332728,-0.0382131545,1.23282557,-0.0492043251,-0.437445946,-3.0537513e-05,0.461332786,1.119905,0.767184815
27.4833333,-0.704059734,-0.0284129376,0.787877102,0.869792276,0.0637552623,0.0115750033,-0.489144848,0.00848145725,0.0494872084,0.25311496,0.261780402,-0.0738085198,-0.219432948,-0.266743494,-0.123443146,-0.447834681,0.550971298,-0.355320125,-0.0028310631,0.193506706,-0.330406458,0.117582956,-0.0412629207,1.23895254,-0.0672893423,-0.431982794,-4.12950812e-05,0.454022351,1.12460056,0.777454475
27.5,-0.707250033,-0.0269169568,0.788534491,0.885296475,0.0616908868,0.0129077629,-0.460736123,0.0162779273,0.0456167839,0.248631611,0.249446991,-0.0749195369,-0.21850001,-0.250329513,-0.111155691,-0.423917514,0.533995894,-0.355051094,-0.00381306919,0.178218952,-0.339007484,0.114280448,-0.0437823453,1.24159758,-0.0866277742,-0.429327277,-8.36441168e-08,0.4470157,1.13307031,0.78370445
27.5166667,-0.710282162,-0.0253292854,0.789115021,0.899391531,0.0598599332,0.0143666115,-0.432787781,0.0244342286,0.0417676545,0.245462917,0.232475331,-0.0754855139,-0.219668784,-0.235116198,-0.100129809,-0.40170481,0.51718408,-0.353690907,-0.00785690028,0.163695907,-0.348394497,0.111156882,-0.0495141946,1.24359402,-0.107354433,-0.425589072,-0.000220953489,0.44083445,1.13821985,0.789054294
27.5333333,-0.713134448,-0.0238101165,0.789474298,0.912170821,0.0578363067,0.0158999042,-0.405396778,0.0342314068,0.0398870888,0.242704763,0.210923964,-0.0761470592,-0.224509395,-0.220386764,-0.089100458,-0.382393459,0.500618442,-0.351712116,-0.0115273165,0.150047052,-0.360689273,0.109801518,-0.056818846,1.24826468,-0.134621883,-0.414208768,-0.00317156603,0.436007506,1.13101501,0.798249585
27.55,-0.715762595,-0.0224369454,0.789801468,0.923797524,0.0556793669,0.0173581143,-0.378413318,0.0450549032,0.0385958484,0.239205723,0.185914533,-0.0756410879,-0.231316825,-0.205775458,-0.0783141892,-0.367374258,0.48371279,-0.348929119,-0.0138193201,0.135859216,-0.37269858,0.113739015,-0.0664377709,1.25447679,-0.170179031,-0.392468637,-0.0101655863,0.435276646,1.10987104,0.811622538
27.5666667,-0.718295327,-0.0208663293,0.790164662,0.934404453,0.0537388738,0.0188287253,-0.351633232,0.0552050059,0.0366844937,0.235623233,0.158588175,-0.07327636,-0.237765011,-0.192075857,-0.0686474505,-0.356420863,0.466484999,-0.345499724,-0.0173708534,0.120912875,-0.385313535,0.118354018,-0.075473991,1.26402466,-0.211665918,-0.376914909,-0.0168018265,0.433678865,1.09565498,0.824063779
27.5833333,-0.720705276,-0.0188712352,0.790528741,0.944078295,0.0521473912,0.0201319982,-0.324948496,0.0649103732,0.0332796123,0.232292411,0.129280681,-0.0680532642,-0.242442229,-0.178621823,-0.0603626567,-0.347407509,0.448244263,-0.341921858,-0.0230768833,0.106288423,-0.398305695,0.117520226,-0.085274473,1.27461713,-0.252028742,-0.371741796,-0.022973736,0.428215309,1.0952862,0.831676889
27.6,-0.723016231,-0.0166031494,0.790874902,0.952888054,0.0506571037,0.0213144966,-0.298301703,0.0739365442,0.0293619029,0.228889749,0.0989847572,-0.060007695,-0.244133293,-0.165556409,-0.0528518537,-0.338436341,0.429887133,-0.338179743,-0.0293647549,0.0920592848,-0.40996903,0.113255192,-0.0960801001,1.28385241,-0.289423816,-0.371588551,-0.0295283429,0.419635061,1.10002118,0.836590469
27.6166667,-0.725438031,-0.014234581,0.791213617,0.96084832,0.0488970449,0.022787556,-0.271772539,0.0795060589,0.0281209102,0.22562217,0.0712015933,-0.051354327,-0.245840157,-0.154016634,-0.0444216735,-0.3295564,0.410635757,-0.332770231,-0.0358207725,0.0773791593,-0.419980256,0.109065123,-0.107453362,1.29045214,-0.325680813,-0.375356571,-0.0350390177,0.409706411,1.10446635,0.841969516
27.6333333,-0.728058991,-0.0117932855,0.791574988,0.967898984,0.0468476589,0.0244017867,-0.245726285,0.0832672433,0.0282125843,0.223220697,0.0450247532,-0.0421301506,-0.248299069,-0.142804701,-0.0349205032,-0.319663791,0.389395318,-0.325640791,-0.0419493105,0.0623426778,-0.428482316,0.104651666,-0.120035244,1.29531303,-0.360153629,-0.389802711,-0.0345857374,0.397340393,1.11879091,0.845265667
27.65,-0.730856366,-0.00934534272,0.791836028,0.974064863,0.0444553804,0.0260022964,-0.22032985,0.0861157687,0.0296294637,0.221291945,0.0209621556,-0.0339087269,-0.251099623,-0.133313027,-0.0243570205,-0.308271066,0.368029541,-0.316435323,-0.0492948757,0.0458869833,-0.436396832,0.100266328,-0.131631406,1.29945441,-0.392620675,-0.421516737,-0.0233392944,0.378034258,1.16319808,0.833610779
27.6666667,-0.73362901,-0.0069685517,0.792078643,0.979360667,0.0416500485,0.0275784921,-0.195850411,0.0871478312,0.0324465255,0.220247271,0.0048356214,-0.0303211311,-0.254204859,-0.124969802,-0.0124762932,-0.295186022,0.346611099,-0.305512219,-0.0571511764,0.0292507921,-0.443755132,0.0958986341,-0.14275337,1.30288816,-0.422692317,-0.460815082,-0.00768532487,0.352897746,1.22585605,0.807234501
27.6833333,-0.735915395,-0.00459620775,0.792338918,0.983811118,0.0389943843,0.0285512066,-0.172568682,0.086477188,0.0349987176,0.219809108,0,-0.0325863531,-0.257508267,-0.115538322,-0.00120903044,-0.279861788,0.326153407,-0.294854909,-0.0632666662,0.0138822654,-0.44882197,0.0917508318,-0.155660898,1.30558284,-0.45138965,-0.483827623,-0.00107616527,0.331834645,1.26808629,0.78244173
27.7,-0.737631559,-0.00212150224,0.792672217,0.987506293,0.0369966778,0.0286699116,-0.15046795,0.0852348462,0.0346657978,0.218195796,7.33508896e-26,-0.0349411803,-0.259903849,-0.104012269,0.00367056754,-0.263252158,0.309125728,-0.287454911,-0.0660112965,-0.00119440583,-0.45091188,0.087394606,-0.168662344,1.30831036,-0.480026652,-0.489113939,-0.00206024448,0.319147742,1.28425931,0.765782321
27.7166667,-0.739152651,0.00039517451,0.793004319,0.990532403,0.0350830271,0.0284393401,-0.129637744,0.082885189,0.0352946662,0.216196775,0.000152810505,-0.0374375149,-0.261094571,-0.0936037344,0.00733956341,-0.245367218,0.294319128,-0.280177359,-0.0674552865,-0.015719901,-0.451414253,0.0838350776,-0.181321619,1.31023195,-0.506741478,-0.489893299,-0.00445250074,0.308689178,1.29210969,0.755008321
27.7333333,-0.740611462,0.00298038043,0.793306892,0.992977508,0.0329782184,0.0278538999,-0.110146563,0.0812666623,0.0360711219,0.214439985,0.000102207433,-0.0396979961,-0.260919724,-0.0821907571,0.0093861743,-0.226278192,0.280289065,-0.273503212,-0.0672285905,-0.0298887432,-0.450169345,0.0813670103,-0.192825885,1.31120938,-0.531696182,-0.49613783,-0.00406550311,0.29695798,1.30908866,0.742119268
27.75,-0.742059339,0.00566373914,0.793500402,0.99491086,0.0304882105,0.0273715533,-0.0920524209,0.0773297681,0.0396896216,0.211962738,2.89405192e-05,-0.0437308521,-0.261177164,-0.0736912529,0.0125896401,-0.2062163,0.269155444,-0.266351346,-0.0661759589,-0.04282032,-0.448208896,0.0814595235,-0.205678883,1.30992432,-0.554679466,-0.500056745,-0.00829902165,0.286502004,1.32221993,0.730197188
27.7666667,-0.743446551,0.00841440862,0.793506867,0.996382204,0.0277161714,0.0269964867,-0.0756670842,0.0728407083,0.0439075827,0.205056552,1.46770375e-07,-0.0509147988,-0.260724081,-0.0675483349,0.0164112733,-0.183900838,0.26385691,-0.260829179,-0.0650286358,-0.0536696437,-0.44448708,0.0842753213,-0.22068331,1.30639782,-0.57821221,-0.49512927,-0.0193958077,0.279539046,1.32161489,0.725364846
27.7833333,-0.744818755,0.0112794848,0.793405086,0.997467216,0.0253386908,0.0262408912,-0.0610616054,0.0686080482,0.046946187,0.193761293,4.7150485e-28,-0.0600788272,-0.257658639,-0.061485291,0.0183147616,-0.158792872,0.267246067,-0.259641479,-0.0630764523,-0.0630299624,-0.441327969,0.084710758,-0.234071602,1.30419221,-0.600813555,-0.486014176,-0.0294563196,0.276818211,1.31484805,0.726350243
27.8,-0.746256214,0.0143161204,0.793202166,0.998253787,0.0237675821,0.0251706853,-0.047863515,0.065107956,0.0470513757,0.179375663,8.7591138e-07,-0.0677446429,-0.252426626,-0.0539816296,0.0133739573,-0.131317504,0.280064681,-0.265335046,-0.0574096581,-0.0720609387,-0.438612205,0.0814545962,-0.243250852,1.30419151,-0.619406643,-0.478268353,-0.0367226359,0.278245385,1.31108331,0.728053425
27.8166667,-0.747709257,0.0173174571,0.792964402,0.998817486,0.0220549827,0.0244498566,-0.035768861,0.0602242272,0.0498073962,0.162262004,5.90499011e-07,-0.0751875801,-0.247129012,-0.050024138,0.00977289023,-0.101565335,0.289336676,-0.268929229,-0.0524892616,-0.080584028,-0.43736123,0.0775750577,-0.248910233,1.30570276,-0.634943703,-0.472253027,-0.0426777617,0.280333384,1.3091026,0.728159136
27.8333333,-0.749086141,0.0202346525,0.792745417,0.999201752,0.0200411857,0.0240285833,-0.0248362145,0.0556304352,0.053381301,0.143713105,1.69011145e-07,-0.0838653758,-0.241794714,-0.0486478078,0.00846894906,-0.0691233988,0.292870092,-0.269464955,-0.0500845001,-0.0882511856,-0.436379643,0.0745380539,-0.256225555,1.30715495,-0.646705595,-0.466854578,-0.0481902048,0.280543553,1.30764931,0.728004101
27.85,-0.750354182,0.0231060349,0.79265135,0.999439461,0.0182738602,0.0236040438,-0.0151551764,0.0521862406,0.0561484731,0.125334457,1.75317918e-09,-0.0915588167,-0.235532917,-0.0466789948,0.00725623984,-0.035600296,0.290780057,-0.268034791,-0.0488993689,-0.0946614382,-0.434560307,0.0721640001,-0.262337578,1.30852775,-0.658324228,-0.461215013,-0.0531462677,0.27898564,1.30636911,0.728197726
27.8666667,-0.75151666,0.0259185863,0.792734606,0.999565021,0.0169617788,0.0231770012,-0.00670022701,0.0497743569,0.0575664021,0.108277992,4.59969256e-29,-0.0949648534,-0.227059928,-0.0438973739,0.00487332585,-0.00354899594,0.284548644,-0.265011691,-0.0462029072,-0.0999497485,-0.431676827,0.0699348636,-0.267047155,1.30943447,-0.669409378,-0.456488696,-0.0577653675,0.27709157,1.30713527,0.728420778
27.8833333,-0.752616613,0.0286673206,0.792789862,0.999610776,0.0159996131,0.0228490864,0.000477770732,0.0482018733,0.0578459213,0.093450042,4.88140175e-09,-0.0960228459,-0.217461501,-0.0401256392,0.00133800039,0.0251700525,0.274844315,-0.261681547,-0.0406511595,-0.104005658,-0.42802306,0.0676605789,-0.272385591,1.30973474,-0.678792078,-0.454712655,-0.0617879683,0.277352841,1.31246516,0.728246974
27.9,-0.753659818,0.0312757729,0.7928421,0.999610228,0.0151647736,0.0225860189,0.00626851359,0.0474232835,0.057582072,0.0817117514,3.32177082e-09,-0.0969799727,-0.208591457,-0.0350195808,-0.00286365283,0.0493135354,0.26276757,-0.258261917,-0.0340317342,-0.106471432,-0.424079408,0.0659626848,-0.277748638,1.30959017,-0.685206949,-0.454413073,-0.0651150598,0.280558006,1.31950436,0.725499798
27.9166667,-0.754596894,0.0336613236,0.792935362,0.999590882,0.0144276734,0.0222699749,0.0106751414,0.0471637718,0.0568970613,0.0731121624,9.63264528e-10,-0.0981221068,-0.199642677,-0.0296759049,-0.00731698748,0.068430388,0.251207527,-0.255279946,-0.0275884892,-0.107110599,-0.419155755,0.0647507781,-0.28554454,1.30808097,-0.686460239,-0.445255401,-0.0674264116,0.28249011,1.31489918,0.721482693
27.9333333,-0.755518613,0.0358674085,0.793077222,0.999567424,0.0138287096,0.021970483,0.0138213374,0.0463659709,0.0553258813,0.0671633134,1.62468611e-11,-0.0985868189,-0.190536356,-0.0249489526,-0.0121443363,0.0823901373,0.240652811,-0.25236049,-0.0213092364,-0.106079856,-0.414124654,0.0628193541,-0.28935512,1.30668904,-0.688834741,-0.433643279,-0.0699410765,0.282895522,1.30612585,0.720566513
27.95,-0.756540508,0.0378815712,0.793305327,0.999548641,0.0131832196,0.0217427899,0.0159990116,0.045083953,0.0539153079,0.0623977019,8.55296608e-31,-0.0982241457,-0.181834451,-0.0202394621,-0.0157985104,0.0913198648,0.229271719,-0.247939061,-0.0160882114,-0.104231799,-0.410398795,0.0606344475,-0.288402793,1.30569902,-0.693762603,-0.425241157,-0.0714232762,0.283082826,1.30101543,0.720786039
27.9666667,-0.757714563,0.0396754964,0.793629808,0.999536993,0.0123790157,0.0216486851,0.0174325656,0.043211709,0.0531998405,0.0581301322,2.77336589e-11,-0.0970821798,-0.173557713,-0.0150125916,-0.0177643034,0.0959470555,0.215909061,-0.241492526,-0.0122735809,-0.101817044,-0.410229744,0.0585069774,-0.285756481,1.30613637,-0.699616013,-0.420362887,-0.0714519421,0.28214102,1.30075587,0.720962178
27.9833333,-0.758990445,0.0412151581,0.793999903,0.999537846,0.0114333427,0.0214967257,0.0182006671,0.0406936285,0.0531346583,0.0551130169,2.15585679e-11,-0.0947258886,-0.16521094,-0.00951991152,-0.0180900105,0.096148084,0.20169329,-0.233404881,-0.00984699119,-0.0986600774,-0.414679437,0.0554213097,-0.28138283,1.30965237,-0.706273664,-0.416823115,-0.06902075,0.27893896,1.30368064,0.722915033
28,-0.760229464,0.0424844168,0.794340043,0.999554806,0.0104277725,0.021036746,0.0184094374,0.0383899633,0.0535658462,0.0532345083,1.01899778e-11,-0.0911268505,-0.156655791,-0.00297251858,-0.017258341,0.0935438986,0.186557912,-0.224032615,-0.00836277198,-0.095186792,-0.41851501,0.0521397989,-0.275830068,1.31646434,-0.713604262,-0.413736535,-0.0643344939,0.274192369,1.30765973,0.724488056
28.0166667,-0.76146279,0.0436454471,0.794675256,0.999572891,0.00964020581,0.020716308,0.0182191406,0.0357346961,0.0532444795,0.0520589938,5.01933585e-12,-0.0873665703,-0.149997106,0.00191848766,-0.017887493,0.0903528008,0.173060954,-0.215006184,-0.00583503998,-0.091349479,-0.418995914,0.0501083185,-0.271236371,1.32199614,-0.719788943,-0.411067122,-0.0605594711,0.268929869,1.31115577,0.723879266
28.0333333,-0.762723459,0.0447712779,0.795006173,0.999585931,0.00913299262,0.0207437071,0.0177271804,0.0325894042,0.0520511786,0.0511761801,3.89715746e-12,-0.0841467973,-0.145942487,0.00446078045,-0.0204171693,0.0876941927,0.162240375,-0.207271668,-0.00200919044,-0.0870992822,-0.417163305,0.0494402966,-0.270388189,1.32424922,-0.722729991,-0.408914712,-0.0583845445,0.263975106,1.31404192,0.721865017
28.05,-0.76393435,0.0457509524,0.795300515,0.999602486,0.00861839248,0.0206853913,0.0171087076,0.0301038777,0.0512664623,0.0506392657,3.74790084e-12,-0.0814163038,-0.142614331,0.00776355985,-0.0224395473,0.0854373524,0.150724994,-0.199339422,0.00126868823,-0.0825398978,-0.414117224,0.0491168519,-0.27018576,1.32420151,-0.723454145,-0.406116029,-0.0567034199,0.260291426,1.31699048,0.72211455
28.0666667,-0.765088413,0.0465447523,0.795559941,0.999622077,0.00799643402,0.0203733191,0.0166339197,0.0287932027,0.0511773662,0.0501888936,4.44148261e-12,-0.0793234716,-0.139429941,0.0121808945,-0.0233607054,0.0843280007,0.138228728,-0.19088061,0.00349956412,-0.0785396432,-0.410798872,0.0487866354,-0.26808231,1.32378783,-0.724307925,-0.402538885,-0.0553697278,0.257424754,1.31871655,0.723416912
28.0833333,-0.766212748,0.0472012946,0.795784838,0.999641198,0.00738689603,0.0199237815,0.0163080599,0.0281491953,0.0513965913,0.0504192833,3.08207987e-12,-0.0775822988,-0.136690616,0.0169732154,-0.0237920397,0.0829481546,0.125750761,-0.182409838,0.00517743383,-0.075019499,-0.407253838,0.0483806529,-0.26486958,1.32389683,-0.725370664,-0.398398448,-0.0542380612,0.255613329,1.31947164,0.725090391
28.1,-0.7673176,0.0477508052,0.795988843,0.999659691,0.00685820573,0.0194016369,0.0160326094,0.0277564656,0.0516021142,0.0512063252,2.05388735e-12,-0.0758989782,-0.134275013,0.0209828797,-0.0240869354,0.080922556,0.115316494,-0.174954537,0.00657797682,-0.0718865372,-0.403959569,0.0477595987,-0.259943293,1.32461498,-0.727637071,-0.394223055,-0.0530862583,0.254108216,1.32009095,0.727071364
28.1166667,-0.76843112,0.0482020561,0.796173729,0.999676082,0.00639913226,0.0188826049,0.0158186559,0.0271267497,0.0516445873,0.0519005357,1.76204759e-12,-0.0740711575,-0.131916058,0.0245422543,-0.0243507482,0.0789877586,0.105808469,-0.168013737,0.00779806912,-0.0691247939,-0.400897318,0.0470215167,-0.255016211,1.32550692,-0.732141719,-0.390829081,-0.0521196551,0.253207382,1.32066962,0.727898388
28.1333333,-0.769569195,0.0485789672,0.796363801,0.999687891,0.00606114887,0.0184463293,0.015719912,0.0261038975,0.051311161,0.052194348,1.81738977e-12,-0.0721417661,-0.130013138,0.0279329734,-0.0247265502,0.0778294337,0.096405641,-0.161186434,0.0088206442,-0.066960552,-0.397503304,0.0469151692,-0.253629645,1.32544596,-0.736141437,-0.387556663,-0.0509766376,0.251743714,1.32094571,0.728102241
28.15,-0.770686123,0.0488592712,0.796552491,0.999698049,0.00577008537,0.0180211229,0.0156766364,0.0248850025,0.0508859289,0.0524540435,1.87678558e-12,-0.0701170376,-0.128521887,0.0306525728,-0.0250950326,0.0768602059,0.0883572069,-0.155115391,0.00972367917,-0.0649749936,-0.393467242,0.047449262,-0.255579443,1.32372412,-0.738139039,-0.383871729,-0.0493780008,0.249353182,1.32108795,0.730738272
28.1666667,-0.771739097,0.0489920899,0.796652171,0.999710641,0.0053451586,0.0174581931,0.0156612426,0.0247388253,0.0523842207,0.052489384,1.97006012e-12,-0.0686495244,-0.127667884,0.0325842172,-0.0243798232,0.0759465674,0.0825051581,-0.149957003,0.0101561434,-0.0630017583,-0.389802801,0.0473870983,-0.251703933,1.32277708,-0.742948774,-0.379897892,-0.047558917,0.246661141,1.32112497,0.734632099
28.1833333,-0.772788558,0.0490890677,0.796756047,0.999723515,0.00496135193,0.0168846576,0.0155944755,0.0245946449,0.0535897631,0.0525887336,2.04623004e-12,-0.0672251811,-0.126839822,0.0334956704,-0.0237059418,0.0749204307,0.0788713009,-0.14598779,0.0104812245,-0.0610023121,-0.387670358,0.045783878,-0.243199881,1.32367572,-0.751052,-0.376572007,-0.0455345109,0.243288138,1.32118518,0.738795657
28.2,-0.773872119,0.0492306231,0.796854211,0.999735361,0.0047171229,0.0164159501,0.0154101927,0.0241410023,0.0540802665,0.0526202045,2.05834911e-12,-0.065710143,-0.125896389,0.033988576,-0.0235613964,0.0737737353,0.0759613445,-0.142566841,0.0110343216,-0.0587120642,-0.386357737,0.0432378141,-0.236570824,1.32547101,-0.758409863,-0.37425421,-0.0432389231,0.239531298,1.32138357,0.742544903
28.2166667,-0.774975576,0.04938302,0.796964348,0.999745595,0.00453697297,0.0160363311,0.0151986206,0.0234317486,0.0541350934,0.0526874988,2.03205194e-12,-0.0641619865,-0.125042453,0.0342983249,-0.0236880187,0.0726517628,0.0731263905,-0.139250867,0.0116959925,-0.0563565037,-0.384285844,0.0417966869,-0.234068898,1.32545682,-0.763029838,-0.372054855,-0.0417381168,0.235782465,1.32126338,0.746596043
28.2333333,-0.776130291,0.0495296344,0.797076991,0.999752626,0.00437728103,0.0157863804,0.0150437895,0.0222230122,0.0540658199,0.0526930079,2.0968802e-12,-0.062446568,-0.124255842,0.0340614536,-0.0237711976,0.0717352394,0.0706934786,-0.136087353,0.0122633347,-0.0542140223,-0.381314312,0.0412358447,-0.23252148,1.32245386,-0.767094759,-0.371279821,-0.0408611434,0.232255655,1.32263586,0.751630927
28.25,-0.777354534,0.0496805385,0.797198552,0.999755776,0.00427318697,0.0157223596,0.0149310563,0.020039098,0.0536147921,0.052632965,2.59356543e-12,-0.0603017819,-0.12337283,0.0328574121,-0.0240047529,0.0710253087,0.0690875877,-0.13329875,0.0128141801,-0.0522909799,-0.3779001,0.0408863259,-0.229254074,1.31794073,-0.771796485,-0.373456314,-0.0407546312,0.229594053,1.32689229,0.754496389
28.2666667,-0.77859343,0.0498502722,0.797323033,0.999754736,0.00432974411,0.015848051,0.0148512946,0.0171642788,0.0522719282,0.0526132338,3.96403995e-12,-0.0577706141,-0.122288106,0.0312415193,-0.024622056,0.0705019707,0.068100902,-0.131049384,0.0133899071,-0.0505534726,-0.374675819,0.0398676303,-0.22252915,1.31364187,-0.778435578,-0.373580805,-0.0405394682,0.228094623,1.32740557,0.755799253
28.2833333,-0.779755258,0.0499782748,0.797468141,0.999755806,0.00437259049,0.0158671521,0.0147459082,0.0144958263,0.0507014306,0.0527090544,5.49291951e-12,-0.0553380426,-0.121284665,0.0296880384,-0.0253471254,0.0701909877,0.0674770574,-0.129157281,0.0139487847,-0.0488112077,-0.371152608,0.0379816362,-0.214305781,1.30938946,-0.785364517,-0.369893145,-0.0398191099,0.227246739,1.32245547,0.759134725
28.3,-0.780771996,0.0499531456,0.797495831,0.999768043,0.0040736526,0.0153747844,0.0145217766,0.0152622061,0.0523927586,0.0531000816,4.13131659e-12,-0.0547205785,-0.121440395,0.0295395796,-0.0245066016,0.0702936176,0.066522959,-0.126725356,0.0141135905,-0.0467930447,-0.367198322,0.0357496208,-0.20587139,1.30612338,-0.792436414,-0.363711073,-0.0376844293,0.225646381,1.31582714,0.765178006
28.3166667,-0.781794557,0.0498798492,0.79754618,0.999781228,0.00370931557,0.0148630495,0.0142417551,0.0158900785,0.0542482218,0.0535277166,2.96734327e-12,-0.0542691235,-0.121981223,0.0290659401,-0.0234975007,0.0706471848,0.0656716982,-0.124168581,0.0141915109,-0.0450085986,-0.363642359,0.0347184029,-0.198741653,1.30298991,-0.799679688,-0.359601005,-0.0355122864,0.222719666,1.31113054,0.771579895
28.3333333,-0.782977933,0.0497824867,0.797619159,0.999787557,0.0034320756,0.0147502878,0.0139818241,0.0150118091,0.0553163974,0.0538547613,2.59179531e-12,-0.0531059205,-0.121811576,0.0272896012,-0.0227054616,0.0710695907,0.0655418187,-0.121840338,0.0143836125,-0.0436190686,-0.360450832,0.036236932,-0.194211168,1.29899439,-0.806946976,-0.363547387,-0.0315875662,0.216061377,1.31541274,0.774500895
28.35,-0.784294923,0.0496445963,0.797694448,0.99979045,0.00312797947,0.014864175,0.0137232353,0.0128992634,0.0562148315,0.0540079793,2.54026007e-12,-0.0512660217,-0.120498054,0.0242203841,-0.021811346,0.0715190919,0.0661959418,-0.119638052,0.0147232804,-0.0423605768,-0.35809698,0.0397373116,-0.192651815,1.29484407,-0.812913251,-0.377498814,-0.0248073001,0.206109212,1.33289816,0.771997107
28.3666667,-0.785530243,0.0495589374,0.797774341,0.999795409,0.00287492303,0.0148684164,0.0134091814,0.0111623769,0.0567189743,0.0541524428,2.57565496e-12,-0.0494674922,-0.119078147,0.021585998,-0.0212254891,0.0720240847,0.0671108997,-0.117883643,0.0152202873,-0.0406495627,-0.356554575,0.0416357631,-0.191774345,1.29066365,-0.817786993,-0.38618547,-0.0200205098,0.199618299,1.34408228,0.769043746
28.3833333,-0.786638122,0.0494879505,0.797843207,0.999802054,0.00271348751,0.0147784882,0.0130416788,0.00983096671,0.0570194404,0.0543187642,2.63596901e-12,-0.0479285169,-0.118358709,0.0194944645,-0.0208526067,0.0725111319,0.0680114685,-0.116506656,0.0156711284,-0.0395544468,-0.353115208,0.0438208298,-0.184957561,1.28304414,-0.825258488,-0.385998778,-0.017668094,0.197921743,1.34158549,0.770483251
28.4,-0.787695929,0.0494254847,0.797904434,0.999809253,0.00255286713,0.0146238468,0.0126918981,0.00879379939,0.0574395839,0.0543452811,2.53523239e-12,-0.0465080386,-0.117976484,0.0179870437,-0.0203174943,0.0728524542,0.0684565341,-0.114929485,0.0160854842,-0.0385826157,-0.351390839,0.0450385844,-0.177283718,1.276755,-0.833732816,-0.381289883,-0.0167395621,0.197508011,1.33130675,0.776051191
28.4166667,-0.788657583,0.0493890911,0.797976477,0.999818643,0.00230493322,0.0142463934,0.0124261242,0.00838119982,0.0580999997,0.0541564365,2.3718242e-12,-0.0452307262,-0.117556038,0.0175697909,-0.0193439152,0.0730390363,0.0681115217,-0.112911132,0.0163187955,-0.037462233,-0.348831154,0.0455964145,-0.171736951,1.2705849,-0.841982225,-0.376132463,-0.0159972772,0.194824654,1.32021486,0.783917497
28.4333333,-0.789555488,0.0494048017,0.798040331,0.999827266,0.00208503804,0.0138264552,0.0122441481,0.00821131146,0.0587446709,0.0537956014,2.2295113e-12,-0.0440513271,-0.117109099,0.0174497297,-0.0183405557,0.0731232421,0.0677409682,-0.110894922,0.0164357191,-0.0363105259,-0.343718303,0.0465587845,-0.170373844,1.26152646,-0.848576908,-0.37154923,-0.0148309694,0.190697288,1.31015756,0.79181
28.45,-0.790487992,0.049536745,0.798097684,0.999830152,0.00211055533,0.0137224157,0.0121205354,0.00704028983,0.0582576981,0.0534551643,2.39689548e-12,-0.0429155416,-0.117262832,0.0147072986,-0.0192525621,0.0731176466,0.0703020926,-0.110807287,0.0172272207,-0.0350390043,-0.337459847,0.0471523192,-0.168348667,1.25014553,-0.856570888,-0.367584541,-0.0134554556,0.188273006,1.30013755,0.798497605
28.4666667,-0.791418003,0.0496773468,0.798141679,0.999830954,0.00215094387,0.0136559592,0.0121223936,0.00584969433,0.0579019674,0.0530471133,2.48326618e-12,-0.0417141334,-0.117376981,0.0120476977,-0.0198062663,0.0730503579,0.0733553667,-0.111104243,0.0181006621,-0.0341335381,-0.331821959,0.0470096999,-0.163162968,1.23951168,-0.865579421,-0.363758501,-0.0116330087,0.188488572,1.28986562,0.803866821
28.4833333,-0.792367473,0.0496888913,0.798211343,0.999834335,0.00191950863,0.013281873,0.0122967052,0.00526066645,0.0585311405,0.0525370415,2.35361959e-12,-0.0403642574,-0.116982434,0.0113074973,-0.0187359436,0.0729622927,0.0742097722,-0.109750178,0.0183729336,-0.0342594094,-0.32873719,0.0452650033,-0.154919112,1.23217871,-0.872892579,-0.360001319,-0.00842265312,0.18918709,1.27686209,0.808790592
28.5,-0.793465731,0.0496326347,0.798291767,0.999837669,0.00155494402,0.0127718567,0.0126134196,0.00493303001,0.059762439,0.0519273504,2.12919354e-12,-0.0388372678,-0.116538279,0.01190869,-0.0166372668,0.0728410534,0.0728988086,-0.106713196,0.0179896527,-0.0353145846,-0.328123529,0.0419878662,-0.145135504,1.22783812,-0.876639692,-0.356900459,-0.00325332166,0.188466805,1.25897355,0.81654307
28.5166667,-0.794744555,0.049775566,0.798379726,0.999835311,0.00150294799,0.0125812389,0.0129924577,0.00356885137,0.0596386987,0.0513165696,2.21596978e-12,-0.0373083092,-0.117207025,0.0101351826,-0.0166421402,0.0726321726,0.0734682915,-0.104826359,0.0182667443,-0.0358011821,-0.325274526,0.038618619,-0.14040457,1.21636,-0.882571811,-0.354087059,-0.00050662838,0.185273271,1.23655237,0.828373128
28.5333333,-0.796035503,0.0501202711,0.798464082,0.999828711,0.00174184307,0.0126407315,0.0134062242,0.00160166653,0.0582274992,0.0506969352,2.61080369e-12,-0.0359884447,-0.11924893,0.00607834232,-0.0188336281,0.0723660775,0.0770252393,-0.104945798,0.0199555879,-0.0352965901,-0.315159143,0.0352896975,-0.143774803,1.1888987,-0.895992906,-0.34626512,-3.47775454e-09,0.18387651,1.20659714,0.8408004
28.55,-0.797220681,0.0504099442,0.79858145,0.999822863,0.00182049196,0.0125839133,0.0138770572,-1.68399518e-05,0.0574334076,0.0499386116,3.03938935e-12,-0.0347904985,-0.121501985,0.0031453877,-0.0202283096,0.0721418556,0.0795485649,-0.104293276,0.0220578936,-0.034461118,-0.299586172,0.0335492995,-0.145578825,1.14926266,-0.919797716,-0.33469091,-3.30386682e-09,0.185146604,1.17172591,0.855780224
28.5666667,-0.798315162,0.0506155327,0.79871879,0.999818836,0.00165448008,0.0123656177,0.0143753014,-0.00109830514,0.0574443462,0.0490888189,3.43360716e-12,-0.0336498254,-0.123249128,0.0019759419,-0.0203874357,0.0719415048,0.0796949711,-0.101878639,0.023822252,-0.0337357969,-0.280205286,0.0336036791,-0.147999938,1.10287932,-0.947932463,-0.321695669,-0.000649245808,0.188587872,1.13493444,0.87303588
28.5833333,-0.799309026,0.050835795,0.798853666,0.999816129,0.00134421673,0.0120258216,0.0148754868,-0.00164185286,0.0579835052,0.0481373621,3.5309516e-12,-0.0326109449,-0.124507584,0.00213826235,-0.0196078125,0.0716281294,0.0781136202,-0.0981114542,0.0251317772,-0.032896051,-0.258929163,0.0339999331,-0.153555755,1.05414237,-0.972084313,-0.307510462,-0.00332902926,0.194081281,1.09747196,0.890703653
28.6,-0.800142991,0.051081777,0.799019039,0.999815592,0.000817859803,0.0114241466,0.0154143531,-0.00138611984,0.0591484483,0.047004982,3.26373341e-12,-0.0317789265,-0.12549901,0.00358611426,-0.0177160245,0.0710436492,0.0753310121,-0.0931988445,0.0259298933,-0.0319774396,-0.239560822,0.0320499163,-0.158320472,1.00902738,-0.987533849,-0.291442055,-0.00822393792,0.200983829,1.06056954,0.90660083
28.6166667,-0.800929358,0.051365005,0.799173617,0.999813983,0.000344676646,0.010861121,0.0159347427,-0.000889074271,0.0604566312,0.045730402,2.7527295e-12,-0.0310759177,-0.126695652,0.00517774929,-0.0155264386,0.0701245623,0.0723300595,-0.0879993969,0.0262995132,-0.0315890281,-0.224032614,0.0298231702,-0.164842858,0.969268933,-0.998427569,-0.274287191,-0.014788732,0.210927105,1.02656348,0.91945373
28.6333333,-0.80185813,0.0516748767,0.799273752,0.999808106,0.000335625071,0.0108592775,0.0163007432,-0.00230723484,0.0597846839,0.0447880182,2.3742075e-12,-0.0302166088,-0.128797977,0.00323839093,-0.0166877319,0.0691236582,0.0721195883,-0.0857778469,0.0274439477,-0.0312974812,-0.21058386,0.0313217573,-0.176520341,0.929371593,-1.00962925,-0.260242555,-0.0215874812,0.223337631,0.990028115,0.93189712
28.65,-0.802855169,0.0519189905,0.79933722,0.999800381,0.000475856888,0.0111395258,0.0165795799,-0.00430575749,0.0590571319,0.0440592263,2.4392909e-12,-0.0291208972,-0.130713867,0.00126482657,-0.0177709653,0.0682697894,0.0720150728,-0.0843147205,0.0286645687,-0.0308480138,-0.19888354,0.0365586728,-0.190800805,0.889943585,-1.02632283,-0.246120674,-0.0297325971,0.236864518,0.947957817,0.948444683
28.6666667,-0.803834771,0.0521450941,0.799415132,0.999791371,0.000646296054,0.0115806808,0.0168132183,-0.00721599456,0.0580159407,0.0437987743,3.2032206e-12,-0.0277233555,-0.132578543,-0.00243362412,-0.0192957603,0.0677001553,0.0735290156,-0.0835958627,0.0300284007,-0.029964068,-0.188276365,0.0441492782,-0.20726276,0.851420428,-1.04904922,-0.230496925,-0.0395729067,0.250553935,0.900664622,0.970418295
28.6833333,-0.804621248,0.0523651845,0.799490332,0.999782974,0.000703504159,0.0120363182,0.0169893204,-0.00987674104,0.0574250626,0.0439265397,4.97004937e-12,-0.0262396051,-0.134383493,-0.00617096279,-0.0197171684,0.067532055,0.0762242465,-0.083129461,0.0309544596,-0.0286450528,-0.173357765,0.0502407304,-0.220514209,0.809602271,-1.07329743,-0.21179863,-0.0507559174,0.264155045,0.849244909,0.999336617
28.7,-0.805071879,0.0526961015,0.799536579,0.99977878,0.000775544156,0.0121797818,0.0171301507,-0.0114660873,0.0571023582,0.0442435554,6.02412067e-12,-0.0251163902,-0.136078435,-0.00841142828,-0.019540989,0.0676757878,0.0781984823,-0.0825007323,0.0313751037,-0.0268847415,-0.155062515,0.0522466631,-0.230032926,0.764860497,-1.09279761,-0.186999974,-0.0656482965,0.280124492,0.790541917,1.02993295
28.7166667,-0.805165923,0.0532437263,0.79952349,0.999780767,0.00124404866,0.0117599075,0.0172793414,-0.0106876667,0.0549352964,0.0442453452,5.08582604e-12,-0.0248788712,-0.138083418,-0.00589424157,-0.0222705729,0.0676207395,0.0758877669,-0.0826599991,0.0321493002,-0.0249591905,-0.135529219,0.0521403364,-0.243465563,0.717057866,-1.10044564,-0.152357716,-0.085294231,0.299160864,0.720821894,1.06160615
28.7333333,-0.805122667,0.0536708613,0.799508626,0.999784177,0.00171927658,0.0112671727,0.0173693614,-0.00967503682,0.0528745395,0.0440529521,4.24485842e-12,-0.0248776266,-0.139791016,-0.00301609603,-0.0247127903,0.0675509342,0.0728835041,-0.0825079429,0.0329563993,-0.0235937609,-0.116058941,0.0569135877,-0.258807555,0.668777684,-1.10631771,-0.112305907,-0.105367758,0.317898732,0.645375589,1.09158761
28.75,-0.805206685,0.0538559468,0.799503995,0.999783879,0.00210002676,0.011221571,0.0173741901,-0.0101681345,0.050955755,0.0437664707,4.06685533e-12,-0.0242634663,-0.140633342,-0.00220428142,-0.0262506794,0.067569503,0.0713438511,-0.0825131184,0.0331947455,-0.0226064101,-0.097785391,0.068146798,-0.2765719,0.619969211,-1.11177922,-0.0781066384,-0.120144162,0.331173867,0.578584944,1.11618391
28.7666667,-0.805419347,0.0539065882,0.799502438,0.999783861,0.00236533753,0.011308649,0.0172843905,-0.0115156889,0.0492714037,0.0434803567,4.14058445e-12,-0.0232475128,-0.140924436,-0.00272652779,-0.027278736,0.0677637897,0.0708407562,-0.0826289689,0.0330791607,-0.0216909718,-0.0794151581,0.080895919,-0.29209211,0.570819191,-1.11795095,-0.0547475212,-0.128646602,0.339377062,0.526473175,1.13600492
28.7833333,-0.805633046,0.0538064164,0.79950868,0.999792082,0.00217119731,0.0109698183,0.0170511227,-0.0102165304,0.05099808,0.0434509955,4.34623464e-12,-0.0237047626,-0.142016835,-0.00214545516,-0.0263464562,0.0683328347,0.0701925037,-0.081066652,0.0333872493,-0.0207771934,-0.0609894766,0.0931831446,-0.304064482,0.523616683,-1.12537484,-0.0408073009,-0.133174256,0.345783332,0.487181389,1.14983887
28.8,-0.805891224,0.0536879562,0.799539058,0.999802325,0.00184738275,0.0105326679,0.0167618898,-0.00883332668,0.0529259709,0.0435516924,4.20206421e-12,-0.0242926979,-0.143347349,-0.00105999496,-0.0251129033,0.0690414537,0.0685824229,-0.0786232885,0.0337988416,-0.020132138,-0.0432667224,0.104098034,-0.313312846,0.478192934,-1.13466032,-0.032742287,-0.136956008,0.352709445,0.455787146,1.15859432
28.8166667,-0.806197968,0.0536521707,0.799584256,0.99981097,0.00166514988,0.0101768795,0.0164828145,-0.00819922581,0.0537226436,0.0437503516,3.95853692e-12,-0.0242187057,-0.144211255,0.000431945004,-0.0241902737,0.0696670813,0.0660625542,-0.0762286984,0.0337348892,-0.0197331106,-0.0258167334,0.113049099,-0.321656813,0.432573888,-1.14315766,-0.0274296769,-0.141089125,0.360228601,0.428967306,1.16905626
28.8333333,-0.806426049,0.0538007263,0.799603218,0.999818819,0.00172282134,0.00991662931,0.0161561618,-0.00826144289,0.0531611607,0.0441839302,3.61209078e-12,-0.0234738167,-0.144497608,0.00184066979,-0.0239506135,0.070170342,0.063618795,-0.0744348786,0.0333308745,-0.0190594755,-0.00708290879,0.118936392,-0.332417924,0.384508799,-1.14956736,-0.0211481593,-0.145759445,0.368036064,0.405328737,1.17938646
28.85,-0.806524356,0.0541311999,0.799604709,0.999824321,0.00215617639,0.00996852468,0.0157259717,-0.00952165968,0.0505920486,0.0449793215,3.20519705e-12,-0.0222928411,-0.145073341,0.000638124898,-0.0261328479,0.0705631458,0.064172438,-0.0750672663,0.0334766263,-0.0173031447,0.0130589479,0.123528256,-0.347266263,0.332213304,-1.15619255,-0.00797370157,-0.14955342,0.373088692,0.379480778,1.17530326
28.8666667,-0.806636406,0.054338151,0.799573866,0.999829551,0.00256005426,0.0100847035,0.0152516574,-0.0104133887,0.0488323334,0.0457311468,2.94105246e-12,-0.0215528334,-0.145728601,-0.000720169161,-0.0279225739,0.0709361817,0.0652770109,-0.0761427012,0.0338487029,-0.0159256225,0.0306880274,0.133114304,-0.360983157,0.28229842,-1.16225038,0.00401219436,-0.15382431,0.378224355,0.351895687,1.16478227
28.8833333,-0.80683315,0.054354131,0.799552899,0.999836484,0.00273567421,0.0100545748,0.0147792965,-0.0106089685,0.0482819402,0.0463293759,2.73740764e-12,-0.0212677273,-0.146426256,-0.00122228565,-0.0287084555,0.0713239832,0.0652857952,-0.0762596016,0.0340328683,-0.0153140481,0.0453062311,0.146038848,-0.372358628,0.238745885,-1.16583899,0.01071861,-0.158466792,0.384937316,0.325662482,1.15895198
28.9,-0.807006481,0.0543059363,0.799543328,0.999845412,0.00282511352,0.00982297492,0.0143066452,-0.0101317436,0.0482792239,0.0468539971,2.45466952e-12,-0.0212329412,-0.147411659,-0.000884637769,-0.0290297321,0.0717315952,0.0645334251,-0.0756444235,0.0341299335,-0.0151719992,0.0594090317,0.158841922,-0.38106597,0.201447833,-1.16771293,0.0140543277,-0.163364144,0.392100936,0.301885687,1.16021186
28.9166667,-0.80711174,0.0542495256,0.799545862,0.999855362,0.00292209555,0.00943101412,0.0138482003,-0.00910971769,0.0482276095,0.0473474817,2.09665631e-12,-0.0212738003,-0.148656198,0.000277338164,-0.0292498416,0.0720996082,0.0634617015,-0.0749346177,0.0341358321,-0.0152439184,0.0757718986,0.170635833,-0.388253042,0.167283834,-1.16714518,0.0168016315,-0.16824742,0.398614014,0.280131169,1.16454088
28.9333333,-0.807266014,0.0542069554,0.79954165,0.999862818,0.00302239607,0.00916438847,0.0134619485,-0.00889072165,0.0477739123,0.0477264213,1.99071555e-12,-0.0209112828,-0.148972115,0.00171153277,-0.0290884222,0.0723386841,0.0614524768,-0.0740604067,0.0335161424,-0.0153281046,0.0889115977,0.181127843,-0.39477789,0.133895836,-1.16181837,0.0187315652,-0.173073576,0.404342126,0.259586595,1.16684824
28.95,-0.807515132,0.0541649976,0.799549187,0.999867065,0.003053655,0.00901119283,0.0132410367,-0.00978039553,0.0467501362,0.047898722,2.29482091e-12,-0.0196800105,-0.147482212,0.00407375734,-0.027997848,0.0724198603,0.0574868698,-0.0723170047,0.0318014297,-0.0156828402,0.0958688069,0.189904509,-0.400761011,0.103645946,-1.15326712,0.0204865954,-0.176275721,0.409509855,0.241354247,1.16504901
28.9666667,-0.807865552,0.0540936677,0.799569897,0.999871023,0.00302859118,0.00884115017,0.013061388,-0.0109204415,0.0457253868,0.0480012906,3.13629252e-12,-0.0180632575,-0.145257345,0.00662219449,-0.0265935396,0.0724362173,0.0529348015,-0.069900231,0.0297799801,-0.0163253113,0.0972618786,0.196198367,-0.406435182,0.0797999305,-1.14486329,0.0224048001,-0.175793501,0.413631879,0.226800208,1.15378932
28.9833333,-0.808246403,0.0540238679,0.799546228,0.999876418,0.00312798925,0.00874973245,0.0126809162,-0.0101589703,0.0464697285,0.0486712918,4.1420211e-12,-0.0184861792,-0.147000227,0.00422158383,-0.0280985357,0.0726307163,0.0551647066,-0.0700681703,0.0306443031,-0.0164122015,0.0955653523,0.200238058,-0.411540094,0.0598061156,-1.13731584,0.0254619378,-0.171000408,0.417441626,0.214895987,1.13318128
29,-0.808453141,0.0539728081,0.799503066,0.999880683,0.00334432098,0.00872416726,0.0123013835,-0.00925541344,0.0470371585,0.0493351201,3.68409895e-12,-0.0194605058,-0.149999279,0.00163934325,-0.0296770766,0.0728312003,0.0590856762,-0.0722114979,0.0319314343,-0.0165323633,0.100134872,0.205118058,-0.415706301,0.0287692528,-1.13669316,0.0304699401,-0.169292557,0.421991364,0.200553006,1.11640172
29.0166667,-0.808456383,0.0538054788,0.799473637,0.999884412,0.00337982598,0.00858631833,0.0120836113,-0.00857883774,0.0475939521,0.04966071,2.93768757e-12,-0.0199850204,-0.151222253,0.00133882177,-0.0296090172,0.0729580323,0.0604908653,-0.0735251807,0.0318419708,-0.0168641338,0.112762363,0.217578624,-0.419429866,-0.00933160581,-1.14166464,0.0337435506,-0.172197258,0.427968153,0.18297811,1.10769822
29.0333333,-0.808331591,0.0534979738,0.799465456,0.999888424,0.00323163363,0.00839800174,0.011923486,-0.00785247279,0.0486246108,0.049764696,2.48940011e-12,-0.0201977479,-0.150737655,0.00260318173,-0.0282105909,0.0730259151,0.0596162918,-0.073083417,0.0309738859,-0.0175224593,0.132691317,0.240608983,-0.422898478,-0.0507720878,-1.15226477,0.0346079814,-0.177088838,0.435703666,0.164348173,1.0986215
29.05,-0.808238703,0.0532319057,0.799453163,0.999890355,0.00322719937,0.00843695933,0.0117337457,-0.00786636632,0.0487687096,0.0499205172,2.56804777e-12,-0.0202050669,-0.150280119,0.00200472797,-0.0283270423,0.0730235881,0.0602928787,-0.0734181881,0.0308328663,-0.018253984,0.156272875,0.269034436,-0.428202674,-0.0940877579,-1.16606616,0.0332695263,-0.18086002,0.443825947,0.14582068,1.08111109
29.0666667,-0.808302943,0.0531257208,0.79944689,0.999890801,0.00321193634,0.00857457087,0.0115994041,-0.00863294615,0.0485713878,0.0499683085,2.5784992e-12,-0.0198332051,-0.149151644,0.00122935919,-0.0283360655,0.0729338851,0.0607697545,-0.0737136288,0.0308420899,-0.0186582553,0.172610125,0.291398256,-0.438832593,-0.132470816,-1.1743556,0.0291395037,-0.181417794,0.450826121,0.129505935,1.05404568
29.0833333,-0.808471621,0.0532833877,0.799430436,0.999887856,0.00325987349,0.00892819674,0.0115730334,-0.0101825235,0.0476850712,0.0498338708,2.45802177e-12,-0.0189429237,-0.146402382,0.0011533802,-0.028075694,0.0728179864,0.0597100248,-0.0735218899,0.0302158699,-0.0183340735,0.184566167,0.300404108,-0.45003073,-0.171495908,-1.16549877,0.0252302016,-0.181129482,0.452550331,0.118386514,1.02072125
29.1,-0.808604095,0.0535146464,0.799414915,0.999883258,0.00341073637,0.00937662027,0.0115722193,-0.0125878678,0.0457946975,0.0497110804,2.53886261e-12,-0.0178405487,-0.14301883,6.89992603e-05,-0.0288621882,0.0728270857,0.0590810049,-0.0746055282,0.02895456,-0.0180412175,0.198105926,0.307106839,-0.456736267,-0.214649027,-1.15077221,0.0244408311,-0.183309465,0.452983151,0.102511616,0.993814361
29.1166667,-0.808674675,0.0535063219,0.799316976,0.99988588,0.00334280967,0.00919779006,0.0115088146,-0.0113160852,0.0471460379,0.0496967927,2.49973672e-12,-0.0183532829,-0.141379466,0.00121570012,-0.0276927909,0.0731459384,0.0585713096,-0.0748248732,0.0276935137,-0.0182406152,0.209805233,0.317716979,-0.459705662,-0.2482781,-1.13546711,0.027120859,-0.187574191,0.453968269,0.086024013,0.973243903
29.1333333,-0.808915019,0.0534464521,0.799277296,0.999888231,0.00355396848,0.00899616445,0.0114001792,-0.010639046,0.0471516314,0.0498076114,2.03999339e-12,-0.0187937936,-0.14273879,-0.000499501294,-0.0290990752,0.0735160541,0.0611955324,-0.0765461729,0.0277160623,-0.0192202658,0.213921492,0.327666702,-0.460453643,-0.266746714,-1.11308103,0.0294250659,-0.18925168,0.455923978,0.0750139821,0.950144178
29.15,-0.80917762,0.0533234696,0.799249062,0.999889568,0.00374357693,0.00880973673,0.0113677379,-0.0102496533,0.0471182551,0.0497383408,1.88247102e-12,-0.0188067867,-0.144573325,-0.00140839397,-0.0296787536,0.0737757845,0.0633463838,-0.0777856825,0.0280055573,-0.0211305042,0.218513577,0.333403572,-0.457344234,-0.278219292,-1.09422029,0.0321251175,-0.185200516,0.457625619,0.0696356807,0.921519882
29.1666667,-0.809427543,0.0531777641,0.799264574,0.999893014,0.00367577275,0.00841860564,0.0113831546,-0.00965682967,0.0476626783,0.0495707409,2.03792648e-12,-0.0185371131,-0.145592248,-0.000563111171,-0.0288656439,0.0738959348,0.06314891,-0.0769320351,0.0281450458,-0.0228760351,0.222779572,0.336735945,-0.452246483,-0.281575062,-1.08371111,0.0327905743,-0.179588947,0.456860322,0.0683074622,0.892584093
29.1833333,-0.809720603,0.05323603,0.79927538,0.999895258,0.0038766473,0.0081326004,0.0113272427,-0.00952926264,0.0468019415,0.0496580489,1.9743446e-12,-0.0181189589,-0.147229537,-0.00108209934,-0.0300628258,0.073852583,0.0640393658,-0.0769834566,0.0288202673,-0.0236353571,0.226032148,0.339142129,-0.449386223,-0.280082224,-1.07453572,0.0335568418,-0.179654503,0.455708269,0.0652054362,0.867032766
29.2,-0.809954985,0.0533811616,0.799256529,0.99989723,0.00423421245,0.00785106638,0.0112232668,-0.00917854646,0.0456104669,0.0498503253,2.06694437e-12,-0.0178245804,-0.149135264,-0.00136593439,-0.0315834387,0.0737005045,0.0652747395,-0.0779384283,0.029394203,-0.0236624642,0.227241884,0.34230977,-0.449777638,-0.279237091,-1.05708861,0.0347093202,-0.18286456,0.454697286,0.0608379297,0.848525483
29.2166667,-0.810124415,0.0534976693,0.799249796,0.99990059,0.004439249,0.00747435806,0.0111012639,-0.0085536372,0.0448791992,0.0500242603,2.26888868e-12,-0.017663905,-0.150506588,-0.000935152143,-0.0324527489,0.0735873096,0.0657304081,-0.078372044,0.0297332298,-0.0233899566,0.228853032,0.345784165,-0.451681838,-0.279483327,-1.0324028,0.0347143478,-0.186609988,0.453790535,0.0576290841,0.833876979
29.2333333,-0.810277839,0.0535877623,0.799249891,0.99990478,0.00452132869,0.00708667479,0.010943868,-0.00786131494,0.0445823462,0.0501554566,2.45254439e-12,-0.0175460713,-0.151244377,-0.00020070449,-0.0328069576,0.0736107405,0.0655590617,-0.0781547273,0.029963328,-0.0230283629,0.231109412,0.349585228,-0.454639725,-0.28051088,-1.0084984,0.032626769,-0.189545464,0.453558072,0.0570977705,0.818694776
29.25,-0.810409351,0.0536278072,0.799246239,0.999908813,0.00457073537,0.00677732383,0.0107490075,-0.00731006619,0.0444880472,0.0502644003,2.62185609e-12,-0.0174457119,-0.151698911,0.00029822679,-0.0329767238,0.073810327,0.0654362863,-0.0778872997,0.0300922863,-0.022528468,0.233072881,0.355425339,-0.458612581,-0.283905638,-0.989948063,0.0298637088,-0.190788334,0.454671442,0.0586291136,0.803762638
29.2666667,-0.810439341,0.0536120891,0.799232825,0.999912234,0.00460878904,0.00659635858,0.0105247832,-0.00698381759,0.0445047154,0.0503966512,2.69536218e-12,-0.0174284837,-0.151936678,0.000306536104,-0.0330872089,0.0742247957,0.0657690136,-0.0779600484,0.0301257496,-0.0219406185,0.235507687,0.363140626,-0.46304514,-0.291340509,-0.977223558,0.0284621554,-0.190996797,0.457585006,0.0596963228,0.78758472
29.2833333,-0.810336426,0.0535831805,0.799223981,0.999915574,0.00467089967,0.00642892052,0.0102809028,-0.00653769487,0.0444188426,0.0506074326,2.84186297e-12,-0.0175486654,-0.152311437,0.00018666399,-0.033327397,0.0748628317,0.0665518623,-0.0784401281,0.0301543773,-0.0214795767,0.239459315,0.369015667,-0.464629024,-0.296939922,-0.966377729,0.0318666978,-0.191949915,0.459995538,0.0573399231,0.769898728
29.3,-0.810228272,0.0535875221,0.799217405,0.999919393,0.00477469307,0.00614512999,0.0100323177,-0.00578517267,0.0441239047,0.0508944532,3.03484722e-12,-0.0176856372,-0.153127094,0.000272522793,-0.0337930048,0.0756219661,0.0674415401,-0.0789683007,0.0302900288,-0.0210179914,0.243668127,0.372875164,-0.465451287,-0.297441441,-0.952641613,0.0356950738,-0.194620968,0.461915223,0.0559248873,0.754196491
29.3166667,-0.810169036,0.0536306924,0.799219158,0.99992354,0.00484824206,0.00580436035,0.00978360963,-0.00490762675,0.0439094695,0.051215271,3.19853831e-12,-0.0178058532,-0.154056057,0.000703708587,-0.034170473,0.0763125759,0.067863245,-0.0790544872,0.0305861187,-0.0205033254,0.247575439,0.376151164,-0.467402498,-0.294398902,-0.935452297,0.0365739901,-0.198349577,0.464487574,0.0583078211,0.738798643
29.3333333,-0.810101365,0.0536828424,0.799234557,0.999927934,0.00481548535,0.00546755921,0.00954172048,-0.00396337968,0.0440949449,0.0514855407,3.36653823e-12,-0.0179655963,-0.154661441,0.00180399197,-0.0340187467,0.0767636841,0.0672466283,-0.0783542029,0.0309408349,-0.0200185059,0.251405519,0.378707752,-0.469030339,-0.289697773,-0.915892166,0.0349208004,-0.202525504,0.468796876,0.0635561784,0.720472275
29.35,-0.81000926,0.0536711341,0.799263539,0.999932792,0.00465575179,0.00505134431,0.00933909253,-0.00290399737,0.0446140606,0.0517054203,3.46015401e-12,-0.0181071831,-0.154961289,0.00390397357,-0.0331801498,0.0768739436,0.0652665702,-0.0769373401,0.0308977854,-0.0195917192,0.254586434,0.381550473,-0.469413863,-0.284184176,-0.893081505,0.0330330214,-0.206923318,0.475349293,0.0700869009,0.701032107
29.3666667,-0.809991786,0.0536797408,0.79928988,0.999936307,0.00457807022,0.00473095548,0.009167363,-0.00226017737,0.0447395529,0.0519007087,3.350637e-12,-0.0179904201,-0.155041929,0.00602977458,-0.032453824,0.0767860185,0.0628218449,-0.0754531418,0.0304795272,-0.0190099751,0.254681352,0.384436737,-0.470293986,-0.277412505,-0.863627623,0.031934274,-0.211806603,0.482922499,0.0775103699,0.682591153
29.3833333,-0.810211875,0.0540430034,0.799288867,0.99993522,0.00491497217,0.00494262634,0.00899830192,-0.003521883,0.0426942056,0.0521772495,3.45901493e-12,-0.0172338383,-0.155136295,0.00495453478,-0.0343833082,0.0767237126,0.0629296061,-0.0759184787,0.0307195766,-0.017702543,0.245497837,0.381288861,-0.475187611,-0.266250703,-0.822516453,0.0300700019,-0.217684347,0.486533695,0.0861657154,0.664941157
29.4,-0.810618703,0.0547140561,0.799292633,0.999932986,0.00527340126,0.00531157485,0.00883186785,-0.00548511777,0.0400541192,0.0524363381,3.65615671e-12,-0.0161725105,-0.154723188,0.00291054536,-0.0368521506,0.0768026614,0.0638922034,-0.0766375237,0.0316667466,-0.0154309906,0.224242077,0.36578106,-0.483026584,-0.245374079,-0.772007643,0.0300969404,-0.225861473,0.483909397,0.0953871173,0.648677882
29.4166667,-0.810974307,0.0551537763,0.799330615,0.999935887,0.00514759554,0.00522466754,0.00862705706,-0.00502126107,0.0405112945,0.0528010268,3.73509495e-12,-0.0163078236,-0.154975424,0.00265219513,-0.0371213973,0.0770363411,0.0636801913,-0.0752527882,0.0330733335,-0.0136166016,0.199736704,0.349308731,-0.486158288,-0.214577433,-0.726584105,0.0319805282,-0.232610553,0.480641411,0.105155462,0.634056204
29.4333333,-0.811221314,0.0552912579,0.799398255,0.999940351,0.00480025032,0.00502220088,0.00842785647,-0.00426074861,0.0417996494,0.0531355798,3.86962212e-12,-0.0166707129,-0.155580043,0.00324563805,-0.0363468792,0.0770506065,0.0623196214,-0.0727220212,0.0343229114,-0.0122130228,0.185035094,0.34261736,-0.490939642,-0.186769197,-0.688603228,0.0271385326,-0.234427998,0.480385708,0.119294293,0.614803418
29.45,-0.811399083,0.0553785453,0.79945513,0.999942108,0.00456933488,0.00514448789,0.00827265227,-0.00479707733,0.0421856014,0.0533472028,4.07178264e-12,-0.0164920322,-0.155339362,0.0033023434,-0.0358298722,0.0767323077,0.0608170189,-0.0707220131,0.0350565486,-0.0109033029,0.179943902,0.342403145,-0.500060129,-0.167639504,-0.654666995,0.0135350955,-0.233371929,0.482449477,0.136453046,0.591919968
29.4666667,-0.811528365,0.0555489577,0.799463421,0.999940012,0.004653677,0.00563606976,0.00815787362,-0.00672913761,0.0409648923,0.0534427517,3.96801182e-12,-0.0156589699,-0.153877217,0.00243069205,-0.0362444103,0.0762658987,0.0600391122,-0.0704968182,0.0350348773,-0.0104661719,0.180040848,0.341643658,-0.506174377,-0.156707659,-0.620091846,0.000145805875,-0.233999606,0.487498932,0.149646134,0.569389468
29.4833333,-0.811625047,0.0556673541,0.799439799,0.999937724,0.00483966334,0.0060447807,0.00803656244,-0.00877899049,0.0391701579,0.0534756375,3.75639286e-12,-0.0146343714,-0.151904334,0.00123174806,-0.0371364683,0.0758694482,0.0601717722,-0.071670456,0.0344108702,-0.0107859446,0.17619079,0.340598595,-0.509286381,-0.149350033,-0.582862984,-0.00976163757,-0.235744305,0.494723434,0.162866507,0.549106586
29.5,-0.811548965,0.0552908895,0.799430493,0.999942425,0.00452330733,0.00577739406,0.00782999931,-0.00731696403,0.0412911534,0.0536713911,3.3702347e-12,-0.0152979103,-0.151408732,0.00173895553,-0.0356850453,0.0758156729,0.0606537507,-0.0714120747,0.0341987957,-0.012097607,0.171803055,0.349319281,-0.510904042,-0.139345961,-0.548065289,-0.0200664848,-0.23390216,0.50723158,0.181014324,0.524864095
29.5166667,-0.811446739,0.0545539899,0.799484635,0.99994973,0.00391098946,0.00522798021,0.00760988058,-0.00516269145,0.0446870522,0.0539254914,2.95631805e-12,-0.0162125776,-0.15196939,0.00315301378,-0.0329529312,0.0759321064,0.060383986,-0.0695428488,0.0343285858,-0.0149098392,0.170503202,0.368105075,-0.511826501,-0.122685062,-0.523923793,-0.0363973892,-0.228518088,0.525926859,0.203561826,0.49295173
29.5333333,-0.811568878,0.0540859185,0.799544606,0.999954617,0.00343735236,0.00484974652,0.00744496643,-0.0041630398,0.0468058883,0.054130325,2.63838771e-12,-0.0164321112,-0.151985786,0.00465485807,-0.0309094473,0.0760783009,0.0586963761,-0.067178115,0.0343157055,-0.0169213934,0.160961877,0.37912607,-0.517408231,-0.102817597,-0.50441118,-0.0554549145,-0.224909979,0.541665581,0.231748762,0.461769156
29.55,-0.811832285,0.0540054471,0.799577368,0.999957294,0.0032003695,0.00468407299,0.0072956568,-0.00405821579,0.0475633786,0.0543607847,2.71406947e-12,-0.0161845903,-0.151087696,0.00595090313,-0.0299941304,0.0762682032,0.0563216189,-0.0651938441,0.0341745838,-0.0172297319,0.144522918,0.38263199,-0.526499438,-0.0822630124,-0.485936528,-0.0708658289,-0.223469439,0.551247524,0.259622177,0.435661587
29.5666667,-0.812092619,0.0541240694,0.799583772,0.999957833,0.00324037213,0.00476737389,0.0071486687,-0.00480720341,0.0469726849,0.0546844021,3.18947192e-12,-0.0157773565,-0.150333689,0.00472156523,-0.0311062368,0.0763883036,0.0566700221,-0.0651173835,0.0347678276,-0.016571746,0.127483752,0.383511434,-0.536469861,-0.0624655135,-0.464814216,-0.081653325,-0.223797491,0.556984039,0.283870983,0.409219165
29.5833333,-0.81226076,0.054231238,0.799568071,0.999957705,0.00333926822,0.00484208638,0.00707054074,-0.0052812909,0.0464113697,0.0549385751,2.65051008e-12,-0.0155530746,-0.149534893,0.00324990328,-0.0321063725,0.0764103995,0.0583659981,-0.0662557949,0.0353133894,-0.0161008927,0.115158325,0.387391329,-0.546442042,-0.0486387396,-0.430521374,-0.0903147083,-0.224952923,0.562837902,0.304786384,0.379731075
29.6,-0.812408741,0.0542909607,0.79955366,0.999958539,0.00334315387,0.00467501155,0.00706314546,-0.00488373571,0.0461454531,0.0551073514,2.28634416e-12,-0.0155894366,-0.1481886,0.00279488849,-0.0324690094,0.0764118283,0.0597595253,-0.0672653422,0.0354939908,-0.0160344004,0.102095301,0.393175034,-0.556980252,-0.0318073713,-0.385746284,-0.100174403,-0.227534668,0.570513409,0.323897636,0.343815104
29.6166667,-0.812615784,0.0543566781,0.799552435,0.99996085,0.0033193508,0.00416190157,0.00706813394,-0.00355659448,0.0456665071,0.0552665329,2.21400691e-12,-0.0158338672,-0.146544437,0.00366750785,-0.0325776412,0.0764555651,0.0600694586,-0.0673320361,0.0357856666,-0.0162517858,0.084902458,0.395286723,-0.567586802,0.00107399812,-0.341284465,-0.112657958,-0.231291259,0.580329762,0.342110435,0.301037548
29.6333333,-0.812899971,0.0544083943,0.79960294,0.999962945,0.00321185089,0.00358953285,0.00713501127,-0.00233183421,0.0448016492,0.0553077778,2.109902e-12,-0.0156761355,-0.145140708,0.00579445645,-0.0323948307,0.0763973733,0.0584677764,-0.0659712657,0.0362126235,-0.0166936532,0.0631290128,0.39158037,-0.578067751,0.053011719,-0.305010194,-0.126056859,-0.234595731,0.591585728,0.361180433,0.25659209
29.65,-0.813189524,0.0544703299,0.799681549,0.99996135,0.00297919964,0.00368884168,0.00740379676,-0.00471373769,0.0446192225,0.0548293629,2.37429724e-12,-0.0136305619,-0.143485744,0.00729245821,-0.0310942197,0.0758715862,0.0545469345,-0.0629850762,0.0360302428,-0.0167882294,0.0431911482,0.388176445,-0.589732832,0.0964729751,-0.279223603,-0.137253084,-0.236693812,0.600824009,0.382848977,0.218013085
29.6666667,-0.813348212,0.054556183,0.799714477,0.999956847,0.00291875985,0.00426881787,0.00771763624,-0.00858967322,0.0432013342,0.0541666178,2.50629132e-12,-0.010922447,-0.140472956,0.00848393451,-0.0301375652,0.0751584639,0.0496714477,-0.06065382,0.0345865689,-0.0164407666,0.028568637,0.392102508,-0.603547476,0.11897878,-0.256264389,-0.146245499,-0.237057482,0.608724553,0.405362642,0.1847478
29.6833333,-0.813356181,0.0545656094,0.799700425,0.99995571,0.00276621972,0.00447011048,0.00780669999,-0.00948518081,0.043614102,0.0539969451,2.60755682e-12,-0.0104940906,-0.138663187,0.0076158797,-0.0304380055,0.0747910836,0.0490652988,-0.0601245645,0.0345846816,-0.0155855652,0.015866684,0.398243235,-0.616049373,0.133856511,-0.229524756,-0.155649955,-0.234171194,0.615807838,0.430177,0.148005918
29.7,-0.813345027,0.054583098,0.799693326,0.999957335,0.00242241025,0.00423598257,0.00784319863,-0.00774686619,0.0458996763,0.0538916032,2.90765887e-12,-0.0116081755,-0.137681843,0.00788031788,-0.0296518875,0.0746146624,0.0495853926,-0.0595679539,0.035495658,-0.0148311545,0.0019099434,0.401264157,-0.62783469,0.15333342,-0.198126849,-0.166803167,-0.233558056,0.62544598,0.454294873,0.102330012
29.7166667,-0.813428181,0.054772624,0.799713606,0.999956717,0.00231113884,0.00419983597,0.00797393568,-0.0076866527,0.0459396296,0.0536197074,3.24490144e-12,-0.0119621505,-0.136793997,0.00656058297,-0.0306637303,0.0743504781,0.0510851343,-0.0601691145,0.0366373994,-0.0142918078,-0.0133272015,0.4000427,-0.640255205,0.178694639,-0.165728829,-0.178553992,-0.236288259,0.636859195,0.475541997,0.0519682602
29.7333333,-0.813416488,0.0549506781,0.799710754,0.99995656,0.00203766541,0.00404997614,0.00814394186,-0.00623050761,0.047745907,0.0532920277,3.58316391e-12,-0.0129984176,-0.13654364,0.00633673828,-0.0303959939,0.0741413033,0.0522246948,-0.059852336,0.0380700816,-0.0136003011,-0.0263497573,0.395049802,-0.651602654,0.207060435,-0.138211737,-0.187999591,-0.237382025,0.646790322,0.497023775,0.00620236349
29.75,-0.813319529,0.0550801969,0.799760673,0.999956218,0.00169652024,0.00381708355,0.0083733378,-0.00514339489,0.0492144698,0.0529455773,3.80865629e-12,-0.0137981848,-0.136563781,0.0067956983,-0.0298709947,0.0738764393,0.052282666,-0.0590581707,0.0392314341,-0.0128838157,-0.0380761175,0.38923639,-0.661945178,0.234552384,-0.116122176,-0.195145591,-0.234714843,0.654121016,0.520877274,-0.0303216321
29.7666667,-0.813285106,0.0552733776,0.799782263,0.999954144,0.00158179421,0.00366545753,0.00870470719,-0.00484730229,0.0494259216,0.0525677806,3.99635869e-12,-0.0138624957,-0.136033637,0.00760383629,-0.0298076119,0.0734290841,0.0515926061,-0.0586266383,0.0396481228,-0.0120404459,-0.0519772659,0.387062499,-0.674438409,0.259603141,-0.0952818622,-0.202969079,-0.233165773,0.659970373,0.545436507,-0.0600492536
29.7833333,-0.813370781,0.0557525056,0.799791047,0.999950706,0.00161993865,0.00342876732,0.00917637535,-0.00506418372,0.0483286336,0.0520328483,4.11834681e-12,-0.0132057722,-0.134181794,0.00950167421,-0.0299981748,0.072736335,0.0492965502,-0.0579203941,0.0392599591,-0.0103409991,-0.0704046724,0.383984636,-0.692100045,0.284165311,-0.0680748569,-0.213713814,-0.238134046,0.667219901,0.570660204,-0.090651263
29.8,-0.813609488,0.0565520925,0.799811007,0.999945633,0.00169089105,0.00311451272,0.00980672417,-0.00589860259,0.0458798213,0.0512997812,4.45653268e-12,-0.0117284843,-0.130557229,0.0130120032,-0.0301170526,0.0719045797,0.044575641,-0.0563990031,0.0379489732,-0.00729732399,-0.0932473175,0.37470966,-0.713557207,0.313230273,-0.0346452705,-0.228989061,-0.251106646,0.675761158,0.59883196,-0.124244467
29.8166667,-0.813924827,0.0572377096,0.799816002,0.999939921,0.00170433329,0.00299897541,0.0104045923,-0.00741078809,0.0437537963,0.0505823711,4.78829188e-12,-0.00996200164,-0.126120068,0.0162245569,-0.0296929896,0.0711548022,0.039221307,-0.0542980859,0.0362912286,-0.0048912206,-0.115189371,0.362597975,-0.732143422,0.347203167,-0.00375230942,-0.248146637,-0.259112753,0.684204565,0.629671977,-0.154621514
29.8333333,-0.814132091,0.0575898073,0.79978693,0.999935682,0.00171063437,0.00314584708,0.0107614349,-0.00726840407,0.0442503137,0.0504240916,4.29070282e-12,-0.0103777045,-0.125724991,0.0141694388,-0.0313150677,0.0707055189,0.0407251848,-0.0544574791,0.0374433249,-0.00356119061,-0.132626231,0.352086868,-0.744051077,0.381192498,0.013956744,-0.263332406,-0.257310658,0.690864176,0.660257328,-0.177577605
29.85,-0.814229116,0.057597662,0.799791792,0.99993141,0.00157659297,0.00330157821,0.0111260892,-0.00702545275,0.0456817786,0.0501388751,4.10960489e-12,-0.0111771757,-0.126932693,0.0119225511,-0.0317215145,0.0702483153,0.0438016947,-0.0554610234,0.0391142673,-0.0033952788,-0.147928855,0.345877936,-0.750944259,0.410617676,0.0170713412,-0.275452828,-0.248984178,0.696527774,0.691848471,-0.195545039
29.8666667,-0.814321705,0.0573479728,0.799799389,0.999926316,0.0013459821,0.00336047803,0.0115869628,-0.0071666094,0.0472747476,0.0495624125,4.07373718e-12,-0.0112959472,-0.126957559,0.0112387883,-0.030492809,0.0697612705,0.0450681218,-0.0556482912,0.0394841615,-0.00442937051,-0.164723577,0.349547277,-0.756748573,0.434883283,0.0122804642,-0.286756517,-0.24062476,0.70413011,0.723008749,-0.214148606
29.8833333,-0.81428657,0.0571286561,0.799784289,0.999921693,0.00133477951,0.00329600388,0.0119984467,-0.00725776237,0.0474596888,0.0489815074,4.80393495e-12,-0.0111066134,-0.126473328,0.0102958558,-0.0306566868,0.0692994079,0.047197008,-0.0568960579,0.0395211492,-0.00553011457,-0.179826312,0.35632149,-0.766263011,0.455517703,0.015751616,-0.295530614,-0.236523318,0.716072291,0.749405637,-0.240385887
29.9,-0.814070922,0.0570153788,0.799743412,0.999917668,0.00145401439,0.00312076922,0.0123613957,-0.00700905806,0.0469651164,0.0484121823,3.7219826e-12,-0.0108995794,-0.125595754,0.00999249914,-0.031197458,0.0688537993,0.0495023249,-0.0589629184,0.0394920132,-0.00648346455,-0.193690943,0.358569225,-0.781301601,0.473722667,0.0339356261,-0.299780263,-0.232000662,0.732125895,0.768847328,-0.278258232
29.9166667,-0.813903264,0.0570343474,0.79970815,0.999912707,0.00164374809,0.00319097769,0.0127158826,-0.00771523416,0.0457240416,0.0478545798,3.45580548e-12,-0.0103323154,-0.124239935,0.00951058004,-0.03202208,0.0683843582,0.0510239947,-0.0609852673,0.0392929216,-0.00670959393,-0.207100604,0.354950131,-0.797422754,0.494006265,0.0582503519,-0.306215446,-0.225537701,0.744602137,0.790400875,-0.313749201
29.9333333,-0.813845589,0.0570731247,0.799695034,0.999907843,0.00175391347,0.00341032421,0.0130230087,-0.0090549264,0.0445587725,0.0473951054,3.96672346e-12,-0.00952659661,-0.122648066,0.0087743414,-0.0326469174,0.067918904,0.0517637361,-0.0623010156,0.0390575483,-0.00657620404,-0.219773836,0.347285829,-0.809110451,0.519103537,0.0773790695,-0.316894733,-0.216356323,0.752371984,0.818328943,-0.336463891
29.95,-0.813771663,0.0568719716,0.799684602,0.999905696,0.00145857272,0.0032727009,0.0132575208,-0.00825193896,0.0463058052,0.0471241346,3.11133301e-12,-0.00970895918,-0.121943202,0.00950215478,-0.0312997159,0.0675692068,0.0514448325,-0.0615701457,0.039059854,-0.0067877765,-0.231201512,0.341017188,-0.817115049,0.547469693,0.0882946389,-0.328960786,-0.205587341,0.75901179,0.849116861,-0.347960537
29.9666667,-0.813698257,0.0564937769,0.799720873,0.999903925,0.000913582944,0.00289997722,0.0135238857,-0.00703785503,0.0489716789,0.0468215824,2.39896815e-12,-0.00994296868,-0.121451636,0.0115677814,-0.0286598123,0.0671869853,0.0493205558,-0.0592461662,0.0387634999,-0.00781171241,-0.241758849,0.337720593,-0.82296474,0.576258071,0.0951200757,-0.342451087,-0.195283692,0.769710492,0.87911686,-0.357508264
29.9833333,-0.813666667,0.0562344367,0.799748202,0.999900752,0.000471514661,0.00260190776,0.0138381171,-0.00633909332,0.0509812693,0.0464147328,2.05841764e-12,-0.00973150004,-0.120413636,0.0141178671,-0.0260784884,0.0667584732,0.0462149658,-0.0567379203,0.0378627989,-0.00868805525,-0.255449431,0.330286915,-0.834105092,0.607160749,0.106460284,-0.356742733,-0.185856273,0.785362578,0.906874003,-0.37041103
30,-0.813711171,0.0562061549,0.799729606,0.999897215,0.000428355099,0.00268889376,0.0140764417,-0.00683156107,0.0511674939,0.0461995207,2.15970577e-12,-0.00932797272,-0.119443887,0.0140813511,-0.0258584993,0.0664354525,0.0456146745,-0.056415986,0.0372430238,-0.00870520503,-0.272949082,0.319427592,-0.850664475,0.639144398,0.12575211,-0.371193284,-0.175307223,0.799226282,0.936238288,-0.382012423
30.0166667,-0.813805466,0.0563160651,0.799684575,0.99989385,0.000705202581,0.00309285833,0.0142206259,-0.00800644282,0.0497924676,0.0462519196,2.59445157e-12,-0.00914487047,-0.11882298,0.0112075769,-0.0276268389,0.0662589022,0.0485609437,-0.0586500479,0.0374637512,-0.00804091033,-0.290089972,0.306628657,-0.865909806,0.671518378,0.145735532,-0.384785574,-0.163914535,0.809124882,0.968097904,-0.390500245
30.0333333,-0.813794127,0.0564789472,0.799653681,0.999891348,0.00101259491,0.00331132139,0.0143283513,-0.00820981913,0.047983603,0.0464172824,2.88815119e-12,-0.00954961479,-0.117823274,0.00880159626,-0.0289140521,0.0662154707,0.0522229591,-0.0614926516,0.0375510002,-0.00701188781,-0.303922842,0.292841024,-0.876513731,0.704900314,0.158576052,-0.395295184,-0.154827257,0.81723304,0.99869441,-0.396645376
30.05,-0.813670103,0.0566552794,0.799630921,0.999888745,0.00122075099,0.00333250299,0.0144879749,-0.00748682416,0.046353407,0.046503246,2.99020819e-12,-0.0102673352,-0.116474344,0.0080924961,-0.0294909747,0.0661679472,0.0544671144,-0.0636889061,0.0370667985,-0.0058742862,-0.315675612,0.278960646,-0.883992994,0.738406225,0.164475278,-0.401300243,-0.151548119,0.826698835,1.021706,-0.401371593
30.0666667,-0.813562027,0.0567296377,0.799588814,0.999884065,0.00117483291,0.00340904936,0.0147937096,-0.00818580464,0.0472879089,0.0460225389,2.94774402e-12,-0.00959457365,-0.11626461,0.00948647366,-0.0293737692,0.0656661576,0.0523686634,-0.0631001283,0.037087023,-0.00561275335,-0.325915722,0.266809297,-0.889739889,0.769658057,0.166704196,-0.405540388,-0.151264523,0.838385373,1.03642172,-0.407232447
30.0833333,-0.813440287,0.0566575244,0.799595728,0.999879897,0.000868585681,0.00325861581,0.015126761,-0.00832202176,0.049035957,0.0454870468,2.79855131e-12,-0.00887016952,-0.116328302,0.0125040424,-0.02799785,0.0653155885,0.0479898414,-0.0607383203,0.0367180212,-0.0060011396,-0.335207586,0.257757464,-0.898011289,0.797679417,0.170035937,-0.407173114,-0.154151707,0.850596396,1.0400995,-0.414527547
30.1,-0.813455162,0.0565461594,0.799596182,0.999876682,0.000656315339,0.00323057918,0.0153542576,-0.00852399174,0.0504201426,0.0450698027,2.71979469e-12,-0.00829123284,-0.11590697,0.0149430182,-0.0262228866,0.0653115916,0.0439433351,-0.0583499036,0.0356892387,-0.0066361051,-0.347838363,0.250800002,-0.914294029,0.825556561,0.175370656,-0.408570479,-0.155296138,0.859818347,1.04069188,-0.418969963
30.1166667,-0.813761096,0.0565692745,0.799541195,0.999872543,0.000983755216,0.00392086739,0.0154452673,-0.0109945934,0.0492455109,0.0449970093,2.85656616e-12,-0.00762289332,-0.11626197,0.0117376891,-0.0281645381,0.065451654,0.0449679685,-0.059477051,0.0354727336,-0.00696635176,-0.366454134,0.243854141,-0.93882503,0.855551734,0.180506342,-0.411954788,-0.154332171,0.866007142,1.04304658,-0.419651438
30.1333333,-0.81406433,0.056627613,0.799477438,0.99986803,0.0014063947,0.00461085687,0.0155140326,-0.0131237719,0.0478985612,0.0449447754,2.95943268e-12,-0.00709082541,-0.116843687,0.00830639408,-0.0301347096,0.0655572068,0.0476638221,-0.0618039493,0.0357061578,-0.00711281304,-0.383635042,0.235985869,-0.965614675,0.886873074,0.186581926,-0.415495063,-0.152824538,0.87144149,1.0473222,-0.420878314
30.15,-0.814235171,0.0566437869,0.799457322,0.999865236,0.00156802385,0.00485284171,0.0156045112,-0.0141169133,0.047351707,0.0448515578,3.0055231e-12,-0.00674415347,-0.117057278,0.00673679194,-0.030871218,0.0655949189,0.0492041644,-0.0630234689,0.0358858035,-0.00725682338,-0.395174897,0.227208955,-0.984911874,0.915516283,0.189964225,-0.419010082,-0.152105176,0.878967953,1.05185345,-0.425706581
30.1666667,-0.814385591,0.0566659136,0.799447007,0.999864109,0.00161763451,0.00483978497,0.0156755362,-0.0143170141,0.0471872049,0.0447888814,3.02630187e-12,-0.00650542729,-0.117058201,0.00642090917,-0.0310190031,0.065572265,0.0496536825,-0.0632390765,0.035929531,-0.00753688092,-0.40076473,0.220498863,-0.99406444,0.9344158,0.189876848,-0.421728888,-0.151991592,0.886272359,1.05589875,-0.434926546
30.1833333,-0.814520429,0.0567128127,0.799429762,0.999864149,0.0017257756,0.00469983415,0.0157040577,-0.0139424702,0.0467207493,0.0447903828,2.96156736e-12,-0.00652103112,-0.117046041,0.00655035978,-0.0313792488,0.0655369829,0.0499840224,-0.0636092011,0.0358111648,-0.00787901442,-0.403343486,0.217808893,-0.999879105,0.943004097,0.191009976,-0.423779095,-0.15204144,0.891947353,1.05972847,-0.445109177
30.2,-0.814589159,0.0568006609,0.799399133,0.999865493,0.00199068617,0.00439309027,0.015675899,-0.0128623372,0.0455800413,0.0448861646,2.72918972e-12,-0.00698581691,-0.116947373,0.00693198842,-0.0321968318,0.0655738654,0.0507453655,-0.0647420953,0.0355094475,-0.00804046119,-0.404421141,0.218530936,-1.00769348,0.945308518,0.19653766,-0.425368115,-0.152359152,0.895835243,1.06375914,-0.45144339
30.2166667,-0.814628066,0.0568623634,0.799372032,0.999867116,0.00219827325,0.00404695212,0.0156377738,-0.0114937463,0.0444292409,0.0450151146,2.43648487e-12,-0.00752642967,-0.116539868,0.00770425388,-0.0327333892,0.0656762662,0.0515101853,-0.0660095863,0.0349812509,-0.00812207704,-0.405272896,0.220744201,-1.01828483,0.94597785,0.205596486,-0.426840251,-0.153418843,0.901089439,1.06693579,-0.455776287
30.2333333,-0.814716093,0.0567821715,0.799377429,0.99986727,0.00198912453,0.00390203939,0.0156926632,-0.0122336089,0.0454354914,0.0448162017,2.6200752e-12,-0.00651433265,-0.115876111,0.00841375334,-0.0311250731,0.0656007758,0.0507251243,-0.0652087989,0.0341902581,-0.00851512234,-0.40751127,0.219748314,-1.02849511,0.950250826,0.214135011,-0.428359617,-0.152465727,0.906959322,1.06988127,-0.46277737
30.25,-0.814859025,0.0567103293,0.799399638,0.999865374,0.00178910428,0.0039160203,0.0158334618,-0.0141289672,0.0453761831,0.0444540365,2.82367493e-12,-0.00447526353,-0.114147,0.00999671807,-0.0290684403,0.0654542825,0.0479952804,-0.0634986695,0.0324617862,-0.00912840892,-0.409558384,0.217022216,-1.03643055,0.957206728,0.219447636,-0.429917764,-0.150977046,0.910764464,1.0729076,-0.471492053
30.2666667,-0.815073581,0.0568196799,0.799385363,0.999862753,0.00210127926,0.00423450341,0.0158785852,-0.0172111484,0.0425071919,0.0442654566,3.25668783e-12,-0.00219109909,-0.112085982,0.00946312266,-0.029631947,0.0653040428,0.0471356853,-0.0638021599,0.0307246368,-0.00966196705,-0.411376355,0.214288479,-1.0420307,0.963679901,0.221406923,-0.43223621,-0.150449611,0.914515268,1.07558548,-0.478778515
30.2833333,-0.815206211,0.0569124784,0.799342718,0.999865381,0.00243297508,0.00434427407,0.0156341912,-0.0175158887,0.0415170713,0.0446973198,3.62989298e-12,-0.00224170036,-0.112796634,0.0061930135,-0.0318335978,0.0654217454,0.0515569017,-0.0661788305,0.0311793345,-0.00957854258,-0.41309398,0.212684478,-1.04752657,0.968559693,0.222363978,-0.43381871,-0.150178526,0.918324917,1.07810869,-0.483746994
30.3,-0.815114532,0.0567831157,0.799325919,0.99987433,0.00224516955,0.0036786238,0.0152562041,-0.0140966593,0.0442093245,0.0453277131,3.22849574e-12,-0.00415122489,-0.114967093,0.00561994519,-0.0314027674,0.0658064793,0.0555031361,-0.0675595358,0.0325600195,-0.00920153593,-0.414631292,0.21220978,-1.05438042,0.972730517,0.224666797,-0.434312707,-0.150061274,0.923156999,1.08063419,-0.490725721
30.3166667,-0.814950465,0.056665601,0.799334072,0.999882449,0.00199791093,0.00288457516,0.0149256471,-0.0108919367,0.0464818865,0.0458170225,2.81520784e-12,-0.00563251799,-0.116435566,0.00686255165,-0.0300842512,0.0661910177,0.0570388103,-0.0677642767,0.0331282088,-0.0088382149,-0.415127792,0.210762511,-1.06124385,0.97669416,0.229785451,-0.434080369,-0.149856385,0.927117431,1.08338278,-0.49783658
30.3333333,-0.814772414,0.0568306835,0.799319813,0.999888088,0.00218273118,0.00236359496,0.0146102936,-0.00918453569,0.0461527473,0.0462886976,2.71386833e-12,-0.00640256597,-0.117530191,0.00651561194,-0.0310769375,0.0664907934,0.0598105235,-0.0694213531,0.0336015585,-0.00804521563,-0.411960302,0.20493752,-1.06595563,0.981069496,0.237942198,-0.434093821,-0.149785815,0.929587452,1.08582221,-0.504328316
30.35,-0.814498868,0.0571433675,0.799300455,0.999892956,0.00252214714,0.0017581314,0.0143047126,-0.00729437769,0.0448198711,0.0467170472,2.67908767e-12,-0.00705834285,-0.118543458,0.00657806137,-0.0326828541,0.0667610633,0.0631924435,-0.0720098327,0.0341242173,-0.00680574714,-0.404476275,0.19427327,-1.06837872,0.986576222,0.250439112,-0.433383178,-0.149808742,0.930399239,1.08808246,-0.5100337
30.3666667,-0.814300267,0.0573064503,0.799290812,0.999897315,0.00270609034,0.00121758404,0.0140197518,-0.00590453256,0.0440377438,0.0471234202,2.72966647e-12,-0.00749324516,-0.119145741,0.00665099525,-0.0335354977,0.0670881383,0.065768511,-0.0739309449,0.0344050877,-0.00606600624,-0.40004064,0.186693972,-1.06895825,0.992821868,0.261097021,-0.433295501,-0.149695999,0.932229746,1.09016537,-0.515351645
30.3833333,-0.814250237,0.0573036472,0.799288126,0.999901131,0.00275830575,0.000899014555,0.0137590883,-0.00515723333,0.0438919069,0.0475094849,2.7746882e-12,-0.00764861969,-0.119308698,0.00651716932,-0.0336659416,0.0674378197,0.0673534626,-0.0748911172,0.0343908907,-0.00592338892,-0.399065571,0.183102705,-1.06878139,0.998351522,0.266980543,-0.433795292,-0.149392272,0.934964064,1.09232086,-0.520466364
30.4,-0.814240013,0.057238978,0.799279986,0.999904426,0.00273806724,0.000644734072,0.013536103,-0.00455936168,0.0441477231,0.0478492192,2.74091861e-12,-0.00769977149,-0.11915408,0.00672911385,-0.0332525426,0.067753122,0.0679663836,-0.075157283,0.0341056054,-0.00611520799,-0.39973326,0.181888774,-1.07016949,1.00270301,0.269461025,-0.434095034,-0.148401352,0.936194001,1.09472793,-0.524824475
30.4166667,-0.814184657,0.0571066644,0.799292327,0.999907239,0.00255818717,0.000266141097,0.0133752911,-0.00364644508,0.0449082084,0.0480946031,2.56426186e-12,-0.00774487353,-0.118649892,0.00813866946,-0.031971591,0.0680108673,0.067107971,-0.0744839474,0.033471023,-0.00642402186,-0.400456156,0.181659939,-1.07293487,1.00642478,0.270813593,-0.433153684,-0.146400005,0.934722945,1.09773588,-0.526950301
30.4333333,-0.814098676,0.0569305425,0.799313357,0.999909351,0.00225775045,-0.000205728563,0.0132721243,-0.00240411961,0.0461287418,0.0482133036,2.29248998e-12,-0.00778746509,-0.117836777,0.0107422092,-0.0298989704,0.0682023763,0.0647053572,-0.0727580217,0.0325079934,-0.00678192786,-0.400410835,0.181149224,-1.07547783,1.01026972,0.27222246,-0.431614537,-0.144059659,0.933900252,1.1007661,-0.526896674
30.45,-0.814086882,0.056860313,0.799315085,0.999910929,0.00218574579,-0.000424143999,0.0131596361,-0.00181480868,0.0464575284,0.048344348,2.26197342e-12,-0.00782432527,-0.117457178,0.0115635215,-0.0293958161,0.0683572878,0.0638923215,-0.0720595774,0.0320626799,-0.00704735065,-0.40020054,0.179938278,-1.07732935,1.01407171,0.27405856,-0.431185204,-0.142924897,0.935252248,1.10293437,-0.529171243
30.4666667,-0.814120449,0.0568888409,0.799301124,0.99991207,0.00232155598,-0.000428482768,0.013049134,-0.00192980103,0.0459023415,0.0484682604,2.40445235e-12,-0.00785679187,-0.117736315,0.0104373603,-0.0303858927,0.0684849741,0.0653976186,-0.072981815,0.0323790835,-0.00719203956,-0.399595512,0.178271458,-1.07748887,1.01827686,0.274845916,-0.43095987,-0.142249148,0.936252235,1.10482065,-0.533729661
30.4833333,-0.814119163,0.0569211551,0.799285131,0.999912651,0.00242792015,-0.000473208039,0.0129835205,-0.00178089278,0.0456499403,0.0484507606,2.41138499e-12,-0.00789908085,-0.117956211,0.0100661231,-0.0308100731,0.0686156423,0.0664996137,-0.0737683227,0.0326627777,-0.0072887349,-0.398704781,0.176736315,-1.07889997,1.02288071,0.274474565,-0.430265257,-0.141427654,0.937739296,1.10724387,-0.537852394
30.5,-0.814135261,0.0569877645,0.799269265,0.999912912,0.00263165929,-0.000391892245,0.0129263127,-0.00208542698,0.0448623911,0.0484246034,2.60550546e-12,-0.00797818304,-0.118495834,0.00857387152,-0.0322569702,0.0687867308,0.0683860462,-0.0750925758,0.0332336389,-0.00734021267,-0.398926211,0.175226088,-1.08139371,1.02647517,0.274958832,-0.42980444,-0.140688762,0.93901226,1.10998603,-0.539960111
30.5166667,-0.81414705,0.0570500305,0.799241935,0.99991288,0.00283817756,-0.000301976034,0.0128874419,-0.00227717374,0.0442553558,0.0483392653,2.72409354e-12,-0.00806165914,-0.119024539,0.00751377073,-0.0333583283,0.0690105889,0.0699379394,-0.0763120048,0.0337224149,-0.00743416254,-0.399319278,0.173976908,-1.08399067,1.02963445,0.275957123,-0.429091923,-0.139985497,0.939984433,1.11281811,-0.541197949
30.5333333,-0.814113497,0.0570821637,0.799227615,0.999912833,0.00293558935,-0.000352577151,0.0128679943,-0.00213114244,0.0439985427,0.0482230366,2.74706054e-12,-0.00814191249,-0.119285691,0.00734105251,-0.0338332319,0.0692501599,0.0705651755,-0.0769480248,0.0338920475,-0.00756223216,-0.399191283,0.172993418,-1.08781474,1.0323645,0.277511116,-0.427966079,-0.139495815,0.941342399,1.11556669,-0.543559656
30.55,-0.81404248,0.0571087114,0.799215983,0.999912974,0.00298640471,-0.000454877026,0.0128420622,-0.0018101635,0.043909086,0.0481524331,2.72558138e-12,-0.00824353634,-0.119382551,0.0076578273,-0.0339836106,0.0693726372,0.0705714147,-0.0771959877,0.0338281037,-0.00767249369,-0.398926541,0.171967783,-1.09248415,1.03507623,0.278305261,-0.426424236,-0.139090194,0.942903027,1.1181773,-0.547154139
30.5666667,-0.813958823,0.0571339205,0.799208425,0.999913333,0.00302726486,-0.000536173556,0.0128013555,-0.00150259245,0.043821155,0.0481692803,2.6861604e-12,-0.00837236673,-0.119468761,0.00816341733,-0.0340189771,0.0692343294,0.0701800411,-0.0772383595,0.0336548668,-0.00773810691,-0.398619719,0.170708717,-1.09623132,1.03790842,0.277836654,-0.424712878,-0.138550445,0.943790425,1.12052482,-0.551610181
30.5833333,-0.813873543,0.0571516791,0.799204071,0.999914091,0.00304852375,-0.000597942219,0.012734193,-0.00121348632,0.0437451491,0.0483099007,2.65976368e-12,-0.0085245299,-0.119466478,0.00869957678,-0.0339879249,0.0688937381,0.0697177178,-0.0772260833,0.0335032254,-0.00776708796,-0.397992451,0.169467266,-1.09725123,1.04031523,0.277657799,-0.42291297,-0.137923866,0.94384096,1.12231887,-0.555460994
30.6,-0.8137834,0.057164345,0.799201643,0.999915174,0.00305351276,-0.000651054286,0.0126450256,-0.000891874047,0.0437133876,0.0485537275,2.64083033e-12,-0.00870982259,-0.119348505,0.00918028384,-0.0339079657,0.0685186511,0.0693867084,-0.0772585107,0.0334205333,-0.00778546416,-0.396786531,0.168592362,-1.09610073,1.04142114,0.279066227,-0.42107786,-0.137263203,0.944169135,1.12320418,-0.557438074
30.6166667,-0.813688514,0.057175715,0.799199315,0.999916195,0.00306414016,-0.00068969435,0.0125593749,-0.000562827387,0.0436854021,0.0488322093,2.59516873e-12,-0.00892370119,-0.119287423,0.00964329923,-0.033829673,0.0682319769,0.0690541616,-0.0772985716,0.0333541714,-0.00785731726,-0.395340546,0.168092288,-1.09453012,1.04158144,0.281176841,-0.418880976,-0.136695491,0.945006174,1.12334588,-0.557039776
30.6333333,-0.813600632,0.057186185,0.799196784,0.99991697,0.00308668133,-0.0007161294,0.0124905112,-0.000317350222,0.0435894418,0.0490935575,2.57897053e-12,-0.00910673461,-0.119312036,0.0100407457,-0.0338101003,0.0680834894,0.0687044348,-0.0773212488,0.0332473424,-0.00797960451,-0.393878376,0.167851945,-1.09313854,1.04176987,0.282411158,-0.417044624,-0.136335757,0.945994421,1.12272338,-0.554656147
30.65,-0.813544306,0.0572075397,0.799198678,0.999917392,0.00313982658,-0.000704378738,0.0124440342,-0.000414367129,0.0431765942,0.0493132868,2.71983658e-12,-0.00909494242,-0.1192784,0.0101609838,-0.0340015761,0.0680621703,0.0685734133,-0.0774591544,0.0330417925,-0.00819539524,-0.392620517,0.16769209,-1.09085618,1.04216617,0.282236101,-0.415718766,-0.135878377,0.944998328,1.12169442,-0.552022927
30.6666667,-0.813547288,0.0572743351,0.799201898,0.99991702,0.00328548356,-0.000556304473,0.0124438125,-0.00119162408,0.0421145856,0.0494524553,3.15591869e-12,-0.00869370543,-0.119033956,0.00987081664,-0.0345664984,0.0680833016,0.068710365,-0.0777953681,0.0326546395,-0.00848368208,-0.391595463,0.167474391,-1.08769379,1.04239129,0.280939816,-0.414781985,-0.135196178,0.942318028,1.12072331,-0.549642576
30.6833333,-0.813561997,0.0573423854,0.799212711,0.999916359,0.0034143385,-0.000448324677,0.0124666086,-0.00214091587,0.0408995658,0.0495143776,3.60305766e-12,-0.00815010897,-0.11870986,0.00947156744,-0.0352508042,0.0681059983,0.0689333318,-0.0781748209,0.032228012,-0.00877664892,-0.390676318,0.16740485,-1.0850011,1.04230644,0.278957374,-0.41376165,-0.13430328,0.938954647,1.12015277,-0.547920934
30.7,-0.813504879,0.0573206617,0.799197309,0.99991671,0.00331947048,-0.000701756081,0.0124523536,-0.000890726273,0.0419245128,0.0496195742,2.93191051e-12,-0.00864998546,-0.118929462,0.0103147048,-0.0348580368,0.0682294159,0.0685703413,-0.0779193856,0.032509255,-0.0088070888,-0.389578892,0.167673324,-1.08422044,1.04221736,0.277626293,-0.412537032,-0.133509856,0.93710612,1.11988647,-0.547531464
30.7166667,-0.813433858,0.0572833578,0.799195347,0.999917051,0.00315115116,-0.001042625,0.0124448605,0.000492602429,0.0431232358,0.0496604742,2.48144956e-12,-0.00925193771,-0.119230393,0.0115845658,-0.034172443,0.0683296939,0.0676719223,-0.0772892694,0.0329145082,-0.00884503898,-0.388948734,0.168133267,-1.08473488,1.04189402,0.277211469,-0.411651828,-0.133010115,0.936668717,1.1194574,-0.547897194
30.7333333,-0.813378516,0.0572591729,0.799211226,0.999916562,0.00297404838,-0.00133498811,0.0124996361,0.00138212834,0.0439169613,0.0495814878,2.32252609e-12,-0.00946430383,-0.11905777,0.0131120286,-0.0332460414,0.0683340374,0.0662780442,-0.0763724769,0.0328891026,-0.00899864746,-0.388391152,0.168481467,-1.08495513,1.0415934,0.276830879,-0.410879712,-0.132614205,0.936822051,1.11909075,-0.548209514
30.75,-0.813355706,0.0572567948,0.7992235,0.999915592,0.00284978726,-0.00153459504,0.0125830259,0.00188311513,0.0443641772,0.0494489403,2.30821695e-12,-0.00940825573,-0.118561089,0.0145526564,-0.0323613671,0.0682368874,0.0647073691,-0.0753323749,0.0325204562,-0.00927182641,-0.388027439,0.168658607,-1.08428257,1.04174957,0.27575656,-0.410551822,-0.132341715,0.93720525,1.11898092,-0.549446522
30.7666667,-0.813413398,0.0573380487,0.799219131,0.999914797,0.00296507846,-0.00143657139,0.0126310103,0.00139795851,0.0436991015,0.0494537251,2.37711448e-12,-0.00930461797,-0.11870472,0.0135041055,-0.0333890972,0.0680747781,0.0655133718,-0.0757702825,0.0327507911,-0.00949803608,-0.388463749,0.168646781,-1.08302074,1.04179944,0.274337564,-0.410850256,-0.132014883,0.937126859,1.11910881,-0.549882276
30.7833333,-0.813487683,0.0574277123,0.799208447,0.999913939,0.00312511827,-0.00128207352,0.0126768899,0.00087781324,0.0430444358,0.0494673635,2.37942294e-12,-0.00921219261,-0.119094553,0.0123451358,-0.0344144604,0.0678593359,0.066805977,-0.0766445142,0.0332032469,-0.00969556394,-0.389077098,0.168761908,-1.08251706,1.04174562,0.27303502,-0.411060491,-0.131270992,0.936355449,1.11948655,-0.547691869
30.8,-0.813540583,0.0574743854,0.799211848,0.999912978,0.00316741406,-0.00125303246,0.0127449517,0.000634556059,0.0427952718,0.0494328482,2.38140148e-12,-0.00909861782,-0.119233129,0.0121487322,-0.0347852886,0.0676274037,0.0669723345,-0.0768585695,0.0334859602,-0.00986914025,-0.389586112,0.168975674,-1.08243786,1.04167904,0.271917103,-0.410974973,-0.130487297,0.935495159,1.11989281,-0.543887995
30.8166667,-0.813598625,0.0575065624,0.79921632,0.999911986,0.00314558032,-0.00126927071,0.0128263208,0.000532639978,0.0427614801,0.0493514375,2.48496471e-12,-0.00893837037,-0.119036064,0.0126448669,-0.0347791372,0.0674010466,0.0660226629,-0.0763510881,0.0336411295,-0.0100407288,-0.389780063,0.169045647,-1.08165777,1.0416176,0.270949204,-0.410966999,-0.130336376,0.935848984,1.11984989,-0.542403654
30.8333333,-0.813661809,0.0575364176,0.799224902,0.999910996,0.00310711026,-0.00126865754,0.0129126453,0.000401675755,0.0427679163,0.0492273348,2.7209762e-12,-0.00877628445,-0.118761453,0.0133635724,-0.0347144282,0.0671912784,0.0644535501,-0.075473423,0.0337245225,-0.0102493962,-0.389747791,0.16883811,-1.08041212,1.04197944,0.268888439,-0.411526129,-0.130807851,0.937608144,1.11933312,-0.543358031
30.85,-0.813714938,0.0575537947,0.799229263,0.999910223,0.00306080315,-0.00126585508,0.0129836545,0.000371451936,0.0428835925,0.0491473085,2.84168197e-12,-0.00873632923,-0.118604631,0.0139767596,-0.0346917947,0.0671058368,0.0630326203,-0.0746860695,0.033788349,-0.0104728649,-0.389507892,0.168841607,-1.07952425,1.04235619,0.266218263,-0.412125565,-0.131230621,0.939114237,1.11854074,-0.544870126
30.8666667,-0.813761011,0.0575564207,0.799234374,0.999909566,0.0030216146,-0.0012672304,0.0130431196,0.000342157069,0.0430151822,0.0491003844,1.93624977e-12,-0.00870229333,-0.118595966,0.0143602265,-0.0347011318,0.0672037826,0.0620528068,-0.0741204773,0.0338195559,-0.0106782974,-0.389473381,0.169150843,-1.07908468,1.04249597,0.264136312,-0.412364246,-0.131357689,0.939823642,1.1178408,-0.545839598
30.8833333,-0.813796749,0.0575435497,0.799238777,0.999908939,0.00295983403,-0.00129901486,0.0131021349,0.000368266968,0.0432875272,0.0490648951,2.61481144e-32,-0.00861255626,-0.118525521,0.0147027735,-0.0344585101,0.0675540793,0.0613264303,-0.0735377005,0.0337827636,-0.010872082,-0.389989209,0.169751098,-1.07984551,1.04232314,0.263777789,-0.412245647,-0.131072338,0.939568022,1.11749683,-0.545532651
30.9,-0.813808026,0.0574827727,0.799260519,0.999908523,0.00275782197,-0.00141631676,0.0131656761,0.000494722416,0.0440283288,0.0490247131,5.12418286e-12,-0.00843445729,-0.118070116,0.0151730582,-0.0334036678,0.068172552,0.060576993,-0.0725126842,0.0335519982,-0.0109938527,-0.390533555,0.17043146,-1.08109847,1.0421163,0.264552399,-0.41187353,-0.130456491,0.938351654,1.11743734,-0.543991016
30.9166667,-0.813845001,0.0573880016,0.799284215,0.999908979,0.00245132176,-0.0014105683,0.0131921982,0.000434206663,0.0451813594,0.049023564,5.94458616e-11,-0.00816122032,-0.117223399,0.0150542031,-0.0316414503,0.0689579095,0.0604158378,-0.0712257979,0.0331174342,-0.0109944091,-0.390944461,0.170994951,-1.08185507,1.04199735,0.26549674,-0.411531977,-0.129544308,0.936411274,1.11758711,-0.541092708
30.9333333,-0.813949431,0.0573794942,0.799293088,0.999910053,0.00238996308,-0.00112456527,0.0131495122,-0.000553732664,0.0453797427,0.0491840433,1.78464341e-10,-0.00788502228,-0.116916774,0.0123235276,-0.031548415,0.0696593038,0.0629229848,-0.0714734684,0.0333035857,-0.0108479891,-0.391284203,0.17127002,-1.08150721,1.0416819,0.266050922,-0.411982265,-0.129007203,0.934870428,1.11770421,-0.537901425
30.95,-0.814015769,0.0574697928,0.799267241,0.999910068,0.00262849378,-0.000979549208,0.013114396,-0.000863426023,0.0443997172,0.0492779084,2.36195167e-10,-0.00787351295,-0.117347987,0.0113184496,-0.0333088231,0.0698930702,0.064276009,-0.0727705772,0.0341565391,-0.0108838755,-0.390985236,0.171072016,-1.07996847,1.04136131,0.265887092,-0.412675508,-0.129062457,0.934521138,1.11796362,-0.535954047
30.9666667,-0.814034333,0.0575316154,0.799252639,0.999910001,0.00281259817,-0.000984250868,0.0130809552,-0.000805206515,0.0437241703,0.049368344,2.56672839e-30,-0.00797985549,-0.117825924,0.0113190875,-0.0344114212,0.0697939629,0.0645708822,-0.0735727946,0.034800006,-0.0110092893,-0.390731041,0.170737323,-1.07836774,1.04109607,0.265478548,-0.413194906,-0.129228794,0.934453479,1.11818261,-0.53558589
30.9833333,-0.814047563,0.0575295314,0.799250059,0.999910941,0.00283786493,-0.000942199038,0.0130065228,-0.000756431527,0.0436336244,0.0495423235,6.03363565e-10,-0.00810093079,-0.117992269,0.0112953815,-0.0344937533,0.0695199527,0.0647964915,-0.0738818196,0.0349224466,-0.0110500684,-0.390653591,0.170467634,-1.07693579,1.04068134,0.265428363,-0.413301539,-0.129232818,0.933955242,1.11817196,-0.535825973
31,-0.814077823,0.0575270045,0.799255566,0.999912121,0.00286302234,-0.000789495982,0.0129201614,-0.00129406526,0.043277123,0.0497255787,1.24514912e-08,-0.00793833168,-0.117803225,0.0108482733,-0.0344051253,0.0691769336,0.0652205516,-0.0741752401,0.0346397338,-0.0110244356,-0.390592319,0.170387901,-1.07581506,1.04027615,0.265744578,-0.413399633,-0.129231058,0.933218836,1.11808382,-0.535735255
31.0166667,-0.814168669,0.0575906273,0.799254652,0.999912455,0.00304073961,-0.000411916362,0.0128711811,-0.00286103607,0.0419309218,0.0498532619,4.01234159e-08,-0.00721941088,-0.117268615,0.0097771351,-0.0348449413,0.0689396214,0.0658898317,-0.074742388,0.0340717999,-0.0110578382,-0.390632495,0.170384945,-1.07462638,1.03987136,0.265676538,-0.413833345,-0.1293288,0.932132071,1.11796932,-0.53568186
31.0333333,-0.814255233,0.0576436352,0.799263363,0.999912737,0.00319931917,-8.83360764e-05,0.0128169848,-0.00462715191,0.040340715,0.0499456083,5.58016823e-08,-0.00632241152,-0.116578701,0.00845405415,-0.035558856,0.0690140691,0.0667528956,-0.0754057434,0.0335198299,-0.0111219413,-0.390490236,0.170520017,-1.07307188,1.03938409,0.265554003,-0.414292595,-0.129377671,0.930867776,1.11797041,-0.535524692
31.05,-0.814208268,0.0575465124,0.799243551,0.999915117,0.00302693983,-0.000285182945,0.0126694718,-0.00323677447,0.0419142904,0.0501938857,2.05067922e-29,-0.00693955123,-0.116674914,0.00858179455,-0.0348576643,0.0696213168,0.0673188909,-0.075199742,0.0339645062,-0.0109162453,-0.389451623,0.170811406,-1.07138012,1.03949844,0.265679861,-0.413728555,-0.128889683,0.929446287,1.11841097,-0.534426291
31.0666667,-0.814130878,0.0574244617,0.799245983,0.999917638,0.00279478835,-0.000567380865,0.0125133776,-0.00176187774,0.0435441418,0.0504180527,8.8491011e-08,-0.00774886176,-0.117161386,0.00889958554,-0.034157157,0.0703890807,0.0674886337,-0.0746633691,0.0346776176,-0.0107334937,-0.388710491,0.170946412,-1.06995947,1.03994469,0.265531313,-0.413197328,-0.128438539,0.928572309,1.1190103,-0.531854264
31.0833333,-0.814113537,0.0573660498,0.799245156,0.999918983,0.00270856453,-0.000625598439,0.0124217765,-0.00127328725,0.0442795642,0.0505155095,2.50297391e-06,-0.00806238665,-0.117505075,0.0089069695,-0.0339027601,0.0709726495,0.0674201455,-0.0742430088,0.0350887161,-0.0106862501,-0.388567611,0.171011354,-1.06899948,1.04018545,0.265221945,-0.413133018,-0.128205982,0.928366658,1.1193953,-0.528935012
31.1,-0.81412373,0.0573394792,0.799244809,0.999919567,0.00268862359,-0.000602512105,0.012380146,-0.00130569085,0.0446637026,0.0505158593,8.29885738e-06,-0.00807184702,-0.117950719,0.00887891601,-0.0339294279,0.0712470162,0.0671176279,-0.0739632988,0.0352077197,-0.0107005105,-0.388505763,0.170671858,-1.06812506,1.03993643,0.264814152,-0.413147922,-0.128051599,0.928085542,1.11912498,-0.528055592
31.1166667,-0.814139757,0.0573344586,0.799252901,0.999919457,0.00270401223,-0.000540378605,0.012388529,-0.00154704527,0.0452065277,0.0504059102,1.18190541e-05,-0.00801020979,-0.118967474,0.00889989753,-0.0341446411,0.0712507504,0.0666174884,-0.0737926063,0.0351781944,-0.0108407797,-0.388313413,0.169377675,-1.06664938,1.03935658,0.263026967,-0.41301859,-0.127213595,0.926751035,1.11846006,-0.528013053
31.1333333,-0.814178,0.0573762209,0.799268687,0.999918207,0.00282901811,-0.000374690606,0.0124673712,-0.00213767433,0.0451595406,0.050237033,9.82787122e-27,-0.00779948998,-0.119981523,0.00882702698,-0.0346391458,0.0710709544,0.0661055624,-0.0738088425,0.0349978373,-0.0111630381,-0.388073304,0.167638805,-1.06416339,1.03902607,0.259036573,-0.412956483,-0.126345029,0.925224438,1.11789862,-0.528161158
31.15,-0.814198365,0.0574302047,0.799295793,0.999916431,0.00296490971,-0.000209445682,0.0125815903,-0.00338660235,0.0415362725,0.0503346676,1.24467891e-05,-0.00705544593,-0.116925588,0.00873859913,-0.0351301159,0.0708177633,0.0655692173,-0.0737027529,0.0347425582,-0.0116162069,-0.388608161,0.169927768,-1.0638265,1.03927706,0.261405411,-0.413537261,-0.129247783,0.925865062,1.11952074,-0.527635198
31.1666667,-0.814082072,0.0574592715,0.799475668,0.999916261,0.0029071552,-0.000241584986,0.0126079629,-0.00519030533,0.0297957061,0.0514095376,0.000477704799,-0.00532818899,-0.10112417,0.00917525336,-0.0344300687,0.0706923683,0.0649647051,-0.0726606379,0.0349146952,-0.0120268241,-0.391601095,0.184428848,-1.0701571,1.03963576,0.28952146,-0.415193682,-0.142767464,0.930737979,1.12740079,-0.525958033
31.1833333,-0.813888498,0.0576020718,0.799537807,0.999916933,0.00284957793,-0.000212437401,0.0125682589,-0.00948185491,0.0058150982,0.0535872989,0.00170738319,-0.00163929253,-0.0678769658,0.00941662923,-0.0339111282,0.0706344884,0.064600174,-0.0719432514,0.0348047906,-0.0123849979,-0.396711317,0.212508261,-1.08193605,1.03841856,0.354424841,-0.418949188,-0.168689718,0.940873909,1.14218472,-0.523225221
31.2,-0.813819701,0.0579022723,0.799236476,0.999915439,0.00301670262,0.000166938402,0.0126486073,-0.0135947681,-0.0097446232,0.0547796168,0.00316393758,0.00130076169,-0.0423258701,0.00893081378,-0.0345881073,0.0701812167,0.0648794643,-0.0734543181,0.0337139354,-0.0127266761,-0.397596869,0.227834959,-1.08522676,1.03450743,0.411194626,-0.422126587,-0.183323465,0.946491557,1.15063563,-0.519638457
31.2166667,-0.813858054,0.0581941638,0.799103187,0.999911522,0.00337841316,0.000682146705,0.0128479426,-0.0169158115,-0.016604709,0.0549234911,0.00495803997,0.00203829014,-0.0337840426,0.00812254428,-0.0362188584,0.0692470712,0.0657096725,-0.0758409083,0.0323159469,-0.0133337685,-0.396272906,0.230076486,-1.08219787,1.03168886,0.436894659,-0.423888541,-0.18688028,0.947331316,1.15250173,-0.516422175
31.2333333,-0.813868314,0.0582243344,0.799051738,0.999908802,0.0035036232,0.000912950362,0.0130107201,-0.0178574465,-0.0168749757,0.0546281209,0.00556110143,0.00174602289,-0.0348515669,0.00791930512,-0.0365830057,0.0681697667,0.0659382991,-0.0767236681,0.0317965676,-0.0138757183,-0.395551027,0.227913617,-1.07914617,1.03122465,0.439445927,-0.424441696,-0.185937141,0.945607091,1.15212186,-0.513031668
31.25,-0.813876046,0.0581499629,0.799048844,0.999907132,0.00348830425,0.0010690045,0.013130743,-0.0179477116,-0.0151997238,0.0542935413,0.00551841965,0.00150575641,-0.0375288162,0.00793818108,-0.0360314931,0.067239559,0.0656098675,-0.0764019213,0.03194639,-0.0142520807,-0.396131238,0.226045541,-1.07849595,1.03171557,0.434925546,-0.424488374,-0.184566789,0.943462172,1.15165388,-0.510016268
31.2666667,-0.813933726,0.0581540558,0.799052995,0.999904406,0.00362429944,0.00148749793,0.0132601258,-0.0204543256,-0.0165567122,0.05405252,0.00740091977,0.000898710227,-0.0390721495,0.00692245343,-0.0366311352,0.0665162247,0.0661031853,-0.0770232459,0.0316309118,-0.0146774978,-0.397249567,0.225295111,-1.07965722,1.03180787,0.432331499,-0.425052436,-0.184285458,0.942070374,1.15128441,-0.50808472
31.2833333,-0.813898878,0.0579423949,0.799050193,0.999904203,0.00348899495,0.00160793331,0.0132975675,-0.0208764921,-0.0144369287,0.0538088795,0.00817081611,0.000510975554,-0.039057294,0.00624000089,-0.0355360883,0.0661879904,0.0665612784,-0.0768331311,0.0311396125,-0.0148590331,-0.397530584,0.225419815,-1.08082849,1.03136282,0.43279331,-0.425303383,-0.183966371,0.941311532,1.15096671,-0.507368005
31.3,-0.81374595,0.0576920631,0.799054639,0.999905622,0.00331127242,0.00134514068,0.0132654906,-0.0182624241,-0.0123187805,0.0537029742,0.00598547243,0.000987154003,-0.0387414604,0.00653137669,-0.0344039116,0.0662611687,0.0672883523,-0.0768106597,0.0310735655,-0.0149283097,-0.396904718,0.225597224,-1.0817699,1.03061755,0.435262763,-0.42496446,-0.183542537,0.9408022,1.15094052,-0.507125079
31.3166667,-0.813593242,0.0575563129,0.799055058,0.999905648,0.00334225508,0.00120150716,0.0132695527,-0.0168723429,-0.0124792506,0.0536586957,0.00433579547,0.00150713001,-0.0388088745,0.00630241096,-0.0343739111,0.0664197223,0.0687453718,-0.077874596,0.0308827249,-0.0151741534,-0.396518062,0.225489043,-1.08228145,1.03006684,0.437085472,-0.4248069,-0.183241907,0.940362571,1.15099324,-0.506799381
31.3333333,-0.813431688,0.0572942234,0.799053368,0.999906126,0.00320193422,0.00107618467,0.0132788707,-0.0149716011,-0.0101053354,0.0535619224,0.00267143983,0.00191221616,-0.0390746828,0.00619943154,-0.0331465736,0.0666208844,0.0697919003,-0.0781014327,0.0309927414,-0.0153899211,-0.396645696,0.225770913,-1.08418854,1.03043404,0.436478812,-0.424388384,-0.182523856,0.939547776,1.15122206,-0.506483177
31.35,-0.813274863,0.0570075357,0.799070771,0.999906518,0.0030309493,0.00100019404,0.0132954178,-0.0138688177,-0.00823136617,0.0534585688,0.00161172277,0.00217496592,-0.0394586637,0.00599885876,-0.0320853529,0.0668228467,0.0704820233,-0.078134031,0.0309964641,-0.015681121,-0.396682397,0.225668279,-1.08461002,1.0313151,0.433457795,-0.424084227,-0.181887176,0.938490183,1.15138277,-0.507561439
31.3666667,-0.813142312,0.0568296782,0.799071842,0.999905707,0.00306105563,0.00108673465,0.0133426741,-0.0138348325,-0.00806926707,0.0533785515,0.00132316102,0.00221762619,-0.0399411151,0.00553652718,-0.0318493142,0.0670063632,0.0714344494,-0.0788381519,0.0306548821,-0.0161944976,-0.396119041,0.224777466,-1.08126878,1.03175666,0.429803923,-0.424050195,-0.181704528,0.937745518,1.15118748,-0.510380717
31.3833333,-0.813038577,0.0567752644,0.799053405,0.999903336,0.00332429703,0.00136355917,0.0134316322,-0.014947996,-0.00973386276,0.0533334935,0.00197243602,0.00191174707,-0.0405524162,0.00469070025,-0.0325111295,0.0671725242,0.0729382665,-0.0804183335,0.0299880921,-0.0169209247,-0.395383727,0.223687649,-1.0764598,1.03185477,0.426677191,-0.424606732,-0.181916669,0.937886141,1.15063762,-0.513072571
31.4,-0.812925065,0.0566963989,0.799048078,0.999900731,0.00358699362,0.00165655771,0.0135247134,-0.0163907694,-0.011769272,0.0533165183,0.00303597152,0.00134648303,-0.0412951786,0.00366953315,-0.0333732775,0.0673548757,0.0747199926,-0.0822991476,0.0291922234,-0.0176882678,-0.394667913,0.222639988,-1.07176338,1.03216041,0.423511805,-0.425017811,-0.181786697,0.937233966,1.15015288,-0.513860016
31.4166667,-0.812735263,0.0563836951,0.799036883,0.999900666,0.00350836308,0.00167801396,0.0135474604,-0.0153412812,-0.00969629313,0.0532745907,0.00228082784,0.00127101898,-0.0418826043,0.00343634682,-0.0322975351,0.0676421696,0.0755173182,-0.0826606028,0.0287489165,-0.0181458377,-0.393957466,0.222050864,-1.06834948,1.03279907,0.419919652,-0.424273031,-0.180284939,0.934388937,1.15042594,-0.510862373
31.4333333,-0.812525217,0.0560331199,0.79903893,0.999901437,0.00337475848,0.00165691945,0.0135271175,-0.0141451529,-0.0076227929,0.0532525722,0.00110254906,0.00148920408,-0.0425468579,0.00324992956,-0.031180313,0.0679849316,0.0760860725,-0.0827791945,0.0283199474,-0.0184644875,-0.394413078,0.222276166,-1.06962375,1.03275821,0.419028541,-0.423186393,-0.177904459,0.929188027,1.15159247,-0.503302475
31.45,-0.812346599,0.0557699686,0.799031175,0.99990156,0.00339328033,0.00177405201,0.0134984398,-0.0137772723,-0.00677292351,0.0532344696,0.000540047655,0.00152432363,-0.0432711754,0.00266176051,-0.0306342072,0.0683418238,0.0771897202,-0.0834584957,0.0277082028,-0.0186503026,-0.395421065,0.2227006,-1.07293232,1.03177248,0.421675589,-0.423124648,-0.176216079,0.925880249,1.15256275,-0.495610711
31.4666667,-0.812177478,0.055519831,0.799024091,0.999901588,0.00347181723,0.0019563271,0.0134511642,-0.0138871812,-0.00656625984,0.0531841881,0.000435249102,0.00133395704,-0.0440579974,0.00186671405,-0.0303278633,0.0687262401,0.0785819677,-0.0844614321,0.0269254303,-0.0188734666,-0.39587996,0.222927009,-1.07520014,1.03084305,0.425452064,-0.423932324,-0.175588392,0.925415119,1.15301831,-0.491275571
31.4833333,-0.811986372,0.0552262706,0.799017854,0.999902102,0.00352932069,0.00210171561,0.013375843,-0.0139014529,-0.00630017356,0.05309391,0.000409091973,0.00107134863,-0.0447047613,0.00132972541,-0.0297635269,0.0691683283,0.0797975929,-0.085401338,0.0260242981,-0.0191626898,-0.395471137,0.222925143,-1.07497361,1.03049419,0.427966673,-0.424654865,-0.175206613,0.925805258,1.15305384,-0.489508886
31.5,-0.81175163,0.0548551466,0.799020328,0.999903373,0.00349886246,0.00210147559,0.0132885933,-0.013492633,-0.00566100658,0.0529803295,0.000278081399,0.000843531796,-0.0450225049,0.00153457121,-0.0286091111,0.0696182182,0.0803179941,-0.0859821534,0.0249581672,-0.0195052896,-0.39487237,0.222806713,-1.07360107,1.03071288,0.428747776,-0.424738591,-0.174604809,0.925310024,1.15296053,-0.489448477
31.5166667,-0.811516336,0.0544536865,0.799006497,0.999904736,0.00348077451,0.00212423954,0.0131867889,-0.0129345271,-0.0048547381,0.0529193605,0.000111414943,0.000634800095,-0.0452723937,0.00191323482,-0.0273152884,0.0699630108,0.0806090398,-0.0864152592,0.0239061307,-0.0197754858,-0.394542441,0.222587252,-1.07216743,1.03140689,0.428100864,-0.424459291,-0.173885035,0.924176164,1.15298753,-0.490213698
31.5333333,-0.811345963,0.054100399,0.798991263,0.99990512,0.00366650928,0.0024372681,0.0130524898,-0.0132266491,-0.00483515399,0.0530669101,0,0.000337381266,-0.0468037156,-0.00030852914,-0.0278104629,0.07007208,0.0836507781,-0.088161666,0.0235076253,-0.0198288078,-0.394760512,0.222205812,-1.07124193,1.03190297,0.426802142,-0.42444279,-0.173153018,0.922149914,1.15318055,-0.489611462
31.55,-0.811182298,0.0537196438,0.798970631,0.999904957,0.00389916988,0.00275626428,0.0129335226,-0.0134964926,-0.00478290004,0.0532989578,1.99206535e-25,-0.000126945579,-0.0486985434,-0.00260588355,-0.0282149512,0.0699812735,0.0874125233,-0.0904516621,0.0231151829,-0.0197619499,-0.394449162,0.222253582,-1.07153104,1.03210284,0.425725726,-0.42454119,-0.172721212,0.921290402,1.1530411,-0.488485161
31.5666667,-0.81100046,0.0532688362,0.798961028,0.999904552,0.00404115996,0.00293686728,0.0128814159,-0.0140229263,-0.00465614034,0.0535098542,0.000523272712,-0.000694339777,-0.050008705,-0.00370662476,-0.0277209706,0.0697977529,0.0897916009,-0.0922068789,0.0221234609,-0.0198083721,-0.393930617,0.22206022,-1.07253988,1.03214015,0.424759596,-0.424722262,-0.172434616,0.921069416,1.15266668,-0.48761029
31.5833333,-0.81084188,0.0527777877,0.798954375,0.999902857,0.00410916757,0.00313180575,0.0129453641,-0.0155534868,-0.00477875514,0.0536312094,0.00223541067,-0.00134443217,-0.0504124893,-0.00355957836,-0.0262901532,0.0696366368,0.0901806854,-0.0931308961,0.0202998996,-0.0200880748,-0.393929741,0.221606078,-1.07353906,1.03196957,0.423971041,-0.424978012,-0.172240823,0.921584152,1.15223506,-0.488468746
31.6,-0.810694725,0.0522559499,0.798953493,0.999900997,0.00416171366,0.0032949364,0.0130314894,-0.0172390202,-0.00486975222,0.0537237434,0.0041759735,-0.0019854748,-0.0505922166,-0.00310992907,-0.0245994183,0.0696205939,0.0899286484,-0.0936824812,0.0182324646,-0.0205083952,-0.394213702,0.221444266,-1.07331066,1.03164861,0.424313154,-0.424948394,-0.171770715,0.921053113,1.15179034,-0.490240263
31.6166667,-0.810515115,0.051728758,0.79893945,0.999901417,0.00428410493,0.00326250354,0.0129676235,-0.0149006619,-0.00340270673,0.0540897158,0.00223334587,-0.00228187143,-0.0528821108,-0.00492088303,-0.0246766537,0.0698865776,0.093558207,-0.0953528626,0.0181371732,-0.020490424,-0.393952151,0.221774442,-1.07202686,1.03146116,0.425965235,-0.424540731,-0.171178384,0.919990652,1.15148588,-0.491797336
31.6333333,-0.810361633,0.0513189492,0.798926033,0.999902122,0.00443177392,0.00318416881,0.0128828315,-0.0127076512,-0.00220954695,0.0544341211,0.000520175538,-0.00265000944,-0.0555440763,-0.00676695874,-0.0250235491,0.0701645487,0.0975933747,-0.0973448657,0.0184355466,-0.0203927135,-0.393008212,0.22219973,-1.06931148,1.03150048,0.428133468,-0.424223637,-0.17058336,0.918412098,1.15151061,-0.491176382
