0.006345813,0.001360471,0.795647359,0.000352800,0.009109497,-0.002455900,0.999955430,0.003076271,-0.091696495,-0.000919730,0.045323229,-0.065818660,0.077618427,-0.040886966,0.071835084,-0.006375533,0.119755776,-0.097222762,-0.072725246,0.011837889,-0.042012712,0.190441825,-0.322850079,1.301304170,0.065670653,-0.081035676,-0.197648197,0.287644509,1.356859210,-0.215028500
0.006080237,0.001273572,0.795622998,0.000316696,0.009398142,-0.002347610,0.999953031,0.002245753,-0.091643374,-0.001069925,0.044073696,-0.064786922,0.078992538,-0.042628304,0.071955702,-0.006628483,0.119937258,-0.096676809,-0.072659512,0.011832339,-0.050032488,0.195550490,-0.321430420,1.303573432,0.065397953,-0.088572506,-0.198023480,0.287809286,1.364060326,-0.218460080
0.005975561,0.001232789,0.795619186,0.000340118,0.009507858,-0.002190926,0.999952341,0.001645700,-0.091613417,-0.001175171,0.044359256,-0.064671307,0.078827102,-0.043242702,0.071792450,-0.006716577,0.120539361,-0.096901111,-0.072575445,0.012224520,-0.052245489,0.194967471,-0.321025449,1.306054976,0.066574499,-0.090231788,-0.198522739,0.286630229,1.366011738,-0.215932383
0.006198725,0.001216870,0.795611318,0.000396382,0.009231693,-0.002024843,0.999955258,0.002186787,-0.091576967,-0.001483261,0.045365851,-0.065449916,0.078467446,-0.042197225,0.072060816,-0.006742531,0.120780827,-0.097433929,-0.072970529,0.012986033,-0.048691934,0.191705776,-0.321648058,1.305958346,0.067478914,-0.082158710,-0.198561816,0.284918358,1.357876992,-0.205055765
0.006412460,0.001146807,0.795580785,0.000418091,0.008955971,-0.002033564,0.999957739,0.002523626,-0.091589158,-0.001423530,0.046764039,-0.066573152,0.078683223,-0.041195291,0.073212818,-0.006296004,0.120340904,-0.097280211,-0.074214042,0.013648582,-0.042911461,0.188855456,-0.322290448,1.303261038,0.066833866,-0.077022167,-0.198528496,0.285384042,1.351797152,-0.200210140
0.006335840,0.000977583,0.795537534,0.000447753,0.009111521,-0.002096313,0.999956192,0.001370592,-0.092003494,-0.001131034,0.048336567,-0.067240984,0.079883387,-0.041563075,0.074903103,-0.005796345,0.119417687,-0.096215328,-0.075929173,0.013659157,-0.042726890,0.189355972,-0.321812062,1.303383270,0.060331521,-0.079344204,-0.196992941,0.286201687,1.354657710,-0.204752089
0.006092100,0.000933987,0.795557065,0.000585315,0.009548560,-0.001902700,0.999952430,-0.001910758,-0.093492226,-0.001195143,0.050158372,-0.066422971,0.078374079,-0.043113912,0.073725423,-0.006246643,0.120514525,-0.097056984,-0.075171806,0.013291275,-0.048889408,0.190693893,-0.321616627,1.308937736,0.051668285,-0.083363723,-0.196059180,0.286327954,1.359567050,-0.208097921
0.006076131,0.000890287,0.795556028,0.000546064,0.009413752,-0.001653054,0.999954174,-0.002273911,-0.093661122,-0.001618844,0.050915881,-0.066609872,0.078746207,-0.041163989,0.074513185,-0.006660255,0.118161562,-0.096411282,-0.075803638,0.012863084,-0.049824890,0.190006258,-0.320866747,1.309985312,0.053193580,-0.083206528,-0.196394482,0.286672674,1.359520690,-0.212515426
0.006214713,0.000861743,0.795614081,0.000573364,0.009045986,-0.001658236,0.999957545,0.000782988,-0.091845846,-0.001803595,0.047909769,-0.066046236,0.077374773,-0.040605915,0.073295169,-0.006913974,0.118626101,-0.096595787,-0.074641339,0.013451164,-0.044353226,0.188366206,-0.319493415,1.304895926,0.062009875,-0.080933657,-0.197161426,0.285759883,1.357043362,-0.215815757
0.006269480,0.000806717,0.795659905,0.000663626,0.008894066,-0.001720414,0.999958747,0.002372088,-0.090844654,-0.001785471,0.045976546,-0.065524252,0.076085535,-0.040939829,0.072459151,-0.007078308,0.119881532,-0.097190485,-0.073912933,0.014195097,-0.040239291,0.187848501,-0.318683302,1.300647306,0.068683999,-0.079174788,-0.197482950,0.283823172,1.354685170,-0.217310243
0.006248298,0.000721194,0.795659996,0.000721051,0.008829813,-0.001747930,0.999959229,0.002510890,-0.090716861,-0.001768974,0.045950303,-0.065543141,0.075782875,-0.041127645,0.072284685,-0.007180943,0.120553294,-0.097536708,-0.073834496,0.014542398,-0.039087495,0.187966901,-0.318673625,1.299615410,0.070256480,-0.078610461,-0.197407749,0.283396319,1.354152050,-0.217422359
0.006196675,0.000636631,0.795646711,0.000848129,0.008727846,-0.001811894,0.999959910,0.002865804,-0.091839481,-0.001772705,0.045573483,-0.064756943,0.075843169,-0.041127266,0.072161362,-0.007120979,0.121158271,-0.097959594,-0.074006845,0.014475162,-0.040127858,0.188688189,-0.318073100,1.301094076,0.065254265,-0.079265227,-0.197443876,0.284523069,1.354933340,-0.216222557
0.006093838,0.000595330,0.795661358,0.001146813,0.008551266,-0.001996387,0.999960787,0.004227032,-0.094448757,-0.001647748,0.043487989,-0.062285799,0.075517037,-0.041168370,0.071702702,-0.006837702,0.122514789,-0.098934611,-0.074236274,0.014227571,-0.043327385,0.189863603,-0.316737012,1.305231524,0.054514150,-0.081959078,-0.197985725,0.286410380,1.358200708,-0.215406935
0.005921222,0.000551066,0.795673463,0.001260027,0.008618188,-0.002202162,0.999959644,0.004149282,-0.094793258,-0.001496686,0.042578544,-0.061354464,0.074709704,-0.041879430,0.071516127,-0.006490987,0.123335311,-0.099217691,-0.074318748,0.014615470,-0.045125021,0.189484069,-0.317716548,1.307347496,0.055399699,-0.086390002,-0.199392820,0.287906437,1.362993328,-0.219824336
0.005828562,0.000340954,0.795663037,0.001044245,0.008762191,-0.002169345,0.999958713,0.003018361,-0.092544672,-0.001831846,0.044018304,-0.063289870,0.074690792,-0.042128030,0.072227511,-0.006550394,0.122251198,-0.098156094,-0.074513259,0.015041065,-0.043162523,0.189237110,-0.319128820,1.303492496,0.075069686,-0.085514142,-0.198584570,0.287042832,1.362759568,-0.227211679
0.005841674,0.000084580,0.795636291,0.000878742,0.008656395,-0.002041860,0.999960062,0.003313947,-0.091691446,-0.002331151,0.044374444,-0.064317722,0.075661783,-0.041617994,0.072979222,-0.006781225,0.121246731,-0.097407659,-0.074876013,0.014863240,-0.042742386,0.190974433,-0.316520428,1.300344270,0.070411489,-0.081775664,-0.196894261,0.284143558,1.358440750,-0.218252283
0.005874486,0.000075023,0.795623207,0.000761239,0.008645314,-0.002090665,0.999960153,0.002580113,-0.090900371,-0.002216771,0.045731430,-0.065050778,0.076746001,-0.041559463,0.073148497,-0.006647864,0.120885086,-0.097059853,-0.074811356,0.014463038,-0.046526394,0.190264969,-0.308240006,1.305073222,-0.033118969,-0.086403625,-0.198501014,0.278877654,1.355139014,-0.135424952
0.005766705,0.000087918,0.795600945,0.000609351,0.008797668,-0.002084833,0.999958941,0.001268016,-0.090316685,-0.002057917,0.047331262,-0.065788471,0.078178445,-0.041857148,0.073556692,-0.006588874,0.120180418,-0.096381114,-0.074886919,0.013649648,-0.058004404,0.191376249,-0.304146317,1.316507530,-0.201066315,-0.096553200,-0.201410579,0.277807367,1.353053678,0.004660017
0.005562994,-0.000084048,0.795571342,0.000480436,0.008814647,-0.001957298,0.999959119,0.000365979,-0.089952184,-0.002107341,0.048662956,-0.066386107,0.079644787,-0.041132812,0.074888568,-0.006628428,0.117808492,-0.094780815,-0.075964004,0.012650891,-0.069133693,0.192992259,-0.311764445,1.327797748,-0.324514106,-0.101737153,-0.202824730,0.285287053,1.352054930,0.093288960
0.005519737,-0.000308239,0.795545172,0.000366784,0.008489375,-0.002011839,0.999961874,0.001068487,-0.089626388,-0.001748399,0.049489691,-0.067240849,0.081032579,-0.038516304,0.076916870,-0.006025767,0.113865728,-0.092553706,-0.077755445,0.012576742,-0.071203331,0.193117376,-0.317029579,1.331427252,-0.365051382,-0.101850930,-0.202816874,0.288766343,1.351388810,0.111342563
0.005495582,-0.000387598,0.795562391,0.000422959,0.008427744,-0.002146740,0.999962092,0.001208873,-0.089401903,-0.001229311,0.049329768,-0.067115486,0.080121099,-0.039191176,0.076175745,-0.005746859,0.115015167,-0.092979498,-0.077213809,0.012885953,-0.066500335,0.192241292,-0.316534202,1.326295150,-0.368168807,-0.100510317,-0.202819241,0.286601996,1.348383730,0.097775128
0.005332326,-0.000429310,0.795586650,0.000515315,0.008549003,-0.002076977,0.999961167,0.000772032,-0.089302602,-0.001057717,0.049204574,-0.066797168,0.079184654,-0.040987449,0.074993312,-0.005973599,0.118033383,-0.094509817,-0.076181757,0.012404248,-0.062792082,0.191420688,-0.315462492,1.318136202,-0.374885905,-0.099275372,-0.203303634,0.283492862,1.340962408,0.083180684
0.005109153,-0.000529974,0.795568505,0.000448738,0.008451372,-0.001905228,0.999962371,0.001118803,-0.089378068,-0.001096814,0.048827369,-0.066617416,0.080043267,-0.041139615,0.075139580,-0.006117602,0.118352293,-0.094484554,-0.076150429,0.011229047,-0.061836966,0.191076399,-0.315997374,1.309150098,-0.386342163,-0.098245891,-0.203618596,0.282143216,1.331688304,0.072910246
0.004903605,-0.000600534,0.795522948,0.000393267,0.008348686,-0.001668896,0.999963679,0.001992241,-0.090404635,-0.001277496,0.047463094,-0.065855809,0.081422029,-0.040984777,0.075627591,-0.006155111,0.118116721,-0.094208220,-0.076502656,0.009967080,-0.061724651,0.190448251,-0.318226004,1.299193152,-0.391357049,-0.097400825,-0.203457308,0.282540632,1.323696640,0.061628303
0.004797757,-0.000594026,0.795470620,0.000478407,0.008465306,-0.001585629,0.999962797,0.002700140,-0.092695854,-0.001243307,0.045333595,-0.064410820,0.081985574,-0.042087577,0.075642367,-0.005897301,0.120122016,-0.095385649,-0.076746558,0.009467687,-0.060268144,0.188764579,-0.322443008,1.289278100,-0.385057930,-0.099878642,-0.202592932,0.283624864,1.325573376,0.047907919
0.004829570,-0.000617287,0.795424475,0.000593964,0.008815209,-0.001886029,0.999959190,0.001940956,-0.093516796,-0.000189799,0.044848604,-0.064071906,0.082166444,-0.044575564,0.075363656,-0.004821256,0.123332112,-0.096972721,-0.076676697,0.010601921,-0.054554024,0.186562887,-0.327040621,1.278752750,-0.369288150,-0.108494316,-0.201251303,0.284228439,1.342083210,0.039049504
0.005017113,-0.000837204,0.795351852,0.000685489,0.008830031,-0.001632932,0.999959446,0.002550763,-0.095733610,-0.000350274,0.043941843,-0.063459164,0.082958131,-0.044707705,0.075822811,-0.004881063,0.125435353,-0.099000824,-0.077380144,0.009623625,-0.051937602,0.186751917,-0.329522014,1.275290618,-0.346922409,-0.111864260,-0.198683344,0.282928446,1.355605974,0.051065355
0.005177302,-0.001320605,0.795303759,0.000693839,0.008738061,-0.001171093,0.999960896,0.002633415,-0.095773152,-0.001145883,0.044386239,-0.063729977,0.084308251,-0.043750222,0.076720882,-0.005522111,0.124943195,-0.099335337,-0.078279961,0.007976126,-0.053265690,0.188851026,-0.329341070,1.277039394,-0.324190639,-0.108478870,-0.197256110,0.280533566,1.357654162,0.080911211
0.005210621,-0.001943271,0.795320783,0.000736843,0.008800068,-0.001303259,0.999960158,0.002097322,-0.093111558,-0.000723263,0.045961124,-0.065203561,0.083900828,-0.043935372,0.077024266,-0.004865317,0.124137586,-0.098307140,-0.078592307,0.008624854,-0.050959262,0.192109419,-0.326880475,1.274160636,-0.306699609,-0.108542819,-0.198455377,0.278824347,1.360144012,0.113822009
0.005115049,-0.002616367,0.795348591,0.000860258,0.008777352,-0.001399275,0.999960129,0.001457074,-0.091132621,-0.000460965,0.047885914,-0.066573363,0.082637077,-0.043630595,0.077728262,-0.004069447,0.122924007,-0.097120383,-0.079474654,0.008790839,-0.050133753,0.195867618,-0.325506669,1.273294608,-0.292407944,-0.111780056,-0.200972359,0.278820377,1.363204116,0.137610030
0.004858244,-0.003395443,0.795389121,0.000986277,0.008961168,-0.001244436,0.999958587,-0.001348666,-0.088748168,-0.000641012,0.051670832,-0.068229305,0.081163358,-0.043738616,0.078770600,-0.003449611,0.120531688,-0.094998662,-0.080727089,0.008142326,-0.053656265,0.198941700,-0.326496289,1.275606250,-0.280805241,-0.115234754,-0.203293523,0.280192800,1.363653270,0.151207127
0.004439721,-0.004112550,0.795376036,0.001205022,0.009558122,-0.001044390,0.999953049,-0.005430699,-0.088823786,-0.000962747,0.055099214,-0.068666027,0.080466116,-0.045854600,0.079701360,-0.002820769,0.121112561,-0.094644561,-0.082102827,0.007492876,-0.059649422,0.200120342,-0.328340930,1.278400184,-0.274232999,-0.119188655,-0.205236878,0.283993133,1.363022560,0.155820259
0.004057020,-0.004802907,0.795344390,0.001535940,0.009748770,-0.000803510,0.999950977,-0.006502154,-0.090034838,-0.001549716,0.054492610,-0.067183126,0.080042551,-0.047911314,0.080310647,-0.002206665,0.124023827,-0.095947001,-0.083412640,0.006562169,-0.066999849,0.200038276,-0.330327920,1.282824816,-0.272502273,-0.124357059,-0.206694827,0.285960585,1.363428916,0.157779349
0.003618996,-0.005729684,0.795398380,0.001823318,0.009843049,-0.000547261,0.999949744,-0.006278160,-0.087674709,-0.002070549,0.053123533,-0.066306313,0.077927782,-0.049322462,0.080546070,-0.001514097,0.124428552,-0.094917469,-0.084183993,0.005553512,-0.076933583,0.199925357,-0.332325623,1.289372676,-0.273201959,-0.131983346,-0.207297447,0.285648618,1.365613798,0.159024561
0.003011910,-0.006738020,0.795464863,0.002075342,0.010282584,-0.000591653,0.999944804,-0.007890435,-0.084651195,-0.001580995,0.053438210,-0.066227049,0.075541113,-0.051910683,0.080870621,-0.000452195,0.124109383,-0.092703094,-0.084899884,0.005859682,-0.086927579,0.201037416,-0.332902928,1.291615980,-0.275330524,-0.144050785,-0.207860650,0.283415367,1.370813862,0.159614644
0.002374045,-0.007687641,0.795477505,0.002396790,0.010629975,-0.000836290,0.999940278,-0.009123105,-0.083626123,-0.000409739,0.052677380,-0.065229221,0.074179620,-0.055194717,0.081299157,0.000429967,0.126156898,-0.092179456,-0.085927924,0.007072833,-0.095824130,0.202846245,-0.332214362,1.289163140,-0.277812166,-0.159146718,-0.208893445,0.281816401,1.378561860,0.160013239
0.001851816,-0.008723409,0.795461495,0.002684114,0.010567388,-0.000741408,0.999940286,-0.010696101,-0.082976954,0.000220386,0.054947473,-0.065730966,0.073045323,-0.056207699,0.082357075,-0.000258152,0.127190101,-0.092001862,-0.087578656,0.006999480,-0.106951740,0.203733950,-0.329982462,1.289594050,-0.279856431,-0.166982255,-0.209308406,0.280382732,1.377067034,0.165157872
0.001298882,-0.009780197,0.795406215,0.002947986,0.010439026,-0.000646195,0.999940958,-0.014603472,-0.082231926,0.001275678,0.062480241,-0.069094703,0.071593268,-0.058228181,0.083344494,-0.002043524,0.130197732,-0.092757250,-0.089184279,0.007230198,-0.120668440,0.203220297,-0.327816703,1.292667862,-0.280134964,-0.173713580,-0.209648288,0.277368397,1.373593494,0.174250186
0.000563450,-0.010830030,0.795287238,0.003214206,0.010517020,-0.000595590,0.999939351,-0.021891248,-0.081516609,0.003099069,0.075771608,-0.075476895,0.069906939,-0.062797797,0.084187284,-0.004890396,0.136762809,-0.095154138,-0.090676511,0.007796213,-0.136733361,0.202635566,-0.326119667,1.295982370,-0.280827961,-0.186824939,-0.208613469,0.272779398,1.375408164,0.185948167
-0.000283617,-0.011889315,0.795102134,0.003423071,0.010656930,-0.000389139,0.999937279,-0.031946072,-0.080744500,0.005426904,0.094540459,-0.084863209,0.067561054,-0.068832514,0.085131712,-0.008718964,0.145827716,-0.098878916,-0.092207780,0.008315503,-0.154626021,0.201709878,-0.322267762,1.299416222,-0.285258754,-0.204676594,-0.206055205,0.268785691,1.381411764,0.197707629
-0.001134081,-0.012935276,0.794866474,0.003584985,0.010664466,0.000120758,0.999936699,-0.043214850,-0.080336888,0.007796438,0.117187717,-0.096688037,0.063156702,-0.075068913,0.086229392,-0.013153942,0.156424505,-0.103679102,-0.093900243,0.008306811,-0.173754825,0.199657400,-0.315407647,1.303847170,-0.292760083,-0.223263411,-0.202923444,0.266767055,1.387436380,0.209896288
-0.001806879,-0.013867377,0.794626056,0.004000135,0.010194695,0.001113370,0.999939412,-0.052663659,-0.082402277,0.009511895,0.139468735,-0.108981869,0.053799334,-0.080405757,0.086855267,-0.017664823,0.169030412,-0.110372322,-0.095800674,0.007440092,-0.193256788,0.195780878,-0.304006566,1.310088750,-0.304225077,-0.237463332,-0.198347320,0.264645265,1.389682670,0.224934038
-0.002391571,-0.014793112,0.794421634,0.004441416,0.009691765,0.002470299,0.999940119,-0.061896228,-0.084112819,0.010864520,0.162189313,-0.121879769,0.039067239,-0.084957754,0.087122171,-0.021587032,0.180953753,-0.116866822,-0.097528871,0.005859347,-0.212430763,0.190703954,-0.290700420,1.316526298,-0.318015950,-0.248440289,-0.192630938,0.260462295,1.388592422,0.240703558
-0.003047053,-0.015755716,0.794294392,0.004604744,0.009558328,0.004017916,0.999935643,-0.073998290,-0.082151137,0.012962003,0.188598217,-0.136604891,0.020038830,-0.089243537,0.087883918,-0.024500362,0.189031199,-0.120564203,-0.099015098,0.003810242,-0.231822921,0.185790532,-0.280767539,1.321521292,-0.330248234,-0.262576846,-0.187208511,0.256069460,1.389071132,0.256230249
-0.003786129,-0.016813788,0.794125198,0.004213458,0.009845900,0.005531686,0.999927350,-0.090276793,-0.075044193,0.017486772,0.220089517,-0.153162671,-0.001046118,-0.093305908,0.089944261,-0.026501904,0.192955438,-0.121310166,-0.100431162,0.001663073,-0.251030672,0.181554809,-0.275947959,1.324292540,-0.338689127,-0.280685915,-0.181538905,0.254494198,1.392982336,0.273387567
-0.004580441,-0.017896591,0.793805941,0.003404071,0.010470019,0.006920535,0.999915445,-0.109607631,-0.064316665,0.026098921,0.254247816,-0.169340699,-0.021165618,-0.097065336,0.093178063,-0.028083482,0.194472675,-0.120614668,-0.102061831,-0.000476505,-0.269866086,0.177541491,-0.270690376,1.326427990,-0.348211644,-0.301031415,-0.175111586,0.254572804,1.399223820,0.294159542
-0.005225023,-0.018868794,0.793444050,0.002679127,0.010615632,0.008030587,0.999907816,-0.124532095,-0.051683496,0.040502422,0.279828673,-0.179594539,-0.035170835,-0.098918830,0.096317929,-0.029444390,0.195332007,-0.120298615,-0.103842732,-0.002570248,-0.287496190,0.171592971,-0.261466203,1.330413130,-0.362862739,-0.320711303,-0.168300325,0.252629004,1.405648990,0.316757909
-0.005656187,-0.019920977,0.793131775,0.001843514,0.010049181,0.008686833,0.999910073,-0.131098764,-0.034463869,0.059369720,0.294324025,-0.185231992,-0.039761216,-0.097112317,0.099569905,-0.030003925,0.192818595,-0.118324562,-0.105281956,-0.003864727,-0.302337500,0.165651139,-0.253176312,1.333616934,-0.378132279,-0.337045873,-0.159997551,0.250868712,1.410121270,0.334950009
-0.006064103,-0.020924584,0.792822429,0.001098353,0.009490390,0.009117630,0.999912794,-0.134008790,-0.017456447,0.078506214,0.300280141,-0.185248216,-0.035976541,-0.094468917,0.102469466,-0.030233529,0.188593780,-0.115555074,-0.106590060,-0.004949873,-0.315728041,0.160022786,-0.247413928,1.335529854,-0.393890351,-0.351216162,-0.150701257,0.248971605,1.412044102,0.347346190
-0.006462340,-0.021702570,0.792632071,0.000758885,0.009111000,0.009473339,0.999913331,-0.134908990,-0.002201220,0.092686383,0.299189093,-0.179086554,-0.027388539,-0.092117868,0.104411557,-0.030148574,0.184425342,-0.112995749,-0.107789964,-0.006147262,-0.328769034,0.153606819,-0.242913561,1.337586082,-0.409992611,-0.365553849,-0.141528282,0.247639146,1.413903030,0.357476277
-0.006781942,-0.022250055,0.792574218,0.000754423,0.008763006,0.009698401,0.999914287,-0.133981974,0.011803951,0.098612791,0.292329895,-0.168455720,-0.020137155,-0.089858456,0.105223952,-0.029546163,0.180654083,-0.110795431,-0.108697297,-0.007343781,-0.341115211,0.147201848,-0.241563732,1.338982240,-0.423809075,-0.380019084,-0.132848103,0.247218028,1.416341220,0.367798348
-0.007012824,-0.022696897,0.792505600,0.000463379,0.008558668,0.009619627,0.999916995,-0.132502094,0.029457477,0.095207671,0.282638889,-0.159807206,-0.024632796,-0.087986972,0.106708234,-0.028136431,0.176586794,-0.108127033,-0.109303302,-0.007611304,-0.352071133,0.141614078,-0.243506889,1.338388948,-0.433750569,-0.393812056,-0.124027918,0.243798877,1.419026786,0.380607542
-0.007096622,-0.022906839,0.792456291,0.000347088,0.008375419,0.009440566,0.999920301,-0.129126306,0.045819849,0.085955912,0.269584478,-0.151296102,-0.037242051,-0.086787942,0.107490507,-0.026636483,0.174213465,-0.106465762,-0.109671603,-0.007119607,-0.359915279,0.135761104,-0.243664240,1.336777784,-0.443591752,-0.405557081,-0.117001883,0.239559505,1.419977706,0.391181293
-0.006973790,-0.022868958,0.792489050,0.000611866,0.008086641,0.009306405,0.999923808,-0.123400333,0.060009332,0.074086493,0.253123016,-0.140760720,-0.052396655,-0.086188372,0.107074298,-0.025419347,0.174412879,-0.106541901,-0.109707933,-0.006588532,-0.362321834,0.130049871,-0.241744093,1.333212656,-0.452233989,-0.414336108,-0.111895549,0.237188235,1.418307774,0.400513456
-0.006710322,-0.022614462,0.792570557,0.001042762,0.007731086,0.009298193,0.999926341,-0.116017285,0.073096331,0.062388525,0.234491626,-0.128365585,-0.066425902,-0.085646295,0.105919365,-0.024682706,0.175887643,-0.107730106,-0.109441911,-0.006210381,-0.363475939,0.123783170,-0.236728936,1.329828780,-0.461216699,-0.417696278,-0.108995310,0.238507888,1.411314797,0.415480597
-0.006383887,-0.022081387,0.792723236,0.001585576,0.007329301,0.009480123,0.999926945,-0.107345922,0.085003542,0.052532861,0.214623441,-0.114746369,-0.076418248,-0.084481980,0.104091530,-0.024446200,0.177274071,-0.109346928,-0.108849909,-0.005511338,-0.368721798,0.114761706,-0.230211816,1.330459150,-0.471234470,-0.411020706,-0.110266560,0.244769534,1.392812579,0.438181840
-0.006161866,-0.021411162,0.792920825,0.002128910,0.006994712,0.009869501,0.999924565,-0.098276907,0.095854390,0.045196261,0.194822409,-0.101352685,-0.082146957,-0.083169751,0.102075552,-0.024599512,0.177768506,-0.110482703,-0.107993365,-0.005232191,-0.376513593,0.103832494,-0.225422103,1.334670730,-0.479195875,-0.408594850,-0.106625370,0.251045369,1.379382012,0.458637773
-0.006102956,-0.020705387,0.793052848,0.002397129,0.006947719,0.010418529,0.999918715,-0.090766624,0.107316503,0.039192837,0.178016466,-0.089364497,-0.086307800,-0.082524591,0.100486972,-0.025039030,0.177705876,-0.111025239,-0.106989498,-0.005543229,-0.383737933,0.094135456,-0.219525637,1.338956406,-0.486541940,-0.415326184,-0.098983012,0.254245473,1.378174104,0.471398825
-0.006100397,-0.019893170,0.793085953,0.002420782,0.007171143,0.011102643,0.999909719,-0.085848944,0.120137576,0.033253780,0.166608732,-0.079510779,-0.089990561,-0.082749284,0.099318983,-0.025732391,0.177644865,-0.111363630,-0.105824758,-0.006371796,-0.389750564,0.087386318,-0.214016308,1.341890124,-0.495694136,-0.424619488,-0.091729053,0.254666763,1.381240944,0.479519896
-0.006026001,-0.018895256,0.793179126,0.002560570,0.007362557,0.011894618,0.999898872,-0.081431789,0.130764881,0.026325318,0.158280344,-0.070980034,-0.093553398,-0.082863417,0.097546753,-0.026576170,0.177994991,-0.112113784,-0.104378327,-0.007466306,-0.393965394,0.082191817,-0.211493386,1.343237172,-0.505195815,-0.432543122,-0.086021899,0.254088772,1.384016460,0.487400598
-0.005853594,-0.017717146,0.793333231,0.002809588,0.007433500,0.012771976,0.999886857,-0.076822987,0.138228234,0.017619811,0.151018685,-0.063032974,-0.099073131,-0.082310503,0.095149569,-0.027510207,0.178176798,-0.113068391,-0.102589309,-0.008660994,-0.396168392,0.077790857,-0.212470670,1.342652220,-0.512180488,-0.438445637,-0.080961800,0.253654383,1.385454220,0.496332835
-0.005591382,-0.016339863,0.793525838,0.003032469,0.007439017,0.013693591,0.999873967,-0.071873692,0.143390842,0.006818134,0.143692722,-0.055254419,-0.108178927,-0.081050225,0.092447137,-0.028394508,0.177716916,-0.113885327,-0.100444550,-0.009853120,-0.396622585,0.074245801,-0.213655357,1.341124308,-0.518253172,-0.442609633,-0.076226306,0.253910237,1.385712510,0.504152527
-0.005284519,-0.014789835,0.793728582,0.003215979,0.007503749,0.014592336,0.999860198,-0.066604052,0.147103900,-0.004827290,0.134807494,-0.046878085,-0.120885216,-0.080229690,0.089595360,-0.029012411,0.177731971,-0.114867264,-0.098040904,-0.010884913,-0.396479147,0.071180289,-0.213853001,1.339515220,-0.524596176,-0.446188196,-0.071685173,0.252794686,1.386307626,0.513269813
-0.004935858,-0.013054614,0.793922804,0.003293785,0.007617051,0.015479026,0.999845754,-0.060676173,0.149593489,-0.016035831,0.123002245,-0.037450125,-0.136917873,-0.079914309,0.086748504,-0.029515223,0.178586255,-0.116295412,-0.095398995,-0.011737606,-0.396175824,0.067893313,-0.214445488,1.338149572,-0.530886197,-0.449466246,-0.067198686,0.250712377,1.387381944,0.522757695
-0.004539741,-0.011137877,0.794100493,0.003255433,0.007732041,0.016377968,0.999830676,-0.053977259,0.150925501,-0.025630685,0.108027843,-0.027442383,-0.153538855,-0.079991920,0.083887891,-0.030149919,0.180574831,-0.118479501,-0.092521595,-0.012453811,-0.396099711,0.063904225,-0.215353612,1.337478076,-0.537141697,-0.452106103,-0.062874579,0.248837043,1.388140488,0.530748720
-0.004085291,-0.009059734,0.794339354,0.003195246,0.007813380,0.017276869,0.999815109,-0.046771255,0.151003684,-0.032849895,0.091282410,-0.018567924,-0.165819408,-0.080316596,0.080681608,-0.030966328,0.183789710,-0.121538162,-0.089349251,-0.013112893,-0.395930498,0.060409251,-0.216957292,1.336794130,-0.542369933,-0.453128114,-0.059805917,0.247880639,1.387060130,0.537634381
-0.003562897,-0.006797623,0.794572891,0.003097390,0.007811465,0.018128559,0.999800351,-0.039534419,0.149946996,-0.037117283,0.075159459,-0.013643887,-0.172972699,-0.080722720,0.077138283,-0.031713374,0.187984954,-0.125236304,-0.085812154,-0.013724629,-0.394542000,0.057944892,-0.220561532,1.334816198,-0.545559797,-0.452824209,-0.058115055,0.249577415,1.384511246,0.542866996
-0.003070453,-0.004472844,0.794454394,0.002740857,0.007840785,0.018912523,0.999786640,-0.033014217,0.148975863,-0.039186125,0.060955558,-0.013615128,-0.180722132,-0.081887990,0.074309292,-0.032166684,0.193031982,-0.129105968,-0.082358612,-0.014651740,-0.392652938,0.056035268,-0.223769994,1.331905050,-0.548238159,-0.456903909,-0.053352521,0.248603999,1.388761935,0.544964937
-0.002766327,-0.002276275,0.793987163,0.001801920,0.008140707,0.019578020,0.999773566,-0.028088550,0.149414996,-0.039665000,0.049228770,-0.018831452,-0.188797432,-0.085004465,0.073635958,-0.032292632,0.199196843,-0.132749036,-0.079743581,-0.016208794,-0.391884517,0.054910015,-0.221676628,1.329640770,-0.553491279,-0.472819730,-0.040359073,0.239413568,1.409994694,0.540151156
-0.002500387,0.000007331,0.793514941,0.000694465,0.008524411,0.020098788,0.999761417,-0.024436576,0.150007928,-0.039158088,0.040427835,-0.026619254,-0.193686240,-0.089071116,0.073788473,-0.032122994,0.206088121,-0.136437933,-0.077564261,-0.017763681,-0.392472791,0.054319164,-0.218421869,1.327977430,-0.559359075,-0.491691505,-0.026965659,0.227533528,1.436513634,0.531762367
-0.001988206,0.002801490,0.793417601,0.000342629,0.008438415,0.020574835,0.999752645,-0.020235130,0.147255375,-0.038422049,0.034490543,-0.031093742,-0.195165292,-0.089329853,0.069348767,-0.032050783,0.211428126,-0.141130565,-0.072594630,-0.018827332,-0.394103172,0.052503458,-0.218777782,1.327138220,-0.563850401,-0.498614523,-0.022039171,0.222486721,1.447972980,0.528549499
-0.001388659,0.005796000,0.793536306,0.000226531,0.008202422,0.020810175,0.999749771,-0.016639943,0.143875194,-0.037284521,0.030848038,-0.033642708,-0.192144634,-0.087861250,0.064761588,-0.031679105,0.213833212,-0.144361683,-0.067711639,-0.019117829,-0.398739875,0.049685942,-0.218905307,1.328363102,-0.570062811,-0.495624114,-0.022146576,0.223177354,1.445095572,0.531191862
-0.000730742,0.008621252,0.793624044,-0.000258148,0.007891106,0.020661893,0.999755345,-0.013287814,0.142043904,-0.035608249,0.029046680,-0.036421320,-0.184207502,-0.085548192,0.063302592,-0.030618565,0.212796223,-0.144708108,-0.065140131,-0.019184354,-0.400397687,0.047778652,-0.215444238,1.329781734,-0.577459989,-0.491652748,-0.021823865,0.224523581,1.441042992,0.535624555
-0.000104539,0.011575731,0.793696613,-0.000462461,0.007827572,0.020256630,0.999764064,-0.010843468,0.139036081,-0.033738766,0.027970331,-0.038486481,-0.174805383,-0.085459377,0.060093296,-0.029675000,0.213670972,-0.145330542,-0.061501296,-0.019544146,-0.398583816,0.046839356,-0.214630162,1.328076180,-0.580540303,-0.489038189,-0.021199337,0.226211389,1.437847176,0.538927048
0.000456598,0.014748747,0.793830929,-0.000233029,0.008063015,0.019679843,0.999773793,-0.009266832,0.134207724,-0.031981190,0.026838223,-0.039872207,-0.166261142,-0.088041340,0.053910135,-0.029066035,0.218446680,-0.147956068,-0.055846799,-0.020137258,-0.394839998,0.046438675,-0.217926745,1.323728968,-0.579289176,-0.487057546,-0.021372793,0.228906465,1.434192956,0.538799104
0.001161485,0.018053777,0.794066902,0.000051507,0.007762808,0.018989660,0.999789542,-0.005966562,0.128485963,-0.030564675,0.025488841,-0.041166209,-0.159087892,-0.086414452,0.046030618,-0.028439828,0.220519996,-0.150758322,-0.048600131,-0.020986073,-0.390397382,0.045544528,-0.219302814,1.320554000,-0.579764871,-0.483927327,-0.022011706,0.232898570,1.431433500,0.536953307
0.001879830,0.021324443,0.794315208,0.000224108,0.007258880,0.018046137,0.999810780,-0.002039497,0.123267826,-0.029131122,0.023884649,-0.042406894,-0.152293545,-0.083060685,0.039314888,-0.027451713,0.219227364,-0.151575515,-0.042047860,-0.021711727,-0.386855993,0.044391458,-0.217029185,1.319141938,-0.582383470,-0.480252974,-0.022178421,0.235775643,1.429172864,0.536748747
0.002480760,0.024454105,0.794517203,0.000217097,0.007031215,0.016807640,0.999833995,0.000431491,0.118695781,-0.027563350,0.024152061,-0.044558958,-0.144602493,-0.080686939,0.034236129,-0.026240583,0.216647329,-0.150656868,-0.036793899,-0.021924403,-0.383799312,0.043577854,-0.214384763,1.317535950,-0.584924150,-0.476699346,-0.021573658,0.237410369,1.425832476,0.537099533
0.003039789,0.027526324,0.794692885,0.000125364,0.006894994,0.015332203,0.999858673,-0.000422181,0.114097606,-0.026196792,0.031128164,-0.050169452,-0.136396746,-0.078808368,0.029763863,-0.024874422,0.213558424,-0.148989861,-0.031982832,-0.021713477,-0.380599923,0.043063493,-0.212675497,1.315605024,-0.587403401,-0.473663778,-0.020734979,0.238007009,1.422874722,0.538416811
0.003577317,0.030570645,0.794852814,0.000004206,0.006761853,0.013711496,0.999883129,-0.005082572,0.109078457,-0.025195127,0.046809765,-0.060509150,-0.128538524,-0.076883423,0.025272151,-0.023374410,0.210484114,-0.147383804,-0.027104886,-0.021203717,-0.377011546,0.042821526,-0.212685799,1.313521944,-0.589407599,-0.470520534,-0.020087565,0.238375546,1.420144658,0.539781453
0.004040092,0.033552310,0.794993256,-0.000184048,0.006702631,0.012124015,0.999904020,-0.010973252,0.104127578,-0.024275636,0.064972139,-0.072254029,-0.121664807,-0.074736311,0.020953602,-0.021979138,0.206702900,-0.145460862,-0.022263010,-0.020621259,-0.373483939,0.042981783,-0.212774260,1.311214480,-0.590957614,-0.467256843,-0.019492726,0.239684660,1.417049390,0.539920136
0.004388178,0.036434529,0.795156581,-0.000401644,0.006771266,0.010723252,0.999919497,-0.015189725,0.099505420,-0.023163621,0.078106378,-0.080988148,-0.115970321,-0.072291069,0.016759330,-0.020993067,0.201404134,-0.142597261,-0.017508877,-0.020174010,-0.369510626,0.043841542,-0.214222477,1.307476128,-0.591836850,-0.463996468,-0.019359793,0.242637067,1.413203148,0.539656281
0.004621247,0.039195098,0.795341205,-0.000625514,0.006957060,0.009502290,0.999930455,-0.017860438,0.095290900,-0.021941638,0.086208577,-0.086532644,-0.110901920,-0.069742576,0.012770106,-0.020325001,0.194867749,-0.138878492,-0.012955149,-0.019945829,-0.365489315,0.044890925,-0.217437187,1.302921320,-0.592562035,-0.461211104,-0.018815612,0.243176256,1.409886096,0.541901646
0.004735522,0.041825373,0.795536477,-0.000850600,0.007230941,0.008411838,0.999938114,-0.019708756,0.091438780,-0.020720363,0.091215757,-0.090012087,-0.106197249,-0.067233750,0.008999287,-0.019893652,0.187557208,-0.134541812,-0.008632166,-0.019695372,-0.361850465,0.045979748,-0.221294615,1.298295752,-0.592398814,-0.458582954,-0.018120544,0.243461105,1.406922714,0.545196186
0.004744190,0.044336734,0.795732620,-0.001056306,0.007553105,0.007379304,0.999943689,-0.021213038,0.087810731,-0.019526559,0.094661041,-0.092384730,-0.101771311,-0.064826887,0.005387395,-0.019636599,0.179987807,-0.129939454,-0.004522959,-0.019233556,-0.358518196,0.047317378,-0.224722991,1.293795528,-0.591920497,-0.456179239,-0.017454905,0.245017489,1.403835074,0.546862146
0.004668661,0.046725570,0.795918502,-0.001220235,0.007895141,0.006355822,0.999947889,-0.022530788,0.084303670,-0.018334968,0.097218673,-0.094104925,-0.097620258,-0.062661190,0.001903686,-0.019514746,0.172663274,-0.125375438,-0.000643655,-0.018378751,-0.355477674,0.048452206,-0.225011218,1.289868910,-0.595045666,-0.453898605,-0.016799638,0.245964780,1.400309290,0.548243900
0.004510661,0.048961309,0.796074455,-0.001309359,0.008246918,0.005323708,0.999950965,-0.023611787,0.080933762,-0.017115795,0.099041636,-0.095315418,-0.093759558,-0.061343948,-0.001446619,-0.019454329,0.166440327,-0.121034282,0.002946102,-0.017140885,-0.352646834,0.049679879,-0.223270474,1.286436774,-0.603403503,-0.451819642,-0.016360195,0.246487594,1.396075854,0.549640737
0.004293148,0.051074606,0.796229336,-0.001372038,0.008653838,0.004281010,0.999952450,-0.024607425,0.077723633,-0.015880148,0.100199281,-0.096054717,-0.090185018,-0.058832366,-0.004651330,-0.019375437,0.159173331,-0.116949862,0.006379521,-0.015506742,-0.349225830,0.051318329,-0.223499413,1.282222990,-0.610863794,-0.449866058,-0.016373416,0.248589018,1.391505286,0.550976735
0.004014549,0.053114556,0.796388156,-0.001391592,0.009155090,0.003261388,0.999951804,-0.026092445,0.074218772,-0.014770656,0.101152738,-0.096384846,-0.086648985,-0.055275163,-0.008127370,-0.019274753,0.150748171,-0.113044474,0.010011193,-0.013616808,-0.345607160,0.053033407,-0.224841305,1.277118898,-0.616035357,-0.447393800,-0.017413848,0.253681050,1.385760171,0.551950826
0.003569577,0.055130220,0.796525375,-0.001133474,0.009903201,0.002382163,0.999947482,-0.029475476,0.068996522,-0.014131903,0.103206032,-0.096498613,-0.082429354,-0.057373477,-0.012846873,-0.019219581,0.148376871,-0.110128032,0.014129767,-0.011885180,-0.344730756,0.054555040,-0.226274104,1.273717762,-0.620098724,-0.445157513,-0.018571886,0.258947316,1.379679399,0.555257056
0.002919015,0.057057515,0.796624040,-0.000696792,0.010959986,0.001658410,0.999938320,-0.035566602,0.062490735,-0.014028982,0.107616866,-0.097039293,-0.077206420,-0.063310279,-0.017715138,-0.019287221,0.150502848,-0.108692457,0.017936529,-0.010351275,-0.349180359,0.055646287,-0.226614844,1.275455560,-0.625205875,-0.444112604,-0.019336932,0.263034917,1.373665639,0.559880267
0.002427063,0.058634258,0.796655664,-0.000698947,0.011247383,0.000903332,0.999936094,-0.037146910,0.060172525,-0.013758674,0.109770426,-0.098000788,-0.074139482,-0.064090747,-0.019996931,-0.019002617,0.148262753,-0.106112398,0.020285162,-0.008373662,-0.351418488,0.055776384,-0.223511641,1.276977570,-0.631476644,-0.442817160,-0.019736153,0.264803943,1.368458760,0.564521374
0.002119488,0.059966220,0.796701963,-0.000982226,0.010853278,0.000191297,0.999940601,-0.034806037,0.060715699,-0.013280285,0.109092839,-0.098616943,-0.073233529,-0.061343213,-0.020537130,-0.018427781,0.142537913,-0.101973305,0.021589427,-0.006192456,-0.349203927,0.055990623,-0.222003353,1.274609030,-0.635668134,-0.440634780,-0.020213474,0.265917918,1.363533867,0.568480953
0.001721194,0.061338487,0.796760573,-0.001004959,0.010864959,-0.000302629,0.999940424,-0.034536326,0.059384582,-0.013020193,0.108784661,-0.098530567,-0.071905846,-0.060512867,-0.022540827,-0.018167556,0.138761476,-0.098878240,0.023687853,-0.004328584,-0.345109473,0.056439299,-0.222452824,1.268614375,-0.637238421,-0.438754598,-0.021382404,0.267086412,1.357536879,0.572842349
0.001235867,0.062730471,0.796807152,-0.000768248,0.011288095,-0.000590643,0.999935818,-0.036328092,0.056372034,-0.013000805,0.109102444,-0.097961229,-0.069815729,-0.062318758,-0.026096291,-0.018337881,0.138391224,-0.097578822,0.026702890,-0.002939999,-0.341066166,0.056652518,-0.220972083,1.261518519,-0.641091899,-0.437227507,-0.023178018,0.268959192,1.349986843,0.577689678
0.000790499,0.063970714,0.796852351,-0.000584744,0.011593704,-0.000760933,0.999932330,-0.038053670,0.053615074,-0.013110296,0.109670500,-0.097479687,-0.067621216,-0.063509996,-0.028934085,-0.018705312,0.137694936,-0.096364558,0.029114230,-0.002078682,-0.337315807,0.057177225,-0.219425924,1.255039819,-0.647824943,-0.435590927,-0.024361872,0.270866697,1.342236359,0.582204015
0.000390369,0.064952742,0.796889523,-0.000522393,0.011728993,-0.000912473,0.999930660,-0.039235762,0.051768709,-0.013250887,0.110394303,-0.097262624,-0.065809076,-0.063555935,-0.030707485,-0.019091625,0.135702898,-0.094550430,0.030758798,-0.002047466,-0.332671598,0.058769343,-0.220437193,1.247321807,-0.653973769,-0.435081420,-0.021904698,0.271939649,1.337082784,0.587613008
0.000026379,0.065807973,0.796912805,-0.000498415,0.011800938,-0.001080470,0.999929659,-0.040316870,0.050319921,-0.013426439,0.111493458,-0.097369894,-0.064208089,-0.063392694,-0.032098267,-0.019402335,0.133633654,-0.092705251,0.032136267,-0.002353250,-0.326972796,0.061196946,-0.223172566,1.237885835,-0.660306391,-0.435714066,-0.017672036,0.273536820,1.333837760,0.593260645
-0.000294214,0.066700773,0.796933174,-0.000445107,0.011818248,-0.001254357,0.999929276,-0.041349763,0.048661319,-0.013621912,0.112807180,-0.097648806,-0.062643211,-0.063330846,-0.033646752,-0.019632762,0.132211431,-0.091317422,0.033579682,-0.001940286,-0.321039357,0.062996319,-0.226284252,1.227534083,-0.668990380,-0.435262935,-0.016569420,0.273708519,1.328975083,0.598999977
-0.000577297,0.067585186,0.796949799,-0.000363541,0.011779400,-0.001415923,0.999929552,-0.042195014,0.046876485,-0.013769929,0.114018426,-0.097916636,-0.061139546,-0.063313889,-0.035307178,-0.019884377,0.131339369,-0.090347242,0.035051744,-0.001108135,-0.315216531,0.064207926,-0.228512687,1.217298895,-0.681645249,-0.433551146,-0.017142031,0.273539517,1.322226987,0.605498298
-0.000846807,0.068388773,0.796969005,-0.000274420,0.011676827,-0.001518783,0.999930632,-0.042665302,0.045198696,-0.013828976,0.114750661,-0.097951871,-0.059763484,-0.063092473,-0.036843744,-0.020326115,0.130441585,-0.089418770,0.036383556,-0.000460036,-0.309446422,0.065221793,-0.227497960,1.207298909,-0.698761987,-0.431567026,-0.017175612,0.272783863,1.314873369,0.613264390
-0.001117364,0.069096599,0.796993980,-0.000199876,0.011506664,-0.001504763,0.999932644,-0.042731590,0.043777132,-0.013725254,0.114855927,-0.097634063,-0.058541525,-0.062449602,-0.037862979,-0.020988550,0.129062757,-0.088290070,0.037246977,-0.000112008,-0.303410378,0.067066868,-0.226965187,1.196176269,-0.716505640,-0.427812004,-0.017310132,0.270604020,1.303636810,0.624448701
-0.001417210,0.069713730,0.797031734,-0.000178546,0.011271935,-0.001392541,0.999935484,-0.042719600,0.042700869,-0.013486609,0.114907351,-0.097215450,-0.057504612,-0.061433779,-0.038205772,-0.021682846,0.127195195,-0.086910108,0.037544226,0.000054696,-0.297773992,0.069183400,-0.226756789,1.185007845,-0.734669649,-0.419100783,-0.019431552,0.269920148,1.281273993,0.639053068
-0.001756900,0.070384052,0.797068913,-0.000033919,0.010969489,-0.001182180,0.999939134,-0.042709301,0.041246487,-0.013268278,0.114753249,-0.096485204,-0.057022517,-0.060549839,-0.039580953,-0.022407900,0.126099670,-0.086066198,0.038586742,-0.000044845,-0.294784975,0.068827540,-0.222067882,1.177854837,-0.754032093,-0.404631651,-0.024624345,0.272210453,1.246728590,0.658041613
-0.002097452,0.071179226,0.797105173,0.000313095,0.010548699,-0.000886541,0.999943919,-0.042341737,0.038971080,-0.013283703,0.113949425,-0.095240310,-0.057140043,-0.060083230,-0.042390772,-0.023192729,0.126753638,-0.086329722,0.040612482,-0.000454024,-0.295527862,0.064400520,-0.213862937,1.175679030,-0.770956561,-0.385038003,-0.032185545,0.276053468,1.205217625,0.682048487
-0.002394548,0.071922980,0.797150253,0.000648831,0.009965931,-0.000580100,0.999949960,-0.041446253,0.036830546,-0.013599657,0.113094038,-0.094093093,-0.057441686,-0.059583780,-0.044674407,-0.023935728,0.128015384,-0.086828743,0.042136746,-0.000892357,-0.294314647,0.059372303,-0.206324759,1.168998817,-0.791497237,-0.361690472,-0.039747144,0.280044930,1.160696505,0.708563958
-0.002689704,0.072516586,0.797203671,0.000880107,0.009347856,-0.000399222,0.999955841,-0.040319208,0.035283300,-0.013945133,0.112276831,-0.093128670,-0.057969208,-0.058517793,-0.046098989,-0.024436225,0.127882315,-0.086417879,0.043051340,-0.000777508,-0.282424926,0.057216931,-0.204003470,1.142108052,-0.826599281,-0.340685943,-0.044905507,0.281404289,1.117398945,0.738972494
-0.002981104,0.072974955,0.797262233,0.001047769,0.008809559,-0.000359746,0.999960581,-0.039131613,0.034217237,-0.014123078,0.111275555,-0.092201933,-0.058772523,-0.057113960,-0.047100988,-0.024710968,0.126449065,-0.085231245,0.043732115,-0.000660889,-0.263928141,0.059285749,-0.206091791,1.102412115,-0.868595538,-0.321955773,-0.049294909,0.283619181,1.074849109,0.771878588
-0.003188353,0.073361748,0.797319128,0.001185989,0.008334125,-0.000443511,0.999964469,-0.037797703,0.033421528,-0.014087754,0.110148725,-0.091431052,-0.059736974,-0.055619944,-0.047951891,-0.024814711,0.124673505,-0.083952237,0.044339360,-0.000533689,-0.243311113,0.064118349,-0.213608922,1.058071221,-0.908832628,-0.302486798,-0.054398502,0.288927024,1.031001313,0.805173163
-0.003288361,0.073768581,0.797362931,0.001316486,0.007890768,-0.000645110,0.999967793,-0.036394401,0.032716692,-0.013864006,0.109197167,-0.091003685,-0.060656490,-0.054489895,-0.048766980,-0.024809799,0.123518931,-0.083015607,0.044916509,-0.000070265,-0.222314736,0.069051117,-0.222628306,1.012913937,-0.948589056,-0.281706891,-0.062130322,0.297049466,0.986269806,0.838477132
-0.003432065,0.074256110,0.797392322,0.001475684,0.007573876,-0.000914595,0.999969811,-0.035497245,0.031956902,-0.013573619,0.108702556,-0.090824190,-0.061506958,-0.054944323,-0.049444266,-0.024815941,0.124097224,-0.082413206,0.045263679,0.000306621,-0.202201669,0.073253068,-0.229968665,0.968549045,-0.990516042,-0.265559113,-0.072560018,0.307104323,0.949848477,0.869600215
-0.003725806,0.074800253,0.797426634,0.001650164,0.007340270,-0.001236488,0.999970934,-0.035211777,0.030944140,-0.013323747,0.108566513,-0.090629369,-0.062462159,-0.057293614,-0.049796997,-0.024873455,0.126736466,-0.082034577,0.045093946,0.000228776,-0.185590809,0.075257286,-0.234814678,0.929075623,-1.030671564,-0.258284467,-0.083940207,0.317050210,0.927584257,0.897257591
-0.003864194,0.075297459,0.797465167,0.001949337,0.006761728,-0.001686157,0.999973818,-0.033527995,0.029364084,-0.012859394,0.108013948,-0.090456319,-0.063579503,-0.057751651,-0.050822126,-0.024680608,0.128931926,-0.082458088,0.045412175,0.000413023,-0.171195702,0.076184295,-0.239730697,0.893520208,-1.062153339,-0.244713366,-0.094004872,0.325818647,0.895223421,0.924077844
-0.003746083,0.075762853,0.797521711,0.002452187,0.005905575,-0.002230218,0.999977068,-0.030082397,0.026670606,-0.012251062,0.106133568,-0.089892726,-0.065163543,-0.056483058,-0.053420276,-0.024333664,0.130735685,-0.083940812,0.046901359,0.000929558,-0.154662165,0.079310956,-0.247917610,0.855071180,-1.084049234,-0.221949096,-0.105086717,0.334418770,0.848218664,0.953416536
-0.003576243,0.076079937,0.797556719,0.002805273,0.005228272,-0.002821797,0.999978416,-0.027603577,0.025189357,-0.011633523,0.104933654,-0.089568483,-0.066800386,-0.055296689,-0.055168633,-0.023909882,0.131766322,-0.084942791,0.047969257,0.001574898,-0.137659371,0.084905966,-0.256179674,0.814145464,-1.106856851,-0.196602584,-0.116937873,0.344187112,0.795594244,0.985723352
-0.003480334,0.076213170,0.797594349,0.002912535,0.004823219,-0.003445212,0.999978192,-0.026073130,0.024798766,-0.011006605,0.104545468,-0.089711649,-0.068136508,-0.054514567,-0.055778125,-0.023479676,0.131963184,-0.084917798,0.048335580,0.002570283,-0.123728331,0.091888231,-0.262871938,0.775547810,-1.134186364,-0.172492859,-0.127266926,0.353549394,0.745424240,1.016683423
-0.003497124,0.076120330,0.797581007,0.002699556,0.004694775,-0.004058060,0.999977102,-0.026792976,0.026832867,-0.010449073,0.106281814,-0.090712839,-0.069439536,-0.054192737,-0.054603572,-0.023119358,0.130603410,-0.083298084,0.047746243,0.003710051,-0.113892224,0.102632770,-0.273670005,0.738970782,-1.164267516,-0.151716670,-0.134518568,0.361859857,0.701536751,1.042828063
-0.003448369,0.076062453,0.797612268,0.002451266,0.004391356,-0.004648789,0.999976548,-0.026594772,0.028096006,-0.009932014,0.107617497,-0.091678922,-0.070467554,-0.052673490,-0.053267534,-0.022729515,0.128357854,-0.081530526,0.046892937,0.004674001,-0.100939402,0.110095557,-0.282769666,0.700680718,-1.193771659,-0.133368724,-0.140794629,0.369572781,0.659949747,1.066259839
-0.003372210,0.076274708,0.797654257,0.002624230,0.004099978,-0.005191547,0.999974675,-0.025830224,0.026686902,-0.009566128,0.107486196,-0.091565685,-0.071093247,-0.051981253,-0.054000081,-0.022385120,0.127983065,-0.081307086,0.047202613,0.005756011,-0.085564274,0.112453621,-0.289368793,0.660415082,-1.215509250,-0.117446107,-0.147259092,0.375555296,0.620086743,1.085881710
-0.003367073,0.076503453,0.797712570,0.003015468,0.003892220,-0.005667092,0.999971820,-0.024899943,0.023597196,-0.009364937,0.106382904,-0.090672488,-0.071236969,-0.052326642,-0.055962682,-0.022155533,0.129579004,-0.082520109,0.048212851,0.006442830,-0.069827742,0.115841282,-0.296372154,0.618614145,-1.228100297,-0.106160609,-0.151355115,0.379519496,0.585683017,1.099157885
-0.003401681,0.076357838,0.797702331,0.002879536,0.003427592,-0.006210599,0.999970694,-0.022958760,0.024486316,-0.008332289,0.105496066,-0.090752770,-0.070679495,-0.050928707,-0.054907583,-0.021685798,0.128684672,-0.081769211,0.047589327,0.006572932,-0.053938737,0.124586082,-0.304099799,0.576161760,-1.239521112,-0.100583092,-0.149879511,0.381983382,0.560182051,1.104676501
-0.003427346,0.076155825,0.797725150,0.002553094,0.003044002,-0.006723421,0.999969505,-0.021360098,0.026056843,-0.007127140,0.105043829,-0.091151793,-0.070614118,-0.049515816,-0.053743857,-0.021146248,0.126885989,-0.080220138,0.046947138,0.006446105,-0.039497433,0.134584656,-0.312980323,0.533537675,-1.251948697,-0.093936894,-0.150203532,0.387220891,0.532716880,1.109735271
-0.003523031,0.076030613,0.797713120,0.002279613,0.003045401,-0.007060088,0.999967842,-0.022266179,0.028090495,-0.006521025,0.106791878,-0.092115364,-0.071356307,-0.049236652,-0.052838141,-0.020913553,0.125371616,-0.078440465,0.046629980,0.006383504,-0.028806325,0.139570882,-0.321452401,0.495851568,-1.261331881,-0.086231463,-0.148830681,0.392263773,0.503508914,1.117183331
-0.003670172,0.075969541,0.797713113,0.002206738,0.003148103,-0.007315647,0.999965850,-0.023225491,0.028753810,-0.006147614,0.107938465,-0.092604458,-0.072341654,-0.050170009,-0.053417558,-0.020838519,0.125555948,-0.077567935,0.047263663,0.006537964,-0.020573097,0.141728394,-0.329126438,0.463090760,-1.269628099,-0.079883048,-0.144911223,0.394613232,0.476437915,1.119362368
-0.003729361,0.075860489,0.797731218,0.002150604,0.003100112,-0.007507380,0.999964701,-0.023147061,0.029073673,-0.005886325,0.107931068,-0.092587762,-0.072755511,-0.050279370,-0.053506733,-0.020849137,0.125491475,-0.076839339,0.047411144,0.006660435,-0.010568768,0.147921375,-0.336429006,0.428566377,-1.280507336,-0.073682857,-0.142427009,0.395681152,0.451360078,1.115971159
-0.003659855,0.075768372,0.797763630,0.002152699,0.002984225,-0.007616339,0.999964225,-0.022773529,0.028955767,-0.005690292,0.107412739,-0.092096107,-0.073114941,-0.049833891,-0.053288468,-0.020928516,0.125046642,-0.076401004,0.047103972,0.006651478,0.002336218,0.157361130,-0.345778757,0.390271412,-1.288744900,-0.066112858,-0.144265298,0.399521167,0.426556321,1.110975620
-0.003454066,0.075928786,0.797792869,0.002383488,0.002930871,-0.007657044,0.999963549,-0.022711920,0.027764752,-0.005500661,0.106864164,-0.091283047,-0.073774351,-0.049759371,-0.053690666,-0.021034020,0.125490472,-0.077060987,0.047024502,0.007121860,0.016351622,0.163543363,-0.357794201,0.348071413,-1.292397513,-0.055510932,-0.151048683,0.406274075,0.399886525,1.110164767
-0.003256180,0.076176452,0.797792206,0.002682443,0.002967604,-0.007669986,0.999962584,-0.022638694,0.026505624,-0.005409313,0.106300315,-0.090793376,-0.074395179,-0.049863376,-0.054658183,-0.021072325,0.126131679,-0.078467040,0.047510888,0.008041366,0.028890725,0.167344681,-0.369888525,0.304186976,-1.295331204,-0.046117750,-0.159077218,0.411601190,0.369829427,1.116856987
-0.003152274,0.076292550,0.797771667,0.002841169,0.002986886,-0.007674979,0.999962050,-0.022474938,0.025986394,-0.005340425,0.105924248,-0.090665841,-0.074521829,-0.049878019,-0.055195302,-0.021082074,0.126486390,-0.079398440,0.047881843,0.008193726,0.037986350,0.174244083,-0.379172475,0.266132607,-1.293358601,-0.040158854,-0.168118011,0.417368120,0.340191814,1.120336848
-0.003136770,0.076341683,0.797757907,0.002911986,0.002913323,-0.007684222,0.999961992,-0.022186441,0.025807050,-0.005234959,0.105762273,-0.090663653,-0.074447917,-0.049759501,-0.055409430,-0.021079184,0.126702079,-0.079813830,0.048037550,0.007805349,0.043714909,0.180968369,-0.385980906,0.235398355,-1.285365721,-0.037142867,-0.177069187,0.423717631,0.313635129,1.114805439
-0.003113154,0.076374490,0.797761061,0.003024697,0.002632099,-0.007717206,0.999962183,-0.021419295,0.025488460,-0.005076120,0.105685143,-0.090658601,-0.075037641,-0.049242329,-0.055703342,-0.021040755,0.127121960,-0.080266789,0.048136136,0.007169243,0.047654448,0.184036930,-0.389491643,0.212965783,-1.273805829,-0.034191929,-0.184362832,0.429655926,0.289120901,1.106637669
-0.002997228,0.076281877,0.797776102,0.003148546,0.002191145,-0.007770108,0.999962455,-0.020118489,0.025265752,-0.004915997,0.105681006,-0.090799468,-0.076418041,-0.048165046,-0.055883944,-0.021000625,0.127696710,-0.080944440,0.048073418,0.006210097,0.053945005,0.189945317,-0.391739651,0.192587483,-1.262858722,-0.030056012,-0.189826697,0.434713308,0.265740748,1.099389149
-0.002914551,0.076052254,0.797776634,0.003241571,0.001993082,-0.007807786,0.999962278,-0.019553606,0.025286256,-0.004822145,0.105765465,-0.090969837,-0.077472006,-0.047730556,-0.055846024,-0.021002481,0.128265657,-0.081757503,0.047885835,0.004869031,0.059386483,0.200801840,-0.393660879,0.165954372,-1.248758674,-0.026121345,-0.194375790,0.440152482,0.242459190,1.087254648
-0.002843498,0.075834822,0.797761082,0.003318135,0.002046412,-0.007808488,0.999961914,-0.019645488,0.025346282,-0.004795141,0.105839169,-0.091078690,-0.077985446,-0.047913486,-0.055776678,-0.021048887,0.128768499,-0.082580840,0.047715048,0.003744626,0.066606734,0.213617006,-0.395986899,0.131331725,-1.231326208,-0.024095257,-0.197855664,0.444256687,0.223845099,1.069189469
-0.002756856,0.075713674,0.797747493,0.003390091,0.002180380,-0.007782081,0.999961595,-0.019913351,0.025294994,-0.004771431,0.105820441,-0.091102973,-0.078233087,-0.048300025,-0.055839654,-0.021108096,0.129199921,-0.083279758,0.047669257,0.003283033,0.076524921,0.226612878,-0.400982668,0.092168591,-1.212507739,-0.024881134,-0.201151155,0.446924082,0.211000759,1.048509493
-0.002701553,0.075625844,0.797735527,0.003445915,0.002306188,-0.007748646,0.999961382,-0.020132481,0.025239092,-0.004719660,0.105739364,-0.091067816,-0.078410971,-0.048719600,-0.055955034,-0.021211094,0.129667355,-0.083785521,0.047687842,0.002984594,0.083908161,0.238232957,-0.407571906,0.056792606,-1.191009397,-0.026541202,-0.204845440,0.450765490,0.198687888,1.028216747
-0.002677736,0.075556730,0.797725683,0.003463360,0.002429821,-0.007701999,0.999961389,-0.020373607,0.025265588,-0.004665038,0.105714227,-0.091068990,-0.078373256,-0.049124382,-0.056025105,-0.021371554,0.130068904,-0.084086279,0.047728128,0.002647816,0.087423769,0.246687099,-0.413695488,0.027284654,-1.167778263,-0.027648681,-0.208735167,0.455506662,0.185725441,1.008023124
-0.002648729,0.075466822,0.797708476,0.003417384,0.002551744,-0.007651201,0.999961634,-0.020634114,0.025512942,-0.004605808,0.105830754,-0.091218495,-0.077943339,-0.049408030,-0.055884373,-0.021570000,0.130270955,-0.084245563,0.047687962,0.002224882,0.091870007,0.255262460,-0.419503112,-0.001191499,-1.144076999,-0.028668604,-0.211424170,0.459397682,0.173170834,0.985437630
-0.002639887,0.075343722,0.797681795,0.003324895,0.002687164,-0.007611550,0.999961894,-0.020952483,0.025992286,-0.004519021,0.106044274,-0.091484318,-0.077153166,-0.049658280,-0.055530313,-0.021779086,0.130305791,-0.084301549,0.047551571,0.001700756,0.098436016,0.265351782,-0.424788338,-0.030405779,-1.119641518,-0.031331654,-0.212977597,0.463166987,0.162059039,0.957771352
-0.002688145,0.075204140,0.797657052,0.003223398,0.002821828,-0.007584536,0.999962060,-0.021255721,0.026475199,-0.004437688,0.106182774,-0.091688503,-0.076264550,-0.049944386,-0.055118090,-0.021973900,0.130356121,-0.084359155,0.047366552,0.001086746,0.106374230,0.278007113,-0.431358244,-0.061977748,-1.094800022,-0.037554774,-0.213640803,0.467836116,0.154113958,0.925804748
-0.002693637,0.075139845,0.797637797,0.003149108,0.002938063,-0.007554177,0.999962192,-0.021364658,0.026318087,-0.004496698,0.106160879,-0.091828075,-0.075049192,-0.050060814,-0.054929767,-0.022159867,0.130427470,-0.084545839,0.047287089,0.000613277,0.116801562,0.289759241,-0.439558349,-0.095491930,-1.073954427,-0.045020619,-0.214709414,0.473449509,0.147872967,0.891427967
-0.002602126,0.075212574,0.797653048,0.003264787,0.003000740,-0.007484238,0.999962161,-0.021178350,0.024576725,-0.004887042,0.105769323,-0.091582476,-0.073611295,-0.049989009,-0.055420450,-0.022358679,0.130875993,-0.085162995,0.047477261,0.000037772,0.126902885,0.298062842,-0.448739154,-0.124730393,-1.054551300,-0.049938279,-0.217599821,0.479923354,0.139232986,0.857915288
-0.002458543,0.075145301,0.797638822,0.003200245,0.003119262,-0.007501225,0.999961879,-0.021223857,0.024265930,-0.004941142,0.105797779,-0.091800216,-0.072208998,-0.050002639,-0.055295481,-0.022379447,0.131035452,-0.085549594,0.047453438,-0.000695882,0.136136818,0.306766164,-0.457985049,-0.154067339,-1.025731118,-0.053008001,-0.222011755,0.486304751,0.130834750,0.823854211
-0.002160825,0.074790939,0.797529875,0.002806367,0.003558862,-0.007666868,0.999960338,-0.022197416,0.027266056,-0.004194043,0.107040043,-0.093383484,-0.071125948,-0.050569290,-0.053723758,-0.022065886,0.130547835,-0.085518315,0.046880011,-0.001612472,0.156834647,0.322509659,-0.462603346,-0.200520214,-0.988852582,-0.054515495,-0.222970459,0.491337783,0.121954713,0.783640171
-0.001775391,0.074425298,0.797460389,0.002575082,0.004008783,-0.007815582,0.999958107,-0.023220315,0.029262884,-0.003612508,0.108358270,-0.094897179,-0.070809850,-0.051255404,-0.052600332,-0.021772788,0.130708295,-0.086093851,0.046365455,-0.002858826,0.185920743,0.340439207,-0.460506564,-0.248118146,-0.955505218,-0.053360005,-0.222184236,0.492637853,0.112709660,0.739057487
-0.001484344,0.074201596,0.797458788,0.002639692,0.003989117,-0.007911025,0.999957266,-0.022846005,0.029282421,-0.003311508,0.108593504,-0.095358162,-0.071747635,-0.051043101,-0.052510631,-0.021579998,0.131393269,-0.086986462,0.046148449,-0.003572214,0.205106474,0.350980974,-0.458778981,-0.267486688,-0.924091474,-0.049562985,-0.223235522,0.491368840,0.103094219,0.695985117
-0.001249134,0.074095955,0.797531458,0.003030006,0.003562597,-0.007997624,0.999957082,-0.020685562,0.027157757,-0.003070854,0.106807992,-0.094417510,-0.073669226,-0.050037387,-0.053489288,-0.021377596,0.132602785,-0.088300457,0.046223443,-0.003458881,0.214170130,0.355677318,-0.458013215,-0.263416064,-0.885961561,-0.042367388,-0.224146117,0.487152714,0.092639812,0.654740789
-0.001170891,0.074031926,0.797631104,0.003463427,0.003155492,-0.008053477,0.999956594,-0.018905064,0.024772825,-0.002921988,0.104951178,-0.093008920,-0.075774052,-0.049183007,-0.054594465,-0.021200521,0.133635656,-0.089305317,0.046334463,-0.003368816,0.218512194,0.355543943,-0.456195322,-0.248241477,-0.846237797,-0.037949139,-0.224074636,0.483398376,0.087567656,0.617721113
-0.001279607,0.073850316,0.797666613,0.003563928,0.002943667,-0.008087257,0.999956614,-0.019070686,0.025501314,-0.002928741,0.105367650,-0.092685211,-0.078649967,-0.048773177,-0.054460978,-0.021107460,0.133359413,-0.089015067,0.046050168,-0.003631716,0.217188372,0.350612804,-0.452752087,-0.225993388,-0.812155368,-0.034949751,-0.223337093,0.480863960,0.087866867,0.586009534
-0.001391222,0.073636299,0.797694530,0.003566327,0.002744030,-0.008138486,0.999956757,-0.019056307,0.027287715,-0.002951521,0.105839142,-0.092735343,-0.082340388,-0.048237707,-0.054010541,-0.021012736,0.132484060,-0.088253354,0.045658300,-0.003754475,0.212583282,0.341446059,-0.448470488,-0.200650662,-0.779766272,-0.032356441,-0.221867185,0.479385253,0.092724166,0.559186847
-0.001406545,0.073472473,0.797748579,0.003717597,0.002529805,-0.008200863,0.999956262,-0.018276688,0.027767750,-0.002998580,0.105097933,-0.092202217,-0.085671929,-0.047643292,-0.054067234,-0.020946525,0.132064770,-0.087974311,0.045426172,-0.003616479,0.208075931,0.332147879,-0.444529374,-0.176273623,-0.747367690,-0.031523138,-0.218549588,0.480554486,0.103232271,0.532172403
-0.001339384,0.073288589,0.797800194,0.003864085,0.002428724,-0.008284875,0.999955264,-0.017467520,0.027681959,-0.003098937,0.103897702,-0.091454912,-0.087893001,-0.047279181,-0.054166832,-0.020953291,0.131877762,-0.087936995,0.045208197,-0.003265984,0.206467356,0.326407767,-0.442159140,-0.155447696,-0.719497972,-0.033123546,-0.213341361,0.485150063,0.119282875,0.502245719
-0.001246298,0.073089298,0.797835447,0.003947803,0.002459907,-0.008399782,0.999953903,-0.017146155,0.027726658,-0.003189650,0.103128194,-0.090997939,-0.089397212,-0.047296665,-0.054095461,-0.021005751,0.131784882,-0.087918033,0.044961317,-0.002692182,0.205478177,0.322188431,-0.440802332,-0.134634044,-0.692933574,-0.037232584,-0.208083957,0.490446386,0.136988490,0.473993130
-0.001163425,0.072914049,0.797855416,0.003996194,0.002535952,-0.008532950,0.999952393,-0.017180137,0.027813227,-0.003207087,0.102935627,-0.090899612,-0.090455792,-0.047527850,-0.053966946,-0.021083682,0.131886435,-0.087982367,0.044743546,-0.001984609,0.202243832,0.317386649,-0.441369534,-0.111906609,-0.659811423,-0.042979979,-0.203792936,0.495854399,0.154973625,0.446513966
-0.001099435,0.072782555,0.797867648,0.004015236,0.002576983,-0.008659533,0.999951124,-0.017080016,0.027700024,-0.003128581,0.102898178,-0.091007085,-0.090891280,-0.047684259,-0.053828793,-0.021138859,0.131954819,-0.087952108,0.044550548,-0.001309907,0.194914539,0.311665699,-0.445394490,-0.086700747,-0.613825933,-0.049202276,-0.199285542,0.502812587,0.174686549,0.416748192
-0.000987268,0.072659539,0.797876255,0.004046104,0.002455879,-0.008814096,0.999949953,-0.016086583,0.027132326,-0.002863269,0.102209430,-0.091006899,-0.090328993,-0.047442801,-0.053693307,-0.021065708,0.131970932,-0.087909568,0.044360985,-0.000786658,0.185457263,0.307183080,-0.450826527,-0.062555806,-0.558266114,-0.054370895,-0.191599018,0.509133466,0.197818804,0.381895637
-0.000762089,0.072423807,0.797884391,0.004020783,0.002288481,-0.008987856,0.999948906,-0.014743684,0.026851548,-0.002487903,0.101386694,-0.090992220,-0.089648079,-0.046817604,-0.053441323,-0.020848119,0.132069049,-0.088154727,0.044120627,-0.000287086,0.183718334,0.310450158,-0.450824448,-0.051403303,-0.513579875,-0.055615353,-0.181099323,0.506584545,0.226081164,0.334707266
-0.000629207,0.072164301,0.797847498,0.003820822,0.002443845,-0.009069634,0.999948584,-0.015852584,0.028465449,-0.002389215,0.102970096,-0.091935426,-0.089945325,-0.046941470,-0.052600633,-0.020799719,0.131638052,-0.087921219,0.043734396,-0.000141312,0.179887507,0.315409217,-0.453262578,-0.043917672,-0.474066482,-0.059560139,-0.172024225,0.505273687,0.256976797,0.286617904
-0.000630288,0.072068765,0.797828254,0.003667602,0.002665587,-0.009097946,0.999948334,-0.017124731,0.029414228,-0.002371599,0.104436374,-0.092753844,-0.090287829,-0.047308058,-0.052121069,-0.020805891,0.131127914,-0.087527150,0.043544619,0.000070670,0.169803025,0.317449597,-0.459192692,-0.030453541,-0.436278076,-0.068413305,-0.167225521,0.507169977,0.287428207,0.246237600
-0.000608686,0.072035036,0.797817657,0.003569130,0.002782125,-0.009109089,0.999948271,-0.017700914,0.029723304,-0.002279972,0.105146227,-0.093228201,-0.089946870,-0.047261588,-0.051717922,-0.020820437,0.130658277,-0.087397965,0.043345373,0.000351084,0.156851834,0.319221793,-0.465924841,-0.012474821,-0.401865243,-0.076081120,-0.166078811,0.509662864,0.310316700,0.211640189
-0.000524694,0.071953558,0.797806041,0.003331656,0.002740496,-0.009094572,0.999949338,-0.017753233,0.030296412,-0.002154558,0.105847227,-0.093894026,-0.088676678,-0.046033424,-0.050632022,-0.020813717,0.129010977,-0.086878228,0.042764773,0.000602833,0.142193345,0.321540568,-0.472744343,0.009452914,-0.365545802,-0.081798298,-0.166507954,0.512188845,0.329080203,0.177091478
-0.000536334,0.071771243,0.797811613,0.003064789,0.002550413,-0.009042429,0.999951167,-0.017464772,0.031171100,-0.002124593,0.106556880,-0.094460323,-0.087634837,-0.044027492,-0.049495122,-0.020747811,0.126291283,-0.085469354,0.042243357,0.000174255,0.120259120,0.322183100,-0.478873448,0.048895496,-0.328069208,-0.088424017,-0.165917750,0.516517097,0.348191645,0.141278328
-0.000701744,0.071666508,0.797827885,0.003041395,0.002514185,-0.008929542,0.999952345,-0.017708927,0.031265251,-0.002250146,0.106748754,-0.094259648,-0.088046921,-0.044384385,-0.050144545,-0.020783783,0.126313145,-0.084675546,0.042869554,-0.000529267,0.091247987,0.318786111,-0.485650224,0.105125099,-0.292438284,-0.096240443,-0.165170317,0.521583166,0.368221259,0.109056502
-0.000801206,0.071696302,0.797835015,0.003047434,0.002636795,-0.008741498,0.999953672,-0.018171378,0.031235768,-0.002578384,0.106820286,-0.094144681,-0.088314300,-0.045207548,-0.050647066,-0.020906265,0.127023126,-0.084588710,0.043329276,-0.000690315,0.065738106,0.314914370,-0.495250753,0.150146073,-0.260209501,-0.103937722,-0.165340798,0.524352669,0.389347492,0.084689439
-0.000755694,0.071750978,0.797804948,0.002928124,0.002859492,-0.008503910,0.999955465,-0.018507129,0.031684050,-0.003041117,0.106975081,-0.094617070,-0.087431189,-0.045710878,-0.050436735,-0.021095413,0.127285460,-0.084860978,0.043355297,-0.000686033,0.046144615,0.315256033,-0.507336830,0.177707008,-0.226953706,-0.112771325,-0.165531900,0.526811616,0.411793775,0.062048904
-0.000646381,0.071806719,0.797738172,0.002711719,0.003115588,-0.008239245,0.999957526,-0.018585909,0.032588672,-0.003557561,0.107165469,-0.095534024,-0.085536950,-0.045927384,-0.049805995,-0.021380190,0.127101560,-0.085084698,0.043214102,-0.000878532,0.029277350,0.318284775,-0.520639155,0.197396151,-0.191794106,-0.123379507,-0.166342501,0.531127171,0.435293206,0.032150374
-0.000445220,0.071927405,0.797695573,0.002537842,0.003343152,-0.008010127,0.999959109,-0.018958973,0.032821060,-0.003764793,0.107425290,-0.096036233,-0.083317524,-0.045857548,-0.049426829,-0.021604944,0.126644723,-0.085155958,0.043194894,-0.001069899,0.015997089,0.321281180,-0.534861585,0.215915905,-0.158603817,-0.132278940,-0.167485356,0.537707101,0.461500199,-0.004106997
-0.000102541,0.072133739,0.797664274,0.002426375,0.003590406,-0.007832867,0.999959933,-0.019571347,0.032474941,-0.003754367,0.107806314,-0.096372447,-0.081114749,-0.045762198,-0.049381277,-0.021715667,0.126278015,-0.085344847,0.043363602,-0.000968611,0.005259058,0.322606746,-0.549198613,0.234832798,-0.130998962,-0.138957652,-0.171120102,0.546001558,0.485859760,-0.038097015
0.000386050,0.072409909,0.797618653,0.002375711,0.003938800,-0.007694210,0.999959820,-0.020149747,0.032038125,-0.003789135,0.108277278,-0.097061108,-0.079201950,-0.046010924,-0.049610444,-0.021789029,0.126557075,-0.086324527,0.043685095,-0.000182755,-0.004724095,0.327000772,-0.567378041,0.249374551,-0.103353056,-0.143888739,-0.179917595,0.555456665,0.502016365,-0.062563062
0.000850428,0.072652548,0.797552512,0.002316813,0.004318540,-0.007606230,0.999959063,-0.020748678,0.031886690,-0.003875087,0.108933079,-0.098046635,-0.077338265,-0.046596758,-0.049711474,-0.021842367,0.127383946,-0.087662441,0.043935457,0.000761927,-0.015079835,0.333534129,-0.586313217,0.261197503,-0.071061585,-0.150597967,-0.187969523,0.564617203,0.516365411,-0.078716505
0.001126463,0.072802446,0.797488711,0.002177965,0.004623003,-0.007574226,0.999958257,-0.021318256,0.032159021,-0.003961875,0.109707428,-0.099035690,-0.075247415,-0.047091082,-0.049458192,-0.021872813,0.127925234,-0.088446642,0.044017692,0.001099939,-0.027204448,0.337071561,-0.601626722,0.277762739,-0.035619533,-0.161744290,-0.189599772,0.571901833,0.537216696,-0.094091691
0.001300670,0.073093966,0.797447192,0.002054959,0.004864125,-0.007597357,0.999957198,-0.021730652,0.032122144,-0.003979575,0.110315955,-0.099786872,-0.073359487,-0.047289526,-0.049499349,-0.021859383,0.127878743,-0.088638058,0.044313285,0.001927453,-0.039793848,0.332395454,-0.613995673,0.303579104,-0.006209568,-0.175919558,-0.190959021,0.577322919,0.565555710,-0.110070150
0.001344312,0.073832220,0.797441494,0.002094806,0.005029509,-0.007651663,0.999955883,-0.022073995,0.031002500,-0.003921025,0.110539111,-0.100018421,-0.072133741,-0.047681541,-0.050400539,-0.021769589,0.127890652,-0.088547312,0.045066941,0.004901899,-0.054227061,0.319667659,-0.626315666,0.336833061,0.014161965,-0.193953640,-0.201140516,0.579854476,0.601353805,-0.122150334
0.001137217,0.074682869,0.797444311,0.002133215,0.005406656,-0.007771630,0.999952909,-0.023189018,0.029699015,-0.003686953,0.110683148,-0.099933768,-0.070644877,-0.049626057,-0.051002428,-0.021499701,0.128972359,-0.088403171,0.045477492,0.008870391,-0.073602956,0.306350706,-0.640721446,0.373347865,0.033552934,-0.218274265,-0.215004881,0.582359421,0.641240205,-0.130797004
0.000966558,0.074953903,0.797385197,0.001934407,0.005936317,-0.007922937,0.999949121,-0.024812202,0.029931002,-0.003333787,0.111346473,-0.100425748,-0.067840144,-0.052498807,-0.049759264,-0.021119987,0.130853888,-0.088466635,0.044632732,0.010515095,-0.093329241,0.303872946,-0.655227653,0.405175166,0.058569000,-0.241992192,-0.220439361,0.591436555,0.675277002,-0.143024794
0.001276843,0.074795345,0.797331549,0.001787483,0.005811122,-0.007921314,0.999950143,-0.024245439,0.030505216,-0.003305597,0.111992626,-0.101298784,-0.066248373,-0.050920488,-0.049810205,-0.021194056,0.130017919,-0.088970064,0.045025759,0.009200810,-0.107979910,0.313678484,-0.667253403,0.430192500,0.085849394,-0.255850655,-0.219997754,0.606090630,0.701727732,-0.166838910
0.001799105,0.074677110,0.797316518,0.001788113,0.005544846,-0.007829904,0.999952374,-0.023021162,0.030285410,-0.003424017,0.112238305,-0.102059789,-0.066140452,-0.048206294,-0.050608945,-0.021386632,0.128196522,-0.089389437,0.045927542,0.007941102,-0.122680115,0.319264849,-0.676095123,0.456576941,0.100618519,-0.260150955,-0.219822841,0.619537704,0.723476209,-0.200010035
0.002082579,0.074604269,0.797321873,0.001799830,0.005752886,-0.007759779,0.999951724,-0.023073546,0.029268035,-0.003501605,0.112153791,-0.102320122,-0.065030590,-0.047804880,-0.050919118,-0.021387639,0.127616414,-0.089722484,0.046209112,0.007063225,-0.140660955,0.318671265,-0.684005926,0.487788248,0.102644276,-0.269078961,-0.217133354,0.631680871,0.746786984,-0.227728929
0.002312274,0.074470595,0.797296021,0.001678653,0.005905564,-0.007689337,0.999951589,-0.022784691,0.029162122,-0.003546272,0.111790290,-0.102595931,-0.063153748,-0.047627986,-0.050529059,-0.021264562,0.127274532,-0.089899752,0.046069150,0.006251692,-0.157674532,0.316279301,-0.695500012,0.519768879,0.107287199,-0.283230959,-0.212361343,0.644943741,0.772739250,-0.247809541
0.002609546,0.074167760,0.797247629,0.001393195,0.005901512,-0.007606774,0.999952683,-0.021788646,0.030435915,-0.003510514,0.111373842,-0.103199876,-0.061358276,-0.046746768,-0.049416346,-0.021086722,0.126357542,-0.089784731,0.045581530,0.004852475,-0.174003186,0.318641983,-0.711547810,0.549622758,0.124690685,-0.299023826,-0.206393470,0.661168627,0.799348359,-0.266911657
0.002886107,0.073891140,0.797177983,0.001030433,0.006192710,-0.007464528,0.999952434,-0.022989194,0.032740668,-0.003518435,0.113143942,-0.104475018,-0.060327979,-0.046438753,-0.048032057,-0.021076941,0.124941056,-0.089305040,0.045055700,0.003605564,-0.191318461,0.320457599,-0.731018491,0.577868972,0.152693665,-0.314545963,-0.199737846,0.676912659,0.826299559,-0.287535328
0.003135980,0.073818831,0.797128413,0.000745967,0.006630882,-0.007301492,0.999951080,-0.024741045,0.034219580,-0.003474339,0.115384003,-0.105907345,-0.059867669,-0.046396399,-0.047185093,-0.021219855,0.123640136,-0.088932984,0.044811472,0.003123803,-0.208544613,0.315123434,-0.748339074,0.609023202,0.178851191,-0.328566185,-0.192559157,0.689454716,0.853247401,-0.306161891
0.003393774,0.073829257,0.797101849,0.000596626,0.006914508,-0.007153166,0.999950332,-0.025417782,0.034712694,-0.003402423,0.116272548,-0.106699256,-0.059254519,-0.046146680,-0.046806066,-0.021424083,0.122781440,-0.088872474,0.044734095,0.002757703,-0.224593340,0.305257909,-0.762118596,0.643689728,0.196705790,-0.341880306,-0.185811335,0.702513275,0.878105736,-0.323022839
0.003630335,0.073863181,0.797084496,0.000497232,0.007168625,-0.007018015,0.999949554,-0.025715564,0.034875378,-0.003377228,0.116517354,-0.107110285,-0.058444923,-0.046001757,-0.046617533,-0.021656064,0.122239646,-0.088927450,0.044731338,0.002262982,-0.240809796,0.293611026,-0.774406574,0.679948087,0.207877251,-0.355001455,-0.179631028,0.717906206,0.900846806,-0.340319953
0.003777713,0.073923773,0.797065055,0.000431254,0.007572597,-0.006907333,0.999947378,-0.026530374,0.034973165,-0.003379816,0.116820429,-0.107394454,-0.057650416,-0.046394694,-0.046557318,-0.021880008,0.121944602,-0.089039618,0.044802671,0.001802485,-0.260359119,0.281908317,-0.788192868,0.717000049,0.217869988,-0.368794376,-0.172412161,0.733106264,0.925218529,-0.357028897
0.003806598,0.074007208,0.797038120,0.000399643,0.008193961,-0.006822503,0.999943075,-0.028263390,0.035014928,-0.003388031,0.117366562,-0.107584441,-0.056907961,-0.047680906,-0.046630126,-0.022103529,0.121967694,-0.089164618,0.044956008,0.001572147,-0.284839501,0.271065055,-0.805281528,0.753728727,0.229230992,-0.383644465,-0.162236907,0.744616020,0.954698237,-0.369462297
0.003916540,0.074108152,0.797017254,0.000394214,0.008722217,-0.006766779,0.999938987,-0.029619717,0.034838867,-0.003437521,0.117882685,-0.107881409,-0.056194664,-0.048830424,-0.046874210,-0.022362168,0.122375653,-0.089569876,0.045209313,0.001503394,-0.305252046,0.261037374,-0.823083102,0.787495631,0.242345997,-0.397950308,-0.150271365,0.752781028,0.986966798,-0.375156801
0.004201001,0.074295849,0.797010512,0.000501401,0.008975473,-0.006728321,0.999936958,-0.029604517,0.033881421,-0.003561954,0.117433472,-0.107964375,-0.055632085,-0.049350146,-0.047563888,-0.022661948,0.123296239,-0.090507175,0.045636502,0.001572030,-0.320875250,0.251772144,-0.841142913,0.819057437,0.255414624,-0.409287528,-0.141214356,0.760782944,1.015589597,-0.381387338
0.004675370,0.074632782,0.797032057,0.000742327,0.008965270,-0.006691969,0.999937143,-0.028013266,0.032017595,-0.003754941,0.115690139,-0.107647988,-0.055253800,-0.048812023,-0.048512039,-0.022992984,0.124274856,-0.091904756,0.046039269,0.002214958,-0.335201999,0.242219472,-0.862513398,0.851786546,0.266415523,-0.414017447,-0.140228339,0.771206189,1.033568948,-0.392305083
0.005231967,0.074894304,0.797038531,0.000716144,0.008861490,-0.006635020,0.999938467,-0.027064420,0.031748653,-0.004036581,0.115451054,-0.108089492,-0.055088763,-0.047015627,-0.047919051,-0.023346089,0.123306847,-0.092485790,0.045499112,0.003180913,-0.351080883,0.232983221,-0.891054239,0.886014385,0.277347120,-0.413189590,-0.145680198,0.783092039,1.039625483,-0.404951648
0.005677655,0.075003335,0.797046280,0.000558237,0.008704872,-0.006591522,0.999940231,-0.026244693,0.032255254,-0.004291497,0.115997225,-0.109027727,-0.054850439,-0.044356125,-0.046240296,-0.023599089,0.120630653,-0.092031933,0.044254375,0.003560477,-0.367239852,0.225020461,-0.923092948,0.917414626,0.289196975,-0.412711315,-0.148017954,0.792842515,1.042961101,-0.416016449
0.005812033,0.075196770,0.797059718,0.000915378,0.008963847,-0.006581562,0.999937745,-0.026328118,0.030607709,-0.004350924,0.114624031,-0.108224382,-0.055922083,-0.046699398,-0.048866777,-0.023797883,0.123958497,-0.093674612,0.045922079,0.003500578,-0.377324513,0.220738792,-0.944087532,0.931956589,0.296713527,-0.415733604,-0.145549231,0.799840563,1.048760523,-0.425842764
0.005889206,0.075195380,0.797010734,0.000953420,0.009210838,-0.006514798,0.999935902,-0.027873889,0.031396287,-0.004548815,0.116137155,-0.108787194,-0.056829677,-0.048032097,-0.049175922,-0.023999146,0.125755365,-0.094682877,0.046268619,0.003077800,-0.381015834,0.220629562,-0.956197515,0.934093484,0.300672506,-0.419182207,-0.141595078,0.805885007,1.055163927,-0.437892808
0.006060012,0.075085894,0.796991719,0.000639640,0.008978074,-0.006412041,0.999938934,-0.028009784,0.032748691,-0.004754056,0.118391963,-0.110358960,-0.056283434,-0.045977848,-0.047045301,-0.024080171,0.123675041,-0.094056204,0.044888121,0.002616259,-0.382938937,0.219880329,-0.965054659,0.936279960,0.305129718,-0.422058760,-0.137964958,0.813209723,1.061007189,-0.452032137
0.006162984,0.075195674,0.796992367,0.000780076,0.008878437,-0.006325487,0.999940275,-0.027474088,0.031727387,-0.004763511,0.118093477,-0.110383293,-0.056099340,-0.046254500,-0.047908355,-0.024111029,0.124755250,-0.094662062,0.045369137,0.002188870,-0.386405827,0.216851679,-0.974139145,0.941678294,0.310229971,-0.425448908,-0.135788817,0.822776478,1.065719205,-0.467035637
0.006193856,0.075409323,0.797012537,0.001264660,0.009016679,-0.006223385,0.999939183,-0.026632374,0.029274011,-0.004708722,0.115648607,-0.108961481,-0.056679390,-0.048506116,-0.050848396,-0.024153227,0.129178189,-0.097069274,0.047151198,0.001703566,-0.391127087,0.212778104,-0.983433423,0.948169853,0.315266928,-0.428328329,-0.133700855,0.830583703,1.070372161,-0.480001655
0.006204303,0.075387494,0.796985782,0.001244952,0.009206521,-0.006064573,0.999938454,-0.027824496,0.030205677,-0.004890453,0.116304298,-0.108961450,-0.057365508,-0.049304848,-0.051058118,-0.024243925,0.129876477,-0.097477415,0.047448889,0.001266847,-0.396103047,0.209270253,-0.991474466,0.954167867,0.319336597,-0.430052890,-0.130286830,0.834092959,1.076047493,-0.488846750
0.006251644,0.075305747,0.796973630,0.001012525,0.009217021,-0.005918961,0.999939492,-0.028406179,0.031614396,-0.005106722,0.117530108,-0.109655408,-0.057568404,-0.048121671,-0.049873127,-0.024260364,0.127669680,-0.096445586,0.046827015,0.000958379,-0.400303362,0.206186665,-0.998059237,0.960260960,0.321677743,-0.431346033,-0.126377032,0.835898188,1.082383065,-0.496806349
0.006347244,0.075243882,0.796976493,0.000771557,0.009015118,-0.005801389,0.999942236,-0.027970147,0.032555032,-0.005300297,0.118142998,-0.110242304,-0.056945166,-0.045883710,-0.048267261,-0.024243007,0.124567306,-0.095083514,0.045843767,0.000723885,-0.403916573,0.203300755,-1.003628987,0.966964681,0.322409740,-0.433151054,-0.123414387,0.840293001,1.087857795,-0.505621616
0.006393873,0.075274588,0.796972658,0.000749591,0.009007173,-0.005734805,0.999942709,-0.027970811,0.032448507,-0.005375271,0.118269235,-0.110348725,-0.056642646,-0.045754675,-0.048405592,-0.024264442,0.124199471,-0.094823826,0.045995281,0.000513558,-0.407495592,0.200476379,-1.008327647,0.973748961,0.321804961,-0.435432782,-0.121935138,0.847094549,1.092180459,-0.517018002
0.006415595,0.075351686,0.796960290,0.000900664,0.009159299,-0.005717967,0.999941299,-0.028393147,0.031847682,-0.005359581,0.118297859,-0.110271050,-0.057016300,-0.047043938,-0.049554105,-0.024339464,0.126070131,-0.095724446,0.046795140,0.000432096,-0.410804355,0.197809757,-1.012495831,0.979679983,0.321055500,-0.436796155,-0.120395080,0.852271033,1.096432811,-0.528170714
0.006491640,0.075374021,0.796959941,0.000955767,0.009192708,-0.005719675,0.999940931,-0.028437581,0.031643540,-0.005339634,0.118286202,-0.110317337,-0.057292840,-0.047348632,-0.049975171,-0.024414111,0.126785634,-0.096234068,0.047081438,0.000496304,-0.414099305,0.195202891,-1.016367281,0.985422335,0.321988438,-0.437381602,-0.118439954,0.855377406,1.100773127,-0.535665639
0.006586537,0.075379741,0.796961898,0.000962772,0.009187467,-0.005731872,0.999940903,-0.028142132,0.031646588,-0.005307191,0.117950461,-0.110264804,-0.057343812,-0.047014405,-0.050062189,-0.024482255,0.126410813,-0.096174855,0.047162696,0.000555526,-0.417174449,0.192447797,-1.018589620,0.991642135,0.322831619,-0.438007812,-0.116935269,0.858134855,1.104898363,-0.542015870
0.006694511,0.075393841,0.796964291,0.000970781,0.009184543,-0.005755866,0.999940784,-0.027715004,0.031656643,-0.005246406,0.117415829,-0.110139281,-0.057339947,-0.046567712,-0.050145588,-0.024557650,0.125820373,-0.096010591,0.047249627,0.000598439,-0.419558419,0.190063369,-1.019969770,0.997999631,0.322371610,-0.438736105,-0.116355343,0.862462528,1.108400113,-0.549895610
0.006824222,0.075418854,0.796963425,0.000990012,0.009183398,-0.005793174,0.999940560,-0.027384644,0.031578450,-0.005146042,0.117110895,-0.110157888,-0.057347159,-0.046338161,-0.050277059,-0.024634570,0.125673107,-0.096090349,0.047351560,0.000625421,-0.421656812,0.188351080,-1.021989570,1.004018569,0.322105940,-0.439414834,-0.116424440,0.868009031,1.111147993,-0.557756345
0.006964545,0.075452845,0.796957296,0.001028321,0.009160622,-0.005838199,0.999940469,-0.027200731,0.031363724,-0.005002130,0.117219581,-0.110395491,-0.057420659,-0.046355486,-0.050447673,-0.024709252,0.126178712,-0.096534793,0.047437023,0.000653262,-0.423786304,0.187119955,-1.024765921,1.009302551,0.323593959,-0.439668313,-0.116596510,0.872165779,1.113842511,-0.563019399
0.007112900,0.075499495,0.796948449,0.001092511,0.009097143,-0.005872972,0.999940777,-0.026966454,0.031014980,-0.004868373,0.117455498,-0.110720282,-0.057533610,-0.046436299,-0.050675983,-0.024792610,0.127181689,-0.097322291,0.047514026,0.000708056,-0.425723972,0.186259757,-1.029521555,1.013690827,0.326142872,-0.439585175,-0.116668942,0.875104565,1.116502491,-0.564820089
0.007261562,0.075531590,0.796939931,0.001154478,0.009022373,-0.005888939,0.999941290,-0.026637099,0.030718453,-0.004785376,0.117541962,-0.110968550,-0.057649811,-0.046448717,-0.050894432,-0.024874892,0.128135932,-0.098104598,0.047586043,0.000753376,-0.427492330,0.185336342,-1.034443327,1.017778919,0.328424950,-0.439432350,-0.116854536,0.877895883,1.119033703,-0.565030173
0.007400582,0.075526567,0.796929865,0.001178348,0.008957944,-0.005891897,0.999941824,-0.026389308,0.030670316,-0.004726811,0.117709637,-0.111243779,-0.057767488,-0.046360386,-0.050998922,-0.024907327,0.128742347,-0.098666160,0.047639388,0.000699081,-0.429070918,0.184329349,-1.038594631,1.022026739,0.329580035,-0.439412573,-0.117231593,0.880444139,1.121642455,-0.566047296
0.007529294,0.075507283,0.796919037,0.001172832,0.008910486,-0.005877284,0.999942341,-0.026260383,0.030740226,-0.004683037,0.118025544,-0.111593103,-0.057829254,-0.046193959,-0.051015777,-0.024869645,0.129020687,-0.099017339,0.047677333,0.000557280,-0.430437757,0.182904810,-1.040692978,1.026559599,0.328641059,-0.439276512,-0.116823692,0.881002508,1.124865771,-0.565829310
0.007633973,0.075497562,0.796910239,0.001164418,0.008869327,-0.005839179,0.999942940,-0.026184202,0.030779151,-0.004657916,0.118331662,-0.111904916,-0.057849111,-0.045986694,-0.051006595,-0.024785366,0.129113808,-0.099240835,0.047693959,0.000381180,-0.431659518,0.181111205,-1.041037910,1.031196171,0.327428253,-0.439332669,-0.116096677,0.880807921,1.128432811,-0.563223223
0.007723610,0.075492557,0.796904706,0.001156566,0.008812530,-0.005806602,0.999943641,-0.026032705,0.030818701,-0.004575038,0.118518874,-0.112128772,-0.057870796,-0.045682172,-0.050952648,-0.024682221,0.129090798,-0.099409787,0.047666892,0.000069631,-0.432670446,0.179735285,-1.042274549,1.035375911,0.327567551,-0.439476331,-0.116087823,0.881740179,1.131391509,-0.562175917
0.007816257,0.075489920,0.796903890,0.001152082,0.008750119,-0.005808657,0.999944182,-0.025786123,0.030875231,-0.004435430,0.118517510,-0.112246814,-0.057989246,-0.045304172,-0.050912913,-0.024589162,0.128935850,-0.099516609,0.047642896,-0.000250586,-0.433945022,0.178965104,-1.045157653,1.038760011,0.328158272,-0.439150357,-0.116225332,0.881831991,1.133837237,-0.563335317
0.007910237,0.075486244,0.796904835,0.001148304,0.008698495,-0.005858010,0.999944349,-0.025516969,0.031010158,-0.004266452,0.118405820,-0.112311534,-0.058199419,-0.044924832,-0.050864873,-0.024495327,0.128627298,-0.099508356,0.047624494,-0.000484283,-0.435166916,0.178200346,-1.047660522,1.041821451,0.327327110,-0.438468352,-0.115929009,0.880437827,1.136243963,-0.564085979
0.008003450,0.075482388,0.796908600,0.001133771,0.008657532,-0.005962928,0.999944101,-0.025222881,0.031162990,-0.004064883,0.118283356,-0.112405333,-0.058365847,-0.044558154,-0.050794986,-0.024364771,0.128210474,-0.099400580,0.047611013,-0.000628136,-0.436268466,0.177211511,-1.049421350,1.044891247,0.326868078,-0.437850826,-0.115144221,0.878452915,1.138895231,-0.561858477
0.008099183,0.075495016,0.796916172,0.001126026,0.008575689,-0.006122050,0.999943853,-0.024542297,0.030977706,-0.003801278,0.117843375,-0.112428966,-0.058222796,-0.044062120,-0.050805311,-0.024156073,0.127808173,-0.099316077,0.047635535,-0.000747160,-0.436909503,0.176148381,-1.050132720,1.047705101,0.328814824,-0.437512741,-0.114508505,0.877914036,1.141394370,-0.557591120
0.008217792,0.075568830,0.796942064,0.001240204,0.008354302,-0.006315018,0.999944392,-0.022856529,0.029817725,-0.003481936,0.116179492,-0.111922136,-0.057687610,-0.043289918,-0.051204560,-0.023855455,0.127675325,-0.099500559,0.047788308,-0.000928786,-0.436940110,0.174755674,-1.049381008,1.050420531,0.330773229,-0.437301263,-0.113969071,0.879005311,1.143279197,-0.553173710
0.008286391,0.075593171,0.796957725,0.001272185,0.008289563,-0.006494615,0.999943741,-0.022067960,0.029366044,-0.003196162,0.115262374,-0.111587382,-0.057375212,-0.042836279,-0.051348286,-0.023549804,0.127309573,-0.099445701,0.047852537,-0.001171011,-0.437202086,0.172963063,-1.048000232,1.053792135,0.330013808,-0.437226084,-0.112866833,0.878186616,1.145811141,-0.547310709
0.008281481,0.075517252,0.796928670,0.001101306,0.008484442,-0.006655421,0.999941252,-0.023478094,0.030788828,-0.002977864,0.116995476,-0.112394467,-0.057801392,-0.043001454,-0.050698278,-0.023274095,0.126226715,-0.098668073,0.047645525,-0.001413144,-0.438501226,0.171563243,-1.048732076,1.056984777,0.328167538,-0.437567288,-0.111731656,0.876353302,1.148965941,-0.544321917
0.008299032,0.075460291,0.796919781,0.000978865,0.008613928,-0.006819913,0.999939164,-0.024395720,0.031660118,-0.002725216,0.118376190,-0.113196290,-0.058320784,-0.043013295,-0.050259106,-0.022959418,0.125276520,-0.098021615,0.047505722,-0.001662747,-0.440107207,0.170367582,-1.050818781,1.059443761,0.327847046,-0.437927836,-0.110847998,0.875397177,1.152048093,-0.543670385
0.008343671,0.075453282,0.796929899,0.000977442,0.008640106,-0.006976438,0.999937859,-0.024388326,0.031415522,-0.002463768,0.118395012,-0.113276501,-0.058463497,-0.042879147,-0.050317015,-0.022652306,0.124844672,-0.097813573,0.047540827,-0.002030661,-0.441076668,0.169017887,-1.051960400,1.061716241,0.328576012,-0.438002886,-0.110187555,0.874723473,1.154516010,-0.544969913
0.008403390,0.075508152,0.796965542,0.001092197,0.008630378,-0.007121940,0.999936799,-0.023921322,0.030096842,-0.002224107,0.117564489,-0.112793143,-0.058059079,-0.042611131,-0.050693263,-0.022379393,0.124753572,-0.097985044,0.047644878,-0.002577229,-0.440978553,0.167528881,-1.051209166,1.063859176,0.328280282,-0.437611481,-0.109565296,0.874978620,1.155840338,-0.547107789
0.008481364,0.075469002,0.796980880,0.001032439,0.008588679,-0.007274920,0.999936120,-0.023462674,0.029990337,-0.002027113,0.117198230,-0.112703467,-0.057557772,-0.041748286,-0.050167229,-0.022065305,0.123661863,-0.097653852,0.047257128,-0.003200903,-0.441077503,0.166694052,-1.052230819,1.065175608,0.328412085,-0.436798336,-0.107974175,0.874966636,1.156152894,-0.545847608
0.008561451,0.075305235,0.796956585,0.000723656,0.008544853,-0.007453507,0.999935451,-0.023230223,0.032073350,-0.001913155,0.117841131,-0.113481557,-0.057502519,-0.040268833,-0.048343090,-0.021674485,0.120898021,-0.096224679,0.046215098,-0.003585063,-0.441443894,0.166358825,-1.054777777,1.065889146,0.329096318,-0.435930873,-0.105457621,0.873549579,1.156111284,-0.538591594
0.008588395,0.075268447,0.796951441,0.000689787,0.008737607,-0.007691317,0.999932009,-0.023558470,0.032801586,-0.001718432,0.117985118,-0.113767484,-0.058316300,-0.040813178,-0.048356102,-0.021265185,0.120471519,-0.095699468,0.046314386,-0.003699337,-0.442275782,0.166259909,-1.058265857,1.065567614,0.330396898,-0.435647122,-0.103808891,0.872594583,1.156006204,-0.529099857
0.008589569,0.075331181,0.796951413,0.000916131,0.009081135,-0.007989406,0.999926429,-0.024099664,0.032192487,-0.001416855,0.117479246,-0.113465837,-0.059485583,-0.042810970,-0.049703535,-0.020906212,0.122569331,-0.096569139,0.047185868,-0.003687400,-0.443128320,0.166461861,-1.062126110,1.064178730,0.332713579,-0.435459736,-0.103253849,0.873563262,1.155220190,-0.522680765
0.008628810,0.075371013,0.796962291,0.001093164,0.009269081,-0.008349458,0.999921585,-0.024249126,0.031180669,-0.000987507,0.117005974,-0.113212354,-0.059887426,-0.044051635,-0.050544761,-0.020572738,0.124292240,-0.097500742,0.047609287,-0.003722615,-0.442838077,0.166195862,-1.061622452,1.062917858,0.332912091,-0.434871048,-0.102780138,0.875556335,1.154309190,-0.520039479
0.008686917,0.075450195,0.796987818,0.001328482,0.009345249,-0.008743508,0.999917223,-0.023991444,0.029432560,-0.000555165,0.116318253,-0.112823536,-0.059764188,-0.044782440,-0.051363703,-0.020246383,0.125801143,-0.098462428,0.047895872,-0.003880316,-0.442261157,0.165867637,-1.060432720,1.062218750,0.331237441,-0.434420524,-0.102596123,0.878399997,1.153622990,-0.519160680
0.008743606,0.075453486,0.796983746,0.001419694,0.009390805,-0.009156582,0.999912973,-0.023714503,0.029153590,-0.000211420,0.115970776,-0.112768670,-0.059952601,-0.045308938,-0.051606506,-0.019902951,0.126801416,-0.099024340,0.047971492,-0.003975808,-0.441660395,0.165726350,-1.059708520,1.062362042,0.327392150,-0.434031630,-0.102372274,0.880600790,1.152941996,-0.519422511
0.008769002,0.075366012,0.796953974,0.001321935,0.009474258,-0.009570614,0.999908443,-0.023760049,0.030555384,0.000044280,0.116287098,-0.113268876,-0.060692589,-0.045820431,-0.051183025,-0.019553634,0.126993138,-0.098880343,0.047818749,-0.003796917,-0.441605490,0.165713142,-1.058463444,1.063035982,0.325036312,-0.433745578,-0.101807353,0.880721713,1.152356264,-0.519264538
0.008779263,0.075334312,0.796945714,0.001309096,0.009541512,-0.009939138,0.999904225,-0.023762069,0.031129334,0.000254782,0.116374325,-0.113548279,-0.061366926,-0.046381664,-0.051108639,-0.019257807,0.127383672,-0.098873511,0.047799976,-0.003531597,-0.441635810,0.165598449,-1.057096530,1.063461130,0.326464144,-0.433682130,-0.101038981,0.879414998,1.152096380,-0.516443184
0.008795792,0.075352853,0.796946577,0.001393528,0.009535119,-0.010220864,0.999901332,-0.023567775,0.030850614,0.000452966,0.116090915,-0.113474662,-0.061880641,-0.046929897,-0.051450638,-0.019042122,0.128354465,-0.099331548,0.047934877,-0.003318748,-0.441576234,0.165432570,-1.057009682,1.063612696,0.328410403,-0.434003068,-0.100368402,0.878157916,1.152091194,-0.511278552
0.008820927,0.075362712,0.796949795,0.001461151,0.009464864,-0.010433830,0.999899703,-0.023267987,0.030588121,0.000703253,0.115948582,-0.113462510,-0.062232278,-0.047148648,-0.051608799,-0.018873281,0.129216943,-0.099835093,0.047932508,-0.003149711,-0.441342649,0.165482540,-1.057540062,1.063836652,0.328816669,-0.434421152,-0.099682844,0.877078346,1.152056974,-0.506575869
0.008873938,0.075332214,0.796951609,0.001415789,0.009265655,-0.010581882,0.999900078,-0.022758088,0.030706647,0.000989623,0.116141059,-0.113718649,-0.062208576,-0.046410813,-0.051052873,-0.018767230,0.128992109,-0.099923914,0.047475278,-0.003031501,-0.440740045,0.165711070,-1.057799376,1.064372074,0.327926245,-0.434699735,-0.098984340,0.876184011,1.151801788,-0.503347014
0.008943824,0.075280988,0.796953245,0.001286012,0.008997265,-0.010674505,0.999901720,-0.022121116,0.031129354,0.001263503,0.116593862,-0.114179421,-0.061830981,-0.044871377,-0.049944124,-0.018720938,0.127662465,-0.099522182,0.046682306,-0.003011808,-0.439716212,0.165864842,-1.056839880,1.064966850,0.326651232,-0.434462135,-0.098129401,0.874920590,1.151453700,-0.500580421
0.008948770,0.075324373,0.796947078,0.001373184,0.009005182,-0.010732212,0.999900915,-0.022315800,0.030773332,0.001513849,0.116717627,-0.114184540,-0.062165495,-0.045571189,-0.050704436,-0.018710006,0.128692864,-0.099953929,0.047188339,-0.003036086,-0.438906533,0.165805573,-1.054972640,1.065013950,0.325302526,-0.434564372,-0.097408715,0.873636646,1.151091170,-0.496041133
0.008940753,0.075379456,0.796938635,0.001502026,0.009058023,-0.010719647,0.999900388,-0.022528808,0.030406808,0.001513321,0.116743186,-0.114141719,-0.062607246,-0.046282124,-0.051364511,-0.018757402,0.130000388,-0.100681768,0.047620202,-0.003087732,-0.438420398,0.165700258,-1.053650748,1.065023368,0.324258172,-0.434891343,-0.096912520,0.872964414,1.150631816,-0.490393159
0.008991228,0.075356632,0.796947365,0.001409387,0.008856211,-0.010651708,0.999903056,-0.021919078,0.030526442,0.001325872,0.116715004,-0.114315103,-0.062225195,-0.045039789,-0.050615985,-0.018819566,0.128910335,-0.100412459,0.047078767,-0.003134853,-0.437708694,0.165565198,-1.052350224,1.065365800,0.323600649,-0.434595268,-0.096696868,0.873583678,1.149861804,-0.486461998
0.009028872,0.075408622,0.796967380,0.001488009,0.008690876,-0.010577549,0.999905180,-0.020865176,0.029718567,0.001164403,0.115610775,-0.113869314,-0.061856354,-0.044367562,-0.050867407,-0.018862473,0.128592060,-0.100424224,0.047135365,-0.003176077,-0.436903025,0.165230506,-1.050629136,1.065589744,0.323391232,-0.434001819,-0.096982411,0.875292582,1.148941578,-0.485266436
0.009035815,0.075527727,0.796995277,0.001779833,0.008642051,-0.010495522,0.999905991,-0.019729738,0.027987140,0.001087536,0.113655707,-0.112816918,-0.061898953,-0.044862685,-0.052344667,-0.018929926,0.130297439,-0.101505590,0.047940741,-0.003234093,-0.436254420,0.164893644,-1.049104628,1.065816328,0.321846677,-0.433899026,-0.097314268,0.876456497,1.148248082,-0.484684388
0.009022362,0.075454026,0.796970699,0.001661998,0.008612352,-0.010362945,0.999907833,-0.020448130,0.028934313,0.000899139,0.114706714,-0.113214567,-0.061927041,-0.044530896,-0.051648848,-0.019137407,0.129871676,-0.101430487,0.047563836,-0.003453136,-0.436268792,0.165215026,-1.048518350,1.066806790,0.314847040,-0.434171299,-0.096982720,0.876455425,1.147813370,-0.483024900
0.009008181,0.075363440,0.796963011,0.001440225,0.008564099,-0.010250852,0.999909747,-0.021005129,0.030056971,0.000738980,0.116438420,-0.114225682,-0.061875967,-0.043449501,-0.050424047,-0.019365526,0.128168701,-0.100571635,0.046847057,-0.003637512,-0.436424668,0.165663120,-1.048904378,1.068005870,0.305032445,-0.434393752,-0.096499248,0.876582061,1.147538668,-0.481431862
0.009003277,0.075482399,0.796978181,0.001638560,0.008607494,-0.010205153,0.999909536,-0.020661693,0.028837783,0.000735949,0.115528311,-0.113720169,-0.062037455,-0.044311658,-0.051817745,-0.019539528,0.129532763,-0.101178047,0.047737915,-0.003276590,-0.435849200,0.165133184,-1.048492626,1.066916130,0.308611590,-0.434749757,-0.096689371,0.877153574,1.147044712,-0.480093986
0.008976361,0.075548708,0.796977044,0.001758273,0.008762481,-0.010153108,0.999908517,-0.020878834,0.028361300,0.000654888,0.114930300,-0.113187676,-0.062141141,-0.045240274,-0.052749998,-0.019685278,0.130720798,-0.101729086,0.048391637,-0.003047868,-0.435198234,0.164747246,-1.047585162,1.065555330,0.316780878,-0.435210514,-0.096792232,0.877754088,1.146371578,-0.478088861
0.008899251,0.075484528,0.796946602,0.001621399,0.009042627,-0.010095364,0.999906838,-0.022471160,0.029468789,0.000504398,0.116264725,-0.113666321,-0.062199697,-0.046280286,-0.052172326,-0.019718288,0.130685946,-0.101286590,0.048127464,-0.002989000,-0.435416210,0.164538705,-1.046698850,1.065048206,0.320952888,-0.435715210,-0.096557558,0.878090920,1.145596890,-0.475980937
0.008787015,0.075366053,0.796912525,0.001419054,0.009425541,-0.010106481,0.999903498,-0.024046241,0.030463444,0.000496258,0.117634382,-0.114368610,-0.061458396,-0.048191798,-0.050542005,-0.019448769,0.131373539,-0.100876548,0.046929074,-0.002863536,-0.436156036,0.164412452,-1.046013130,1.064933900,0.320892081,-0.436123743,-0.096012145,0.878210203,1.144954350,-0.473765164
0.008714200,0.075284064,0.796895837,0.001308134,0.009619368,-0.010074993,0.999902121,-0.024924348,0.030927369,0.000521261,0.118317978,-0.114701436,-0.060373998,-0.049743386,-0.049243702,-0.019103887,0.132520122,-0.100988355,0.045872253,-0.002821890,-0.436964404,0.164468689,-1.045936760,1.064810674,0.319790348,-0.436828409,-0.095692087,0.878509633,1.144355384,-0.471971290
0.008755601,0.075324069,0.796911673,0.001401436,0.009285370,-0.009885149,0.999907047,-0.023929181,0.030618375,0.000306895,0.117774010,-0.114251138,-0.061283642,-0.047402824,-0.050635664,-0.019245025,0.130925027,-0.100896919,0.047031579,-0.003302981,-0.436751710,0.164506538,-1.045649464,1.064748514,0.319212291,-0.436751352,-0.095625952,0.878655346,1.143964876,-0.471145314
0.008755815,0.075333642,0.796946816,0.001468774,0.009003604,-0.009694964,0.999911389,-0.023117840,0.030518021,0.000148045,0.117096451,-0.113741497,-0.062434740,-0.045482902,-0.051550455,-0.019464780,0.129074359,-0.100324619,0.047848921,-0.003757488,-0.436639686,0.164560908,-1.044722524,1.064768458,0.318899484,-0.436537555,-0.095459100,0.878269389,1.143578986,-0.471458063
0.008682856,0.075275684,0.796968209,0.001454573,0.008937771,-0.009548182,0.999913413,-0.022989795,0.030700243,0.000202258,0.116759290,-0.113399370,-0.062873127,-0.044875271,-0.051595154,-0.019758761,0.128066545,-0.099769924,0.047924380,-0.004035141,-0.436927700,0.164609806,-1.043340292,1.064841394,0.318075946,-0.436491118,-0.095016897,0.876976306,1.143426666,-0.471210110
0.008577098,0.075182134,0.796974935,0.001424778,0.008934460,-0.009399133,0.999914897,-0.023222034,0.030949369,0.000466131,0.116677182,-0.113140249,-0.062973520,-0.044886650,-0.051407170,-0.020252894,0.127701820,-0.099433590,0.047773742,-0.004208145,-0.437428326,0.164656035,-1.041891380,1.064845650,0.316409737,-0.436713773,-0.094473285,0.874824559,1.143620870,-0.469136687
0.008452044,0.075035207,0.796979946,0.001398344,0.008925181,-0.009204385,0.999916829,-0.023537859,0.031246180,0.000850505,0.116747723,-0.112914808,-0.063166591,-0.045055085,-0.051166384,-0.020959190,0.127753250,-0.099320660,0.047544039,-0.004385840,-0.438354314,0.164882848,-1.042243138,1.064815970,0.314930264,-0.437353939,-0.094064023,0.872527031,1.143782756,-0.466788432
0.008332916,0.074789801,0.796982423,0.001307008,0.008836302,-0.008918488,0.999920333,-0.023639768,0.031880509,0.001200297,0.116887567,-0.112771166,-0.063232399,-0.044631401,-0.050272283,-0.021791734,0.127256654,-0.099036836,0.046828712,-0.004576079,-0.439172837,0.164893422,-1.041807485,1.065455714,0.312387646,-0.438159066,-0.093868762,0.870869309,1.143712456,-0.464591595
0.008241855,0.074400202,0.796991050,0.001072968,0.008567118,-0.008488155,0.999926700,-0.023286931,0.033104213,0.001478334,0.117093195,-0.112757700,-0.062921713,-0.042933059,-0.048183949,-0.022762358,0.125339352,-0.098206304,0.045248842,-0.004870147,-0.439612960,0.164402413,-1.038694919,1.067313603,0.306901221,-0.438673782,-0.093716584,0.869849885,1.143282202,-0.461966470
0.008126769,0.073947615,0.796999361,0.000921608,0.008343773,-0.007891497,0.999933626,-0.023081268,0.034269270,0.001811829,0.117122263,-0.112493517,-0.063057534,-0.041878951,-0.046570215,-0.023911936,0.124379910,-0.097768063,0.043933891,-0.005179597,-0.439671551,0.164148267,-1.036058791,1.069127410,0.301042698,-0.439115995,-0.093302119,0.868290974,1.142945818,-0.456926912
0.007987189,0.073512913,0.796987925,0.001121221,0.008313402,-0.007099344,0.999939613,-0.023544831,0.034434735,0.002228007,0.116699856,-0.111617335,-0.064721523,-0.043785744,-0.047421610,-0.025266763,0.127956052,-0.099410183,0.044205236,-0.005388188,-0.437516087,0.164183523,-1.033404419,1.069414000,0.298093309,-0.440257521,-0.092755410,0.865799756,1.143029290,-0.448494266
0.007931094,0.072915122,0.796972442,0.001347535,0.008042707,-0.006014501,0.999948661,-0.023388227,0.034823668,0.002441673,0.116497204,-0.110954062,-0.066793912,-0.045160237,-0.047815763,-0.026759836,0.132763461,-0.102164996,0.044027243,-0.005785999,-0.431702764,0.164678251,-1.029352667,1.068393780,0.298380684,-0.441197203,-0.092575530,0.863122850,1.143078832,-0.440793063
0.007786832,0.072112495,0.796951045,0.001414907,0.007736638,-0.004689152,0.999958076,-0.023469131,0.035950089,0.002360709,0.116591853,-0.110355046,-0.068379679,-0.045976623,-0.046858926,-0.028261572,0.136502353,-0.104413557,0.042829539,-0.006326906,-0.429126891,0.165241084,-1.024215722,1.068531008,0.294106689,-0.442332730,-0.093029662,0.859898241,1.142907376,-0.436537395
0.007507437,0.071134791,0.796916500,0.001428401,0.007535554,-0.003177695,0.999965538,-0.023980576,0.037543713,0.001958915,0.116683506,-0.109536208,-0.069710924,-0.047048594,-0.045233255,-0.029786684,0.140027215,-0.106405291,0.041095251,-0.006874642,-0.429349863,0.165048062,-1.015975063,1.071020685,0.282159227,-0.444376996,-0.093966971,0.856260000,1.142732230,-0.434914520
0.007160284,0.069987561,0.796873329,0.001443295,0.007381817,-0.001549531,0.999970512,-0.024681909,0.039394534,0.001263074,0.116602051,-0.108487490,-0.071122835,-0.048458786,-0.043353853,-0.031391854,0.143924267,-0.108548424,0.039101236,-0.007455359,-0.430393284,0.164261729,-1.002372719,1.075491801,0.264438162,-0.447548741,-0.095603720,0.852940823,1.142250242,-0.431699772
0.006780100,0.068696865,0.796819914,0.001486201,0.007264779,0.000118840,0.999972500,-0.025474785,0.041367751,0.000403585,0.116383521,-0.107297117,-0.072761075,-0.050258895,-0.041380276,-0.033058687,0.148463195,-0.111020148,0.036937590,-0.007894403,-0.431783704,0.163683123,-0.983962728,1.081647782,0.241859979,-0.452166486,-0.099636043,0.851667760,1.140172319,-0.422333344
0.006341256,0.067157866,0.796739982,0.001627878,0.007227530,0.001767875,0.999970993,-0.026478528,0.043544656,-0.000361325,0.116043764,-0.105896712,-0.074958893,-0.053268029,-0.039265437,-0.034646629,0.155064128,-0.114496018,0.034409010,-0.007624813,-0.434182536,0.164394453,-0.962493782,1.089579154,0.212752253,-0.457886641,-0.108428847,0.853081204,1.134671982,-0.405266937
0.005799796,0.065276806,0.796615145,0.001931535,0.007315687,0.003403400,0.999965583,-0.027910711,0.045961201,-0.001013100,0.115569146,-0.104184870,-0.078015777,-0.058351309,-0.037045072,-0.036222273,0.165142311,-0.119656893,0.031357551,-0.006410300,-0.438575617,0.166411948,-0.940324330,1.097910286,0.178750446,-0.464906062,-0.120154656,0.855799772,1.127511322,-0.386324484
0.005139890,0.063105010,0.796431608,0.002440414,0.007560368,0.005112630,0.999955372,-0.030217213,0.048200825,-0.001876574,0.115391898,-0.102277947,-0.081579074,-0.065683629,-0.035043738,-0.038311584,0.178980251,-0.126716120,0.027934199,-0.004497712,-0.445880040,0.169023046,-0.920136900,1.105682212,0.143520304,-0.476219205,-0.132439969,0.862487800,1.121776211,-0.367272082
0.004342055,0.060763150,0.796180619,0.003259906,0.008055302,0.007165642,0.999936567,-0.034315149,0.049377213,-0.003134454,0.116476121,-0.100349506,-0.085067190,-0.075367870,-0.033530699,-0.041321894,0.196516120,-0.135674784,0.024179692,-0.002268814,-0.456303082,0.170496850,-0.900300079,1.113316644,0.107326619,-0.492190461,-0.144904659,0.873967673,1.117696775,-0.347437704
0.003434021,0.058177490,0.795869915,0.004248484,0.008654867,0.009811901,0.999905381,-0.039685530,0.050008706,-0.004886360,0.118259091,-0.098246433,-0.088256758,-0.086526340,-0.031873025,-0.045450852,0.216366786,-0.145890671,0.019664621,-0.000174450,-0.470765097,0.170595882,-0.878723261,1.121492443,0.065311171,-0.510977614,-0.157167482,0.887679930,1.114090259,-0.330051235
0.002581053,0.055172845,0.795428333,0.005035499,0.008753906,0.013362244,0.999859722,-0.041697233,0.054072626,-0.006996812,0.117366282,-0.095744812,-0.092032165,-0.095737364,-0.028602577,-0.050958777,0.235109282,-0.155579987,0.014020116,0.002069051,-0.488958931,0.167886122,-0.852816336,1.130536278,0.008865215,-0.528232139,-0.168497603,0.900621944,1.107816161,-0.315968748
0.001868536,0.052150958,0.794991730,0.006129955,0.008559971,0.018220543,0.999778557,-0.043650861,0.056912113,-0.010140617,0.116259257,-0.092462177,-0.097045091,-0.103918062,-0.026651022,-0.058625789,0.254319941,-0.166075136,0.008666883,0.004355078,-0.506933364,0.158908329,-0.822120532,1.138468126,-0.060356652,-0.538684433,-0.182742988,0.914889470,1.093260710,-0.306414720
0.001297266,0.049208960,0.794598279,0.007572204,0.008063177,0.024740542,0.999632709,-0.044947552,0.058227709,-0.013925789,0.113304113,-0.087254267,-0.103423861,-0.109882894,-0.025937939,-0.069417518,0.272632472,-0.177119074,0.003496771,0.006472832,-0.522334301,0.141463722,-0.787722541,1.143887643,-0.136525005,-0.544926130,-0.198609067,0.932277201,1.074025197,-0.304040065
0.000378989,0.046102912,0.794281241,0.009093024,0.007884320,0.033140358,0.999378242,-0.046832048,0.059371538,-0.016784887,0.106817088,-0.078484335,-0.110984822,-0.114813194,-0.025499348,-0.083552251,0.288004947,-0.186973707,-0.001937608,0.006805816,-0.546353244,0.119433534,-0.753068996,1.150027368,-0.220997362,-0.556692025,-0.210098415,0.952741476,1.061568963,-0.308261579
-0.001355851,0.042867153,0.794013072,0.010845777,0.008947513,0.043331648,0.998961801,-0.055133706,0.059215465,-0.018231260,0.102522512,-0.067624078,-0.121451565,-0.123352112,-0.027248742,-0.099446757,0.303093843,-0.195881731,-0.006315503,0.004388408,-0.587304175,0.096281410,-0.724453042,1.157372469,-0.317112708,-0.583279377,-0.214755771,0.976089728,1.058618511,-0.309193276
-0.003356489,0.039854076,0.793840512,0.012851755,0.010180115,0.054412469,0.998383935,-0.074295990,0.056705395,-0.017585755,0.118806179,-0.063854884,-0.141275475,-0.130776794,-0.030245164,-0.114957724,0.315861974,-0.203714867,-0.009874846,0.002394453,-0.627120190,0.067213111,-0.708670998,1.152046624,-0.407236497,-0.623576530,-0.214225982,1.010925281,1.062102450,-0.310340395
-0.005128885,0.036975128,0.793836753,0.014806973,0.011097641,0.065126505,0.997705435,-0.099434056,0.054719154,-0.013784566,0.150299674,-0.065221036,-0.176321042,-0.135180467,-0.032874059,-0.129111500,0.323668892,-0.208786541,-0.013412254,0.001468060,-0.662107755,0.033039590,-0.701498727,1.130409250,-0.483627533,-0.659985939,-0.208893739,1.058382634,1.059751592,-0.325786972
-0.006747936,0.034024523,0.793944554,0.016700614,0.012201626,0.074903562,0.996976262,-0.126493109,0.055112060,-0.004775394,0.185082785,-0.065352269,-0.224227850,-0.139462444,-0.035033260,-0.142047504,0.328190929,-0.211047709,-0.017136452,0.000976824,-0.684611853,0.007502861,-0.701268981,1.076596505,-0.558303426,-0.692190544,-0.197462698,1.109362745,1.051875889,-0.345778217
-0.008362904,0.031006554,0.794247751,0.018939136,0.013581209,0.083486568,0.996236344,-0.150831149,0.056334011,0.013528621,0.212506677,-0.056427327,-0.269711658,-0.145032546,-0.037810530,-0.153744871,0.332213583,-0.212134163,-0.021103529,-0.000545592,-0.694394935,0.000403144,-0.712501242,0.985997716,-0.648482861,-0.724254538,-0.180349491,1.162913918,1.042667277,-0.362938594
-0.010009618,0.028104587,0.794742683,0.021629417,0.015223914,0.090653092,0.995531224,-0.170965783,0.059939203,0.046235177,0.228903919,-0.031255585,-0.292998734,-0.151384080,-0.041924872,-0.164261608,0.336036261,-0.213000712,-0.024808260,-0.001601889,-0.707721852,0.000000463,-0.743358129,0.879034864,-0.747985004,-0.756035287,-0.159019064,1.217700676,1.034447767,-0.376397729
-0.011274673,0.025244873,0.795374861,0.024134425,0.016352444,0.095920791,0.994961974,-0.181038206,0.070942210,0.099290150,0.230102231,0.010215251,-0.284660860,-0.155360103,-0.045330180,-0.172364156,0.337646192,-0.212901713,-0.028212247,-0.000281020,-0.729200386,0.000059843,-0.790550912,0.769435788,-0.841916466,-0.782256510,-0.134758770,1.271548387,1.024853861,-0.394800572
-0.012036607,0.022438316,0.796295338,0.026576828,0.016736214,0.099853403,0.994506345,-0.182090498,0.086954472,0.165917151,0.220947807,0.060907606,-0.265051509,-0.155987592,-0.047976335,-0.178513858,0.336550537,-0.211740554,-0.031390137,0.000817346,-0.752985073,0.000030761,-0.836428839,0.663731252,-0.926124077,-0.799926967,-0.107047766,1.323847527,1.012897712,-0.421352428
-0.012293459,0.019817126,0.797186739,0.029054845,0.016388109,0.102875365,0.994134752,-0.175525987,0.105120501,0.237152762,0.206133759,0.114567917,-0.242929154,-0.153014798,-0.050383164,-0.183322485,0.332878710,-0.209933329,-0.034224356,-0.000644376,-0.778686041,0.000005241,-0.874768896,0.565703208,-1.003332448,-0.807386184,-0.076000108,1.375143327,0.996952117,-0.453294360
-0.012366578,0.017479420,0.797537182,0.031343530,0.016031590,0.105337431,0.993813160,-0.164521082,0.123882973,0.301931399,0.188644998,0.160929468,-0.215680868,-0.148964413,-0.052324191,-0.187224420,0.327447961,-0.207612528,-0.036698258,-0.003822970,-0.805898110,0.000000374,-0.908190005,0.470843869,-1.075446895,-0.816964251,-0.041896673,1.422744410,0.982126112,-0.481029924
-0.012579816,0.015580451,0.798163687,0.033755745,0.016315199,0.107730257,0.993472977,-0.153951792,0.137084431,0.351290503,0.170495969,0.194731734,-0.182532111,-0.146242377,-0.055254310,-0.190763874,0.321679023,-0.205034033,-0.038622696,-0.007786054,-0.831581109,0.000000705,-0.935286684,0.379357160,-1.142961758,-0.834567763,-0.010603752,1.463533769,0.969440408,-0.494979257
-0.012564388,0.014386906,0.798834510,0.036088725,0.016927824,0.110356673,0.993092371,-0.143537486,0.143586707,0.379546738,0.151338490,0.217819072,-0.155527100,-0.144272043,-0.059014088,-0.194621695,0.316904354,-0.203290139,-0.039626828,-0.010969849,-0.852274077,0.000000531,-0.960048723,0.288590661,-1.203862581,-0.852411918,-0.000421375,1.494180980,0.934101987,-0.505323827
-0.012062227,0.013747395,0.799432499,0.038291029,0.017564010,0.113151090,0.992684307,-0.131454261,0.146125739,0.392309955,0.130713736,0.237068000,-0.144965103,-0.142242079,-0.063376569,-0.199135407,0.313994018,-0.203320666,-0.039845083,-0.013662726,-0.872197511,0.000000343,-0.983617784,0.197292540,-1.260552211,-0.860506524,-0.000079814,1.518185054,0.887518261,-0.518428617
-0.011141267,0.013578445,0.800007055,0.040497968,0.018084603,0.115953155,0.992263940,-0.117574494,0.146097345,0.395420756,0.110638827,0.254859293,-0.149537813,-0.139258433,-0.068294565,-0.204569484,0.311877100,-0.204612953,-0.039481639,-0.014972928,-0.888715366,0.000000283,-1.006702365,0.105570042,-1.305850750,-0.859758444,-0.000168679,1.536217039,0.846384303,-0.532031804
-0.010075481,0.013735463,0.800545335,0.042719296,0.018584579,0.118871251,0.991816163,-0.103742664,0.144779068,0.394022644,0.094269327,0.271046388,-0.160825679,-0.136207262,-0.073807609,-0.210461128,0.310843769,-0.206849082,-0.038708181,-0.015119518,-0.902973062,0.000000268,-1.025582477,0.021374444,-1.345215394,-0.856577237,-0.000069351,1.548740541,0.815647681,-0.543741913
-0.009108324,0.014089681,0.801008595,0.044810236,0.019174047,0.122183036,0.991310095,-0.091702132,0.143217120,0.392634715,0.083564044,0.282767213,-0.169810371,-0.133907763,-0.079588580,-0.216658135,0.311029339,-0.209630337,-0.037693332,-0.014709023,-0.917946311,0.000000254,-1.039545663,-0.048452248,-1.392222315,-0.855119692,-0.000004323,1.556607251,0.791685670,-0.554361826
-0.008285123,0.014629484,0.801298206,0.046432117,0.019949914,0.126322303,0.990701133,-0.082904090,0.142593990,0.395404768,0.080655776,0.285491290,-0.170505900,-0.133054310,-0.084661202,-0.223325472,0.312635199,-0.212785105,-0.036724305,-0.014125545,-0.932432218,0.000000246,-1.048373382,-0.101982998,-1.441341386,-0.854835297,-0.000001043,1.559052864,0.770119674,-0.561411671
-0.007603837,0.015216259,0.801307391,0.047061584,0.020869126,0.131520622,0.989975764,-0.075493527,0.143662928,0.404332154,0.080169920,0.282293324,-0.167069098,-0.133413409,-0.087253817,-0.231731560,0.314941835,-0.216068737,-0.036424657,-0.014464532,-0.943338915,0.000000230,-1.053290313,-0.140435685,-1.473327780,-0.857572887,-0.000001918,1.557469803,0.744813283,-0.560085446
-0.007196113,0.015837794,0.801115550,0.046433130,0.021831284,0.138287129,0.989062197,-0.068653988,0.147252257,0.420650229,0.079750769,0.275007258,-0.157991009,-0.133712422,-0.086666974,-0.242963497,0.315659216,-0.218299130,-0.036790377,-0.015799632,-0.946262955,0.000000211,-1.057029975,-0.162565944,-1.484432269,-0.866547575,-0.000002245,1.549155366,0.718449221,-0.543397974
-0.006908025,0.016832201,0.801009359,0.045771954,0.022519423,0.147448800,0.987753337,-0.061390522,0.149855557,0.443132770,0.079359344,0.265439702,-0.141761017,-0.130721269,-0.088101488,-0.257183693,0.314590420,-0.220730330,-0.035049090,-0.017821510,-0.942669542,0.000000655,-1.057802454,-0.177301847,-1.478083917,-0.875835182,-0.000010170,1.535101197,0.704458556,-0.518663843
-0.006471285,0.018142185,0.800948361,0.045170512,0.022772503,0.159564636,0.985890544,-0.055134213,0.148924567,0.469969760,0.079975447,0.254663583,-0.122895987,-0.124660910,-0.090708762,-0.273087161,0.312592352,-0.223905035,-0.032030860,-0.020400194,-0.933408480,0.000002035,-1.052519137,-0.190109793,-1.467693476,-0.875424466,-0.000004562,1.514631811,0.704938144,-0.491101925
-0.005877371,0.019372292,0.800526913,0.042929641,0.022432971,0.175560880,0.983276251,-0.053085741,0.151047316,0.499034616,0.086015742,0.241647271,-0.109692614,-0.116368704,-0.087751562,-0.291819586,0.308759487,-0.226786207,-0.030494861,-0.023001551,-0.912657202,0.000002249,-1.042838898,-0.197179661,-1.454869985,-0.868242267,-0.000002117,1.484102429,0.712927891,-0.457189094
-0.005155017,0.020675055,0.799839394,0.039486510,0.021399537,0.195649273,0.979644955,-0.055353780,0.154992323,0.524450420,0.097992195,0.226386945,-0.103245310,-0.104743001,-0.080995798,-0.315377908,0.302899761,-0.229856418,-0.029447580,-0.025017419,-0.873359328,0.000000009,-1.029631977,-0.201111649,-1.434115542,-0.860139182,-0.000026752,1.442864925,0.727574127,-0.410780080
-0.004245776,0.022290831,0.798865540,0.035203663,0.019619195,0.220711315,0.974506185,-0.060858954,0.157352560,0.538290568,0.108603732,0.212657795,-0.109823188,-0.089231632,-0.071777981,-0.344973875,0.296222975,-0.234643278,-0.027833215,-0.026169669,-0.809434154,0.000136781,-1.014439899,-0.207399343,-1.399707817,-0.848329770,-0.000050316,1.387759253,0.756755136,-0.347955300
-0.003196755,0.024277689,0.797579974,0.030375925,0.017302629,0.251498698,0.967226099,-0.069686425,0.155676339,0.536497589,0.109946135,0.203427096,-0.127633305,-0.070368885,-0.060179344,-0.380973870,0.289404210,-0.242274762,-0.025734388,-0.026765349,-0.726865831,0.000749761,-0.997562111,-0.217321759,-1.344803595,-0.829361450,-0.000554744,1.318699485,0.802909544,-0.283914521
-0.002400010,0.026330041,0.796104242,0.025218982,0.014416512,0.288558805,0.957021412,-0.084408645,0.151008786,0.525151403,0.103026592,0.197885348,-0.139309922,-0.047074060,-0.044311827,-0.420166037,0.278064015,-0.250792144,-0.023746945,-0.029185924,-0.643852353,0.001895901,-0.975851449,-0.215376756,-1.263969709,-0.795321179,-0.009247589,1.235964904,0.826021744,-0.249195599
-0.002649963,0.027850327,0.794780427,0.019873258,0.009732615,0.333566207,0.942466931,-0.102122485,0.143245270,0.512442371,0.084177037,0.198218033,-0.136905186,-0.011020436,-0.018325441,-0.446055793,0.245833987,-0.250100133,-0.023312153,-0.040993605,-0.576784291,0.003204999,-0.932154277,-0.137982919,-1.159179863,-0.703200392,-0.072430647,1.111518664,0.751311864,-0.259216822
-0.003265702,0.029318964,0.793632769,0.015245160,0.004088707,0.384104820,0.923154567,-0.117167617,0.129134093,0.493805801,0.053803142,0.201872848,-0.124616473,0.037997796,0.014454315,-0.435730092,0.191675251,-0.238448931,-0.025295170,-0.063636295,-0.515761526,0.011266228,-0.853940864,0.001371632,-1.036094121,-0.516726729,-0.192741529,0.923331768,0.587352763,-0.257793097
-0.003018553,0.031470664,0.792220920,0.011839687,-0.001230746,0.436381471,0.899683010,-0.127265299,0.110054739,0.462907645,0.021483061,0.204237331,-0.107281574,0.094870917,0.047438365,-0.382519892,0.125165937,-0.217600058,-0.030054370,-0.093014054,-0.442177017,0.054123370,-0.738406777,0.188753353,-0.910485661,-0.273930416,-0.313017936,0.688168442,0.381928570,-0.168909426
-0.000556864,0.034570618,0.790956979,0.009777223,-0.005824132,0.485640872,0.874084337,-0.132032382,0.094043646,0.417330608,0.003070465,0.195828064,-0.092592739,0.151383940,0.074861499,-0.304886989,0.063187858,-0.193070084,-0.037037428,-0.124971379,-0.355267796,0.143845396,-0.595479519,0.416740986,-0.757954307,-0.032163672,-0.357768849,0.448337420,0.195535414,0.013481854
0.004169242,0.038369547,0.789636303,0.010433750,-0.008330717,0.527768915,0.849283056,-0.134334779,0.079848616,0.365920236,0.000000000,0.183610384,-0.085706456,0.195637381,0.085146856,-0.230554520,0.030488824,-0.183301402,-0.041901805,-0.157905598,-0.318717874,0.226945454,-0.453215391,0.657582890,-0.545591871,0.204679599,-0.305717316,0.208340999,0.022950939,0.248499430
0.009061913,0.042409603,0.788329949,0.014088540,-0.006789743,0.559276927,0.828833356,-0.138573088,0.061058373,0.323424600,0.000107596,0.180995212,-0.087375866,0.221248556,0.073061255,-0.177815219,0.029943957,-0.198794070,-0.040664163,-0.181729659,-0.373674920,0.271033479,-0.406759388,0.898805172,-0.305419988,0.433652991,-0.166788083,0.057498787,-0.096485865,0.488730079
0.011595172,0.045902632,0.787162733,0.016227819,-0.003845662,0.581635677,0.813278432,-0.147780685,0.046327266,0.288850159,0.000078377,0.184603462,-0.086358263,0.233845648,0.058942150,-0.139186828,0.036500156,-0.216389852,-0.038337859,-0.192870856,-0.440295104,0.307499791,-0.452872057,1.128141397,-0.065275325,0.604927039,-0.092997517,-0.016229977,-0.136355240,0.728924716
0.011869811,0.048392716,0.786083255,0.015137267,-0.000618695,0.596531090,0.802446970,-0.161809208,0.039837723,0.261068470,0.000020043,0.188994474,-0.078489971,0.233985424,0.052959207,-0.113300088,0.041509614,-0.227478240,-0.039433468,-0.196231885,-0.476941669,0.349428488,-0.591016822,1.293763968,0.151337400,0.684117485,-0.093305287,-0.034869254,-0.158236037,0.969058289
0.011039578,0.050117382,0.785264944,0.013017539,0.003214574,0.605688585,0.795588806,-0.175641819,0.034246918,0.241874700,0.000001204,0.191315914,-0.068105690,0.226843647,0.051323351,-0.104239233,0.044522864,-0.235987435,-0.040594353,-0.194522270,-0.485052816,0.381784722,-0.732843900,1.365756174,0.291087938,0.699270815,-0.114256036,0.002567662,-0.208298686,1.162025118
0.010147602,0.051285796,0.784774983,0.011605482,0.007470822,0.610327550,0.792028901,-0.185446479,0.027377921,0.229369043,0.000000000,0.191221585,-0.063033401,0.219826284,0.048648317,-0.109146539,0.045245541,-0.243170484,-0.039549417,-0.187421514,-0.491897187,0.390763214,-0.789568617,1.359735794,0.337473642,0.691604880,-0.124003480,0.041228014,-0.252942419,1.264728836
0.009399406,0.052239173,0.784714765,0.010895369,0.012001152,0.612054318,0.790649591,-0.191666615,0.019304542,0.219729296,0.000000177,0.188698132,-0.067673442,0.214152084,0.042846750,-0.120044636,0.044129666,-0.247924827,-0.036842304,-0.175409880,-0.510565457,0.381112455,-0.750627069,1.342417746,0.302646924,0.664850494,-0.119040511,0.049607011,-0.233781919,1.283214331
0.008658333,0.053161316,0.784750068,0.009702429,0.015949295,0.614217250,0.788916125,-0.198373256,0.012907965,0.210466847,0.000000087,0.186860875,-0.072330322,0.207296985,0.039029435,-0.127822653,0.044903851,-0.251236957,-0.033998008,-0.163229713,-0.531621325,0.361480869,-0.701440985,1.337611688,0.328397728,0.635774148,-0.112085021,0.051090929,-0.194668248,1.304368038
0.007974986,0.054068640,0.784647390,0.007790500,0.018849595,0.617777089,0.786088716,-0.206728188,0.010034867,0.202248899,0.000000012,0.187097140,-0.071891202,0.200721601,0.040356476,-0.130989447,0.046707393,-0.252896153,-0.034303913,-0.157016064,-0.553057469,0.339690853,-0.657596461,1.339384581,0.390995606,0.622612010,-0.107278060,0.057373003,-0.181892494,1.304470296
0.007243374,0.055294873,0.784424547,0.006663098,0.021273830,0.621302840,0.783253349,-0.212312790,0.006734074,0.196609492,0.000000028,0.186832573,-0.070272808,0.197430760,0.038897824,-0.131740972,0.047513669,-0.255876077,-0.033621812,-0.156308389,-0.573910425,0.326275200,-0.654820433,1.338020127,0.442992602,0.619204920,-0.101616295,0.065261904,-0.184964680,1.276130595
0.006710960,0.056839152,0.784314366,0.006278473,0.023390652,0.623666141,0.781315559,-0.214565135,0.003126379,0.193464625,0.000000136,0.185187737,-0.069584017,0.196873368,0.035475675,-0.132466309,0.046398803,-0.258158140,-0.030673133,-0.158052716,-0.592312968,0.325488066,-0.694844577,1.330996628,0.470295384,0.613917819,-0.087044204,0.062767044,-0.177849490,1.252905799
0.006627159,0.058799300,0.784369068,0.005727913,0.024656416,0.624797721,0.780376230,-0.214359335,0.001197187,0.192838948,0.000000165,0.182417581,-0.065119120,0.198541882,0.035352822,-0.133952172,0.042536150,-0.255599026,-0.029303010,-0.161331418,-0.601941786,0.329498205,-0.715286647,1.326924002,0.478115575,0.616559641,-0.071275266,0.056023316,-0.168852825,1.251631649
0.006571952,0.061274080,0.784407943,0.005312256,0.025886921,0.624692678,0.780423414,-0.213699503,-0.000632495,0.195087904,0.000000000,0.179565439,-0.058786374,0.200194268,0.034406350,-0.135103570,0.039543170,-0.253476362,-0.028435523,-0.164341773,-0.603726190,0.332936111,-0.706301986,1.327221254,0.480813176,0.629627540,-0.063485229,0.051517724,-0.174269050,1.255831098
0.006261789,0.064198927,0.784379084,0.005150327,0.027801581,0.623376212,0.781410676,-0.213606212,-0.004008544,0.199229937,0.000003921,0.176356813,-0.053748605,0.199342787,0.029120425,-0.134660926,0.040560185,-0.255813776,-0.025616073,-0.165898878,-0.601970889,0.338060480,-0.698208709,1.326626893,0.484012794,0.643779252,-0.068768464,0.051754395,-0.190739879,1.265886765
0.005718775,0.067466232,0.784393760,0.004855257,0.030125178,0.621258971,0.783010978,-0.213349747,-0.007661121,0.203059349,0.000027478,0.172104520,-0.048621008,0.197875443,0.022686843,-0.132108423,0.041558506,-0.258109204,-0.021638317,-0.166389527,-0.599284703,0.344665864,-0.696790021,1.324926073,0.486576892,0.648959333,-0.087053615,0.058431594,-0.206404883,1.281966902
0.005070373,0.071041465,0.784429493,0.004201794,0.032654121,0.618517703,0.785080827,-0.214211277,-0.011297220,0.205719426,0.000069158,0.168237188,-0.042973017,0.195992573,0.016183718,-0.127923276,0.041467565,-0.259320079,-0.017305216,-0.164643278,-0.596912986,0.349558502,-0.689270015,1.326071622,0.483667814,0.642369963,-0.099939092,0.066684745,-0.211656179,1.285259774
0.004483468,0.075188155,0.784252570,0.003361403,0.035303529,0.615592426,0.787266364,-0.218010226,-0.016166175,0.207885957,0.000042082,0.167222022,-0.035749488,0.194835427,0.010255448,-0.124153761,0.040547073,-0.261106078,-0.013325618,-0.162210897,-0.594866138,0.352905698,-0.674174360,1.330458263,0.472922563,0.637196767,-0.102428357,0.073966510,-0.210346866,1.264337344
0.003873836,0.080010094,0.783962911,0.002597165,0.038133748,0.612991206,0.789164655,-0.222970822,-0.022825081,0.211839520,0.000429939,0.165977766,-0.025465214,0.194604860,0.004062323,-0.122217624,0.040024564,-0.263628168,-0.009144990,-0.161521863,-0.593303491,0.356384866,-0.662147355,1.332679738,0.462315264,0.645496090,-0.102863613,0.082073878,-0.212694536,1.229935361
0.003403411,0.085525872,0.783845633,0.001782351,0.040443914,0.610426359,0.791037782,-0.227788088,-0.026342355,0.218896682,0.006801437,0.158706989,-0.013537584,0.195878433,-0.001380015,-0.120866418,0.039168285,-0.263385558,-0.003045861,-0.162007049,-0.592137759,0.360360562,-0.654040835,1.333400794,0.453743083,0.667458158,-0.102553339,0.091942280,-0.218824301,1.187274699
0.002905578,0.091645522,0.783992872,0.000982449,0.042220251,0.607531169,0.793172342,-0.235561535,-0.026219792,0.228794302,0.029203810,0.139921048,-0.002767684,0.199000279,-0.006973246,-0.119790694,0.036492433,-0.259124998,0.005839461,-0.162790548,-0.592044341,0.364251363,-0.644327450,1.334659014,0.443679518,0.688927826,-0.099651722,0.098952211,-0.224967804,1.143498439
0.001945138,0.098164043,0.783990353,0.000478438,0.044487196,0.604225170,0.795570616,-0.250386068,-0.027866864,0.239990580,0.069929250,0.109243198,0.006605020,0.204999147,-0.015539272,-0.120393892,0.029328803,-0.254143294,0.016991867,-0.163808278,-0.594172384,0.367821142,-0.628531374,1.336280180,0.427992693,0.694165413,-0.086186484,0.097091308,-0.223026113,1.100051836
0.000571972,0.105277799,0.783563997,0.000440613,0.046482613,0.599743871,0.798840699,-0.271154257,-0.029846515,0.252690586,0.130585521,0.064764129,0.014239934,0.218470631,-0.027033226,-0.123857441,0.012699364,-0.247694709,0.030382067,-0.163750976,-0.598571058,0.372481684,-0.609893984,1.337629659,0.409001889,0.678510848,-0.061392986,0.086569328,-0.207773853,1.059337826
-0.000963642,0.113669662,0.783044484,0.000859219,0.046308136,0.593971230,0.803151913,-0.285819417,-0.025406548,0.267290834,0.200880820,0.009701323,0.017105006,0.234098738,-0.038441143,-0.128249822,0.002408824,-0.241291368,0.043704396,-0.163613873,-0.602501589,0.378025309,-0.591648825,1.340572383,0.392394878,0.670396974,-0.055960516,0.083208816,-0.199862472,1.027765517
-0.002640508,0.123253641,0.782706530,0.001017582,0.043700725,0.587754141,0.807857835,-0.290835960,-0.016671531,0.281335566,0.267246566,-0.047017718,0.017800127,0.232750241,-0.049290692,-0.132207143,0.035661371,-0.247625389,0.052520713,-0.165440432,-0.607581602,0.385374326,-0.577323996,1.344779710,0.379851627,0.670239426,-0.064245558,0.087811956,-0.197023661,1.003066070
-0.004396375,0.133461969,0.782759022,0.001223015,0.039409189,0.581855416,0.812335949,-0.283922359,-0.008125850,0.293018023,0.315908744,-0.095170529,0.017998725,0.203462114,-0.061432056,-0.132782406,0.137315676,-0.268096607,0.059871082,-0.170644864,-0.614979626,0.395125858,-0.568517123,1.349455966,0.370105293,0.668997323,-0.072249977,0.094679196,-0.194000554,0.980071503
-0.006439429,0.143926254,0.783162203,0.003003157,0.034899444,0.576607004,0.816270404,-0.266444775,-0.007853215,0.302504189,0.342623555,-0.130828924,0.020230519,0.148685990,-0.080407338,-0.127901209,0.298639977,-0.283736287,0.071129726,-0.180122924,-0.623202932,0.406848136,-0.567614142,1.352344760,0.364590963,0.668344917,-0.079358049,0.102685629,-0.199650310,0.957351579
-0.008700917,0.154582668,0.783359136,0.006846532,0.030151074,0.572684855,0.819192343,-0.240249488,-0.017437492,0.308435023,0.352956007,-0.157090294,0.025081824,0.077035039,-0.101190354,-0.115259421,0.489048586,-0.252881916,0.082208164,-0.194649129,-0.630696850,0.419299397,-0.574517348,1.353303274,0.365436796,0.671811898,-0.086855229,0.109978151,-0.222681621,0.933720268
-0.010869664,0.165464538,0.782869220,0.011775527,0.024746977,0.570221346,0.821033825,-0.207872655,-0.031277411,0.310351458,0.354355128,-0.178534195,0.030371318,-0.001269762,-0.115056210,-0.092660574,0.672155357,-0.171931210,0.085141311,-0.212465076,-0.638572534,0.432799736,-0.580991709,1.354796751,0.364568690,0.686639550,-0.094342485,0.114254929,-0.254694007,0.911929369
-0.012817500,0.176195689,0.782286932,0.016857007,0.019488149,0.568990227,0.821940494,-0.174598565,-0.045318648,0.308382354,0.349207425,-0.194105340,0.034824557,-0.083142427,-0.117489318,-0.056453842,0.833177420,-0.079566709,0.073890540,-0.233236304,-0.650918649,0.450599624,-0.583774269,1.359960467,0.356158104,0.709937547,-0.101864440,0.118784536,-0.298545656,0.886331750
-0.014513575,0.186453179,0.782146650,0.021146143,0.015346823,0.568400373,0.822337116,-0.144424600,-0.058987149,0.303479980,0.339286224,-0.204762388,0.038965622,-0.166617825,-0.106479731,-0.013395714,0.961477465,-0.026720877,0.046273466,-0.255632253,-0.670171204,0.476517633,-0.585264415,1.368567219,0.342678199,0.734786461,-0.108238464,0.125095249,-0.354055956,0.854564905
-0.016094492,0.196470004,0.782279939,0.024491976,0.012083906,0.568071898,0.822525648,-0.115658466,-0.072156747,0.297316115,0.323649000,-0.210929612,0.042797705,-0.245024896,-0.088749114,0.018749809,1.043640919,-0.021521968,0.012802260,-0.276743066,-0.690120426,0.503719038,-0.588487212,1.374685590,0.332573733,0.759939411,-0.108933703,0.126895009,-0.397185458,0.825165542
-0.017773321,0.206500799,0.782689698,0.027285674,0.009407541,0.568283534,0.822326465,-0.086289331,-0.085946812,0.291536025,0.300455334,-0.211928304,0.046107945,-0.309837422,-0.073591849,0.026885698,1.060876450,-0.042309853,-0.016726981,-0.294655566,-0.706661600,0.525157301,-0.596741219,1.373327405,0.330335068,0.781981246,-0.103631408,0.120708832,-0.416859119,0.807519420
-0.019366229,0.216460442,0.783194332,0.029622329,0.007268775,0.569507961,0.821419725,-0.057432428,-0.098540598,0.284841851,0.274378432,-0.210312646,0.047283502,-0.360073535,-0.059814900,0.020699735,1.024248550,-0.059869362,-0.037127862,-0.310104803,-0.724176292,0.542404790,-0.609715805,1.369308669,0.329765695,0.802712767,-0.099784567,0.108953539,-0.424499518,0.792850536
-0.020508866,0.226317656,0.783683585,0.031400985,0.005479640,0.572455369,0.819316058,-0.030470535,-0.107796273,0.275863240,0.250222347,-0.208877742,0.044881680,-0.394596229,-0.041003338,0.013091201,0.941877274,-0.062596489,-0.043932312,-0.325002279,-0.743615268,0.555920957,-0.626076173,1.366272585,0.327125219,0.824172266,-0.099482168,0.099973364,-0.429063184,0.773107939
-0.021198046,0.236244322,0.783876737,0.033068031,0.004022343,0.578029513,0.815335641,-0.005895805,-0.116185809,0.263407738,0.230788815,-0.209604228,0.041446562,-0.413063075,-0.015203367,0.017043937,0.821024605,-0.047365756,-0.041306036,-0.341164247,-0.764844024,0.564751087,-0.643550594,1.364786826,0.322273477,0.842082047,-0.102252482,0.094807709,-0.427293605,0.746015184
-0.021670850,0.246263446,0.783691180,0.035045423,0.003043285,0.587379570,0.808546719,0.015946392,-0.125644880,0.244483828,0.215546913,-0.211540507,0.038991350,-0.418535630,0.010430171,0.039863290,0.673065770,-0.012521020,-0.034105853,-0.360871657,-0.787817247,0.568325944,-0.661179482,1.362885158,0.316736658,0.838666133,-0.102190373,0.090699711,-0.402289194,0.714560245
-0.021745774,0.256136318,0.783463737,0.036420085,0.001971700,0.602375163,0.797379365,0.034587496,-0.131445275,0.217358403,0.205464470,-0.214546045,0.038542614,-0.408800500,0.027568940,0.081191827,0.505274179,0.050509987,-0.024131258,-0.385820680,-0.813879911,0.566320462,-0.682536964,1.357789883,0.309955790,0.799101605,-0.088151850,0.090836011,-0.343509874,0.682139896
-0.021360374,0.266186567,0.783360613,0.036799325,0.000269995,0.623155444,0.781231739,0.048338776,-0.129535474,0.184429399,0.204733472,-0.221039601,0.039161768,-0.387251315,0.031327565,0.123034013,0.333732057,0.133850461,-0.016620391,-0.415018515,-0.843453633,0.556619748,-0.706950200,1.348866550,0.302947382,0.745476524,-0.065628517,0.092911381,-0.277491442,0.654365715
-0.020812425,0.277237547,0.783265089,0.037787419,-0.002001367,0.649992257,0.758998137,0.063366675,-0.124241143,0.145677846,0.207700479,-0.229143053,0.037791494,-0.354734574,0.015180615,0.141548011,0.176729098,0.223852298,-0.008986012,-0.446179841,-0.874474702,0.530517862,-0.727613983,1.338988181,0.292292590,0.713863915,-0.048237122,0.088955603,-0.226251242,0.612383225
-0.020187744,0.289392579,0.783243356,0.039819768,-0.004579691,0.681868698,0.730375582,0.080861080,-0.116590427,0.102649524,0.211191624,-0.237282592,0.032860548,-0.316813381,-0.015794940,0.119050299,0.056854178,0.307496816,0.010335598,-0.474077420,-0.904202771,0.481906700,-0.739929126,1.329115964,0.272027199,0.720605680,-0.039502975,0.083276538,-0.211755937,0.544052468
-0.019574264,0.301902217,0.783401404,0.041842123,-0.006900190,0.716577218,0.696217434,0.097462208,-0.105792778,0.056405705,0.214727492,-0.244734318,0.026025857,-0.286471378,-0.049528825,0.060824798,0.003066408,0.374970208,0.039612846,-0.489609636,-0.930754507,0.407716175,-0.746495557,1.317186693,0.239981220,0.747478935,-0.031630103,0.077711334,-0.236371798,0.450808055
-0.019278839,0.313939401,0.783929051,0.043016745,-0.007681749,0.751467507,0.658321453,0.109883285,-0.093096510,0.003897349,0.212499242,-0.246633807,0.017663392,-0.259769131,-0.082265680,-0.009766169,0.000270689,0.411732896,0.063585528,-0.480733681,-0.951325003,0.308490665,-0.753287791,1.292745620,0.197374086,0.765322977,-0.034816980,0.080024309,-0.295884514,0.338937647
-0.019227479,0.325103000,0.784893284,0.043197628,-0.007292194,0.783256646,0.620153058,0.119098755,-0.079610083,-0.051263509,0.203466209,-0.242734902,0.007582245,-0.225097836,-0.110757150,-0.070663601,0.001047515,0.396250241,0.076572680,-0.442710559,-0.954965564,0.196876966,-0.764062851,1.227990243,0.152186668,0.727729344,-0.051505373,0.086954974,-0.362288889,0.229801445
-0.019140949,0.334621218,0.785843103,0.041985262,-0.005608008,0.809604963,0.585444781,0.123025167,-0.066455915,-0.101068113,0.191823658,-0.236681201,-0.001726488,-0.189879153,-0.132709634,-0.118295619,0.001583960,0.334599309,0.087735825,-0.371191878,-0.934087962,0.096388457,-0.793203823,1.084384318,0.119006048,0.596802751,-0.058581618,0.080884159,-0.388258049,0.112181734
-0.018782533,0.341959207,0.786042813,0.039480090,-0.003144838,0.828805491,0.558133399,0.123476202,-0.055061434,-0.134058591,0.179799774,-0.231674741,-0.005360918,-0.168500836,-0.147507132,-0.152005703,0.009731046,0.268302786,0.100197701,-0.272796345,-0.865732356,0.052495037,-0.843835849,0.863185158,0.109679859,0.379823510,-0.073076461,0.059014539,-0.334541516,-0.009126223
-0.018122819,0.347212718,0.785994436,0.036333087,-0.000965904,0.839514539,0.542120201,0.127771815,-0.047472727,-0.139903009,0.162320657,-0.226613070,-0.001035196,-0.169177839,-0.154119123,-0.168866045,0.032378958,0.223225552,0.104070481,-0.159022270,-0.712708109,0.097399553,-0.878525266,0.623189273,0.098648198,0.139818125,-0.134480441,0.045166871,-0.187879408,-0.097164349
-0.017329458,0.352104124,0.785563102,0.033160977,0.001330539,0.840061608,0.541474905,0.141211983,-0.048815741,-0.114273193,0.134400846,-0.220057733,0.005912419,-0.192536887,-0.153128970,-0.164360441,0.071514924,0.194456538,0.093734123,-0.047454539,-0.472703080,0.231956778,-0.826180561,0.383193115,-0.007551152,-0.100186904,-0.253967655,0.080965433,0.052116281,-0.156635424
-0.017676863,0.357404965,0.784784168,0.029111580,0.004146007,0.833109083,0.552326518,0.154779987,-0.059317980,-0.073631852,0.106358687,-0.215786744,0.014208531,-0.225242161,-0.146550412,-0.146982536,0.110695413,0.173510183,0.078178624,0.053492456,-0.232698343,0.321445028,-0.680502381,0.155898891,-0.202795145,-0.340191641,-0.382582702,0.175884003,0.292112220,-0.212552292
-0.019432171,0.362510389,0.784185017,0.022079344,0.006202475,0.821844749,0.569249717,0.157602413,-0.067147049,-0.034626473,0.092463261,-0.219791224,0.021871894,-0.260647247,-0.132152575,-0.128166959,0.143156917,0.162501405,0.069686250,0.138857111,0.007306119,0.317599853,-0.475243865,-0.005991242,-0.442795073,-0.580196104,-0.471449520,0.345100416,0.532108394,-0.289907463
-0.021335884,0.366968359,0.784246629,0.012068841,0.006601596,0.810839290,0.585107176,0.148949485,-0.060329514,-0.008858409,0.095237192,-0.232847323,0.023038064,-0.291970142,-0.111668785,-0.117601272,0.165153788,0.162066067,0.072402656,0.201695226,0.247310322,0.221736180,-0.285853392,-0.074548239,-0.682795004,-0.820200306,-0.492637712,0.533949990,0.772104791,-0.426924979
-0.022838158,0.370329744,0.784366932,0.003264652,0.007261896,0.804839294,0.593439397,0.135705769,-0.050791010,0.003179023,0.106633904,-0.247647032,0.021116000,-0.315639720,-0.098413277,-0.117665011,0.180677178,0.162991191,0.076831948,0.238044138,0.487314279,0.127668786,-0.129392456,-0.120852566,-0.922794941,-1.060204263,-0.462147485,0.650329717,1.012101399,-0.609252638
-0.023502400,0.373320921,0.784364933,-0.002048046,0.008796794,0.808156316,0.588898796,0.124890478,-0.043735942,-0.001596379,0.114696102,-0.255498859,0.018837564,-0.328143160,-0.097835520,-0.128028553,0.195852905,0.155277779,0.077142569,0.249719453,0.711018255,0.105424375,-0.054141272,-0.224158905,-1.149593613,-1.270579107,-0.434720493,0.669297162,1.240170388,-0.703048552
-0.023068958,0.376635533,0.785045048,-0.005849680,0.009002732,0.817742123,0.575484624,0.121764055,-0.031111085,-0.019348439,0.108093216,-0.251600364,0.013705884,-0.326114112,-0.100172250,-0.143094899,0.203775949,0.144110392,0.079791042,0.246680868,0.841388683,0.104455614,-0.035656895,-0.294757054,-1.283719440,-1.387620414,-0.449898312,0.671373524,1.381933799,-0.703511152
-0.022176105,0.379507431,0.786447488,-0.008490242,0.008248470,0.829438744,0.558472246,0.128098279,-0.015352165,-0.043096013,0.079019743,-0.231954863,0.005260141,-0.312339915,-0.103324902,-0.158582585,0.198555383,0.136572094,0.086889764,0.237275612,0.878425575,0.093139455,-0.034889112,-0.313276827,-1.324511934,-1.411699302,-0.492279986,0.680312975,1.430364047,-0.626331436
-0.021728400,0.381821971,0.787724270,-0.010062551,0.007143114,0.839648147,0.542990525,0.135681351,-0.001559808,-0.064424400,0.049515011,-0.211258492,-0.002376403,-0.295697079,-0.105930913,-0.172376791,0.188167187,0.132506508,0.094691615,0.226879555,0.862300540,0.082533652,-0.033820698,-0.302768158,-1.302420737,-1.390362175,-0.531899531,0.688101734,1.425760652,-0.578176108
-0.021902120,0.383870672,0.788406714,-0.010664212,0.005791031,0.846541369,0.532184600,0.138529540,0.007116068,-0.077754477,0.039330756,-0.203410471,-0.006586332,-0.283260075,-0.107655757,-0.182966513,0.182922488,0.127736020,0.099391527,0.219192068,0.848953667,0.077668163,-0.018987791,-0.285922060,-1.277401949,-1.374130477,-0.552526993,0.667030939,1.425428900,-0.605406243
-0.021923041,0.385728215,0.788518788,-0.010637845,0.004240121,0.849635249,0.527246433,0.141875112,0.014475327,-0.081176041,0.039241725,-0.205021149,-0.010563957,-0.277502755,-0.106856280,-0.190641246,0.186564275,0.121557756,0.099935216,0.217031302,0.843467177,0.080203210,-0.000135253,-0.271985084,-1.275744332,-1.365974257,-0.560771650,0.635616690,1.424140852,-0.614050334
-0.021757150,0.387227885,0.788428458,-0.010516318,0.003285615,0.850069517,0.526555246,0.144809575,0.018511675,-0.079217618,0.040628092,-0.208251654,-0.013718598,-0.277661928,-0.105683756,-0.195577378,0.194669114,0.115657018,0.098186370,0.219727631,0.839592827,0.081697539,0.012103637,-0.261290744,-1.276771584,-1.365743348,-0.570600052,0.649979509,1.414611552,-0.606941089
-0.021625380,0.388395256,0.788178216,-0.010490727,0.003048281,0.848626495,0.528879688,0.146769813,0.018951058,-0.075020751,0.042448297,-0.211744735,-0.014826857,-0.281166111,-0.104384098,-0.196455022,0.202523141,0.111012271,0.095307437,0.225608009,0.841642349,0.082373058,0.021428277,-0.257896143,-1.282752718,-1.371826983,-0.575863237,0.676058422,1.408465443,-0.609243801
-0.021504812,0.389329890,0.787904082,-0.010710005,0.002901502,0.846253859,0.532664326,0.148522477,0.018188720,-0.070595953,0.044215123,-0.215386848,-0.014058725,-0.285056669,-0.101633356,-0.192850226,0.207389463,0.108726696,0.092691299,0.231793371,0.848616209,0.084173478,0.030962686,-0.261906090,-1.299836970,-1.376853138,-0.573030234,0.680919007,1.407508720,-0.616190936
-0.021388554,0.389985085,0.787701088,-0.011238239,0.002572821,0.843696219,0.536697095,0.150034252,0.018020374,-0.066559884,0.045809557,-0.218913307,-0.012682414,-0.287814675,-0.097376189,-0.186394196,0.208361979,0.109288911,0.091244934,0.236133308,0.851883584,0.083692292,0.038247873,-0.264094085,-1.317211354,-1.379863711,-0.567425381,0.681755887,1.406237859,-0.622553122
-0.021282886,0.390219824,0.787617919,-0.012019925,0.002234757,0.841530871,0.540070662,0.150700562,0.018689398,-0.062835680,0.046775419,-0.221453298,-0.011813342,-0.289424902,-0.093027459,-0.179807619,0.205895635,0.112497003,0.091210492,0.237284746,0.851111779,0.083472838,0.039323559,-0.269224786,-1.327843134,-1.383486691,-0.562789818,0.694334258,1.403773619,-0.630286839
-0.021159655,0.390155371,0.787635477,-0.012830138,0.002031868,0.839930074,0.542539150,0.150396343,0.019366520,-0.059149584,0.047131919,-0.222630514,-0.011477884,-0.290383637,-0.089616033,-0.175244723,0.202119985,0.116751307,0.091780235,0.236111127,0.848553808,0.088933639,0.038047528,-0.276086347,-1.333696478,-1.386897667,-0.557957190,0.704316657,1.402074271,-0.637012828
-0.021163286,0.389878534,0.787692996,-0.013559093,0.001973388,0.838824417,0.544229597,0.149406445,0.019691394,-0.055864524,0.047580285,-0.223236446,-0.011230440,-0.291207684,-0.087547592,-0.173589884,0.198627846,0.120671288,0.092170874,0.233773653,0.850114732,0.095299377,0.033824424,-0.285998003,-1.330345038,-1.389352393,-0.553237267,0.705703537,1.400929604,-0.641462897
-0.021325637,0.389440105,0.787750074,-0.014166994,0.002066119,0.837988155,0.545500577,0.148257945,0.019460009,-0.053839152,0.047828981,-0.223422782,-0.010631012,-0.292388809,-0.086618436,-0.174165705,0.196221473,0.123485662,0.091915609,0.231632821,0.853452850,0.101168342,0.032155506,-0.293723782,-1.329128112,-1.392063285,-0.549540402,0.704512663,1.400666192,-0.642914479
-0.021633873,0.388795155,0.787791718,-0.014617568,0.002395356,0.837276895,0.546578439,0.146968593,0.018359342,-0.053438744,0.047446922,-0.222825052,-0.009579720,-0.293997479,-0.086812332,-0.175007453,0.194299223,0.125509875,0.091291968,0.230709654,0.856188456,0.104891169,0.031621481,-0.296781321,-1.334703304,-1.395240061,-0.547588434,0.705162168,1.400638540,-0.641350765
-0.022136252,0.387903421,0.787813735,-0.014867469,0.002842398,0.836678942,0.547484453,0.145783805,0.016335796,-0.053718416,0.046655795,-0.221712788,-0.007788431,-0.295988911,-0.087873304,-0.174398339,0.193014649,0.127268441,0.091158877,0.230983855,0.856398780,0.106979025,0.031269714,-0.298048609,-1.345881552,-1.398024635,-0.548045343,0.707991438,1.400109222,-0.640696623
-0.022764356,0.386830248,0.787805366,-0.015084199,0.003231299,0.835991946,0.548524832,0.143003686,0.013871416,-0.053885230,0.049702551,-0.222675233,-0.005352941,-0.298733246,-0.088476052,-0.172559660,0.192702874,0.128964998,0.091087226,0.232071882,0.854962340,0.111558530,0.027424410,-0.300701764,-1.353178957,-1.399698822,-0.549527006,0.710084081,1.398367605,-0.639434703
-0.023499452,0.385649061,0.787646259,-0.015262236,0.003569097,0.835059630,0.549936124,0.135237422,0.010357306,-0.053211759,0.064675775,-0.230376187,-0.001965915,-0.303021167,-0.088411745,-0.169762364,0.194732986,0.130205541,0.090300749,0.233561786,0.853420536,0.122261632,0.016339155,-0.305148936,-1.350914133,-1.400156076,-0.550523786,0.709440827,1.394499782,-0.631396529
-0.024574685,0.384446305,0.787133647,-0.014730736,0.004005702,0.834075362,0.551439254,0.123337928,0.004306952,-0.051749471,0.092217421,-0.245177834,0.002139737,-0.306111327,-0.091401990,-0.167193693,0.197996438,0.130545500,0.090744358,0.233704534,0.849693713,0.137628585,-0.004088185,-0.303116307,-1.334471200,-1.399469172,-0.549821207,0.707095104,1.389151570,-0.614336987
-0.025851116,0.383053639,0.786340922,-0.013709865,0.004633164,0.833142809,0.552868550,0.109932468,-0.003286022,-0.049752957,0.124086725,-0.262297411,0.006512918,-0.309323530,-0.096657344,-0.164448736,0.202549462,0.130148439,0.092869012,0.231130146,0.834526314,0.155362696,-0.036644456,-0.288401328,-1.300515201,-1.398031719,-0.546016609,0.699654450,1.383241208,-0.587513506
-0.026718221,0.381098174,0.785471163,-0.012775110,0.005510699,0.832202736,0.554296884,0.094665395,-0.010862463,-0.047499141,0.156287110,-0.278413026,0.010351302,-0.315440015,-0.101726918,-0.161443663,0.209605141,0.128931438,0.094059880,0.225129592,0.781235692,0.182052713,-0.084383706,-0.237444622,-1.251257971,-1.396649235,-0.538180955,0.684271421,1.376918485,-0.547804266
-0.027201794,0.378698226,0.784583442,-0.011570145,0.006357298,0.831293030,0.555677617,0.079039321,-0.018345538,-0.044828315,0.187451438,-0.292679570,0.013490815,-0.322135463,-0.106367298,-0.158862487,0.217274804,0.127035131,0.093465855,0.215282599,0.693584078,0.224391571,-0.145808745,-0.150743885,-1.194187454,-1.394516963,-0.526663943,0.665999845,1.369363784,-0.502659499
-0.027502329,0.375906417,0.783683639,-0.010033266,0.006726972,0.830405127,0.557029089,0.064951996,-0.025348239,-0.040814106,0.217131446,-0.305720541,0.016620924,-0.327498429,-0.110410634,-0.158198692,0.224335948,0.125667430,0.091938710,0.200073947,0.574770963,0.276748089,-0.215884355,-0.036276579,-1.120341026,-1.388408931,-0.511189100,0.648092723,1.358430427,-0.457676884
-0.027785520,0.372347718,0.782740905,-0.008618830,0.006975761,0.829431750,0.558498009,0.051931027,-0.032333941,-0.034542386,0.244424425,-0.317564166,0.020202904,-0.333353405,-0.115802871,-0.160298536,0.230575923,0.126905481,0.091614380,0.177943243,0.421025557,0.327002352,-0.296293415,0.092722928,-1.025436510,-1.378392798,-0.490501398,0.631581061,1.342541125,-0.409459319
-0.028390963,0.368081580,0.781811407,-0.007967312,0.007156430,0.827898029,0.560776392,0.039293399,-0.038776673,-0.024957900,0.269057074,-0.328573113,0.024716650,-0.338018753,-0.120515708,-0.163398523,0.229365869,0.133084848,0.091976974,0.148675807,0.255007767,0.366265087,-0.388008788,0.207065419,-0.904299293,-1.367205346,-0.463438349,0.612959257,1.323148362,-0.351514240
-0.029343383,0.363336970,0.781174269,-0.008869862,0.006957140,0.824767566,0.565359519,0.022451608,-0.042635192,-0.009227585,0.294264942,-0.338668472,0.030101437,-0.334934579,-0.118485132,-0.163872042,0.204349922,0.148840094,0.088931867,0.111518255,0.100174871,0.396432934,-0.485201319,0.281895906,-0.769792472,-1.358879416,-0.424789041,0.591752145,1.303953837,-0.277317335
-0.030243336,0.357673795,0.780940389,-0.011150189,0.006553820,0.819577844,0.572821856,0.005227858,-0.044622375,0.012960587,0.313940267,-0.345657097,0.035800931,-0.324098967,-0.109791223,-0.158917559,0.152584690,0.176495881,0.086958435,0.068755127,-0.071390463,0.410593560,-0.593512330,0.360611818,-0.655836929,-1.353465455,-0.373388650,0.570634353,1.287309565,-0.191070545
-0.031247556,0.350796834,0.781013418,-0.014309472,0.006374418,0.812097008,0.583312142,-0.011579781,-0.047128701,0.040531922,0.327085818,-0.348792012,0.042927844,-0.318460109,-0.100294324,-0.147108584,0.097807681,0.211158470,0.108461150,0.020876468,-0.265776592,0.405382398,-0.718975526,0.455902076,-0.573966634,-1.344967288,-0.308586187,0.544490721,1.270194133,-0.101318770
-0.033166599,0.343492880,0.781101671,-0.017620000,0.006460075,0.802151073,0.596826155,-0.026924901,-0.052134091,0.072360851,0.335982918,-0.350132566,0.052340862,-0.338142730,-0.097817171,-0.124768497,0.085140805,0.236384415,0.184550841,-0.029745651,-0.442307841,0.382245679,-0.857803301,0.524568177,-0.492438760,-1.333154219,-0.230497623,0.511309606,1.255759479,-0.009663465
-0.035831242,0.336816843,0.781154669,-0.021105460,0.005683703,0.789238261,0.613697990,-0.038414754,-0.053325034,0.109154313,0.343910810,-0.353666761,0.060772696,-0.376334115,-0.095749543,-0.088288004,0.117006371,0.241235273,0.314223272,-0.080607608,-0.582732755,0.350006107,-0.993328475,0.557752110,-0.397371860,-1.318116463,-0.138765859,0.470678972,1.250279177,0.085964846
-0.038936217,0.330690589,0.781133441,-0.025194578,0.004933696,0.772670969,0.634287368,-0.047695110,-0.053223083,0.151198268,0.349305970,-0.358954609,0.068834379,-0.406407774,-0.086413648,-0.040861764,0.149462282,0.231130472,0.436282938,-0.128521579,-0.706486540,0.311351311,-1.115127954,0.590631721,-0.310037664,-1.296549689,-0.053456364,0.442185125,1.234256346,0.185519491
-0.042859462,0.324998378,0.780763184,-0.029119602,0.005568065,0.752962163,0.657395639,-0.056331298,-0.057494479,0.195435679,0.351038113,-0.363884114,0.078994271,-0.419399900,-0.073445333,0.005697432,0.167569788,0.208428728,0.474286265,-0.169892944,-0.822715014,0.265265141,-1.227362475,0.632492619,-0.237073582,-1.251274614,-0.008469180,0.454875348,1.153074842,0.297147974
-0.047317310,0.320006990,0.780120536,-0.031557733,0.007826599,0.730241949,0.682414500,-0.064498412,-0.068275849,0.240635639,0.347939455,-0.365504269,0.090586850,-0.418887346,-0.063993650,0.036836171,0.185126949,0.163390248,0.411718993,-0.208113317,-0.924621986,0.209731494,-1.327186521,0.679222777,-0.174007189,-1.177864336,-0.000003570,0.523220430,0.981233844,0.426562797
-0.051561773,0.315960730,0.779894876,-0.032398619,0.010713049,0.704189267,0.709191819,-0.066189867,-0.081117719,0.287854780,0.332971159,-0.360640316,0.098130649,-0.401966639,-0.059387939,0.040474451,0.199384719,0.105007763,0.293512358,-0.246564860,-1.007210488,0.146722595,-1.411537225,0.737668700,-0.114287276,-1.095016573,-0.000360043,0.628576653,0.763099231,0.554597865
-0.055579428,0.312813968,0.780435295,-0.032381434,0.013417585,0.674167473,0.737746317,-0.059266036,-0.095412025,0.337812537,0.301986549,-0.348079050,0.098708588,-0.368500158,-0.057540054,0.017141050,0.194510314,0.064054216,0.178538686,-0.280255204,-1.077332726,0.083466393,-1.494146466,0.808655068,-0.048485260,-1.022015829,-0.000301368,0.733378237,0.563528940,0.650533528
-0.059614159,0.310162274,0.781792568,-0.032819454,0.016081210,0.639440226,0.767971664,-0.051246604,-0.110590957,0.390767047,0.262575301,-0.328258098,0.093055460,-0.324636456,-0.058029645,-0.023527335,0.163843035,0.064822087,0.111020778,-0.303624758,-1.139661578,0.034266849,-1.580138400,0.869149791,0.020895662,-0.973603373,-0.000070605,0.813270362,0.406918892,0.707053237
-0.063327471,0.307902996,0.783679198,-0.034468225,0.018833292,0.600547135,0.798624059,-0.049692170,-0.120375966,0.448346548,0.231126063,-0.307283388,0.084002815,-0.287087067,-0.059727743,-0.065256529,0.150464790,0.060453560,0.084662231,-0.318998169,-1.187569567,0.006236858,-1.645441726,0.891517801,0.083473160,-0.942705957,-0.000003047,0.878657654,0.259923981,0.745489387
-0.066359793,0.306369305,0.785598091,-0.035460092,0.020545139,0.557929204,0.828876036,-0.046394750,-0.128004540,0.509861877,0.206755875,-0.290824462,0.075020691,-0.256566213,-0.067258021,-0.101902458,0.191683979,0.004367835,0.079038440,-0.326834469,-1.213839065,0.000000000,-1.682967703,0.873952964,0.139557025,-0.917511758,-0.000004157,0.934231010,0.123599059,0.778074144
-0.068665597,0.305297107,0.786562419,-0.035056143,0.021294062,0.512149299,0.857916503,-0.041223216,-0.134814293,0.573436610,0.190039892,-0.283398605,0.068170111,-0.224296433,-0.084769545,-0.131526389,0.270614420,-0.082475719,0.078041146,-0.328817743,-1.227723183,0.000262845,-1.697643276,0.850649345,0.191181432,-0.892171587,-0.000004357,0.983739682,0.002288124,0.788182560
-0.070785218,0.304177919,0.786106162,-0.034006604,0.022296319,0.464162061,0.884816369,-0.038775899,-0.142479929,0.635262962,0.178587759,-0.279512855,0.063459125,-0.192410056,-0.107916113,-0.156524923,0.334552571,-0.144264799,0.073680812,-0.326834839,-1.239020724,0.000219751,-1.697034667,0.837648628,0.237428006,-0.880564306,-0.000002812,1.027896572,-0.094082769,0.777210811
-0.073087757,0.302729502,0.786283839,-0.033330831,0.023337020,0.414799524,0.909002637,-0.039847433,-0.147299613,0.687696431,0.171004383,-0.275964874,0.059916793,-0.163821479,-0.131105188,-0.181836790,0.358662670,-0.156165553,0.066686812,-0.319624126,-1.248079357,0.000049817,-1.687090563,0.833443236,0.283479001,-0.890562719,-0.000002185,1.054015886,-0.160245815,0.784466350
-0.075350441,0.300928699,0.786700827,-0.033172711,0.024098694,0.364829671,0.930171025,-0.042282854,-0.147654626,0.726527783,0.167423408,-0.273118031,0.056952864,-0.136202603,-0.151994605,-0.208500524,0.361879009,-0.142347881,0.060959976,-0.308318322,-1.254562776,0.000000163,-1.668579621,0.832477366,0.332258314,-0.905847370,-0.000002058,1.066193206,-0.209613522,0.816988853
-0.077407129,0.298879125,0.787337314,-0.033294460,0.024479341,0.314786782,0.948262370,-0.046355427,-0.143071576,0.749964195,0.171201229,-0.271948024,0.055335488,-0.109188974,-0.170263518,-0.236436201,0.355498312,-0.115717444,0.057629497,-0.292838910,-1.257695860,0.000001300,-1.646208350,0.830534262,0.383195889,-0.922248207,-0.000001946,1.069411124,-0.247020698,0.858911186
-0.079147914,0.296693149,0.788119610,-0.033388507,0.024711343,0.264697826,0.963436359,-0.051499898,-0.134483084,0.759146431,0.182238791,-0.272001460,0.054525232,-0.085360268,-0.186151150,-0.266065048,0.346098895,-0.082652432,0.055030200,-0.272506634,-1.255710411,0.000002226,-1.620769117,0.825233767,0.429624569,-0.936526716,-0.000001828,1.071998521,-0.279762906,0.879198226
-0.080703628,0.294327640,0.789092205,-0.033134206,0.025172556,0.214454465,0.975847196,-0.056675282,-0.124251131,0.758620476,0.196040784,-0.270757648,0.052865403,-0.066018306,-0.200029513,-0.297786399,0.332572985,-0.045698864,0.053806350,-0.247142143,-1.249715326,0.000001807,-1.590681854,0.818715786,0.467122686,-0.943982694,-0.000001705,1.080003402,-0.313516188,0.868363616
-0.082564298,0.291639112,0.790173497,-0.032418878,0.025432286,0.163505269,0.985681613,-0.059687685,-0.114500483,0.755620390,0.207265692,-0.267866785,0.049795995,-0.052028831,-0.211341889,-0.329466385,0.314825066,-0.008073519,0.053919908,-0.214751909,-1.238471168,0.000007004,-1.551390353,0.812883003,0.493674647,-0.954433339,-0.000000943,1.084772435,-0.333191453,0.871403226
-0.084737856,0.288690058,0.791090992,-0.031201717,0.025012847,0.110803675,0.993037439,-0.058671836,-0.107777583,0.754630762,0.210956948,-0.264343159,0.046132562,-0.043477924,-0.219029984,-0.358178990,0.296082177,0.023215590,0.057393627,-0.175380260,-1.220894725,0.000000494,-1.502196680,0.808883885,0.510415981,-0.972595724,-0.000001000,1.087182179,-0.336694749,0.895682730
-0.086932092,0.285596485,0.791870527,-0.029244737,0.023771288,0.055322021,0.997757057,-0.053400096,-0.103570608,0.751179011,0.209854277,-0.259953863,0.042412830,-0.041799379,-0.223898125,-0.382228114,0.278709637,0.045864573,0.063156991,-0.130115353,-1.193299658,0.000044953,-1.438214936,0.813291756,0.512410263,-0.987975763,-0.000001878,1.089458141,-0.333821821,0.922029731
-0.088929245,0.282463375,0.792595966,-0.026106302,0.021582899,-0.004072590,0.999417857,-0.045448444,-0.099945162,0.735969422,0.212438008,-0.254504494,0.037818923,-0.048703347,-0.229312155,-0.401844930,0.264807549,0.061422309,0.065959815,-0.080494693,-1.151285208,0.000195693,-1.354404952,0.832717141,0.496361113,-0.991939670,-0.000001596,1.092770521,-0.329046851,0.942762621
-0.090506365,0.279256431,0.793321136,-0.021805397,0.018140855,-0.068274239,0.997263286,-0.035649762,-0.094710528,0.699254718,0.224767267,-0.247990753,0.031146283,-0.062546334,-0.235064581,-0.417038534,0.251569375,0.074245080,0.064118929,-0.028434360,-1.092820868,0.000174930,-1.250942440,0.855815112,0.470038466,-0.972827961,-0.000004302,1.098548434,-0.322529228,0.960724419
-0.091564119,0.275985561,0.793850462,-0.016903023,0.013537613,-0.138272505,0.990157429,-0.021840241,-0.090379299,0.630723182,0.240944075,-0.242342571,0.022567815,-0.080804386,-0.237565669,-0.427847723,0.230975719,0.090155055,0.066896207,0.024034198,-1.010473828,0.001992505,-1.129194124,0.813664978,0.457268170,-0.906394587,-0.000107479,1.108340003,-0.322937307,0.962405617
-0.092773842,0.272509942,0.793444452,-0.012194957,0.007849947,-0.212071613,0.977146505,-0.002184465,-0.090265408,0.536272217,0.248875082,-0.241284452,0.015337559,-0.097310063,-0.231605714,-0.432738628,0.193210535,0.112866376,0.087171279,0.075130900,-0.871137924,0.034218571,-0.995343132,0.679366159,0.457141638,-0.798793442,-0.000295064,1.109259916,-0.309613795,0.941504279
-0.094940739,0.267915115,0.791812862,-0.007585898,0.001587363,-0.287350073,0.957794273,0.024069719,-0.093772745,0.422569736,0.242143424,-0.246165888,0.010431326,-0.108134956,-0.212803865,-0.425670506,0.130773298,0.140180209,0.116796033,0.119423970,-0.654783528,0.151179599,-0.850507962,0.468152325,0.411236550,-0.679350315,-0.000180860,1.088169036,-0.229639134,0.875889269
-0.098344933,0.262020080,0.789495394,-0.003916435,-0.004343080,-0.360581150,0.932709512,0.060533996,-0.097949269,0.301856385,0.210710048,-0.251786797,0.008096928,-0.116480620,-0.182485862,-0.401439132,0.056929312,0.165571836,0.122673287,0.151852400,-0.409122871,0.292584042,-0.672202494,0.233035882,0.272069594,-0.590845255,-0.000070241,1.027000598,-0.056940534,0.746519582
-0.101728247,0.256222224,0.787448468,-0.003224869,-0.010389737,-0.426530488,0.904407760,0.113214969,-0.099496075,0.194057346,0.148881386,-0.247515951,0.011336988,-0.131021391,-0.151066349,-0.361635682,0.014632499,0.183727261,0.100277424,0.171869565,-0.125563368,0.373671880,-0.467488960,0.068977371,0.047927451,-0.584973606,-0.000103203,0.895163636,0.135302280,0.544064766
-0.102667251,0.252245733,0.786351454,-0.005588165,-0.015959672,-0.478165671,0.878106857,0.168283706,-0.101325371,0.131905837,0.083510440,-0.230508260,0.020861026,-0.154779674,-0.130500959,-0.312509475,0.031160787,0.185929184,0.077712339,0.180852468,0.137568403,0.344236263,-0.256601396,-0.031082260,-0.191155681,-0.592650191,-0.088539481,0.727217847,0.393643127,0.302929506
-0.101014577,0.249183038,0.785362756,-0.009650479,-0.017931721,-0.515717484,0.856516666,0.197991188,-0.102196532,0.120425665,0.059173384,-0.228533870,0.030453868,-0.178790821,-0.113775361,-0.270967576,0.069589418,0.177952738,0.071613793,0.184893887,0.369168403,0.215619581,-0.113677432,-0.054997705,-0.431678416,-0.600965479,-0.179718486,0.645691044,0.637210253,0.062905534
-0.098407540,0.245588606,0.784747206,-0.013931617,-0.016380222,-0.541656096,0.840325099,0.209093807,-0.100122584,0.134944141,0.060650186,-0.240065350,0.034425792,-0.190470670,-0.095440642,-0.242399626,0.087645852,0.175016706,0.073972159,0.186005874,0.582867882,0.087302397,-0.011045840,-0.047861603,-0.672243979,-0.618127959,-0.268090344,0.597995565,0.881193570,-0.177143440
-0.096943582,0.242183747,0.784220336,-0.015720387,-0.013580471,-0.558520367,0.829230631,0.212987339,-0.098441969,0.143259066,0.063217007,-0.250095006,0.033448997,-0.194748243,-0.080059364,-0.222320311,0.083243883,0.178419062,0.072770850,0.183995902,0.727326523,0.034652849,0.069715986,-0.084030884,-0.912737076,-0.611953939,-0.342527682,0.524023790,1.124606967,-0.417174976
-0.097343558,0.239523367,0.783609108,-0.014109669,-0.009638909,-0.567773589,0.823007388,0.209966868,-0.099164215,0.142933858,0.062117635,-0.255260036,0.033744781,-0.206373507,-0.071497788,-0.208170518,0.080597161,0.178181921,0.065183389,0.180131845,0.805396593,0.027018775,0.084303343,-0.159209552,-1.153124013,-0.592597368,-0.389720465,0.424619396,1.306496588,-0.639502940
-0.098637996,0.236900077,0.783398250,-0.011959216,-0.004742150,-0.570809849,0.820981489,0.199371842,-0.096038440,0.144364071,0.065655951,-0.259494004,0.038729602,-0.217118500,-0.064624100,-0.199081255,0.080437046,0.174996572,0.059647124,0.175056255,0.858546583,0.035429566,0.061152043,-0.243361741,-1.331511018,-0.569349945,-0.419193579,0.415277008,1.382054668,-0.764933035
-0.099972907,0.234490709,0.783722430,-0.010402812,0.000845853,-0.571183111,0.820756309,0.190111602,-0.089225847,0.150043376,0.063098905,-0.259420270,0.041665691,-0.220160131,-0.055306514,-0.189996617,0.067615062,0.178935986,0.059805358,0.161772789,0.889342039,0.042492122,0.047022511,-0.290580711,-1.416499568,-0.557497272,-0.435325025,0.470504215,1.375825721,-0.797013635
-0.101197041,0.232574144,0.784105723,-0.008929016,0.006744280,-0.571709750,0.820379637,0.182771871,-0.081987309,0.156466795,0.057345628,-0.258250671,0.042403080,-0.223820178,-0.044449823,-0.178613801,0.052453544,0.187808205,0.062406694,0.144222924,0.886513926,0.055001961,0.036185560,-0.288079604,-1.425550140,-0.564284469,-0.426252919,0.483270706,1.352118879,-0.759336861
-0.102111758,0.230779589,0.784098903,-0.007180589,0.011280378,-0.574255755,0.818566747,0.178066062,-0.078812007,0.159747872,0.052248073,-0.257942757,0.042458641,-0.230586236,-0.038135395,-0.167684379,0.046241301,0.191868411,0.064220342,0.133231093,0.867951508,0.077696299,0.022796881,-0.257529204,-1.408456850,-0.578726525,-0.397740086,0.428354609,1.355377817,-0.736043398
-0.103046922,0.229091721,0.783828917,-0.005103067,0.014475817,-0.578587071,0.815476187,0.174373439,-0.079200826,0.162302600,0.048871593,-0.258412723,0.041980792,-0.241568442,-0.034674592,-0.159920583,0.051255999,0.189039208,0.062802543,0.134771990,0.842694006,0.095391759,0.019634723,-0.227206950,-1.392077855,-0.593309427,-0.372583487,0.385715575,1.365804060,-0.744521416
-0.104092133,0.227585670,0.783547117,-0.002906303,0.017127729,-0.582578458,0.812588785,0.170345660,-0.080362298,0.166604844,0.046581057,-0.259087216,0.040759086,-0.255213374,-0.031679760,-0.154797542,0.063137343,0.182086594,0.057634422,0.142681681,0.819478452,0.098392376,0.021635165,-0.212751150,-1.382727948,-0.605561950,-0.364672096,0.414004883,1.365348806,-0.743100445
-0.104753522,0.225942018,0.783313204,-0.000921857,0.019147801,-0.584507609,0.811161739,0.167596467,-0.080992880,0.169752459,0.044202330,-0.259352791,0.037723455,-0.264444546,-0.031755048,-0.151993699,0.071856889,0.174674827,0.053632986,0.148001742,0.806315698,0.096497242,0.020771790,-0.209363783,-1.393959828,-0.612820806,-0.362920572,0.451217646,1.362968472,-0.734721682
-0.105189696,0.224049624,0.783185535,0.000775683,0.021096722,-0.584551316,0.811082046,0.165396201,-0.080131452,0.170291547,0.041431699,-0.259233223,0.033837493,-0.271628479,-0.032125966,-0.151241753,0.078959919,0.167639900,0.050959723,0.150611030,0.801779677,0.094605432,0.019780618,-0.206875889,-1.415471453,-0.613983825,-0.359193051,0.454289298,1.364158039,-0.729602618
-0.105594870,0.221923783,0.783156109,0.002172080,0.023122906,-0.583269264,0.811946783,0.163671804,-0.077770384,0.167712211,0.038320369,-0.258733513,0.029838180,-0.277334744,-0.031952750,-0.152491869,0.085875082,0.159750487,0.048136774,0.151740586,0.797912368,0.092565850,0.023350470,-0.198203132,-1.431159926,-0.611148241,-0.355633978,0.438437028,1.366298779,-0.728394630
-0.105980353,0.219526684,0.783175833,0.003187999,0.025129234,-0.581142165,0.813407735,0.161918284,-0.073916879,0.162828790,0.037048592,-0.259217810,0.025974309,-0.281845975,-0.030992889,-0.154970598,0.093556011,0.150651431,0.044400709,0.151463724,0.789329029,0.088986840,0.032263331,-0.183598403,-1.444333086,-0.607834289,-0.356346366,0.434238183,1.366190039,-0.729608378
-0.106127774,0.216399949,0.783110232,0.003525186,0.026855750,-0.578630902,0.815139633,0.159359925,-0.068591484,0.158025036,0.042475342,-0.264114545,0.022073257,-0.285678484,-0.028703971,-0.157560829,0.104818870,0.138960660,0.037607077,0.148729569,0.799298754,0.080198462,0.039691443,-0.185522087,-1.458005033,-0.604765921,-0.359837643,0.444813143,1.363412963,-0.732410326
-0.106029207,0.212505399,0.782834657,0.003601438,0.028311512,-0.576063549,0.816906528,0.157116963,-0.062805154,0.155014893,0.051891319,-0.272592404,0.017443599,-0.292293611,-0.026690163,-0.161116460,0.124455224,0.122977333,0.028225551,0.144130528,0.835713560,0.066809973,0.041075154,-0.211530909,-1.466682082,-0.602173024,-0.362422120,0.451980628,1.360816767,-0.737139071
-0.106017535,0.208201362,0.782466935,0.004223517,0.029658384,-0.573430450,0.818706334,0.158308520,-0.057858107,0.153272748,0.053436336,-0.277391664,0.010231875,-0.304227911,-0.028032030,-0.167043986,0.154682580,0.101614806,0.020293068,0.139295837,0.868232974,0.057559823,0.043486786,-0.236110986,-1.475179717,-0.601982201,-0.364965401,0.453558533,1.358900589,-0.742668274
-0.106343493,0.203377055,0.782130668,0.005003024,0.030580305,-0.570822197,0.820488778,0.164901766,-0.052982584,0.153501237,0.044718862,-0.276719050,-0.000733200,-0.317310407,-0.030849246,-0.176155395,0.191177883,0.075839430,0.014763886,0.135117162,0.881358162,0.055372095,0.054735039,-0.242790407,-1.491560532,-0.604382750,-0.367962310,0.453881452,1.357334197,-0.745478430
-0.107123013,0.197785325,0.781741150,0.005301487,0.030742864,-0.568370280,0.822181243,0.173777411,-0.047059677,0.156405930,0.036587145,-0.276953797,-0.014729022,-0.328412106,-0.032725003,-0.187114816,0.231308415,0.046194267,0.009878483,0.132197710,0.875339617,0.058137372,0.070436212,-0.237473135,-1.511659344,-0.608648949,-0.370486221,0.453079291,1.355749559,-0.742012809
-0.108360619,0.191272457,0.781045333,0.005316763,0.029785191,-0.566052106,0.823814049,0.184635403,-0.041070309,0.161304688,0.031978519,-0.280243156,-0.031788109,-0.337989768,-0.034751852,-0.198407085,0.277272173,0.011283116,0.004794353,0.131277916,0.858805158,0.065396796,0.076554321,-0.230953140,-1.517197797,-0.615510111,-0.373235047,0.450013606,1.354024675,-0.734555670
-0.109750408,0.183936857,0.780230567,0.005186484,0.027725274,-0.563964886,0.825316919,0.200308038,-0.036216861,0.166475738,0.024385619,-0.280968917,-0.049828919,-0.344588548,-0.037244092,-0.208289705,0.324818545,-0.026359793,-0.000259186,0.133067850,0.843039194,0.075679017,0.073772056,-0.231121745,-1.511064561,-0.625865971,-0.380513528,0.446525437,1.352337411,-0.729066994
-0.111252486,0.175721872,0.780015713,0.004548889,0.025051992,-0.561938619,0.826786970,0.214082535,-0.028853275,0.171304187,0.028128453,-0.280631912,-0.065422706,-0.343258301,-0.037345496,-0.216142495,0.362449947,-0.060824275,-0.005545422,0.137408926,0.832099986,0.086176541,0.070881671,-0.236553985,-1.507698306,-0.639111426,-0.393540780,0.442831574,1.351154361,-0.727229043
-0.112762444,0.166767112,0.780629912,0.003509601,0.021642213,-0.559910095,0.828263233,0.211114136,-0.017778789,0.173919335,0.078123509,-0.285804403,-0.073719564,-0.333026426,-0.035652493,-0.220450703,0.386333131,-0.088906849,-0.010146813,0.141935240,0.829471217,0.090418305,0.072999289,-0.240415275,-1.507663922,-0.657062802,-0.406682402,0.442300761,1.350247142,-0.727188884
-0.114130537,0.157341040,0.781891650,0.001588648,0.017461973,-0.558387945,0.829394634,0.180201125,-0.002504794,0.173620786,0.202126858,-0.296128969,-0.074086301,-0.315966535,-0.031806985,-0.219555384,0.400481697,-0.111788267,-0.013565647,0.146967260,0.835104697,0.084430898,0.078199424,-0.252299079,-1.504856546,-0.681715810,-0.416451512,0.449629390,1.350552121,-0.726733992
-0.115542885,0.147339273,0.783644556,-0.002417653,0.013525345,-0.558266205,0.829548109,0.129976174,0.022828842,0.170080611,0.370997676,-0.283198710,-0.085914673,-0.290064451,-0.019533227,-0.215904475,0.400695258,-0.127808047,-0.018053647,0.156887324,0.850939680,0.077674475,0.080551006,-0.279281893,-1.494920975,-0.711335174,-0.426265904,0.463254886,1.352082200,-0.725717719
-0.116825012,0.137162606,0.785409882,-0.006965981,0.009906659,-0.559863471,0.828496365,0.073978683,0.047567856,0.162318705,0.534421808,-0.222894106,-0.104512700,-0.258089772,-0.003287580,-0.210635345,0.386823521,-0.136028204,-0.023401481,0.172650777,0.871634412,0.069499381,0.078338829,-0.314739126,-1.475973886,-0.744599194,-0.441214811,0.480777576,1.352115359,-0.723373089
-0.117973027,0.127087099,0.786208328,-0.010936461,0.006645647,-0.562813019,0.826485169,0.014225956,0.063171160,0.146789723,0.675374746,-0.126707468,-0.104740565,-0.224936845,0.012560660,-0.200626928,0.365636367,-0.138797825,-0.026919300,0.191637174,0.893103069,0.062828686,0.072558353,-0.349748392,-1.445870568,-0.781755710,-0.458383693,0.501146222,1.350878658,-0.718634793
-0.119196962,0.117319345,0.786383528,-0.014094521,0.004243260,-0.566611498,0.823853597,-0.047160948,0.063825548,0.118365132,0.784564689,-0.035555146,-0.074093444,-0.195349278,0.027528051,-0.183882276,0.344109799,-0.138594424,-0.027700041,0.211186984,0.911444788,0.063158946,0.068359169,-0.376939070,-1.410139119,-0.822699567,-0.473864564,0.520711340,1.350244382,-0.713005386
-0.120554966,0.108039120,0.787194999,-0.016692313,0.003002857,-0.571195077,0.820639100,-0.106201301,0.050114710,0.081829563,0.855384901,0.010694081,-0.026840929,-0.169439245,0.043792535,-0.163176158,0.321368307,-0.134410799,-0.028564572,0.230623606,0.921910036,0.068929126,0.069093633,-0.392238553,-1.379242424,-0.865690827,-0.487941389,0.537706895,1.349651959,-0.707494858
-0.121733969,0.099381788,0.788533962,-0.018113193,0.002119962,-0.576234884,0.817080643,-0.158472634,0.027051510,0.053885302,0.878188108,0.005491058,0.011958614,-0.146367871,0.056845937,-0.143592404,0.296983136,-0.126945670,-0.029720861,0.248164023,0.922613133,0.073769124,0.075788005,-0.394380890,-1.367876473,-0.907330195,-0.501577491,0.556105889,1.347781809,-0.705075010
-0.122599638,0.091288246,0.790333736,-0.017951815,0.000704812,-0.581292110,0.813496600,-0.203958068,0.000777739,0.042276148,0.859948398,-0.019292311,0.035142620,-0.125056295,0.060910740,-0.126301068,0.274305000,-0.121004523,-0.027972910,0.262209216,0.908078476,0.074287679,0.081925999,-0.382197095,-1.372655640,-0.948899690,-0.513990612,0.576789021,1.346613282,-0.706503272
-0.123555264,0.083433150,0.792284566,-0.017855558,-0.000104692,-0.587297715,0.809174000,-0.245185667,-0.017885448,0.042919518,0.809883520,-0.050136497,0.041954665,-0.104968080,0.064738174,-0.109904017,0.253347335,-0.115997675,-0.024313279,0.274466006,0.884759208,0.073511340,0.083395915,-0.365416960,-1.380782615,-0.989529061,-0.521162072,0.592503092,1.346709462,-0.703434036
-0.124541973,0.075410105,0.793894875,-0.018546377,-0.000366243,-0.595092743,0.803442920,-0.279708006,-0.029467826,0.045026260,0.730660085,-0.069972673,0.041450606,-0.085662619,0.069841591,-0.093400968,0.236296886,-0.114613115,-0.020783957,0.286193454,0.868874601,0.077975496,0.078364517,-0.358870682,-1.380521950,-1.025340860,-0.519980920,0.605501889,1.347050654,-0.697097079
-0.125401880,0.066975520,0.794167300,-0.019265300,-0.000767297,-0.604906100,0.796063358,-0.304249164,-0.043123252,0.041392760,0.621672491,-0.055811098,0.048371294,-0.068762846,0.074698603,-0.075719824,0.227520647,-0.121535445,-0.022142099,0.297717263,0.864475301,0.093678607,0.067018372,-0.358876681,-1.363647526,-1.059261136,-0.511700234,0.620652670,1.348620361,-0.692131280
-0.126320910,0.058103838,0.792578959,-0.020281324,-0.000406248,-0.618204706,0.785755333,-0.321182827,-0.049887876,0.032183530,0.494832600,0.005321134,0.058558445,-0.057998240,0.082664754,-0.056592047,0.228293307,-0.134189036,-0.031354264,0.312485099,0.864080131,0.117209878,0.052649789,-0.357743451,-1.332081242,-1.092685075,-0.496649587,0.631966701,1.350810031,-0.685403185
-0.126927817,0.049000009,0.790696229,-0.021514057,-0.000376499,-0.635148832,0.772089998,-0.328554013,-0.048593860,0.016245084,0.361045164,0.099669250,0.056243227,-0.047898497,0.088134591,-0.034100867,0.233225892,-0.149545414,-0.042032613,0.331392146,0.850999058,0.126536480,0.034135351,-0.343216800,-1.292260360,-1.122682513,-0.475628483,0.639038269,1.352621767,-0.677291233
-0.127268780,0.039507510,0.789370402,-0.022847709,-0.001397631,-0.655699352,0.754675022,-0.326024558,-0.040844500,-0.002998656,0.230393488,0.204810150,0.041213265,-0.036556169,0.090653561,-0.009349368,0.239312146,-0.165435402,-0.049529099,0.353913255,0.821194588,0.126769919,0.018801921,-0.306460851,-1.250757900,-1.147273522,-0.447283477,0.641309316,1.353195252,-0.667640031
-0.127699505,0.029631612,0.788485423,-0.024239795,-0.003301798,-0.679630156,0.733146903,-0.316706153,-0.025123490,-0.016588719,0.114194082,0.298105950,0.025005425,-0.024004230,0.089970274,0.016471506,0.245861309,-0.180146519,-0.052855296,0.377853659,0.772106201,0.125099165,0.015462952,-0.244746307,-1.209680214,-1.167011401,-0.408031336,0.638465276,1.353735864,-0.650937965
-0.128275047,0.019271857,0.787976307,-0.025735224,-0.005942294,-0.706045189,0.707674062,-0.304668248,-0.001605116,-0.009705034,0.029827810,0.361930784,0.012814067,-0.011229937,0.086162291,0.042495945,0.254993043,-0.194926097,-0.053167853,0.397463165,0.728476127,0.121168717,0.019970101,-0.185707401,-1.145032237,-1.183159096,-0.352963254,0.631029890,1.357904135,-0.615395832
-0.128955273,0.008408155,0.787456148,-0.027850987,-0.008569344,-0.733785842,0.678755645,-0.291480854,0.030356988,0.032308494,0.002173667,0.383295280,-0.003659932,-0.000761963,0.082532929,0.068954694,0.268966381,-0.210146014,-0.051994937,0.404642485,0.710163251,0.118872452,0.025672915,-0.174375083,-1.029226309,-1.194907369,-0.274544541,0.604357919,1.368488875,-0.540027836
-0.129629909,-0.002082622,0.786869083,-0.030084453,-0.010124076,-0.760880702,0.648114948,-0.274208953,0.065018686,0.100153774,0.000090905,0.392444919,-0.030326349,0.006086011,0.079804552,0.096443173,0.283642686,-0.224038358,-0.049691791,0.395380822,0.686943236,0.115907623,0.033640985,-0.212432430,-0.903760052,-1.201702572,-0.177854562,0.554262311,1.359300149,-0.414033882
-0.130019373,-0.011777196,0.786596983,-0.031831570,-0.010989109,-0.785613545,0.617800412,-0.248372279,0.096720367,0.174181416,0.000233647,0.405312883,-0.067199711,0.010458409,0.075618948,0.124660888,0.293407623,-0.232900081,-0.045357988,0.365626595,0.642414218,0.114323486,0.040487740,-0.279310903,-0.802388608,-1.189443060,-0.079395038,0.504127710,1.278330015,-0.246668847
-0.129687826,-0.020826773,0.786734169,-0.032653312,-0.012326052,-0.806166577,0.590658345,-0.214815251,0.118716084,0.230135056,0.000128082,0.399358306,-0.105347727,0.013200504,0.066930530,0.149833796,0.300438759,-0.239326405,-0.038830364,0.314312185,0.563738368,0.119689315,0.038175198,-0.325730697,-0.715899186,-1.134173055,-0.014838540,0.504867441,1.104020905,-0.105319621
-0.128960249,-0.029587883,0.787275667,-0.032969438,-0.014782579,-0.821096456,0.569644715,-0.178870946,0.128904138,0.256204480,0.000016741,0.355908503,-0.132858481,0.017570794,0.054671594,0.166095625,0.311955310,-0.252190502,-0.032020293,0.240671234,0.420246913,0.146242151,0.027287106,-0.292713882,-0.627388078,-1.016170910,-0.001183065,0.577166904,0.870595790,-0.048410948
-0.128554597,-0.037282572,0.786170269,-0.033859546,-0.018091061,-0.828088162,0.559281898,-0.149742456,0.128718248,0.257734082,0.000000000,0.299969725,-0.145969535,0.027005592,0.044611131,0.165011360,0.329375130,-0.274522477,-0.028677784,0.143170735,0.185040032,0.203769450,0.006593262,-0.153016239,-0.531973185,-0.817625583,-0.041182800,0.656422585,0.630676192,-0.087339558
-0.128222740,-0.043378868,0.784520123,-0.035568181,-0.020362084,-0.826989960,0.560720872,-0.134169461,0.123254463,0.246970851,0.000000212,0.257575473,-0.143582031,0.043429406,0.042724297,0.144140825,0.339025579,-0.295603507,-0.030403434,0.035910455,-0.055187621,0.286267299,-0.042434931,0.064504722,-0.426645188,-0.577397930,-0.150325843,0.655033948,0.390751932,-0.112120020
-0.127038269,-0.049189062,0.783458308,-0.037409914,-0.021607070,-0.818471111,0.572921176,-0.131679600,0.111688934,0.227397371,0.000000424,0.236537107,-0.126415780,0.071881989,0.043596588,0.105298253,0.325536475,-0.306906304,-0.032209166,-0.067675630,-0.295402058,0.367546552,-0.144758408,0.304326713,-0.309201797,-0.337183492,-0.278620799,0.560300532,0.150823275,-0.043567430
-0.125278965,-0.055748804,0.783065992,-0.037115497,-0.023007290,-0.805515096,0.590964072,-0.137376460,0.092456708,0.200443413,0.000000151,0.236391197,-0.105243958,0.105957803,0.039402286,0.062114735,0.294727383,-0.310154185,-0.030641660,-0.154950585,-0.535604033,0.396950098,-0.299122275,0.544159050,-0.179074328,-0.096981518,-0.345247502,0.372222988,-0.061437630,0.118318229
-0.124987393,-0.061929334,0.783280643,-0.032468017,-0.025566793,-0.792228062,0.608824166,-0.147785758,0.068106870,0.174851083,0.000000001,0.249376464,-0.092572513,0.127517536,0.029466763,0.029839296,0.273179625,-0.315521540,-0.029483881,-0.217992483,-0.775794254,0.379002945,-0.479599925,0.784001143,-0.036839952,0.143208703,-0.318544259,0.180652172,-0.193199780,0.349746962
-0.126156650,-0.066334229,0.783782711,-0.024006298,-0.028822204,-0.783818754,0.619855741,-0.160156528,0.043616805,0.164623914,0.000000001,0.266933044,-0.088697646,0.126889457,0.013450940,0.016012369,0.277159454,-0.328814243,-0.029079651,-0.252632355,-1.011896272,0.347042504,-0.618053602,1.023853676,0.102885229,0.371374571,-0.213437186,0.087040481,-0.218299487,0.589750738
-0.126450861,-0.069495558,0.784411814,-0.014749029,-0.029618667,-0.783153181,0.620947901,-0.172635639,0.027842292,0.170265574,0.000000003,0.275639711,-0.086604959,0.110665388,-0.002079852,0.016448060,0.290626722,-0.340752770,-0.026879768,-0.270535804,-1.200943217,0.340160849,-0.739771371,1.249388139,0.219722578,0.512804743,-0.172102148,0.080240579,-0.165940717,0.829754295
-0.125846612,-0.071966819,0.785410162,-0.006694936,-0.028828604,-0.790180395,0.612159320,-0.179396154,0.020871994,0.186009414,0.000000001,0.274353611,-0.087108672,0.091109989,-0.017126205,0.027056316,0.299580864,-0.345116268,-0.021853021,-0.275240227,-1.296647115,0.370419210,-0.852408467,1.406277444,0.283489373,0.568823699,-0.178961831,0.105929443,-0.111471526,1.064440166
-0.125084922,-0.074043207,0.787049058,-0.000942976,-0.028007982,-0.801727664,0.597032173,-0.177964204,0.020659291,0.205856788,0.000000000,0.268016076,-0.092130847,0.078056985,-0.031022149,0.043920696,0.293839306,-0.337718964,-0.015031825,-0.268386211,-1.309304852,0.415426623,-0.874105051,1.469841022,0.253923457,0.567918254,-0.193058975,0.110092303,-0.094052039,1.240475000
-0.124478914,-0.075871747,0.788930761,0.002924609,-0.026918095,-0.813720097,0.580625926,-0.172554543,0.024112626,0.223698407,0.000000000,0.260467084,-0.100255640,0.071842758,-0.042064679,0.063842029,0.276190984,-0.322472626,-0.008513502,-0.254485847,-1.291653316,0.451948328,-0.852080792,1.467586359,0.213746874,0.546859734,-0.198372378,0.111116064,-0.092320354,1.323176290
-0.124212226,-0.077740722,0.790470783,0.004786322,-0.025414059,-0.822797952,0.567745319,-0.166426360,0.029495282,0.235724130,0.000000000,0.252576615,-0.107860053,0.074511512,-0.047743822,0.080090014,0.249152556,-0.303962559,-0.003801890,-0.241062285,-1.283792386,0.470048196,-0.848958673,1.465900646,0.239631833,0.536330708,-0.197063598,0.124731183,-0.091908410,1.319698166
-0.123999317,-0.079616488,0.791553182,0.005159937,-0.024523165,-0.828185999,0.559892793,-0.160542367,0.032396655,0.244287826,0.000000000,0.247173662,-0.112366498,0.085547980,-0.052342425,0.088179121,0.218294385,-0.286251646,0.000306157,-0.234460924,-1.276048446,0.478227556,-0.834527029,1.467773674,0.265688207,0.532857125,-0.194184906,0.134004629,-0.089927991,1.295795866
-0.123923274,-0.081188759,0.792213055,0.004909433,-0.023793563,-0.830530351,0.556443258,-0.157472956,0.035053604,0.252161779,0.000000000,0.245334435,-0.114632167,0.097559524,-0.054022780,0.088978680,0.191102479,-0.271662504,0.002609937,-0.235381658,-1.269135001,0.487429396,-0.835121022,1.461373508,0.271103039,0.530104594,-0.188345766,0.134965158,-0.082757171,1.276544175
-0.123994332,-0.082560801,0.792437474,0.004476579,-0.023258989,-0.831020521,0.555737234,-0.155473048,0.036243812,0.259728416,0.000000000,0.244079635,-0.114459906,0.108106780,-0.054438354,0.086515568,0.171370741,-0.262274211,0.003808198,-0.241076856,-1.267218348,0.497515277,-0.852861144,1.456123982,0.272199468,0.529039136,-0.180164060,0.128159685,-0.075258918,1.269569536
-0.124001806,-0.083851980,0.792408543,0.003981715,-0.023008726,-0.830730652,0.556184617,-0.153605105,0.036322399,0.264836317,0.000000000,0.242040655,-0.112823374,0.116158865,-0.054577705,0.084497274,0.159420547,-0.257698829,0.004552268,-0.248031368,-1.266478889,0.502685738,-0.856185149,1.457622120,0.278624054,0.531928811,-0.173948432,0.118861629,-0.076533058,1.272616574
-0.123820606,-0.085014986,0.792346393,0.003831216,-0.023137317,-0.830698191,0.556228821,-0.151877050,0.035335464,0.265330239,0.000000000,0.240051472,-0.111757721,0.120802946,-0.055856818,0.084862213,0.154080156,-0.256586292,0.005347794,-0.252321222,-1.264852378,0.504909613,-0.846337137,1.457934953,0.286952712,0.537952880,-0.173015112,0.110046173,-0.086437968,1.279840353
-0.123592926,-0.085954831,0.792384939,0.004171175,-0.023432719,-0.831380652,0.555193408,-0.150575304,0.034032193,0.263780003,0.000000000,0.238836360,-0.112110257,0.122933626,-0.058453401,0.086819982,0.151097153,-0.256188898,0.006532812,-0.252450835,-1.266199644,0.508814351,-0.848484383,1.455230329,0.294108173,0.539371108,-0.172210271,0.105327708,-0.090157196,1.280804819
-0.123315430,-0.086679834,0.792513083,0.004801671,-0.023741798,-0.832512229,0.553476882,-0.149763996,0.032841342,0.262015483,0.000000000,0.238239975,-0.113299688,0.122992960,-0.061652172,0.089029127,0.149660261,-0.255881432,0.008060723,-0.249684127,-1.269729804,0.512747084,-0.858640975,1.453103275,0.301576409,0.537670699,-0.171378175,0.105008510,-0.089909805,1.276142799
-0.122941058,-0.087232328,0.792733728,0.005607799,-0.024097221,-0.833717028,0.551637376,-0.149536282,0.031087772,0.261560249,0.000000000,0.238119194,-0.113878744,0.122482414,-0.065340029,0.090813639,0.147820925,-0.254908754,0.009869584,-0.245896010,-1.273269516,0.515485425,-0.864742622,1.452190352,0.308189832,0.536569510,-0.171485377,0.107904838,-0.091231224,1.268258342
-0.122476398,-0.087607525,0.793050858,0.006501115,-0.024569885,-0.834797338,0.549970418,-0.149840233,0.028116241,0.262979050,0.000000000,0.238486894,-0.112690170,0.122457813,-0.069426197,0.091981221,0.144313710,-0.252780327,0.011778702,-0.242490768,-1.275912001,0.517570035,-0.864916387,1.450884369,0.311596379,0.534687763,-0.171181417,0.111371672,-0.091426481,1.257183325
-0.121985322,-0.087864555,0.793358567,0.007133932,-0.025134233,-0.835652260,0.548637110,-0.149688437,0.025318143,0.266600830,0.000000000,0.238844008,-0.110798513,0.123222189,-0.073119790,0.092255445,0.140451471,-0.250453076,0.013593804,-0.240219247,-1.278165269,0.519604966,-0.867283596,1.448872838,0.313445738,0.533943483,-0.173482123,0.114035981,-0.092812003,1.246305606
-0.121482050,-0.088029430,0.793592407,0.007406846,-0.025676601,-0.836351917,0.547541159,-0.149036068,0.023299881,0.270885552,0.000000000,0.239042126,-0.109455783,0.123866830,-0.075875130,0.092028952,0.138026918,-0.248769795,0.015100497,-0.239067338,-1.280342033,0.520569043,-0.869730640,1.448693063,0.315355128,0.534394330,-0.176561805,0.117137919,-0.095630714,1.234577762
-0.120969073,-0.088108893,0.793695670,0.007404414,-0.026284552,-0.836971540,0.546564669,-0.147765806,0.021602435,0.273986509,0.000000000,0.238827367,-0.108415418,0.123574812,-0.078407264,0.091802974,0.139205673,-0.249120996,0.016652484,-0.238770311,-1.282209485,0.520780293,-0.869328247,1.450537505,0.316982832,0.535918868,-0.178621487,0.120195683,-0.098529019,1.223874351
-0.120426625,-0.088191372,0.793738733,0.007158567,-0.027295493,-0.837513592,0.545687360,-0.145127797,0.018813590,0.275013743,0.000000000,0.237419369,-0.106755984,0.123360516,-0.081579186,0.091764364,0.142928873,-0.251253420,0.018459361,-0.239364913,-1.283397360,0.521691643,-0.868443668,1.452753869,0.317869480,0.539485938,-0.179264868,0.121953832,-0.101229924,1.213488843
-0.119882229,-0.088125229,0.793779393,0.006700325,-0.028298647,-0.838000127,0.544894558,-0.141853833,0.015295443,0.274577782,0.000000000,0.235240754,-0.104395158,0.123698091,-0.084551818,0.092009098,0.146570224,-0.253341833,0.020027167,-0.240357140,-1.284017291,0.523252626,-0.868412307,1.454384560,0.317908773,0.543009058,-0.179306724,0.122814375,-0.105409310,1.202369464
-0.119453109,-0.087467762,0.793693971,0.006084209,-0.028039263,-0.838413725,0.544278612,-0.142895208,0.017940367,0.273987913,0.000000000,0.236775621,-0.104903122,0.121108045,-0.083435876,0.092686523,0.150283909,-0.253996191,0.020492776,-0.240864416,-1.286665777,0.524176009,-0.869565214,1.454610266,0.316803179,0.542715119,-0.181964120,0.125902260,-0.110102789,1.190553444
-0.118971528,-0.086514463,0.793570819,0.005247544,-0.027900047,-0.838536760,0.544104909,-0.143344305,0.019525492,0.273798126,0.000000000,0.238766514,-0.105484441,0.117024164,-0.081640662,0.092511845,0.157895981,-0.256263777,0.020417461,-0.241241820,-1.287998992,0.523919696,-0.867970615,1.453289865,0.313627482,0.538696717,-0.188700785,0.132979490,-0.114905447,1.170063349
-0.118500048,-0.085097941,0.793290954,0.004139401,-0.027635398,-0.838252445,0.544565872,-0.144149145,0.021587756,0.273704486,0.000000001,0.240322304,-0.105326710,0.109247984,-0.077650665,0.091951165,0.172851007,-0.261632433,0.019182806,-0.241248161,-1.287449901,0.521721284,-0.859401758,1.449179977,0.308163325,0.531954884,-0.198932887,0.148147945,-0.123929582,1.129994493
-0.118119987,-0.083054646,0.792754411,0.002845730,-0.026910173,-0.837502389,0.545763221,-0.146521263,0.025646841,0.273398097,0.000000000,0.242548818,-0.105702301,0.096928153,-0.070686091,0.091640034,0.195426079,-0.270065407,0.016460608,-0.240228227,-1.285136697,0.517313399,-0.842803811,1.441154067,0.298956779,0.523267339,-0.210660544,0.175026424,-0.140421534,1.060607634
-0.117631297,-0.080556402,0.792047656,0.001573443,-0.026873935,-0.836221940,0.547730027,-0.148508763,0.027280227,0.273147308,0.000000000,0.245225990,-0.105468147,0.085130365,-0.066483128,0.090388259,0.220520519,-0.280682985,0.015012008,-0.237095050,-1.278815464,0.510792222,-0.816747753,1.428513361,0.284068321,0.503925842,-0.222153720,0.211661860,-0.157648072,0.964879377
-0.117024903,-0.077251609,0.791273972,0.000590221,-0.026879231,-0.834265194,0.550707495,-0.152308230,0.028039385,0.272331594,0.000000059,0.248530003,-0.103767186,0.071258754,-0.062528361,0.087590634,0.247543143,-0.291595904,0.013800130,-0.230144206,-1.267633120,0.499455851,-0.778050240,1.410628635,0.258889836,0.463427282,-0.226217524,0.258907037,-0.161481261,0.849548206
-0.116337555,-0.073342807,0.790271288,-0.000235522,-0.026067324,-0.831344856,0.555145179,-0.158775613,0.030606761,0.269076749,0.000000165,0.252175119,-0.102382113,0.055034530,-0.056123872,0.083558145,0.275700955,-0.302315649,0.011563403,-0.219056113,-1.257749390,0.476751863,-0.728275259,1.394282353,0.218790078,0.408202579,-0.228884430,0.309005103,-0.140848637,0.728461037
-0.115510174,-0.069106866,0.788993735,-0.000766144,-0.024613597,-0.826854438,0.561876607,-0.167596626,0.034207361,0.261687975,0.000000082,0.255615630,-0.103678137,0.038362973,-0.048338876,0.076868900,0.303955987,-0.313701193,0.008697512,-0.205394347,-1.251737368,0.439015696,-0.669507705,1.384300336,0.162870542,0.344870380,-0.241834692,0.362749210,-0.102707475,0.611140873
-0.114133152,-0.064488895,0.787671531,-0.000099897,-0.023316834,-0.820217975,0.571575707,-0.179969349,0.033219701,0.250885635,0.000000027,0.259353722,-0.106159428,0.019213614,-0.044450293,0.064502311,0.333665877,-0.326026853,0.007661164,-0.189705436,-1.248077972,0.386510347,-0.607691216,1.378628069,0.095793788,0.268663649,-0.264113783,0.414119438,-0.032801874,0.490634100
-0.112514895,-0.059111972,0.786448020,0.001690763,-0.022096257,-0.811250851,0.584278148,-0.196447436,0.027422237,0.238068340,0.000006759,0.264706506,-0.110542414,-0.002183290,-0.044223238,0.043883415,0.363043354,-0.337489785,0.007993139,-0.173623506,-1.245585262,0.322144227,-0.544732564,1.375533512,0.021005829,0.166449154,-0.281225570,0.468120007,0.090124307,0.360970017
-0.111618578,-0.052156061,0.784995480,0.004114119,-0.019184528,-0.799908899,0.599800618,-0.222818937,0.025210780,0.224840871,0.000026232,0.276104608,-0.135298212,-0.027456242,-0.040366928,0.014378975,0.391137728,-0.347169451,0.005880649,-0.158803804,-1.250362652,0.246420064,-0.483715929,1.380712684,-0.056561184,0.033374695,-0.268104062,0.541995535,0.241139895,0.218855243
-0.110651148,-0.044215309,0.783313588,0.007046478,-0.015890885,-0.786656226,0.617146506,-0.257476306,0.022737849,0.213195996,0.000021412,0.295769014,-0.196896569,-0.054774548,-0.037833358,-0.020375899,0.421214682,-0.358068302,0.003230618,-0.142484360,-1.262001836,0.157538540,-0.430701191,1.396189532,-0.131661106,-0.117952373,-0.245353296,0.622344193,0.394037109,0.086222618
-0.109496620,-0.036189426,0.781556533,0.009841069,-0.013540860,-0.771993325,0.635410186,-0.294715681,0.018502435,0.204244970,0.000000000,0.324057248,-0.302857578,-0.080595548,-0.038212421,-0.057048607,0.452347757,-0.369975188,0.000374933,-0.124658073,-1.264728029,0.068241302,-0.396434765,1.392349026,-0.202448308,-0.263889173,-0.230832802,0.708173994,0.530080163,-0.023472897
-0.109007027,-0.028383388,0.779944862,0.011997225,-0.012056189,-0.756606463,0.653649275,-0.326312700,0.013187478,0.199024446,0.000903423,0.355791938,-0.427787575,-0.103935100,-0.037884116,-0.093112121,0.481215960,-0.380015050,-0.005177466,-0.110995252,-1.225971952,0.013088751,-0.396970633,1.315627285,-0.280730146,-0.393302847,-0.213070679,0.808354332,0.638496585,-0.116628496
-0.108780382,-0.021106356,0.778746484,0.013425433,-0.010965301,-0.741150088,0.671115540,-0.347517116,0.007561528,0.201573279,0.008239405,0.379208210,-0.509257376,-0.124663796,-0.034571474,-0.126519440,0.502900752,-0.384268055,-0.013913371,-0.097834012,-1.130882984,0.000154090,-0.455692141,1.145573307,-0.388203316,-0.502196500,-0.191506184,0.918563278,0.721057866,-0.198004235
-0.107742195,-0.015049857,0.777690101,0.014782882,-0.010169902,-0.726577087,0.686850622,-0.363524890,0.010495210,0.213849095,0.030133714,0.375442896,-0.523090810,-0.142802070,-0.036943174,-0.156533658,0.522318164,-0.387782416,-0.018479985,-0.076217921,-1.027470225,0.000183298,-0.575224573,0.909060218,-0.511722001,-0.585861715,-0.172295674,1.025854164,0.781577644,-0.267799397
-0.106359379,-0.009831791,0.776445830,0.016395024,-0.009317036,-0.712896822,0.701015348,-0.379950425,0.021938854,0.238057110,0.066630663,0.343833177,-0.514293641,-0.160554495,-0.043413420,-0.184132917,0.543161457,-0.393263957,-0.019741103,-0.054041385,-0.953565225,0.000302749,-0.698996891,0.690019022,-0.601056343,-0.659633644,-0.138907973,1.133792420,0.832370994,-0.330624123
-0.105110999,-0.005324456,0.775241286,0.017642978,-0.008540624,-0.700005360,0.713868530,-0.392240625,0.039709668,0.274420840,0.109055792,0.303805884,-0.486795050,-0.175770336,-0.049910241,-0.209072491,0.561936600,-0.398274194,-0.020548618,-0.037534734,-0.905470319,0.000201289,-0.800629715,0.503811380,-0.632453108,-0.714510561,-0.087028286,1.241553578,0.878331995,-0.402664975
-0.103734496,-0.001239967,0.774166684,0.019272676,-0.007693002,-0.687888116,0.725520035,-0.398990474,0.061659977,0.314850123,0.147258033,0.275194587,-0.444578523,-0.190612846,-0.056922110,-0.230689628,0.579054398,-0.402604256,-0.021250298,-0.025038544,-0.874399786,0.000127902,-0.879777812,0.334356975,-0.611976871,-0.754968164,-0.038356930,1.342844089,0.904784169,-0.480382078
-0.101776975,0.002672562,0.773230002,0.022099457,-0.006672640,-0.676277517,0.736285141,-0.401086220,0.084303307,0.350351722,0.175939941,0.263886610,-0.389317552,-0.205290778,-0.069042087,-0.250200447,0.596094221,-0.408553542,-0.018699214,-0.013835801,-0.855585615,0.000113270,-0.945152378,0.170390771,-0.580422518,-0.794109415,-0.010899067,1.430765227,0.898126070,-0.541630134
-0.099426429,0.006551259,0.772687699,0.024038337,-0.006038981,-0.665305758,0.746159458,-0.396052456,0.110551505,0.373681371,0.195787305,0.264887930,-0.324902540,-0.214663111,-0.080690727,-0.266705679,0.607604035,-0.411579198,-0.014487098,-0.004720064,-0.845072109,0.000107559,-0.995194912,0.052789523,-0.588309248,-0.828210308,-0.001432984,1.499263998,0.867563883,-0.586944792
-0.096670726,0.010203287,0.772464112,0.024730886,-0.006029634,-0.654842410,0.755336643,-0.384374519,0.138583448,0.387580919,0.209729134,0.266668307,-0.264626489,-0.218929468,-0.090798303,-0.281072639,0.614848352,-0.411742501,-0.010127157,0.003097326,-0.843481455,0.000100711,-1.030613059,-0.028010843,-0.626447273,-0.847336398,-0.000065577,1.550660694,0.835399727,-0.637412945
-0.093350104,0.013510314,0.772247339,0.025553667,-0.005888271,-0.644703729,0.763982617,-0.369784517,0.165513562,0.396489505,0.217958871,0.267315196,-0.219101022,-0.222948903,-0.101834068,-0.294636513,0.622314548,-0.412547124,-0.004869533,0.010336025,-0.850839993,0.000094286,-1.055018883,-0.101422928,-0.666904723,-0.856894448,-0.000093977,1.583728881,0.809609521,-0.688293620
-0.089535431,0.016566185,0.771941198,0.026553053,-0.005353926,-0.634764173,0.772230999,-0.354296140,0.190291888,0.404414316,0.221519408,0.268070445,-0.189895493,-0.227573185,-0.113941013,-0.308542492,0.631112494,-0.414684318,0.001469912,0.016184219,-0.861746520,0.000088569,-1.070447595,-0.167962289,-0.697035250,-0.862268660,-0.000097576,1.598811697,0.788674267,-0.722158386
-0.085324906,0.019568804,0.771499815,0.027064202,-0.004370555,-0.624946812,0.780185817,-0.338429178,0.213158285,0.412197071,0.220574239,0.268810535,-0.175956230,-0.231575310,-0.125639743,-0.323181604,0.639538787,-0.416551615,0.008710881,0.019889825,-0.870821635,0.000083280,-1.079186043,-0.214922181,-0.719934273,-0.868035011,-0.000064709,1.598963575,0.767649922,-0.724006246
-0.080712851,0.022587227,0.770803837,0.027005862,-0.002711665,-0.614950966,0.788098116,-0.323148475,0.235998505,0.420676898,0.216976739,0.268947297,-0.177721608,-0.234823843,-0.135738336,-0.338050615,0.646454274,-0.417228080,0.016534672,0.020318486,-0.876758191,0.000078311,-1.083603371,-0.236487016,-0.739063490,-0.876719308,-0.000051260,1.589733235,0.741678145,-0.691430700
-0.075604958,0.025582767,0.770108826,0.027099884,-0.000974457,-0.604373165,0.796239741,-0.307828571,0.259003489,0.429763215,0.214755814,0.270458044,-0.187636551,-0.237698435,-0.147227523,-0.353379245,0.654018768,-0.418643499,0.025006327,0.018141806,-0.885403082,0.000067708,-1.079460695,-0.246307590,-0.763752180,-0.878628452,-0.000049564,1.579042633,0.721045464,-0.651016125
-0.069986320,0.028681917,0.769194083,0.027114128,0.000811539,-0.592941878,0.804788230,-0.293745531,0.282894775,0.438257787,0.216083840,0.273333185,-0.198703773,-0.239755709,-0.159996141,-0.369910348,0.661995531,-0.420441038,0.034472814,0.015393956,-0.895054533,0.000045956,-1.069376674,-0.245577858,-0.794842587,-0.875564516,-0.000042205,1.562089065,0.713015601,-0.606996158
-0.063973562,0.031750893,0.767962273,0.026317326,0.002773068,-0.580506045,0.813825804,-0.284989134,0.305687416,0.444443609,0.221269608,0.275158330,-0.203099379,-0.239014499,-0.171780143,-0.387709026,0.668004134,-0.421131807,0.045126594,0.013202546,-0.901522502,0.000025309,-1.056265337,-0.233994626,-0.828402579,-0.869441254,-0.000010455,1.536273901,0.714206232,-0.551866407
-0.057617673,0.034646229,0.766980389,0.024145166,0.004875580,-0.566864534,0.823442676,-0.286364263,0.325602812,0.448264792,0.230903047,0.276042663,-0.193996820,-0.233685174,-0.180137971,-0.406399073,0.670081508,-0.419945986,0.056640820,0.011969042,-0.897948914,0.000005509,-1.040744081,-0.212604918,-0.861596528,-0.862437365,-0.000010163,1.502547198,0.721349143,-0.476694135
-0.050797272,0.037184476,0.766119782,0.020041419,0.007195957,-0.551194242,0.834105189,-0.301948720,0.343175497,0.451548123,0.247514263,0.278178412,-0.169412491,-0.221707048,-0.182318547,-0.422007093,0.666444207,-0.417780790,0.069464054,0.011823626,-0.872489172,0.000033019,-1.024443475,-0.187435350,-0.883900822,-0.856189410,-0.000198124,1.458754732,0.736100985,-0.383107184
-0.043274035,0.039231251,0.765289590,0.014645227,0.009640006,-0.532151149,0.846467804,-0.327395460,0.361746919,0.454731704,0.274549940,0.278493895,-0.129620449,-0.202514922,-0.178136174,-0.423304629,0.655931167,-0.417024172,0.085065043,0.010114560,-0.820098161,0.000292890,-1.009301117,-0.171569428,-0.881100382,-0.842893130,-0.000316313,1.399517638,0.764543901,-0.286953779
-0.034827767,0.040828018,0.764432392,0.008490386,0.012002773,-0.507882726,0.861300751,-0.357603262,0.380656269,0.460198718,0.312774063,0.269918226,-0.081135767,-0.172589244,-0.166755085,-0.397238041,0.634345440,-0.419885506,0.103767395,0.003617351,-0.742674651,0.000753770,-0.996593471,-0.169199202,-0.844781707,-0.814008691,-0.000598880,1.318571543,0.807955258,-0.187126372
-0.025932242,0.042565754,0.763069792,0.000754688,0.013735983,-0.477228307,0.878671666,-0.386521061,0.397570662,0.472919531,0.355153666,0.244577326,-0.043021439,-0.125317571,-0.144909333,-0.336383077,0.597216433,-0.428622063,0.120931101,-0.012161254,-0.653964135,0.000738212,-0.976561522,-0.139430575,-0.788472409,-0.766386647,-0.011328935,1.213421648,0.821826401,-0.094113049
-0.017228440,0.044906845,0.760599233,-0.008446815,0.014015376,-0.440343484,0.897680253,-0.410805287,0.407675727,0.496344882,0.391794060,0.204035260,-0.030439528,-0.053937429,-0.114224880,-0.244920458,0.537647327,-0.444354341,0.129827790,-0.041905124,-0.578980092,0.001185064,-0.923601645,-0.041574089,-0.741533763,-0.669810733,-0.061532092,1.083371272,0.752927744,-0.030103887
-0.007979220,0.046729450,0.757409824,-0.015834950,0.012025010,-0.399843963,0.916367535,-0.428872586,0.398485244,0.518349749,0.414859727,0.155655451,-0.039494285,0.044325853,-0.088193425,-0.143081110,0.442902238,-0.458160333,0.128885113,-0.082605627,-0.491130017,0.031328849,-0.807678746,0.088475511,-0.677469137,-0.474805062,-0.153396910,0.914582736,0.583994674,0.011080283
0.002660168,0.047071807,0.754382536,-0.019087447,0.008902566,-0.362537808,0.931731051,-0.445282230,0.375007338,0.520314730,0.438124914,0.111194138,-0.040062737,0.150552756,-0.079137070,-0.063607643,0.324480473,-0.452639078,0.126511686,-0.118183643,-0.374228326,0.113310462,-0.626594490,0.241843252,-0.574846094,-0.226451027,-0.230457799,0.705683918,0.389280593,0.117381305
0.014123653,0.046148183,0.751622237,-0.018194933,0.006311488,-0.334312776,0.942265396,-0.465408479,0.352698092,0.509188627,0.483132272,0.068213133,-0.028692557,0.240486378,-0.088066875,-0.024652121,0.216599472,-0.434795860,0.129695446,-0.140985734,-0.293954082,0.198723860,-0.433365107,0.454939669,-0.440711586,0.022375075,-0.231536224,0.480627374,0.210488267,0.316987095
0.025160122,0.044930348,0.747529789,-0.015648547,0.006472189,-0.317047727,0.948258389,-0.494699084,0.345500840,0.502311021,0.558474401,0.014230219,-0.015818627,0.292102086,-0.104337711,-0.023713883,0.160550001,-0.432967086,0.140702597,-0.154919757,-0.294964231,0.257422689,-0.322170076,0.696278141,-0.283805667,0.259152235,-0.159785878,0.293101647,0.055373213,0.557123485
0.034802370,0.045231466,0.741079905,-0.014694991,0.010857800,-0.307967896,0.951221289,-0.537142578,0.355798425,0.508834964,0.652804949,-0.048319064,0.000945873,0.297525081,-0.114307346,-0.045733922,0.169083956,-0.459275850,0.156461441,-0.166665311,-0.381287228,0.334242153,-0.304423198,0.937687724,-0.127224356,0.460835906,-0.099148976,0.172401275,-0.019259062,0.797265877
0.041707922,0.047403522,0.734830118,-0.015403011,0.017749659,-0.303490438,0.952544619,-0.579821458,0.369989099,0.521992713,0.730561835,-0.099258578,0.020848933,0.267566864,-0.115578877,-0.067862416,0.225049977,-0.502461939,0.169008270,-0.178203408,-0.465605415,0.423173140,-0.392764873,1.171710178,0.017247863,0.564086173,-0.100857309,0.116942716,-0.012301720,1.025469370
0.046844871,0.049772710,0.729590577,-0.015712061,0.024432601,-0.300397202,0.953371754,-0.615704734,0.380005739,0.530072805,0.786330636,-0.135338227,0.036522201,0.231820814,-0.116276098,-0.076405874,0.287313617,-0.544572569,0.176310093,-0.195147790,-0.505046039,0.497119764,-0.558774108,1.343350690,0.146940681,0.599410650,-0.128769076,0.097144304,-0.015996355,1.168618924
0.051583845,0.051920344,0.725088542,-0.015780349,0.030068076,-0.296622471,0.954390906,-0.645066419,0.384876919,0.529640951,0.829774474,-0.164069426,0.047007921,0.208177882,-0.117628444,-0.075112752,0.330047676,-0.575484805,0.180717881,-0.212439300,-0.517692298,0.542743091,-0.707508301,1.421391657,0.239206734,0.616314160,-0.154246794,0.085030393,-0.034236879,1.247657834
0.056549696,0.053672171,0.721671222,-0.015580508,0.034527821,-0.290199748,0.956216076,-0.668160445,0.382487982,0.521664748,0.863845047,-0.188868546,0.053980485,0.203734945,-0.117682004,-0.074444351,0.342211928,-0.591029543,0.182420072,-0.225270207,-0.529238977,0.552644571,-0.762571549,1.436870262,0.250277046,0.628446420,-0.160512824,0.075440848,-0.049813095,1.302682565
0.061964998,0.054749765,0.719876944,-0.014247538,0.037640642,-0.279017365,0.959442286,-0.683374230,0.366896822,0.507797994,0.882701293,-0.206731305,0.059486207,0.218717591,-0.115501089,-0.082214625,0.324444607,-0.589770794,0.179071442,-0.233887807,-0.544908763,0.545158581,-0.724103014,1.431701432,0.241630166,0.639269007,-0.138392470,0.077681480,-0.050394680,1.326172804
0.067245241,0.055231827,0.719742561,-0.011458221,0.039787829,-0.260426389,0.964605481,-0.693589116,0.333113519,0.483297469,0.881468426,-0.212058755,0.065078879,0.248435238,-0.106954343,-0.098681622,0.285269887,-0.573989312,0.166621699,-0.230407273,-0.566807553,0.523502193,-0.637928223,1.416231162,0.296717714,0.648299731,-0.100367009,0.084673035,-0.035576318,1.309704596
0.072107166,0.056213477,0.720184948,-0.007769957,0.042436696,-0.236306197,0.970720421,-0.706079059,0.286385898,0.449117708,0.868870872,-0.207952974,0.072245081,0.279775050,-0.093880036,-0.118568725,0.241000274,-0.554002471,0.151243669,-0.211667404,-0.595444165,0.484136162,-0.587655448,1.388758070,0.342993048,0.644817549,-0.074069661,0.085275714,-0.020737962,1.240266114
0.076703145,0.058129110,0.720577742,-0.003489939,0.046535112,-0.208795598,0.976845280,-0.722588359,0.233052071,0.409293826,0.850501888,-0.197111413,0.080542061,0.308637469,-0.079017715,-0.140178672,0.192666214,-0.531227598,0.138773528,-0.175915319,-0.622136388,0.430273262,-0.572321228,1.343049040,0.336127515,0.611597509,-0.070997418,0.084227234,0.007019080,1.081686635
0.080260845,0.060959775,0.720797400,0.001366195,0.052587422,-0.179047643,0.982433020,-0.743625980,0.173714912,0.365493304,0.823878127,-0.176823609,0.090416165,0.336778240,-0.062145317,-0.164777579,0.132158115,-0.502380040,0.129351717,-0.124872196,-0.641697989,0.368371014,-0.590431119,1.280253277,0.290513506,0.517765527,-0.081864686,0.074930042,0.046378862,0.862599512
0.081968484,0.064224610,0.720740689,0.005916507,0.059981451,-0.148871129,0.987018038,-0.766628659,0.114477059,0.322634964,0.790035607,-0.147552596,0.101193339,0.361137330,-0.043291802,-0.187114217,0.067189906,-0.470382533,0.120015849,-0.059839411,-0.648978531,0.302536850,-0.614897338,1.200584003,0.235408278,0.370414317,-0.093144709,0.065091988,0.052114397,0.632584921
0.082260895,0.067074964,0.719387496,0.008976154,0.066906116,-0.121324773,0.990314748,-0.789780873,0.063832920,0.287612527,0.763286679,-0.119952075,0.113511419,0.374870908,-0.025587821,-0.197800832,0.026711540,-0.453195123,0.105976559,0.015080823,-0.623258513,0.251298758,-0.614683045,1.068539498,0.195261537,0.194649727,-0.117350261,0.092549718,0.008112795,0.423293332
0.082330689,0.069710620,0.717098928,0.011380325,0.071473764,-0.099191994,0.992432838,-0.808205977,0.023172434,0.265059216,0.750103448,-0.102457409,0.126618273,0.384479061,-0.015323462,-0.198557280,0.008752811,-0.452739987,0.092044836,0.094989727,-0.544944615,0.232840950,-0.587303810,0.863236301,0.167767956,-0.021033435,-0.177046603,0.160674347,0.034425504,0.242210739
0.082778783,0.072429809,0.714575929,0.013467532,0.072626604,-0.085266996,0.993616395,-0.817247384,-0.003874905,0.257038017,0.750232907,-0.097968917,0.138074596,0.395567746,-0.015307578,-0.195922746,0.002300306,-0.460472399,0.086667988,0.180059103,-0.395562423,0.249021223,-0.528593925,0.623375012,0.103879226,-0.261427298,-0.258102075,0.251321931,0.154092097,0.103373429
0.084035852,0.075063880,0.712378004,0.014777708,0.072264026,-0.080647601,0.994009806,-0.820922768,-0.014076605,0.261331103,0.763627973,-0.107406746,0.146046492,0.404876453,-0.024019638,-0.194198433,0.000547754,-0.469678906,0.092584795,0.265122305,-0.180137491,0.276000106,-0.426274640,0.383505661,-0.045623972,-0.501798269,-0.325361531,0.362827037,0.367111404,0.003216048
0.085792935,0.077554429,0.710690134,0.014195065,0.073376722,-0.082886332,0.993752591,-0.827512167,-0.009046174,0.271091751,0.785600570,-0.125314173,0.151051084,0.405120989,-0.035609365,-0.193522243,0.000710081,-0.476213485,0.106351113,0.340203874,0.058877724,0.264565978,-0.278886488,0.143628749,-0.274983650,-0.742147654,-0.340051141,0.505566328,0.606815609,-0.094565230
0.087364145,0.079739781,0.709946243,0.010508698,0.075399817,-0.085540628,0.993421983,-0.835716962,0.001210084,0.273441840,0.803730522,-0.139602175,0.154863988,0.399614076,-0.037034434,-0.192782132,0.000341781,-0.472328387,0.120853254,0.392328373,0.283918235,0.190089080,-0.146512338,-0.009230286,-0.514981388,-0.982473941,-0.296258293,0.663143060,0.846539368,-0.274298598
0.088506056,0.081194075,0.709573282,0.006507650,0.077844337,-0.083386526,0.993450853,-0.844724914,0.003956211,0.267101233,0.811801581,-0.144119428,0.158930827,0.393804500,-0.028298384,-0.191943227,0.000060934,-0.465908292,0.127187807,0.422525729,0.463343142,0.126344525,-0.075265688,-0.090012170,-0.754979257,-1.210869701,-0.252229331,0.769675063,1.086279144,-0.499436039
0.089871097,0.081894231,0.708297850,0.004687023,0.080492775,-0.075334974,0.993893147,-0.856082702,-0.004759014,0.257023196,0.816844316,-0.144092813,0.163302884,0.392316645,-0.015254892,-0.195325115,0.000000000,-0.466058663,0.123856308,0.437255464,0.619179806,0.105956893,-0.037014197,-0.168651356,-0.994977248,-1.375424420,-0.219516167,0.782873373,1.295741073,-0.654876799
0.091937964,0.082225253,0.706630198,0.004910249,0.081176597,-0.062807486,0.994706725,-0.861925454,-0.023973698,0.246315050,0.820633678,-0.144244730,0.169237628,0.399871402,-0.000825309,-0.205160884,0.000002567,-0.467891826,0.114563732,0.442223035,0.752463463,0.099241292,-0.002092989,-0.245849054,-1.234975355,-1.446628979,-0.209458734,0.759456487,1.421590984,-0.716984981
0.094099815,0.082403587,0.705719605,0.006621350,0.080012942,-0.050062897,0.995513834,-0.857845100,-0.047068020,0.240949498,0.816700620,-0.142791308,0.176470723,0.411783501,0.006200920,-0.215250756,0.000002147,-0.465402613,0.107812869,0.444670554,0.814907031,0.090585286,0.019424970,-0.282169043,-1.408306825,-1.447992583,-0.226629380,0.748574511,1.454120965,-0.685760518
0.095390896,0.082162952,0.705359132,0.007809619,0.079075320,-0.042168630,0.995945737,-0.854861675,-0.058715503,0.238488510,0.812801369,-0.140349812,0.179906172,0.418819599,0.009698939,-0.217975857,0.000000487,-0.461922293,0.104254393,0.450117622,0.808856300,0.088329070,0.020454082,-0.275400871,-1.474971784,-1.437684248,-0.253173590,0.760885557,1.429886389,-0.611779955
0.096058835,0.081817618,0.705059042,0.008472545,0.078255308,-0.039726139,0.996105495,-0.853454931,-0.062066349,0.236538621,0.813945914,-0.140962857,0.179583250,0.422457743,0.010213772,-0.218297073,0.000000002,-0.462512784,0.101539629,0.458008691,0.795165359,0.081676738,0.018095349,-0.267908811,-1.465520920,-1.434596849,-0.271394285,0.779216307,1.426661358,-0.622967445
0.096640609,0.081517491,0.704900211,0.009468926,0.077048990,-0.041451450,0.996120259,-0.851051629,-0.061467720,0.235599040,0.818621266,-0.145220777,0.176749202,0.424758103,0.007062994,-0.219614227,0.000000011,-0.466598816,0.099332279,0.466426279,0.787720817,0.072393325,0.016577521,-0.266030500,-1.442634262,-1.432136728,-0.277162670,0.773342948,1.431211689,-0.650474761
0.097230326,0.081224510,0.704867563,0.010311084,0.075775201,-0.045234749,0.996044988,-0.848113705,-0.058439159,0.235413889,0.825226151,-0.151567285,0.172905842,0.426530483,0.002128953,-0.220016863,0.000000014,-0.471288504,0.098574241,0.472899397,0.785878182,0.068131350,0.016169108,-0.267014157,-1.434370534,-1.430410481,-0.279722113,0.777993636,1.425936151,-0.637233225
0.097675683,0.080862960,0.704495884,0.010308665,0.075377865,-0.049579105,0.995868375,-0.849377889,-0.051076484,0.235830774,0.834990085,-0.158786733,0.168552822,0.426359883,-0.001769197,-0.216419298,0.000000004,-0.475233070,0.100624056,0.476779440,0.785632852,0.068508496,0.015877563,-0.270786121,-1.435917654,-1.432692512,-0.281239785,0.799085712,1.416546269,-0.621200505
0.098350844,0.080389872,0.703940448,0.009576650,0.075301954,-0.053460188,0.995680627,-0.851990071,-0.042527723,0.236088949,0.847905289,-0.168281643,0.164733064,0.426946229,-0.003999107,-0.212151669,0.000000000,-0.476605132,0.103943754,0.478753751,0.788756143,0.074991963,0.016565245,-0.274983778,-1.442584381,-1.436451062,-0.275693767,0.797131668,1.415497966,-0.615619954
0.099161598,0.079862746,0.703451274,0.008425153,0.074952213,-0.056279031,0.995562079,-0.853658258,-0.034957736,0.235339750,0.860893843,-0.178169712,0.161740453,0.428553115,-0.004274634,-0.208901645,0.000000000,-0.476253935,0.106117365,0.479404698,0.793099366,0.083951963,0.017096757,-0.278813693,-1.451059196,-1.440239002,-0.268613046,0.789871574,1.417859053,-0.614234136
0.099764666,0.079413161,0.703182425,0.007244202,0.074550907,-0.057580995,0.995527053,-0.853981959,-0.030578674,0.233612176,0.869414329,-0.184935189,0.160043325,0.430195797,-0.002878152,-0.206707937,0.000000000,-0.474519141,0.106131941,0.478438198,0.792407095,0.086601765,0.014688234,-0.281053711,-1.456874256,-1.443659812,-0.265692434,0.796592778,1.417541873,-0.616344808
0.100128234,0.079007704,0.703091132,0.006182288,0.074384832,-0.057620601,0.995544345,-0.854095872,-0.028942462,0.231904361,0.873935954,-0.188572660,0.159792548,0.431442885,-0.000280493,-0.204748866,0.000000000,-0.472431024,0.105014723,0.476379857,0.788467913,0.085013920,0.009793088,-0.281917175,-1.460597756,-1.446283419,-0.265868433,0.807370429,1.415228301,-0.618933015
0.100316628,0.078481999,0.702574708,0.004665006,0.075153430,-0.057541449,0.995499463,-0.858818386,-0.024273651,0.230232006,0.880643619,-0.191790721,0.159005525,0.430378588,0.003826454,-0.201265145,0.000000000,-0.472313640,0.104418964,0.475303581,0.786294407,0.083018761,0.004141759,-0.285016023,-1.464178753,-1.450131153,-0.265435740,0.811842715,1.413157030,-0.618050008
0.100547844,0.077975195,0.701902914,0.003057294,0.076452438,-0.057463370,0.995411291,-0.865216861,-0.019220752,0.227812987,0.889232803,-0.196091738,0.157702394,0.428509212,0.007902776,-0.197866622,0.000000003,-0.473178106,0.105009824,0.474660150,0.787931960,0.081763410,-0.002085834,-0.291272186,-1.469944774,-1.455025668,-0.263300758,0.812405929,1.412697572,-0.613034134
0.100903042,0.077618359,0.701519376,0.001963501,0.077721198,-0.057229397,0.995329270,-0.869789077,-0.016198876,0.225785798,0.895434739,-0.199972039,0.156741047,0.426548269,0.010794101,-0.196059902,0.000000027,-0.472820468,0.105549091,0.474260471,0.787162987,0.079687156,-0.008328505,-0.292913624,-1.475681236,-1.459072564,-0.261979307,0.813671697,1.411893459,-0.609099415
0.101345787,0.077387508,0.701416587,0.001195126,0.079212572,-0.056888694,0.995232444,-0.873286357,-0.014961459,0.224135064,0.898171690,-0.202038985,0.156347970,0.423951474,0.012721656,-0.195329897,0.000000062,-0.470773873,0.105819799,0.473795938,0.783268964,0.078735390,-0.013070266,-0.288176348,-1.479343804,-1.462498402,-0.262369257,0.815634374,1.409972781,-0.607646974
0.101851433,0.077274604,0.701514615,0.000538785,0.080984452,-0.056564170,0.995108900,-0.876617071,-0.014649906,0.223317116,0.898256813,-0.202380702,0.156792283,0.420681963,0.014116901,-0.195276432,0.000000014,-0.467326134,0.105995140,0.473015746,0.777752316,0.079181526,-0.017093390,-0.281262056,-1.484249437,-1.465405054,-0.263469683,0.817967273,1.406619320,-0.607774202
0.102510303,0.077287053,0.701678499,-0.000158291,0.082865649,-0.056795374,0.994940975,-0.879836771,-0.013362025,0.223301381,0.898948117,-0.203662667,0.157174174,0.417380036,0.014874509,-0.195352550,0.000000000,-0.462511228,0.106672163,0.472761543,0.772534432,0.080234077,-0.021274259,-0.275442941,-1.490876353,-1.467950982,-0.264265436,0.819505513,1.402365038,-0.602778672
0.103466180,0.077415254,0.701825193,-0.001318118,0.084881500,-0.058067461,0.994696719,-0.883229623,-0.009897190,0.223337786,0.902859467,-0.208162211,0.157248166,0.414525987,0.015708649,-0.194157989,0.000003630,-0.454586523,0.109116163,0.473302850,0.766322286,0.082477014,-0.025810923,-0.272641254,-1.495303803,-1.470552182,-0.263972606,0.814782345,1.399087869,-0.585880634
0.104598177,0.077420139,0.702115700,-0.003204865,0.087069779,-0.060341191,0.994367901,-0.886811422,-0.003794411,0.221958433,0.909085645,-0.214878825,0.156273330,0.411899931,0.017403077,-0.190392169,0.000011910,-0.442335957,0.113179472,0.475012440,0.749696628,0.090510210,-0.029126760,-0.264977536,-1.501078845,-1.472920433,-0.263372641,0.801232005,1.397626430,-0.563775156
0.106242465,0.077602044,0.702677822,-0.005130512,0.089088924,-0.064166909,0.993941371,-0.888579646,0.003875996,0.220640364,0.916344164,-0.223894498,0.154227401,0.410196585,0.016036058,-0.184148207,0.000010209,-0.426096918,0.120933398,0.478182308,0.728457460,0.099601042,-0.030712193,-0.252982321,-1.510468792,-1.473940678,-0.262545541,0.779228859,1.397719778,-0.540745334
0.108816399,0.078447195,0.703553017,-0.006408469,0.091157110,-0.070260866,0.993334145,-0.887892639,0.012865045,0.222841611,0.923548073,-0.235794294,0.151960502,0.407485047,0.006627466,-0.177070554,0.000001259,-0.406582182,0.133399238,0.482884710,0.721379030,0.101092150,-0.031639547,-0.248765151,-1.521177948,-1.473683038,-0.262223546,0.755334261,1.397207081,-0.521385916
0.112445271,0.079785675,0.704697973,-0.007560821,0.093180955,-0.078137933,0.992549549,-0.884216322,0.023399312,0.228526055,0.932325404,-0.252148825,0.150181371,0.405044229,-0.008384364,-0.171018382,0.000375489,-0.380534497,0.148286451,0.488221405,0.729491757,0.099833818,-0.032213900,-0.252995138,-1.527024517,-1.471674097,-0.264978876,0.734192756,1.394945628,-0.507448247
0.117398644,0.081395529,0.706228790,-0.009028520,0.094314436,-0.086509259,0.991735560,-0.876289284,0.034384334,0.234413151,0.941483474,-0.271437222,0.148543137,0.402509496,-0.019220546,-0.169031682,0.004870503,-0.350592063,0.163264104,0.491498580,0.734220961,0.104035447,-0.024157912,-0.248294546,-1.494357458,-1.466111965,-0.273084517,0.712446663,1.391588337,-0.498433620
0.123424913,0.083234733,0.708377769,-0.009504287,0.093995961,-0.094659218,0.991016680,-0.860903715,0.041302919,0.241028365,0.945989564,-0.290289194,0.146672134,0.400994566,-0.032374803,-0.173514669,0.017668659,-0.317513606,0.181056335,0.493300510,0.700474942,0.110085656,0.011634377,-0.208272668,-1.386838018,-1.455842071,-0.287244464,0.691088371,1.390282426,-0.488906405
0.130041447,0.084696471,0.711596406,-0.008987220,0.092967193,-0.101611632,0.990429910,-0.839407724,0.043928998,0.247131097,0.940042901,-0.303483253,0.143807239,0.396074766,-0.046480795,-0.184669754,0.042684843,-0.278831439,0.198367939,0.492774690,0.611573470,0.117961119,0.078938386,-0.120560720,-1.206819951,-1.442362860,-0.308037773,0.670721106,1.391312039,-0.478218678
0.137223628,0.085692485,0.715783146,-0.008613947,0.091823913,-0.106733553,0.990001069,-0.815018362,0.044294506,0.252120967,0.925165882,-0.310882518,0.140941128,0.383919147,-0.057196267,-0.199484430,0.082688630,-0.231877615,0.209560575,0.487192395,0.504027070,0.141333002,0.147468083,-0.013776449,-0.979820178,-1.425032713,-0.335194844,0.649436398,1.391933494,-0.466738700
0.145382430,0.086829517,0.720149539,-0.009152385,0.089700401,-0.110664226,0.989759315,-0.787893038,0.044750057,0.257836828,0.908998249,-0.317832288,0.139444310,0.363379845,-0.068881481,-0.215032187,0.146222207,-0.177386770,0.218144696,0.477012838,0.415826072,0.183161793,0.199072337,0.096297813,-0.747831783,-1.400260492,-0.368385619,0.630696605,1.390079351,-0.459393451
0.154607130,0.088281262,0.724712553,-0.011188098,0.086177226,-0.113437393,0.989737475,-0.755908380,0.046516161,0.264257925,0.893456527,-0.327437943,0.139465576,0.330246674,-0.084573858,-0.232987221,0.239599730,-0.114374627,0.230001727,0.461885346,0.347832389,0.236389492,0.247301613,0.240597437,-0.564520139,-1.370741025,-0.401732206,0.608237807,1.392958495,-0.450432544
0.164436801,0.089860782,0.729734625,-0.014068948,0.081542145,-0.114300599,0.989994099,-0.716125635,0.044878903,0.269267158,0.876281281,-0.341175332,0.140992611,0.283760749,-0.107101738,-0.258337084,0.354674424,-0.044560987,0.244683166,0.440460386,0.287007688,0.301006319,0.310831842,0.417964273,-0.434606672,-1.340292462,-0.435056540,0.576942535,1.403386177,-0.427926565
0.174239428,0.091464423,0.735081235,-0.017081888,0.076249917,-0.113793228,0.990426807,-0.672090717,0.040159499,0.272054221,0.854467833,-0.353373428,0.142847671,0.226742965,-0.138517388,-0.284985673,0.485124060,0.025775759,0.249301710,0.415442398,0.228778377,0.384896130,0.380832528,0.603394934,-0.338825908,-1.303350602,-0.477602859,0.545167250,1.409926450,-0.405659810
0.183401994,0.092956384,0.740602020,-0.019618930,0.071266182,-0.113470478,0.990787908,-0.630904443,0.035615892,0.272473902,0.825970016,-0.356652564,0.142969290,0.164087050,-0.173458227,-0.301323528,0.614903911,0.083971064,0.225608371,0.390186420,0.177979139,0.486338419,0.442917836,0.772728530,-0.257044646,-1.262358577,-0.526062493,0.515446155,1.412566293,-0.390668370
0.191919359,0.094304562,0.745937786,-0.021230990,0.066462719,-0.114282992,0.990995131,-0.591945972,0.031033094,0.273700883,0.793857974,-0.354353430,0.141932220,0.102010577,-0.203557569,-0.303424424,0.725778946,0.103442295,0.183285019,0.366916970,0.141878231,0.596595142,0.487579247,0.912456740,-0.181041569,-1.219576254,-0.575888986,0.492180992,1.414092120,-0.388577036
0.199743944,0.095354724,0.751161695,-0.022338986,0.061861660,-0.117204138,0.990927492,-0.553757548,0.028236393,0.278553782,0.759301942,-0.349383875,0.140317966,0.040827401,-0.222670999,-0.301474686,0.807626604,0.072819363,0.150328043,0.348018836,0.119536013,0.707250891,0.518412953,1.017710980,-0.118829962,-1.175739946,-0.624598898,0.472405611,1.414752970,-0.397762249
0.206988078,0.096097308,0.756387317,-0.023333684,0.057568789,-0.122137162,0.990567457,-0.516009356,0.027129035,0.286521981,0.722501312,-0.342257250,0.138253451,-0.017290622,-0.237333979,-0.307576966,0.860971268,0.026880665,0.138931079,0.332993183,0.100324343,0.811120561,0.546847157,1.096874298,-0.076613427,-1.131181745,-0.671472603,0.449503164,1.413941009,-0.403778015
0.213842277,0.096741810,0.761641450,-0.023690304,0.053070544,-0.128454708,0.990010947,-0.475904600,0.024309925,0.296485735,0.680598573,-0.332177615,0.136245966,-0.067458401,-0.252501839,-0.324037030,0.882634569,-0.012965598,0.136429936,0.320838378,0.080352913,0.898751850,0.577483916,1.145688487,-0.048181903,-1.083412862,-0.717841883,0.423114301,1.408979629,-0.403516785
0.220377073,0.097461105,0.766795533,-0.022852308,0.048264427,-0.135554521,0.989329717,-0.432729027,0.015966681,0.308029735,0.631744439,-0.318361421,0.135648870,-0.109715835,-0.270661516,-0.348260548,0.875925686,-0.041818357,0.129606147,0.310140932,0.060041502,0.965119855,0.615629470,1.160698893,-0.021512165,-1.030887748,-0.765419715,0.398226101,1.396710369,-0.405081679
0.226437532,0.098049540,0.771501869,-0.021458849,0.043720088,-0.143338569,0.988474646,-0.390521563,0.006257090,0.321092924,0.581340079,-0.302952151,0.135190597,-0.145592181,-0.286902145,-0.376636994,0.844462503,-0.062776507,0.116019521,0.299492892,0.039284172,1.013820701,0.667606533,1.145890867,0.005456864,-0.983326731,-0.810017977,0.376447202,1.384832138,-0.410838108
0.232001007,0.098290318,0.775558254,-0.020136378,0.039554963,-0.151533356,0.987455099,-0.352487194,-0.001181949,0.334903947,0.533896098,-0.286730805,0.133066901,-0.171026021,-0.297828927,-0.404814828,0.786091949,-0.077239803,0.105741626,0.287231062,0.020130712,1.047681872,0.729979351,1.105099619,0.029723214,-0.950980927,-0.847090756,0.360533001,1.382201883,-0.417745547
0.237280623,0.098236012,0.779066486,-0.018981562,0.035653923,-0.159228050,0.986415190,-0.317550412,-0.007842651,0.347188906,0.489609174,-0.270915199,0.130283304,-0.186818962,-0.302486640,-0.428480194,0.707035040,-0.083399875,0.102168735,0.271994647,0.005600852,1.075628873,0.783839141,1.050187417,0.051792321,-0.928253050,-0.878685586,0.348360697,1.384206915,-0.425855489
0.242256039,0.097820762,0.782030151,-0.018251116,0.032179008,-0.165744126,0.985474654,-0.286026524,-0.013733914,0.356621875,0.449985837,-0.256856914,0.127239635,-0.193292085,-0.300519930,-0.446256755,0.610580386,-0.078718682,0.102627416,0.253903562,-0.007913147,1.100856323,0.817852274,0.985010678,0.072072463,-0.909166546,-0.907326847,0.336400434,1.385231432,-0.434583804
0.246915506,0.096974402,0.784575178,-0.018164123,0.029172467,-0.170420450,0.984772005,-0.257851896,-0.018029394,0.363676210,0.415114059,-0.244704179,0.123895289,-0.189017489,-0.292533758,-0.459635284,0.499921223,-0.060733069,0.107750044,0.232667821,-0.025719804,1.125393083,0.826438570,0.915419530,0.091224253,-0.890775735,-0.932994348,0.322877173,1.383877147,-0.445384800
0.251318879,0.095661520,0.786782387,-0.018741113,0.026741928,-0.172805343,0.984414523,-0.233232786,-0.020529109,0.368280028,0.385026820,-0.234487740,0.120375839,-0.174009368,-0.280094617,-0.470467591,0.380726414,-0.029492656,0.113261073,0.207841393,-0.056770050,1.149396803,0.811929295,0.849580445,0.109105860,-0.873935500,-0.954672726,0.308387119,1.381860688,-0.453597020
0.255348246,0.093782381,0.788586997,-0.019688130,0.025255466,-0.172389300,0.984508237,-0.213937660,-0.021718298,0.368091528,0.360780510,-0.226267875,0.116898116,-0.149706142,-0.264710673,-0.478084182,0.260249075,0.010652665,0.115721059,0.178598721,-0.112232776,1.170314307,0.771795291,0.790741195,0.123174739,-0.860741565,-0.972792632,0.297093546,1.378550896,-0.454983861
0.258993958,0.091369600,0.789968190,-0.020580526,0.024498962,-0.169907478,0.984940451,-0.199600417,-0.021800525,0.363251350,0.343251238,-0.220774824,0.113208898,-0.121223924,-0.249491801,-0.483021829,0.148963929,0.052335010,0.117506293,0.146394119,-0.190130901,1.187076885,0.705369886,0.736174585,0.134085766,-0.851297293,-0.988125903,0.287312556,1.374416287,-0.453650266
0.262295330,0.088461255,0.790991198,-0.021205062,0.024223677,-0.166834199,0.985459238,-0.189092351,-0.020802731,0.357468674,0.331558767,-0.218117432,0.109119468,-0.094721277,-0.237000371,-0.486816288,0.061096447,0.089433927,0.119797394,0.114085178,-0.291300416,1.198506383,0.610938732,0.688031454,0.143922582,-0.844505343,-1.001165748,0.279250886,1.369833679,-0.457305145
0.265303131,0.085203965,0.791739730,-0.021212215,0.024024426,-0.165564213,0.985678122,-0.180179121,-0.019137192,0.356034657,0.322859003,-0.217332552,0.104367842,-0.077631616,-0.230066862,-0.489626885,0.011999956,0.118005980,0.123186798,0.086006446,-0.418817012,1.201423666,0.488383020,0.650945017,0.150718172,-0.840186160,-1.011324362,0.273219183,1.364325030,-0.465588858
0.267988839,0.081846913,0.792229180,-0.020131877,0.023211362,-0.169105920,0.985118840,-0.169761760,-0.018069821,0.362802312,0.314278721,-0.217534290,0.098593731,-0.072990070,-0.229164381,-0.487244229,0.000000000,0.145455650,0.131872430,0.067973777,-0.568964884,1.185344533,0.346582745,0.626289087,0.153186279,-0.840102555,-1.017979820,0.271335033,1.356697634,-0.473242365
0.270153312,0.078446053,0.792584847,-0.018275605,0.020690760,-0.182702579,0.982780577,-0.153453265,-0.016126015,0.382970168,0.304504761,-0.218836545,0.090580102,-0.079829202,-0.226407053,-0.467668472,0.001323609,0.193315171,0.150461600,0.068383205,-0.717968258,1.136569926,0.215469364,0.610829422,0.156184643,-0.851625447,-1.017153859,0.282575887,1.346582959,-0.477939994
0.272071182,0.075168716,0.792718493,-0.015666003,0.015346993,-0.208655989,0.977743179,-0.127610670,-0.015884881,0.416039089,0.291446023,-0.220672822,0.080485529,-0.094672428,-0.221487758,-0.431655662,0.010209733,0.252975769,0.167880908,0.086452933,-0.827262688,1.061877311,0.132190571,0.569825272,0.157206855,-0.882445048,-1.004187005,0.321854872,1.336400161,-0.488906062
0.273954593,0.072225439,0.792301232,-0.011805915,0.006737130,-0.249334077,0.968322131,-0.090608615,-0.023104344,0.462362981,0.271883759,-0.221688656,0.069715184,-0.115504243,-0.215916562,-0.399547980,0.022275880,0.290004803,0.166057155,0.120468700,-0.862306365,0.971490689,0.125417933,0.453106788,0.144737646,-0.942380057,-0.967445775,0.393611631,1.334315756,-0.505532195
0.275813174,0.069430907,0.791312843,-0.007356635,-0.004180178,-0.304686418,0.952415137,-0.044604842,-0.039947031,0.515787078,0.244239240,-0.221109631,0.059022623,-0.144636533,-0.204798340,-0.383347241,0.035025343,0.296591362,0.141669984,0.164317447,-0.814265072,0.872613440,0.197399186,0.243054697,0.105271052,-1.029996181,-0.891928965,0.478244090,1.348511102,-0.512748361
0.277938450,0.066382632,0.789797932,-0.003810332,-0.016322036,-0.371091126,0.928445178,0.009886949,-0.061314088,0.554728338,0.212220116,-0.221585748,0.045908451,-0.181628070,-0.185611933,-0.369008423,0.053156460,0.293783463,0.103617988,0.207986030,-0.706063071,0.769527634,0.314671608,0.003605027,0.035999382,-1.120627741,-0.769202561,0.535686643,1.363043804,-0.493925322
0.280533491,0.063011310,0.787603127,-0.001731964,-0.027236100,-0.441527066,0.896832786,0.071703872,-0.081251461,0.530077657,0.176293435,-0.224958054,0.029148089,-0.211390617,-0.155498646,-0.339093075,0.056538110,0.293292311,0.058554551,0.234721226,-0.574668527,0.655066554,0.424926588,-0.189164352,-0.038969930,-1.182711859,-0.605351505,0.546012905,1.291367437,-0.444361474
0.283213177,0.059017303,0.784755185,-0.000846189,-0.035068592,-0.505219589,0.862277592,0.141537902,-0.092667756,0.437118681,0.130811680,-0.229307055,0.008514879,-0.220798440,-0.119833119,-0.286343523,0.032954270,0.293142910,0.023123296,0.229804045,-0.456206237,0.526172264,0.484603734,-0.288600623,-0.064403943,-1.205942610,-0.439834571,0.568775933,1.126358283,-0.403216240
0.285372635,0.054052805,0.781592631,-0.001514141,-0.040306838,-0.555417618,0.830592762,0.203275574,-0.095329484,0.314628127,0.092030144,-0.237443952,-0.009945607,-0.220740735,-0.089654380,-0.217773244,0.012925329,0.286710007,0.006348496,0.185069275,-0.375295612,0.396697176,0.461132560,-0.294703774,-0.004925336,-1.164147354,-0.314967746,0.641027558,0.897183158,-0.405022387
0.286337165,0.048854779,0.778826649,-0.003727142,-0.044671743,-0.589577452,0.806466969,0.240239705,-0.093053630,0.226002778,0.082960756,-0.253409928,-0.020503997,-0.225862948,-0.070589759,-0.160261055,0.024266701,0.274195799,0.000422188,0.101517919,-0.350121397,0.284750663,0.348224077,-0.207473792,0.062337954,-1.030842577,-0.270686867,0.720561768,0.657175340,-0.458091817
0.286497090,0.045068063,0.776841020,-0.007408508,-0.048485442,-0.609375734,0.791363059,0.262299938,-0.091311475,0.206936899,0.087584295,-0.269428716,-0.024919926,-0.233775566,-0.058952946,-0.133825887,0.055462732,0.259149840,-0.010789288,-0.010998642,-0.400137167,0.181054162,0.211060047,-0.026910636,0.048886666,-0.804203923,-0.319739803,0.726713547,0.417167976,-0.469898317
0.286785680,0.043432989,0.775976431,-0.012075818,-0.048932205,-0.620702110,0.782424888,0.275527976,-0.089435532,0.233868930,0.089754516,-0.280621515,-0.021973984,-0.234779474,-0.045449503,-0.134117939,0.073455538,0.248686246,-0.020819674,-0.136805722,-0.553433028,0.073887711,0.167322427,0.213092225,-0.071231243,-0.564212045,-0.420499349,0.626198698,0.177161099,-0.377479017
0.286066831,0.042461337,0.776411121,-0.016342135,-0.045866915,-0.631007832,0.774246910,0.280656884,-0.083599484,0.261922279,0.087313093,-0.284494647,-0.021663980,-0.229155989,-0.026218924,-0.136432766,0.067782002,0.246900102,-0.020103641,-0.259481711,-0.774716427,0.012447643,0.216918569,0.453094920,-0.275754279,-0.324219696,-0.456422065,0.449239001,-0.037318507,-0.191726404
0.284879638,0.041092590,0.777695494,-0.017743451,-0.044204013,-0.642145434,0.765101572,0.283562665,-0.082427392,0.283373467,0.078984573,-0.274452389,-0.038819234,-0.217439409,-0.012535692,-0.129061884,0.044354786,0.253977024,-0.015649881,-0.345777787,-1.014709220,0.000054632,0.359848444,0.693097459,-0.515754229,-0.084226904,-0.399011822,0.291634191,-0.160744086,0.047816697
0.285753324,0.038205161,0.778467119,-0.013486135,-0.046530372,-0.655272135,0.753837833,0.287807037,-0.102007700,0.304748331,0.066001976,-0.251433999,-0.066232785,-0.206860419,-0.016013284,-0.107506337,0.014923763,0.268392987,-0.018618979,-0.367004870,-1.254702432,0.000573396,0.568370193,0.933099850,-0.702420798,0.155766308,-0.279328296,0.187548410,-0.190835978,0.287817001
0.288172280,0.034749976,0.778397927,-0.006817406,-0.047634314,-0.670821007,0.740056532,0.287217554,-0.129100166,0.330765234,0.055777655,-0.233242360,-0.081902930,-0.211452441,-0.021307067,-0.074991164,0.000380073,0.282287038,-0.029303279,-0.349703954,-1.434261425,0.000484739,0.723021266,1.173102100,-0.795753987,0.349293867,-0.190183292,0.147479334,-0.127594209,0.527817289
0.290158185,0.032665198,0.777372670,-0.003196849,-0.044045558,-0.686430231,0.725853503,0.281784143,-0.144738900,0.355237799,0.052433334,-0.235442186,-0.078790151,-0.226322160,-0.013001874,-0.042785181,0.000043434,0.289394538,-0.037654491,-0.341168715,-1.508400641,0.000144408,0.771006106,1.403483596,-0.784989300,0.463312041,-0.176372731,0.145110709,-0.074866324,0.767817558
0.291322030,0.031372947,0.776107030,-0.001401906,-0.038918967,-0.699016252,0.714044556,0.276633969,-0.149318274,0.372290697,0.051305000,-0.246523377,-0.073808976,-0.240202726,0.001157124,-0.019437472,0.000193192,0.291853685,-0.042123485,-0.342183644,-1.503938738,0.000043085,0.740106295,1.559095422,-0.731260047,0.512812407,-0.179843925,0.164474163,-0.083947309,0.983681620
0.292125582,0.030194984,0.775342596,0.000007773,-0.033441942,-0.707548432,0.705873114,0.270523432,-0.149889554,0.383076008,0.050255639,-0.256440386,-0.070549380,-0.250872100,0.014462479,-0.005035143,0.000092288,0.290154783,-0.043023718,-0.345395850,-1.479014040,0.000042404,0.705675399,1.621373800,-0.718106139,0.513409026,-0.171422107,0.187983649,-0.095542443,1.111273377
0.293203324,0.028890827,0.775021586,0.001454263,-0.027964327,-0.711566279,0.702060761,0.263760044,-0.148613941,0.388195830,0.048040830,-0.262474105,-0.068350110,-0.259693767,0.022162174,0.004077984,0.000011547,0.286373248,-0.038926547,-0.350959237,-1.468411815,0.000040525,0.712555224,1.606804041,-0.730085006,0.492371358,-0.158814240,0.192165879,-0.083519719,1.160161113
0.294312208,0.027316589,0.774925952,0.003269810,-0.022710326,-0.711800077,0.702007265,0.257741301,-0.145459247,0.387952444,0.044249220,-0.265494718,-0.067530490,-0.267725726,0.025715520,0.012659022,0.000000000,0.283537404,-0.031847815,-0.361318473,-1.469895472,0.000036224,0.718383113,1.578255572,-0.733921217,0.472797012,-0.151066451,0.180427079,-0.055344207,1.185192095
0.294966988,0.025315734,0.774900717,0.005163949,-0.017447068,-0.710010760,0.703955719,0.252328457,-0.140589497,0.383451441,0.039561832,-0.267864510,-0.067794536,-0.276181176,0.028232800,0.022731195,0.000001792,0.282360624,-0.023850406,-0.375751873,-1.471637796,0.000033397,0.692081550,1.566939409,-0.723291805,0.465294364,-0.144014790,0.173748851,-0.035751916,1.205648905
0.295341925,0.022882481,0.775003768,0.006486651,-0.012566647,-0.708052917,0.706017754,0.249162997,-0.134763789,0.378139373,0.035261893,-0.269246679,-0.068541143,-0.281264162,0.032538610,0.032706903,0.000001129,0.280360720,-0.018291083,-0.389908314,-1.467233418,0.000031405,0.659323652,1.558846360,-0.716994350,0.464540361,-0.136374072,0.175584204,-0.031518071,1.205987368
0.295782887,0.020124732,0.775162188,0.008021925,-0.008278420,-0.706706383,0.707413037,0.246862035,-0.130961208,0.373097403,0.030817372,-0.268057531,-0.070147921,-0.286327406,0.033658062,0.040722673,0.000063273,0.279158967,-0.013772505,-0.401420850,-1.461819703,0.000029701,0.638536487,1.547425046,-0.718362730,0.463558592,-0.128972380,0.181645194,-0.035664915,1.196006619
0.296337420,0.016785378,0.775263592,0.009531760,-0.004222164,-0.706586302,0.707550081,0.244412607,-0.128449835,0.370682623,0.027720387,-0.267109875,-0.071484557,-0.290839375,0.034891616,0.045960618,0.000300339,0.278548557,-0.011952055,-0.408362963,-1.459507105,0.000028568,0.628375669,1.533982789,-0.720484025,0.462376083,-0.127510910,0.186138813,-0.041377907,1.194173900
0.296860674,0.012695706,0.775258892,0.010382487,-0.000205464,-0.707949272,0.706186937,0.242840480,-0.125960032,0.373151582,0.026392890,-0.268099673,-0.072328737,-0.293000624,0.039783335,0.047593683,0.000504913,0.277071504,-0.016352063,-0.411018532,-1.459309560,0.000027488,0.622228292,1.522318644,-0.720143187,0.459621761,-0.130687911,0.185412895,-0.042793931,1.210316350
0.297188685,0.007878731,0.775135160,0.010677589,0.003598795,-0.710812233,0.703291552,0.243408472,-0.123747404,0.380448727,0.025906648,-0.270172167,-0.073810279,-0.293945367,0.047755137,0.046620615,0.000074742,0.275167755,-0.026141463,-0.411473551,-1.458926571,0.000024588,0.614443840,1.512717917,-0.717095426,0.454280155,-0.133593313,0.184648811,-0.040372112,1.224805953
0.297216541,0.002363895,0.774605814,0.010444386,0.006798066,-0.714593256,0.699429181,0.246936118,-0.121557855,0.390744543,0.025772264,-0.273932037,-0.076908402,-0.300166295,0.057585967,0.045199650,0.007860724,0.268711399,-0.036899470,-0.412267995,-1.456060597,0.000041642,0.605285092,1.499487914,-0.714262447,0.451415430,-0.138156248,0.185155104,-0.043103703,1.233965470
0.296854768,-0.003985598,0.773789748,0.009465065,0.009071864,-0.718911415,0.694978051,0.256081014,-0.119514557,0.402717930,0.023123857,-0.277914245,-0.082580474,-0.319291759,0.069602962,0.042153559,0.049694333,0.244192825,-0.047813770,-0.414362788,-1.448412477,0.000137720,0.591600222,1.480741432,-0.709801139,0.450832895,-0.140437795,0.181996617,-0.045817922,1.240511152
0.296063171,-0.011510810,0.773048869,0.007736650,0.010001580,-0.723616210,0.690086729,0.273334992,-0.118567305,0.416231487,0.015072855,-0.275874349,-0.091786685,-0.346064438,0.082483930,0.036104172,0.124048878,0.198234747,-0.059115774,-0.417597813,-1.433057869,0.000247490,0.567663017,1.457342826,-0.698281282,0.452571070,-0.139622224,0.171525968,-0.046963243,1.253058402
0.294876454,-0.020650987,0.772848631,0.005404038,0.008946889,-0.728884185,0.684557225,0.295568990,-0.118453718,0.431595119,0.012036142,-0.265136030,-0.103054036,-0.365333144,0.093406603,0.030767849,0.202360908,0.144526232,-0.069179488,-0.420638059,-1.407201116,0.000019181,0.529964047,1.431178713,-0.674341621,0.456281737,-0.139330037,0.152915813,-0.047296504,1.278450403
0.293112890,-0.031471530,0.773695443,0.002385002,0.005540317,-0.735216292,0.677805739,0.313354483,-0.115983864,0.448916042,0.037339276,-0.247116267,-0.114295433,-0.365897679,0.101620660,0.033548800,0.259721092,0.097857918,-0.076570455,-0.422089212,-1.369701929,0.001557198,0.479440590,1.404863614,-0.637782145,0.457091446,-0.132581997,0.134582744,-0.043348090,1.295368792
0.290462633,-0.043150960,0.775536982,-0.001670899,0.000323712,-0.742509225,0.669833676,0.313484137,-0.104160888,0.469287226,0.115701593,-0.227388148,-0.127154342,-0.350412654,0.109131703,0.044012532,0.295547294,0.061650059,-0.082682655,-0.423902764,-1.328356846,0.019781184,0.423914938,1.388476393,-0.598929551,0.463357922,-0.119415611,0.119018944,-0.043340106,1.293446643
0.286942507,-0.055083566,0.778376109,-0.006689985,-0.005877450,-0.750609307,0.660686286,0.290148181,-0.076949380,0.493085234,0.255074219,-0.194614205,-0.147898162,-0.324280231,0.116844860,0.057682683,0.315768894,0.033811310,-0.088809138,-0.428463934,-1.291655960,0.068886280,0.361936347,1.391386889,-0.562361891,0.476429442,-0.107356633,0.107153430,-0.052596569,1.286718064
0.283111075,-0.066963738,0.780637421,-0.012104581,-0.012006500,-0.759611716,0.650153339,0.252411303,-0.039185100,0.516507081,0.420697748,-0.125374294,-0.180013390,-0.291727558,0.124125356,0.070322179,0.323148102,0.012995804,-0.094903253,-0.433478191,-1.258116336,0.140004302,0.283977694,1.404081247,-0.524696106,0.492400307,-0.102403087,0.100609560,-0.069576218,1.280010216
0.279493166,-0.078869522,0.780278553,-0.017381525,-0.017668955,-0.769724251,0.637895185,0.205824152,0.000617736,0.529852172,0.585887011,-0.023438235,-0.202296217,-0.255522204,0.129756102,0.080959852,0.320574750,-0.002024615,-0.099773450,-0.434910364,-1.222691858,0.217842270,0.189191652,1.409382605,-0.480535098,0.510891095,-0.106745085,0.098719736,-0.090878121,1.269887845
0.276608417,-0.090595784,0.781928592,-0.021546986,-0.022191924,-0.780492608,0.624399340,0.148587226,0.027924398,0.515069754,0.732886541,0.070875610,-0.171578551,-0.221090304,0.132688545,0.090188951,0.312219842,-0.011440855,-0.102372388,-0.431367524,-1.190761982,0.292142143,0.090132819,1.401100485,-0.431821589,0.533363576,-0.120931924,0.099451407,-0.114843658,1.262942234
0.274694736,-0.101595515,0.783654761,-0.023964132,-0.024920703,-0.790706135,0.611218853,0.079696431,0.034751270,0.472673273,0.851311697,0.113535398,-0.105853730,-0.194318889,0.134329270,0.100174933,0.303725449,-0.017350151,-0.103345105,-0.425857752,-1.169542293,0.358061638,-0.006716209,1.386619093,-0.382350320,0.554533098,-0.140225125,0.103183386,-0.137342459,1.261185673
0.273435829,-0.111616183,0.785577286,-0.024644102,-0.026181134,-0.799704294,0.599316492,0.005073736,0.029411017,0.426811251,0.933793938,0.105438336,-0.057216956,-0.173328677,0.134001187,0.111139555,0.293255275,-0.020547946,-0.103018110,-0.421472425,-1.161467932,0.417785197,-0.108336953,1.373839941,-0.329402696,0.570681551,-0.157565005,0.105320524,-0.151081248,1.264123299
0.272306860,-0.120702521,0.787750655,-0.024217312,-0.026936144,-0.807223687,0.589133164,-0.064680881,0.028751093,0.402093195,0.976639943,0.076525626,-0.048130020,-0.154220486,0.131028797,0.123093740,0.278219771,-0.020996751,-0.101054990,-0.419645952,-1.162102152,0.472898695,-0.217903945,1.365413195,-0.264470747,0.579546798,-0.165806401,0.100955343,-0.151617891,1.263031097
0.271267775,-0.128893590,0.790074241,-0.022769905,-0.027779462,-0.813300723,0.580733817,-0.125340211,0.041598863,0.404315717,0.981407587,0.047978464,-0.055879190,-0.136119905,0.123381636,0.135169895,0.258865678,-0.020146886,-0.095794996,-0.420445971,-1.166236753,0.523342759,-0.329517540,1.359625496,-0.179593918,0.580022883,-0.161327091,0.086887113,-0.141984971,1.260118151
0.270370537,-0.136224055,0.792189597,-0.020704545,-0.028010124,-0.818377729,0.573624135,-0.181464273,0.067804822,0.424907753,0.948624004,0.028391201,-0.058641515,-0.122186470,0.111475924,0.144391817,0.242228912,-0.022797116,-0.085633495,-0.423051976,-1.170758430,0.567335505,-0.427874752,1.354467945,-0.070099118,0.580668314,-0.147063830,0.070834647,-0.128373195,1.261232125
0.269307139,-0.143491281,0.793639690,-0.020008234,-0.027521867,-0.823292467,0.566596621,-0.224421621,0.095716806,0.445119153,0.879912430,0.016041574,-0.059150499,-0.108157696,0.106511838,0.151259448,0.232559302,-0.028552972,-0.078689593,-0.424511565,-1.172585244,0.604551884,-0.504780185,1.351177955,0.052482621,0.590353473,-0.134504526,0.061944097,-0.122437229,1.260661021
0.268151686,-0.151097996,0.794354186,-0.020267620,-0.027023583,-0.828091705,0.559574014,-0.251396726,0.114170598,0.456913692,0.776425180,0.012484245,-0.058123455,-0.096691674,0.107524933,0.155653995,0.232089870,-0.037174701,-0.079387434,-0.424588767,-1.170886726,0.635854188,-0.553744673,1.350113034,0.174636783,0.610922432,-0.126591026,0.062379564,-0.128357333,1.251966038
0.267125220,-0.159151932,0.794745551,-0.020720770,-0.026762181,-0.832802773,0.552534141,-0.262313302,0.125640297,0.461511599,0.643643860,0.027570102,-0.056172301,-0.088821330,0.110148656,0.159410569,0.239014405,-0.049179473,-0.085681781,-0.422903113,-1.166519045,0.661567193,-0.573836016,1.350578830,0.281332042,0.635554824,-0.121614978,0.064458270,-0.144604588,1.241147224
0.266479821,-0.167642763,0.794227514,-0.020997571,-0.026711259,-0.837743684,0.545005624,-0.258478447,0.134467908,0.463210705,0.487836592,0.074860628,-0.059176631,-0.083614030,0.111601865,0.164239913,0.249533865,-0.064971559,-0.093701238,-0.417986741,-1.161649717,0.682601494,-0.577300279,1.351025429,0.359913788,0.652548481,-0.116122399,0.061351028,-0.161943463,1.237403395
0.266459482,-0.176722407,0.793168514,-0.020763705,-0.027103642,-0.843446199,0.536127570,-0.241020684,0.140363542,0.459787854,0.317713370,0.161558838,-0.080829312,-0.079334025,0.109716382,0.173087335,0.263296054,-0.087971181,-0.099071043,-0.407427449,-1.157636170,0.701585861,-0.582961033,1.349782671,0.402111942,0.657149232,-0.114528055,0.054409000,-0.170219524,1.246050173
0.267052192,-0.186271385,0.792455553,-0.019806475,-0.028022630,-0.849808799,0.525972852,-0.216469375,0.144016801,0.445849952,0.156794638,0.258104627,-0.117684005,-0.076745947,0.104811988,0.185261370,0.281303532,-0.115083249,-0.100030436,-0.392121715,-1.154186598,0.719553524,-0.592209964,1.347940107,0.419596951,0.652827915,-0.118077820,0.046820735,-0.168731873,1.258510743
0.268150706,-0.196183103,0.792106662,-0.018230162,-0.029749530,-0.856554939,0.514874997,-0.195463463,0.152126161,0.420332897,0.043867830,0.324180070,-0.152622253,-0.076478847,0.096306131,0.198062052,0.305140500,-0.143085857,-0.096914586,-0.373007455,-1.147890362,0.734165669,-0.591585527,1.347128818,0.420240073,0.640100739,-0.127206761,0.039989023,-0.159305837,1.266495966
0.269400559,-0.206387150,0.791884160,-0.017111974,-0.031876063,-0.863087795,0.503756444,-0.186819726,0.170294040,0.389980872,0.003310046,0.341658824,-0.172351983,-0.075352764,0.086393329,0.208699166,0.330158831,-0.169659130,-0.091690172,-0.351562957,-1.136130379,0.745211510,-0.580192431,1.345232904,0.414350556,0.619531857,-0.142716815,0.035110190,-0.145130804,1.269710747
0.270609797,-0.216704148,0.791626566,-0.016903108,-0.033591996,-0.867941886,0.495240089,-0.184543007,0.187230788,0.363846641,0.000000000,0.345078384,-0.183157067,-0.069704400,0.076841938,0.212554354,0.349345915,-0.193970420,-0.086375719,-0.332194756,-1.122832133,0.751935779,-0.566163714,1.340823455,0.409937909,0.595498726,-0.160031498,0.038577168,-0.128160316,1.263027907
0.272077847,-0.227110830,0.791352718,-0.016645230,-0.034582042,-0.868495716,0.494208670,-0.178805708,0.183381058,0.341647892,0.000488367,0.376964112,-0.197320922,-0.060645129,0.063481942,0.204540635,0.362401254,-0.218509740,-0.078718519,-0.319927380,-1.113414092,0.746422116,-0.552375107,1.333580420,0.409952965,0.571929898,-0.171240559,0.051857032,-0.116637329,1.242125829
0.273634801,-0.237857062,0.790487312,-0.016943250,-0.034336399,-0.863966299,0.502091797,-0.169715471,0.163557141,0.316371701,0.000249508,0.417502275,-0.201295770,-0.048050379,0.053232165,0.187406923,0.372264209,-0.244178223,-0.072163514,-0.312279007,-1.112395568,0.719317338,-0.536901369,1.325597949,0.413440908,0.564621920,-0.178128466,0.070860246,-0.132814841,1.207054800
0.275115194,-0.249230780,0.789558038,-0.018549635,-0.033324988,-0.854126352,0.518665144,-0.161722253,0.136152236,0.297198794,0.000039922,0.426204939,-0.180827682,-0.022511105,0.046937856,0.162687944,0.367795341,-0.266170357,-0.068022733,-0.301923450,-1.117570529,0.659296000,-0.515962649,1.320914796,0.415377413,0.579514732,-0.176680262,0.089344266,-0.177244968,1.147618923
0.277014307,-0.261215815,0.789176013,-0.020015379,-0.032591006,-0.839066551,0.542682720,-0.161256182,0.104424260,0.285639271,0.000000100,0.402363663,-0.144782437,0.016298474,0.037519646,0.127452524,0.342201636,-0.280451847,-0.062004006,-0.279811887,-1.124337332,0.558814471,-0.491974110,1.318082396,0.407661239,0.598830886,-0.163187839,0.096819634,-0.224572333,1.068887735
0.279718399,-0.273308240,0.789009229,-0.020632854,-0.031912469,-0.818361828,0.573445550,-0.168741934,0.070618939,0.267813005,0.000002998,0.375095626,-0.105917149,0.066443796,0.027937958,0.076670830,0.294775061,-0.286026006,-0.054461272,-0.243733328,-1.129430388,0.419550839,-0.478272519,1.297409540,0.383189718,0.585954201,-0.148168079,0.092894723,-0.246804676,0.992782587
0.283076638,-0.284162231,0.788444308,-0.021009793,-0.030111230,-0.792094927,0.609292647,-0.180559257,0.039968361,0.232596312,0.000001733,0.355922098,-0.070608098,0.126697838,0.028234458,0.013984655,0.221290039,-0.277654561,-0.048606797,-0.191917970,-1.123140828,0.258517355,-0.486966679,1.195116935,0.334283983,0.511623475,-0.135024638,0.081709172,-0.261062060,0.913042845
0.286533302,-0.293289676,0.786775249,-0.021928955,-0.027551939,-0.763566116,0.644768795,-0.189474543,0.015333835,0.179895511,0.000000349,0.333977484,-0.044248184,0.187958659,0.040541855,-0.041840565,0.138748979,-0.260907072,-0.046163413,-0.122610497,-1.078273363,0.137060295,-0.533280720,1.002477454,0.276048270,0.389057298,-0.114469337,0.071055678,-0.278718621,0.765195484
0.289661911,-0.301136146,0.783855635,-0.023560156,-0.026316026,-0.736416656,0.675605576,-0.189255808,-0.005417269,0.124800540,0.000000002,0.302015211,-0.029914201,0.241315625,0.056919031,-0.082085061,0.074386528,-0.250697532,-0.045987859,-0.039961245,-0.956623003,0.108936581,-0.630572685,0.762477613,0.222943611,0.192270868,-0.115963577,0.076835039,-0.229015406,0.544605147
0.291863793,-0.308259452,0.780864574,-0.024834802,-0.027261252,-0.714924403,0.698228583,-0.182290633,-0.023923351,0.083198180,0.000000013,0.267307814,-0.022974967,0.277834374,0.067874821,-0.109088070,0.047194389,-0.257696887,-0.046015041,0.047798809,-0.748502530,0.174146213,-0.703945370,0.522477763,0.132256143,-0.045892991,-0.161060812,0.109043191,-0.085978836,0.304605165
0.293316208,-0.314833833,0.778806335,-0.024620159,-0.029174788,-0.702327156,0.710829970,-0.176418814,-0.039554665,0.061281802,0.000000011,0.246122052,-0.015159492,0.295258795,0.069404868,-0.127142139,0.048935777,-0.275208981,-0.044628520,0.133692124,-0.509942944,0.310004417,-0.688905206,0.282477922,-0.044548259,-0.285893392,-0.247652930,0.173394054,0.142304797,0.089621871
0.295595083,-0.320956209,0.778510252,-0.022657018,-0.029514445,-0.699408052,0.713753412,-0.174818960,-0.049675161,0.059477143,0.000000003,0.239654605,-0.007807999,0.291837665,0.060640461,-0.134773956,0.064936217,-0.289243830,-0.038636843,0.209491182,-0.269942570,0.361325656,-0.567198403,0.083401595,-0.284548257,-0.525893767,-0.327175018,0.289938096,0.382304480,-0.068302498
0.298640489,-0.326408854,0.779338102,-0.020399122,-0.026513480,-0.700541987,0.712826652,-0.177808876,-0.052187519,0.065328381,0.000000000,0.234922987,-0.004594963,0.273585446,0.052190398,-0.135570042,0.082488327,-0.290665472,-0.030262070,0.265597493,-0.029942217,0.319313573,-0.370027416,-0.022341408,-0.524548254,-0.765894119,-0.342188358,0.449304660,0.622304182,-0.221686554
0.301117214,-0.330540158,0.780673384,-0.019276651,-0.021524773,-0.700854964,0.712718327,-0.182131410,-0.049623269,0.065831136,0.000000000,0.229879212,-0.002419827,0.262367539,0.052368273,-0.135850804,0.079898926,-0.271899544,-0.022120686,0.301108216,0.192420142,0.201997389,-0.195261412,-0.034751083,-0.764548252,-1.005894453,-0.309317279,0.585156605,0.862303901,-0.421550702
0.302499947,-0.333295932,0.782005165,-0.018045983,-0.015768625,-0.697119500,0.716554322,-0.189833984,-0.045761083,0.054551756,0.000000000,0.227233751,-0.002804954,0.262236126,0.059466020,-0.140293037,0.055740093,-0.242150953,-0.014934968,0.322951676,0.343811170,0.100611823,-0.113828723,0.020299453,-1.004548253,-1.231188284,-0.270324061,0.637015612,1.102303636,-0.605703023
0.302716952,-0.335712953,0.782474070,-0.015520417,-0.010143198,-0.688214762,0.725270069,-0.203235547,-0.044691529,0.034454060,0.000000000,0.228861010,-0.007007219,0.265132721,0.069026586,-0.151131583,0.025007177,-0.218470973,-0.009057490,0.336151962,0.433634242,0.084843646,-0.110219847,0.022413302,-1.196408169,-1.382462109,-0.257660686,0.653556180,1.321156021,-0.703682048
0.301974115,-0.339242413,0.782247228,-0.013376436,-0.006143749,-0.675739474,0.736993547,-0.214207440,-0.047851523,0.009904402,0.000000000,0.232196149,-0.006184974,0.265370546,0.080114589,-0.164948366,0.010519356,-0.208978139,-0.006157125,0.341326091,0.540480803,0.118713143,-0.102512108,-0.077246080,-1.285306789,-1.429708042,-0.286081729,0.684075916,1.442445655,-0.694994463
0.301536433,-0.342772800,0.781974396,-0.012104904,-0.003212960,-0.664553405,0.747135811,-0.220856361,-0.052396259,-0.013551802,0.000000000,0.234492793,0.001991332,0.260695926,0.087171426,-0.172931015,0.011770472,-0.208958648,-0.003892889,0.344343306,0.636310764,0.132234184,-0.092665210,-0.205033940,-1.287921405,-1.420053459,-0.325854033,0.701534258,1.470401965,-0.622012653
0.301486614,-0.345415553,0.781735654,-0.011860285,-0.001068990,-0.657760165,0.753133292,-0.223632584,-0.054277111,-0.032787149,0.000000000,0.236396027,0.016215986,0.259302092,0.092823379,-0.172434671,0.012779215,-0.208176211,-0.001202224,0.349908809,0.679304475,0.123682960,-0.082605952,-0.271385232,-1.271364306,-1.406707363,-0.358366431,0.714701925,1.446278846,-0.593775661
0.301293463,-0.347531767,0.781552477,-0.011646316,-0.000124583,-0.656156765,0.754534722,-0.223868530,-0.054569049,-0.045933788,0.000000000,0.237539505,0.027814834,0.261949077,0.095474742,-0.166345344,0.009601173,-0.206520254,-0.000396589,0.359165869,0.690559066,0.114224774,-0.071022664,-0.278476753,-1.295125723,-1.400615639,-0.372511647,0.708600216,1.438763530,-0.623532106
0.300559609,-0.349065476,0.781447703,-0.010441599,-0.000023210,-0.658370528,0.752621565,-0.223930768,-0.055045748,-0.052153725,0.000000000,0.237446791,0.030830976,0.264186334,0.094390332,-0.158945032,0.005754629,-0.206474300,-0.002574767,0.371177473,0.668692129,0.115307101,-0.068446398,-0.247337704,-1.320963455,-1.398917351,-0.374459508,0.695234059,1.441295476,-0.631848416
0.299433918,-0.349668106,0.781479495,-0.007953993,0.000170468,-0.662617495,0.748915723,-0.226150181,-0.056397511,-0.050553765,0.000000000,0.235752069,0.024882112,0.257971142,0.088003583,-0.153120547,0.010501777,-0.212545070,-0.005766213,0.384138349,0.614464960,0.117750660,-0.077358700,-0.197642381,-1.328199775,-1.400929395,-0.377514914,0.719998844,1.434509008,-0.624416257
0.298002814,-0.350110604,0.781909493,-0.006314551,0.000654818,-0.667176308,0.744872789,-0.226564000,-0.051933630,-0.044760301,0.000000000,0.232439988,0.017806172,0.250863134,0.084926032,-0.148485797,0.016474844,-0.214384161,-0.007843902,0.395141932,0.566519983,0.114768769,-0.085986068,-0.159036027,-1.332838736,-1.402678443,-0.377168248,0.739219370,1.427612088,-0.626663717
0.296619975,-0.350848833,0.782583946,-0.005556038,0.001159756,-0.671361939,0.741107908,-0.224786791,-0.044962822,-0.036761730,0.000000000,0.228075730,0.013060817,0.247353060,0.084220975,-0.146089182,0.017351724,-0.210322773,-0.007955540,0.402966491,0.544291953,0.112325057,-0.092008900,-0.144988209,-1.337586588,-1.403577129,-0.369386465,0.729477063,1.425670772,-0.624462705
0.295603115,-0.351770159,0.783101327,-0.004697279,0.001682220,-0.674969834,0.737828455,-0.223585841,-0.040379560,-0.029730288,0.000000000,0.224409895,0.010752389,0.245999466,0.083247708,-0.145338107,0.014715911,-0.205592825,-0.006859738,0.408108629,0.541154183,0.113868920,-0.097246726,-0.149243299,-1.340107823,-1.406012310,-0.360228777,0.721020602,1.424449475,-0.619915174
0.294936204,-0.352741292,0.783439685,-0.003628449,0.001889812,-0.678095127,0.734962762,-0.222306102,-0.039101537,-0.025452517,0.000000000,0.221352447,0.009386403,0.246497939,0.079780685,-0.143244800,0.010507320,-0.203072063,-0.004411347,0.412149503,0.544561042,0.118882556,-0.100554013,-0.159692741,-1.346964285,-1.410138323,-0.354502146,0.731189763,1.421431338,-0.620059697
0.294346926,-0.353699515,0.783591675,-0.002525028,0.002063625,-0.680402454,0.732831404,-0.222081336,-0.038705136,-0.023926690,0.000000000,0.219301763,0.008303548,0.246535218,0.076870241,-0.138798398,0.007583007,-0.202383927,-0.002452440,0.414198513,0.555182885,0.127866104,-0.107971397,-0.175799568,-1.354583515,-1.414600456,-0.350269384,0.741371696,1.418462493,-0.619329746
0.293665006,-0.354519612,0.783661401,-0.001634094,0.002660783,-0.681843699,0.731491230,-0.223221967,-0.037395025,-0.023789297,0.000000000,0.218350246,0.008723452,0.245068135,0.076344685,-0.133632302,0.006790764,-0.202076133,-0.002422326,0.414187739,0.569699512,0.137405213,-0.115709068,-0.195853510,-1.363077722,-1.420119412,-0.345219237,0.742082951,1.418158103,-0.615883661
0.292945950,-0.355099579,0.783708124,-0.001125225,0.003421176,-0.682691928,0.730697449,-0.224667873,-0.035299500,-0.023177368,0.000000000,0.217998723,0.010711234,0.243265886,0.077495842,-0.129532203,0.006717756,-0.201168714,-0.003173803,0.413159759,0.580441780,0.144152732,-0.119361252,-0.212351490,-1.376843454,-1.426108654,-0.340884163,0.740677030,1.419662615,-0.612562905
0.292126526,-0.355331592,0.783777123,-0.000908971,0.004035026,-0.683324544,0.730103048,-0.225590996,-0.032840420,-0.021215246,0.000000000,0.217742478,0.012456979,0.241926449,0.079054690,-0.127668913,0.006242142,-0.199621211,-0.003686763,0.412486029,0.578868292,0.146108003,-0.121909566,-0.216122418,-1.389789190,-1.431648622,-0.338549026,0.741818697,1.421414367,-0.609172221
0.291162933,-0.355149705,0.783861705,-0.000877610,0.004317997,-0.683944141,0.729521073,-0.225753384,-0.030379736,-0.018507457,0.000000000,0.217409375,0.012783802,0.241100181,0.080289327,-0.127886931,0.005414448,-0.198054918,-0.004060662,0.412774227,0.566379308,0.144432003,-0.126565796,-0.209787211,-1.393141349,-1.435435631,-0.338225652,0.741652673,1.422939861,-0.607332217
0.290130953,-0.354480093,0.783932636,-0.000988828,0.004210395,-0.684466681,0.729031314,-0.225170985,-0.028799200,-0.015731644,0.000000000,0.216994869,0.012437644,0.240215962,0.081283888,-0.129590691,0.005469605,-0.197510063,-0.005310637,0.413329680,0.549376561,0.140626623,-0.130147777,-0.200767044,-1.391845880,-1.437130783,-0.339149471,0.737162114,1.424522763,-0.607476239
0.289079143,-0.353461750,0.783933647,-0.001048216,0.003645893,-0.684810065,0.728711728,-0.223781868,-0.029160152,-0.013529292,0.000000000,0.216355680,0.012921139,0.238559500,0.082305194,-0.132213795,0.008310102,-0.199456636,-0.008808339,0.413054192,0.536080821,0.137644265,-0.132184297,-0.195504784,-1.391927633,-1.437851794,-0.340482054,0.733074343,1.425144818,-0.605141185
0.287830021,-0.352220301,0.783992642,-0.001718197,0.002562378,-0.685396817,0.728163227,-0.220386887,-0.028384435,-0.011130331,0.000000000,0.215465617,0.013047053,0.237253679,0.084450271,-0.134331449,0.013326276,-0.201860402,-0.013727890,0.412841885,0.529457156,0.136037137,-0.133237967,-0.195332858,-1.391524137,-1.436848730,-0.342100299,0.729660809,1.424515879,-0.599856070
0.286366295,-0.350698611,0.784032985,-0.002808554,0.001244860,-0.686806667,0.726833657,-0.217299078,-0.023748934,-0.006241285,0.000000002,0.215594741,0.007637091,0.238531137,0.085371654,-0.133582467,0.012724579,-0.201929408,-0.015931641,0.414341608,0.532313745,0.135678192,-0.133136372,-0.202763538,-1.384654111,-1.434308234,-0.343034303,0.723509236,1.422377034,-0.591827797
0.284907516,-0.348954104,0.783870984,-0.003619400,-0.000223950,-0.688800746,0.724941641,-0.216074909,-0.019504546,0.001034328,0.000000010,0.217189158,-0.001757297,0.240463010,0.084553335,-0.132316639,0.009818440,-0.203074681,-0.017015992,0.416498614,0.554827946,0.138305157,-0.128297994,-0.227029784,-1.372747696,-1.431396028,-0.342441115,0.714976822,1.418632598,-0.582891878
0.283482672,-0.346918499,0.783526971,-0.004308624,-0.001852092,-0.691000809,0.722838770,-0.215955390,-0.017408271,0.009688775,0.000000012,0.219879384,-0.010416027,0.235223401,0.083304441,-0.133297798,0.022249232,-0.213047951,-0.021952867,0.418286723,0.597700325,0.142206387,-0.112885084,-0.264949672,-1.367516740,-1.428765361,-0.339607512,0.704027508,1.415400767,-0.573383172
0.281789519,-0.343937146,0.783111958,-0.004531009,-0.003423305,-0.693122065,0.720797859,-0.217274018,-0.015711694,0.017556657,0.000000002,0.223213888,-0.020950995,0.217322873,0.080934192,-0.136257909,0.058008994,-0.234926916,-0.030187508,0.421114604,0.616125017,0.136728905,-0.091980430,-0.271251379,-1.362292502,-1.427938387,-0.335974419,0.687496744,1.414732261,-0.558556896
0.279640991,-0.339759264,0.782591131,-0.003783146,-0.004983380,-0.694514020,0.719451965,-0.220445559,-0.014937469,0.023757987,0.000000305,0.227994757,-0.035690513,0.190905638,0.076730211,-0.141865198,0.107629344,-0.264516640,-0.038295636,0.425034647,0.603075589,0.125259100,-0.069433207,-0.227215305,-1.337368157,-1.428670506,-0.332480311,0.665048505,1.416045883,-0.536912087
0.277269759,-0.334607410,0.782057051,-0.001732856,-0.006733741,-0.694517434,0.719442275,-0.226384679,-0.016888519,0.027891635,0.000001511,0.239470144,-0.053036989,0.162856976,0.070438560,-0.150093270,0.156389638,-0.293842423,-0.043933557,0.429350965,0.576274348,0.111051807,-0.038876165,-0.135182461,-1.295414062,-1.427786617,-0.331565736,0.638560294,1.415442769,-0.511054363
0.274662394,-0.328511828,0.782115862,0.002083434,-0.008219814,-0.692771966,0.721106855,-0.238541182,-0.021999860,0.030287787,0.000002614,0.266729065,-0.076621247,0.136577592,0.062255131,-0.160860736,0.193768034,-0.314912780,-0.047910094,0.433558733,0.545927197,0.098161432,0.008379846,0.000419822,-1.243727253,-1.423686967,-0.334903751,0.611610950,1.410817485,-0.483407569
0.271383100,-0.320929460,0.782982970,0.007689321,-0.007849140,-0.689164441,0.724521662,-0.265499826,-0.022671235,0.032551076,0.000000088,0.308538552,-0.137879662,0.107981320,0.057247092,-0.173058619,0.216019177,-0.321373737,-0.053173017,0.439611211,0.491958134,0.093524710,0.075872807,0.186419673,-1.138493231,-1.419236924,-0.346039852,0.581290579,1.403765541,-0.453569532
0.268020410,-0.312658756,0.784189310,0.014933663,-0.006964354,-0.684296208,0.729017959,-0.297496060,-0.023064183,0.034519392,0.000034816,0.346169516,-0.254474982,0.073938268,0.049803669,-0.188821258,0.240319536,-0.325754768,-0.059195922,0.447026475,0.422139841,0.104794548,0.151763787,0.406134805,-0.970643122,-1.415119331,-0.361524082,0.549171541,1.395937359,-0.424388761
0.264776741,-0.304573598,0.784977188,0.023510385,-0.005833890,-0.678587925,0.734119647,-0.325247293,-0.022866474,0.030181268,0.000217594,0.367823675,-0.402123810,0.030547967,0.039442898,-0.207962016,0.276583653,-0.336584319,-0.066003310,0.453526191,0.367630781,0.145882190,0.219989981,0.615158911,-0.776137752,-1.415510612,-0.375972220,0.522871910,1.384961071,-0.395744505
0.261432016,-0.296939700,0.785230492,0.031916823,-0.004001238,-0.672489501,0.739407315,-0.338542168,-0.021243608,0.016693588,0.000425901,0.366291038,-0.500216521,-0.014635906,0.034019936,-0.227360129,0.310214810,-0.346150658,-0.076237452,0.459223322,0.346158378,0.214157019,0.273236024,0.774168302,-0.606609028,-1.419524677,-0.390957369,0.506336676,1.370392109,-0.367744070
0.257918758,-0.289841340,0.785265287,0.039254649,-0.001694655,-0.666658396,0.744327068,-0.339929482,-0.014924291,0.001508583,0.000000000,0.336690275,-0.523600000,-0.054666508,0.031465411,-0.245466945,0.336286840,-0.351650790,-0.087302517,0.466611872,0.347111248,0.295324247,0.313460539,0.890686321,-0.481724601,-1.421094338,-0.406914974,0.499059514,1.350203642,-0.344545125
0.254380637,-0.283612824,0.785149846,0.045185149,0.000514672,-0.660557794,0.749414063,-0.334043888,-0.004983416,0.004733269,0.002886683,0.282576828,-0.521606054,-0.086606104,0.028875492,-0.261636772,0.357181970,-0.355155579,-0.096292499,0.474146109,0.352891922,0.382711204,0.339544603,1.002467607,-0.395123773,-1.417654246,-0.423643148,0.497336071,1.323983948,-0.331510647
0.250807629,-0.278066349,0.785313733,0.050402650,0.002259988,-0.652769460,0.755874657,-0.326248296,0.003528587,0.030450191,0.034281102,0.215592046,-0.497772918,-0.111503285,0.026150780,-0.278901507,0.370440344,-0.355033451,-0.103997487,0.477380077,0.356607307,0.471058066,0.355322119,1.123655077,-0.324687407,-1.412167522,-0.438216337,0.497659024,1.295196599,-0.327110809
0.247138483,-0.273115461,0.786044037,0.055145227,0.003494881,-0.642795801,0.764042112,-0.319936993,0.010388954,0.068606649,0.109749994,0.139950825,-0.431983677,-0.128980048,0.023546263,-0.298870770,0.373163954,-0.349534028,-0.110372758,0.476809751,0.363645907,0.554653865,0.367538606,1.230624316,-0.260331319,-1.406944540,-0.452554744,0.499733867,1.264374393,-0.328366753
0.243557022,-0.268806585,0.787107957,0.059297066,0.004482472,-0.630727520,0.773722535,-0.310213510,0.018094968,0.111416453,0.207929085,0.066572172,-0.336108857,-0.140293109,0.021476641,-0.320623758,0.368845446,-0.341143441,-0.115030363,0.475583883,0.382615323,0.627626672,0.383826146,1.300564420,-0.200923250,-1.403721614,-0.472662048,0.503179954,1.231569900,-0.330981585
0.240219927,-0.265191934,0.788154107,0.062795804,0.005370304,-0.616380546,0.784922206,-0.292411891,0.028424129,0.157729028,0.305851491,0.006707190,-0.234803324,-0.147394444,0.020132545,-0.344225246,0.361082091,-0.333141618,-0.118988085,0.472664780,0.414762152,0.689648075,0.408680423,1.340528458,-0.149616250,-1.405547291,-0.496211314,0.509136678,1.198220423,-0.331558180
0.237304030,-0.262202840,0.789053280,0.065244537,0.005836964,-0.598966929,0.798090031,-0.262183840,0.041600860,0.205073121,0.388765870,-0.032977306,-0.141398777,-0.149824566,0.019475056,-0.371733970,0.350786658,-0.326238761,-0.122644240,0.467877218,0.447211026,0.745714222,0.443259643,1.366224600,-0.105833545,-1.405974320,-0.528690963,0.516195708,1.160400328,-0.334481434
0.234839991,-0.259535628,0.789755015,0.066851546,0.005901767,-0.578553229,0.812878958,-0.222679080,0.055026945,0.246556516,0.455981753,-0.056127044,-0.057857113,-0.149617273,0.018732199,-0.402657053,0.340917332,-0.321207892,-0.125739762,0.461090147,0.466376183,0.802517407,0.487353612,1.390899915,-0.068044628,-1.402331186,-0.568741314,0.517647250,1.115836782,-0.342233740
0.232810939,-0.256938967,0.789974336,0.067967658,0.005673245,-0.555062035,0.829008051,-0.177269218,0.065972235,0.278606821,0.505640664,-0.061072516,0.003144083,-0.149870585,0.016419410,-0.436969544,0.336801962,-0.321216596,-0.128736195,0.451910581,0.480137621,0.858492926,0.535496492,1.410315315,-0.039493552,-1.389691378,-0.613593714,0.502341951,1.053924493,-0.351070850
0.231073391,-0.254234551,0.789628241,0.068711243,0.005161716,-0.528454574,0.846160673,-0.129342886,0.074262472,0.303668364,0.537245281,-0.045132409,0.038412093,-0.151245447,0.012181086,-0.475132104,0.339470099,-0.327033715,-0.132087573,0.439553233,0.493458018,0.914824453,0.578434609,1.421856471,-0.021225233,-1.352680943,-0.664580364,0.459777838,0.946728672,-0.357479726
0.229589839,-0.251347226,0.789192287,0.069165707,0.004545390,-0.498527727,0.864098113,-0.081988700,0.081673881,0.323587177,0.553725510,-0.016064437,0.055454723,-0.152874527,0.006473777,-0.517693443,0.344754668,-0.334308795,-0.134487353,0.424289959,0.494830759,0.970388080,0.604127783,1.428260155,-0.006751845,-1.290922112,-0.730707232,0.412146992,0.793057178,-0.361024429
0.228437919,-0.248155033,0.788914121,0.069680518,0.004014976,-0.464904849,0.882605227,-0.037293873,0.088303525,0.338193131,0.556617613,0.015645119,0.061007951,-0.155364863,-0.001372764,-0.563576536,0.351412961,-0.340721306,-0.135483546,0.406646528,0.466272987,1.023077442,0.604677286,1.435201269,0.009327553,-1.224738261,-0.807866113,0.373000496,0.633416450,-0.361460345
0.227447377,-0.244686422,0.788747964,0.070270489,0.003507761,-0.428479876,0.900807832,0.004324927,0.094825268,0.351162620,0.548836010,0.046584074,0.064671480,-0.157850897,-0.010595153,-0.609685159,0.358502827,-0.346144830,-0.136037002,0.387580288,0.413212800,1.071820012,0.586533467,1.441001475,0.032363117,-1.164466065,-0.880378615,0.329405976,0.494365607,-0.360522658
0.226589633,-0.240963344,0.788731988,0.070676731,0.003058634,-0.389563274,0.918278770,0.040907903,0.102966216,0.368436339,0.533166833,0.077272212,0.068301945,-0.159331141,-0.021161350,-0.657446175,0.365370441,-0.350688849,-0.135590554,0.366549083,0.343742694,1.116172842,0.554775049,1.443023520,0.054689117,-1.108697483,-0.942624192,0.274451793,0.377457933,-0.358942162
0.225827306,-0.236987229,0.788996094,0.070876170,0.002692300,-0.348562862,0.934597909,0.071688932,0.113778847,0.393629612,0.512101351,0.107554071,0.066530333,-0.158915555,-0.032920917,-0.706797130,0.370520410,-0.353393243,-0.133146813,0.343074677,0.261095561,1.152652445,0.512347970,1.440126685,0.071351783,-1.056026164,-0.993195194,0.210427628,0.279067111,-0.358016807
0.225081853,-0.232820200,0.789579721,0.070915028,0.002358774,-0.306124882,0.949343485,0.097737263,0.127146261,0.426199578,0.487436991,0.137433987,0.063061520,-0.156467547,-0.044239844,-0.755537513,0.371975800,-0.353083304,-0.129402391,0.317171281,0.169301730,1.179474836,0.460545362,1.431972561,0.083464601,-1.006284528,-1.031195409,0.143525510,0.194785910,-0.358281678
0.224251827,-0.228468338,0.790403943,0.070472795,0.002231366,-0.262971046,0.962223901,0.118329194,0.141038253,0.463773203,0.458865701,0.168442434,0.056225678,-0.152078535,-0.052734754,-0.799107926,0.368174309,-0.348780935,-0.125475126,0.289499240,0.077049091,1.200766858,0.399882822,1.419340511,0.089540116,-0.962931427,-1.055254448,0.080913429,0.124255060,-0.355193817
0.223339405,-0.223767545,0.791407750,0.069897094,0.002309845,-0.219585854,0.973083303,0.133616496,0.152435856,0.501533741,0.426679953,0.201440094,0.042250042,-0.147418600,-0.060903167,-0.834783595,0.363340730,-0.342171745,-0.121229274,0.260925826,-0.008620784,1.217303216,0.331545075,1.402227543,0.092674435,-0.930284044,-1.068522410,0.028584904,0.064658212,-0.348073625
0.222260048,-0.218561087,0.792505747,0.069569893,0.002492231,-0.175905067,0.981942578,0.143031483,0.158536266,0.533232023,0.390597031,0.234284846,0.021756054,-0.144092324,-0.072391981,-0.857267612,0.363270144,-0.335527106,-0.115953478,0.231129636,-0.087907512,1.225939241,0.254664103,1.379855496,0.099169163,-0.912245652,-1.072738610,-0.007242389,0.014576029,-0.337717008
0.220869114,-0.212954472,0.793342178,0.068891743,0.002844558,-0.131608369,0.988900942,0.146240260,0.160192105,0.552892071,0.350978465,0.260682792,-0.005784352,-0.141429409,-0.084846470,-0.858807648,0.369642151,-0.330746157,-0.109957658,0.199903837,-0.165557087,1.231231772,0.170828805,1.354144291,0.109089288,-0.909290942,-1.069694699,-0.026172005,-0.026936497,-0.323830287
0.219172515,-0.207083828,0.793786736,0.067592192,0.003273027,-0.086275125,0.993970415,0.142038723,0.159455774,0.560524718,0.312176141,0.271384765,-0.037466220,-0.138446774,-0.096646151,-0.834390456,0.381979767,-0.328408476,-0.103085570,0.167357948,-0.245416150,1.234793789,0.083383914,1.327857892,0.120925902,-0.918802455,-1.063451421,-0.030603765,-0.060064486,-0.307942013
0.217115877,-0.201153556,0.793948666,0.065776792,0.003190285,-0.038792596,0.997074907,0.128067582,0.159156666,0.564217928,0.282843361,0.251533908,-0.053636930,-0.133824225,-0.108020993,-0.781145851,0.400159625,-0.328388851,-0.093099479,0.132301448,-0.330976555,1.232926425,-0.003104827,1.303593250,0.132082493,-0.936525069,-1.050773441,-0.021322190,-0.080496984,-0.292298309
0.214795367,-0.195452255,0.793865858,0.063436047,0.002127898,0.012747747,0.997902217,0.106552809,0.159302433,0.569653322,0.261359856,0.214490266,-0.056247244,-0.125061771,-0.117498991,-0.708729028,0.420282597,-0.330136036,-0.079353805,0.091595407,-0.425545426,1.222849339,-0.088433979,1.281320638,0.142421369,-0.957225140,-1.031695626,-0.003960738,-0.090961424,-0.277756857
0.212349330,-0.190153456,0.793462607,0.060453632,-0.000235089,0.070998118,0.995642793,0.081602773,0.158655070,0.576527162,0.238875875,0.176933176,-0.058154281,-0.109208159,-0.123135203,-0.627217013,0.439291348,-0.334484300,-0.062250900,0.041714739,-0.535168529,1.201774588,-0.178291240,1.261095864,0.149904441,-0.974856629,-1.006935373,0.013509452,-0.095325853,-0.262446132
0.209956035,-0.185426060,0.792785380,0.056560889,-0.004147557,0.138234953,0.988774373,0.056025786,0.156732338,0.576948175,0.207970232,0.150922952,-0.068589783,-0.081576303,-0.121150649,-0.546174372,0.451187673,-0.340386470,-0.044627736,-0.019802820,-0.667273667,1.164115716,-0.278061281,1.248487259,0.150094904,-0.979236732,-0.973673929,0.016775783,-0.099245417,-0.241851474
0.207805403,-0.181444036,0.791986042,0.051502228,-0.009772818,0.215657651,0.975060916,0.029513685,0.154183816,0.562244465,0.168165107,0.144282093,-0.086183967,-0.036622065,-0.105892674,-0.475929784,0.446528032,-0.344167915,-0.030296280,-0.092513338,-0.821777621,1.098474713,-0.386606003,1.252598100,0.143377089,-0.959069276,-0.925165214,-0.011340618,-0.114270450,-0.204528622
0.205978592,-0.178208260,0.791139322,0.045685730,-0.016872604,0.304340470,0.951317512,-0.000324950,0.148407088,0.522180534,0.120844934,0.161431006,-0.101965132,0.031387459,-0.068074100,-0.426963019,0.403375281,-0.337750646,-0.024230374,-0.173063972,-0.978349712,0.986933374,-0.482592380,1.281422577,0.132367040,-0.903282337,-0.852862868,-0.086920114,-0.179432273,-0.126564625
0.204401734,-0.175389831,0.790214990,0.040177068,-0.023561307,0.398750647,0.915875859,-0.033032143,0.134557018,0.458739093,0.069183415,0.190962362,-0.114206929,0.115753801,-0.012421012,-0.391483792,0.312173054,-0.314367304,-0.026875928,-0.250294835,-1.110131278,0.829844968,-0.536652762,1.318505076,0.114784958,-0.818652834,-0.763855715,-0.194808218,-0.322978939,-0.016198152
0.203240177,-0.172852333,0.788375865,0.036016131,-0.027520031,0.491229741,0.869849888,-0.067491187,0.110309780,0.374536828,0.023599030,0.215780531,-0.120782173,0.203323296,0.049785290,-0.354463248,0.184831697,-0.274936058,-0.038228991,-0.310935490,-1.205628907,0.642430872,-0.545887693,1.328798259,0.083871667,-0.716198572,-0.654078075,-0.309109361,-0.486578474,0.079293514
0.202458651,-0.170087385,0.785058781,0.034044363,-0.027408379,0.572006212,0.819084034,-0.102367298,0.077056978,0.277669186,0.002131080,0.221836328,-0.108118670,0.271256233,0.099124559,-0.306696949,0.071157858,-0.239167557,-0.057346649,-0.336829195,-1.240888697,0.448285970,-0.544403428,1.263885920,0.049311846,-0.612120009,-0.515379928,-0.393240910,-0.574597575,0.099456664
0.201482590,-0.166598596,0.781267903,0.034363219,-0.023419505,0.632145077,0.773733351,-0.135321316,0.038642659,0.191611775,0.000000000,0.222491903,-0.073428629,0.303650168,0.122658634,-0.262262795,0.019264553,-0.237278386,-0.075650561,-0.310266565,-1.188555222,0.291802647,-0.580432998,1.105640192,0.039099040,-0.518674224,-0.353520846,-0.410058047,-0.569283283,0.026286535
0.199655042,-0.162719694,0.777675712,0.037069770,-0.017256444,0.663223562,0.747303522,-0.157591715,0.003297954,0.142630530,0.000314422,0.230172900,-0.040558407,0.315390248,0.117627497,-0.255185294,0.017396505,-0.271596571,-0.076628727,-0.213413009,-1.029555136,0.235950489,-0.645455397,0.865640195,0.048292997,-0.448118261,-0.192655854,-0.337666962,-0.457302383,0.026469340
0.197667652,-0.159034236,0.775849893,0.040118273,-0.010823334,0.673093048,0.738389550,-0.165186776,-0.022224924,0.122126539,0.000160639,0.231880064,-0.030590724,0.319678320,0.103061046,-0.277549830,0.025263147,-0.302703996,-0.068565342,-0.075911557,-0.799110660,0.259036732,-0.632999952,0.625640197,-0.022046100,-0.437786404,-0.069726600,-0.242579032,-0.258204001,0.119985480
0.195462632,-0.156455697,0.776411598,0.040857283,-0.004082177,0.671687553,0.739695782,-0.165581827,-0.035593541,0.116170780,0.000025703,0.225410673,-0.046517189,0.312068203,0.086205026,-0.293785873,0.031638021,-0.313676272,-0.061524334,0.068326730,-0.559110654,0.266666418,-0.527211173,0.421818949,-0.185718530,-0.520787880,-0.012747142,-0.200864545,-0.018204005,0.306834952
0.192791935,-0.156070853,0.778729558,0.038279148,0.001670751,0.667507190,0.743616881,-0.168516039,-0.038652901,0.114536450,0.000000065,0.221093189,-0.073580163,0.293745065,0.073639232,-0.291311541,0.031528672,-0.301572977,-0.057711866,0.198205595,-0.319110648,0.180962770,-0.328089061,0.307509737,-0.413609347,-0.697122689,-0.000450876,-0.247118457,0.221795990,0.542451434
0.191591135,-0.156443531,0.781610523,0.033613902,0.003588446,0.665451643,0.745675090,-0.171863452,-0.032710901,0.109444069,0.000001930,0.223243583,-0.092541430,0.279090052,0.071927576,-0.284394134,0.023146727,-0.271893033,-0.051881644,0.302602541,-0.079110642,0.064579275,-0.106251337,0.286533827,-0.653609348,-0.930956291,-0.000306862,-0.386705673,0.461795986,0.763635690
0.191931550,-0.155908637,0.783750603,0.026202138,0.000669346,0.668902791,0.742887647,-0.175844312,-0.016312446,0.095519215,0.000001115,0.220523570,-0.094838838,0.273135300,0.088650024,-0.289293670,0.010209233,-0.235316055,-0.037428947,0.363653169,0.160889363,0.008996067,0.023658798,0.225674116,-0.893609348,-1.157622906,-0.000242441,-0.487335451,0.701795982,0.887723497
0.191648659,-0.153954148,0.784320054,0.019562329,-0.000566264,0.676979092,0.735742009,-0.184105122,-0.008991269,0.075957568,0.000000225,0.215109685,-0.088508506,0.269861649,0.104391759,-0.303986084,0.001835740,-0.215860334,-0.020374508,0.394202799,0.400889368,0.000000036,0.080687576,0.071481071,-1.133609350,-1.290956178,-0.000069307,-0.505028321,0.941795979,0.918477969
0.190865735,-0.151272971,0.783308052,0.015406531,0.002329537,0.687757990,0.725772801,-0.199002459,-0.015877685,0.053097009,0.000000002,0.214654343,-0.078762704,0.264298668,0.112690214,-0.319281567,0.000000000,-0.220166963,-0.011774376,0.402769636,0.640889373,0.000213247,0.084766245,-0.152282112,-1.333609288,-1.334241389,-0.000005726,-0.514503060,1.144622948,0.855899109
0.189793387,-0.148742130,0.781608410,0.012846714,0.007111313,0.698634416,0.715328137,-0.215351645,-0.030353116,0.028696204,0.000000008,0.217467523,-0.066645299,0.257488919,0.116500062,-0.328787172,0.000107361,-0.235283992,-0.013731986,0.402524034,0.854267784,0.000261246,0.051802842,-0.359963852,-1.440275896,-1.332486572,-0.000000056,-0.566914113,1.256943608,0.778968461
0.189086936,-0.146843659,0.780186781,0.011243725,0.011718584,0.707039887,0.706987166,-0.228211117,-0.044561343,0.006606313,0.000000007,0.221225914,-0.056958240,0.251151443,0.118315624,-0.332071967,0.000378029,-0.248927705,-0.021163046,0.402994852,0.987668655,0.000067330,0.018045652,-0.484819731,-1.453609126,-1.332554662,-0.000000500,-0.613419561,1.275930909,0.757645298
0.188770837,-0.145422852,0.779571188,0.010006376,0.014223963,0.711149986,0.702825190,-0.233450339,-0.048181508,-0.008588854,0.000000004,0.222190173,-0.052550306,0.247625406,0.119471764,-0.330764656,0.000953781,-0.253587416,-0.024395687,0.407425779,1.022286882,0.000000301,0.004428634,-0.509089375,-1.401034228,-1.334568289,-0.000000306,-0.624679850,1.248292373,0.771521674
0.188431674,-0.143907159,0.779415400,0.008876091,0.016025994,0.712471568,0.701461793,-0.235846500,-0.048935255,-0.017775421,0.000000006,0.221130957,-0.050374341,0.245564374,0.118704071,-0.329938415,0.001223945,-0.254750586,-0.022480756,0.413190809,1.028394063,0.000000841,0.002935294,-0.493567167,-1.391649723,-1.332842984,-0.000000097,-0.615698477,1.227094801,0.789454996
0.188140032,-0.142251878,0.779392031,0.007502595,0.018228997,0.712703417,0.701188459,-0.238917345,-0.049974477,-0.022781175,0.000000003,0.219422562,-0.048708203,0.242536962,0.117403538,-0.329784637,0.001330130,-0.255385809,-0.020039846,0.418530219,1.038850183,0.000001664,-0.002724150,-0.483445169,-1.408110750,-1.329728462,-0.000000044,-0.601547580,1.214300398,0.802940369
0.187989895,-0.140485477,0.779399228,0.005811759,0.020786092,0.712733130,0.701103164,-0.243146651,-0.051341945,-0.025320725,0.000000002,0.217582168,-0.046817964,0.238230462,0.116791980,-0.329774469,0.001482218,-0.255584336,-0.019069979,0.423130045,1.049826388,0.000000612,-0.009306162,-0.488023482,-1.414632820,-1.327329226,-0.000000044,-0.588023162,1.203411150,0.810711104
0.187979194,-0.138617904,0.779584064,0.004473962,0.023274156,0.712449256,0.701323288,-0.245353256,-0.053205066,-0.026904600,0.000000274,0.214520595,-0.046734717,0.236279167,0.113802554,-0.329227691,0.000692191,-0.254618087,-0.015501304,0.428541095,1.021382238,0.000000026,-0.002709539,-0.471678629,-1.403280650,-1.324535679,-0.000000045,-0.575173868,1.193237974,0.815580754
0.187817590,-0.136443223,0.779807469,0.003075273,0.025696370,0.711887412,0.701816609,-0.247487907,-0.054514078,-0.028439515,0.000001049,0.211102920,-0.045962115,0.234355739,0.111075638,-0.328516275,0.000108334,-0.253353716,-0.010180441,0.433381089,0.982509628,0.000000023,0.009334188,-0.455415265,-1.390816116,-1.323717201,-0.000000042,-0.565683955,1.185797903,0.823106584
0.187284651,-0.133664623,0.779941500,0.001256217,0.028274348,0.711116000,0.702504817,-0.250511536,-0.055673851,-0.028769787,0.000000852,0.207666068,-0.041047728,0.232129376,0.109345328,-0.328224858,0.000000000,-0.252064511,-0.005373121,0.436947173,0.968155871,0.000000029,0.014332109,-0.455911163,-1.382505035,-1.325630582,-0.000000035,-0.557420691,1.182102748,0.832134153
0.186321191,-0.130041538,0.780071333,0.000052107,0.031005482,0.709923176,0.703596292,-0.251439576,-0.058554024,-0.027241817,0.000000143,0.202841778,-0.033321919,0.232065862,0.104573107,-0.328332747,0.000003168,-0.251733119,0.000585075,0.440887457,0.969296891,0.000000023,0.013556395,-0.462330152,-1.374806095,-1.327154370,-0.000000161,-0.548277798,1.180555403,0.838864676
0.185093620,-0.125672666,0.780270338,-0.000406436,0.033747706,0.708443500,0.704960094,-0.249494444,-0.063207475,-0.023518208,0.000037560,0.196338132,-0.024516043,0.234117392,0.096546697,-0.329158088,0.000001056,-0.251987402,0.008980756,0.445913866,0.970884499,0.000000018,0.014849686,-0.465709644,-1.370546262,-1.327126730,-0.000000669,-0.539348294,1.179268163,0.843364269
0.183764611,-0.120803842,0.780553283,-0.000912931,0.036336688,0.707264674,0.706013805,-0.247132489,-0.068071681,-0.018984362,0.000165601,0.189807359,-0.014754476,0.236296062,0.089224150,-0.330424256,0.000000086,-0.251257766,0.017908087,0.450863016,0.968443494,0.000000016,0.019679267,-0.466685196,-1.370325471,-1.326295217,-0.000001134,-0.530738908,1.176091133,0.845210978
0.182212578,-0.115266466,0.780620397,-0.001412205,0.038456844,0.706911381,0.706254470,-0.246005060,-0.073494206,-0.014862065,0.000198072,0.186279601,-0.004906497,0.239422500,0.083084891,-0.332195442,0.000179116,-0.249925070,0.026191951,0.455622423,0.961462307,0.000000015,0.025308181,-0.464396843,-1.370964227,-1.321210423,-0.000000064,-0.515956906,1.166191587,0.836238571
0.180445970,-0.108950130,0.780333621,-0.001661465,0.040117918,0.707709332,0.705361818,-0.247227432,-0.080519127,-0.011737324,0.000000000,0.186343678,0.004390262,0.245495468,0.078295149,-0.336124033,0.000503770,-0.248287443,0.034436276,0.459560881,0.952282619,0.000000014,0.029076976,-0.459627149,-1.365301035,-1.310572139,-0.000014747,-0.492313459,1.146564400,0.815645094
0.178413850,-0.101641050,0.779934564,-0.001610786,0.041401909,0.710134753,0.702845587,-0.250922315,-0.089557952,-0.010492551,0.004700949,0.183479191,0.014248231,0.255342997,0.076013260,-0.345475705,0.000251493,-0.243570554,0.042618958,0.461114570,0.954508026,0.000000013,0.032046093,-0.457303706,-1.355437826,-1.292999508,-0.000092031,-0.457444506,1.115975541,0.785014248
0.176015387,-0.093131319,0.779859055,-0.000886575,0.042083820,0.714499041,0.698369018,-0.257593113,-0.100823747,-0.011961646,0.028627175,0.166181856,0.025260679,0.268103919,0.075709815,-0.360799124,0.000000000,-0.234428360,0.049798407,0.459422024,0.974993735,0.000000013,0.033115964,-0.459434438,-1.346632640,-1.269447533,-0.000180110,-0.417118962,1.078416814,0.745707184
0.173231052,-0.083512832,0.780103955,0.001305084,0.041709886,0.720883261,0.691799036,-0.262500463,-0.115221708,-0.017354434,0.072274212,0.132178438,0.036418563,0.278132593,0.070345542,-0.379959468,0.019895801,-0.230592615,0.060009215,0.454932089,0.989647729,0.000000012,0.035584912,-0.451056211,-1.338235577,-1.243328524,-0.000000021,-0.375296051,1.044214207,0.686476091
0.170195063,-0.073268027,0.780483576,0.004555956,0.039973220,0.729696331,0.682586734,-0.261262505,-0.131043724,-0.030105121,0.119687577,0.092874933,0.046573872,0.261746707,0.053768615,-0.403315925,0.116722462,-0.244628713,0.069331155,0.447119158,0.982308325,0.000000011,0.043506241,-0.428650909,-1.333714030,-1.223948626,-0.001220625,-0.331249070,1.031688923,0.576251302
0.167010328,-0.062966611,0.781183446,0.008242442,0.036886515,0.740250151,0.671268323,-0.251185881,-0.144114244,-0.047943734,0.154055573,0.060938546,0.053678158,0.223499412,0.026721157,-0.428588201,0.272516236,-0.245992321,0.080969491,0.438962505,0.970432784,0.000000011,0.053144326,-0.407723945,-1.323925203,-1.214953593,-0.016770230,-0.285950369,1.052099088,0.420508764
0.163517122,-0.052834740,0.782158083,0.012527159,0.032478172,0.752038254,0.658199593,-0.231921096,-0.152746395,-0.066868006,0.171284366,0.040282188,0.056073585,0.178277551,-0.008248129,-0.450802143,0.444411307,-0.196038550,0.103157676,0.433604681,0.962367249,0.000000010,0.060795852,-0.394058581,-1.299157488,-1.206716184,-0.062653680,-0.234546808,1.096059236,0.249440920
0.159658098,-0.043052784,0.782380939,0.017184885,0.028166795,0.764971226,0.643218730,-0.209635964,-0.162643341,-0.084206582,0.180662485,0.025624783,0.055675969,0.127572154,-0.048106473,-0.462622543,0.609275539,-0.089952925,0.129132336,0.429091233,0.957811679,0.000000010,0.065586149,-0.389097763,-1.269540541,-1.197094913,-0.137405967,-0.167603037,1.148496528,0.093055540
0.155961731,-0.033630875,0.782473572,0.021765789,0.024536235,0.778346259,0.626977929,-0.187728736,-0.173311149,-0.098617784,0.188833759,0.011723789,0.051333325,0.065745226,-0.085836430,-0.455305056,0.763525083,0.033168836,0.139856480,0.423133090,0.957067043,0.000000010,0.070876174,-0.392060418,-1.245658527,-1.196225408,-0.230547256,-0.081244547,1.208008228,-0.032819313
0.153318241,-0.024605937,0.783332061,0.025455944,0.021079542,0.790683225,0.611332712,-0.165805764,-0.177288415,-0.110700202,0.194213477,-0.001957810,0.039125045,-0.010598180,-0.105372739,-0.421169422,0.904103525,0.096894843,0.106874912,0.417001562,0.959653701,0.000000008,0.075510025,-0.396864864,-1.230452377,-1.208817872,-0.327794217,0.020629436,1.269095893,-0.119985485
0.151743730,-0.016161172,0.784410029,0.027590478,0.018315103,0.801287212,0.597362642,-0.149196723,-0.177774410,-0.122316878,0.199372852,-0.014509940,0.024236294,-0.093877704,-0.106405209,-0.378027463,1.013214627,0.096841677,0.057187215,0.412174089,0.961089838,0.000000024,0.082788097,-0.400842431,-1.224318491,-1.232480714,-0.417330054,0.130176736,1.322463311,-0.182752863
0.150709375,-0.008213270,0.785832666,0.028431203,0.015924495,0.810011572,0.585507755,-0.133003964,-0.174678374,-0.135411302,0.197236000,-0.021330639,0.012707233,-0.169326961,-0.105341868,-0.349662228,1.073028501,0.069764949,0.024668684,0.409420504,0.958670485,0.000000109,0.092490451,-0.399572587,-1.226492219,-1.261595511,-0.494337210,0.240312969,1.365638962,-0.236397235
0.149595830,-0.000582760,0.787641837,0.029026707,0.013593991,0.817105176,0.575596894,-0.112726357,-0.168894468,-0.151441384,0.183724367,-0.018107375,0.006422722,-0.223776702,-0.119633616,-0.345088454,1.074857830,0.041129901,0.017134274,0.408318740,0.953393020,0.000000205,0.103549849,-0.395019991,-1.238415186,-1.288737616,-0.557656512,0.347526753,1.397556630,-0.293879929
0.148392479,0.006637007,0.789825945,0.029098924,0.011781759,0.823005393,0.567165378,-0.090692308,-0.163076931,-0.169950838,0.160176708,-0.004299695,0.006000188,-0.260579647,-0.144420183,-0.356242501,1.021864516,0.016938110,0.016441831,0.408451318,0.947459404,0.000000006,0.113759624,-0.391623639,-1.261301023,-1.317959624,-0.608380143,0.451941728,1.424207351,-0.359958050
0.147609192,0.013509039,0.792197398,0.027916720,0.010614376,0.828114051,0.559763441,-0.071662164,-0.155270843,-0.188026958,0.132905782,0.014164675,0.006156978,-0.284637005,-0.164765237,-0.370718595,0.922384658,-0.006413925,0.006066531,0.409310843,0.940356854,0.000001434,0.121189590,-0.389717754,-1.289084327,-1.348034278,-0.645094426,0.544887258,1.450548533,-0.433173616
0.147383288,0.020597129,0.794731893,0.026306525,0.009064953,0.833031738,0.552525037,-0.053001111,-0.143550122,-0.204286957,0.105261848,0.029642680,0.001955888,-0.295981235,-0.173885751,-0.381263914,0.789996433,-0.024256955,-0.005564172,0.409704864,0.933668020,0.000014091,0.127685730,-0.389298633,-1.308219140,-1.366785695,-0.671775629,0.609510560,1.473377317,-0.504721591
0.147679250,0.028226355,0.797262040,0.024693537,0.006922366,0.838150693,0.544835504,-0.033245202,-0.127505008,-0.219048122,0.078251360,0.036905771,-0.006235257,-0.288884055,-0.170491659,-0.385535309,0.618720792,-0.014559110,-0.009352800,0.407854559,0.929138974,0.000032062,0.134792281,-0.394130627,-1.317698283,-1.372236893,-0.690529834,0.642672050,1.488760519,-0.566710977
0.148345169,0.036503127,0.797561384,0.023156718,0.005046062,0.843806435,0.536124057,-0.017875932,-0.112626720,-0.232761638,0.060840738,0.032912973,-0.013545829,-0.260326086,-0.159203764,-0.385278924,0.405590452,0.042528917,-0.006216026,0.401802479,0.925826737,0.000007395,0.142356867,-0.402893976,-1.321807092,-1.371346758,-0.702260025,0.657038057,1.495824622,-0.614680754
0.149263810,0.045749472,0.797607183,0.021609182,0.003168637,0.850234942,0.525950137,-0.007760180,-0.098608550,-0.246775442,0.056707281,0.017550173,-0.017789223,-0.218680486,-0.146690944,-0.381824129,0.181322291,0.134297879,0.007741196,0.391256044,0.924304367,0.000000006,0.150959113,-0.412359249,-1.323616259,-1.367978455,-0.712351185,0.664863613,1.495864405,-0.655822961
0.150231344,0.056392384,0.797706722,0.020354310,0.000738058,0.857893422,0.513423835,-0.000158786,-0.083762974,-0.264455878,0.064591283,-0.006887562,-0.020255912,-0.197398786,-0.148769018,-0.368375849,0.041336030,0.218554026,0.045032016,0.375073864,0.928105269,0.002398683,0.156927714,-0.422130703,-1.320812156,-1.360629036,-0.723623258,0.666944114,1.489081536,-0.693767480
0.151132508,0.068007957,0.797876006,0.019694432,-0.001696255,0.866097353,0.499484362,0.008545665,-0.069383130,-0.284925570,0.075801338,-0.032438280,-0.022181600,-0.200806569,-0.166678070,-0.341927027,0.001364476,0.269592668,0.090339104,0.357389678,0.929868562,0.012253104,0.156593077,-0.427744120,-1.308808382,-1.349258586,-0.736749850,0.665439726,1.476892076,-0.728580836
0.152169636,0.080066269,0.798146364,0.019300244,-0.003304922,0.873741697,0.485995910,0.020580629,-0.054970631,-0.302268716,0.079454969,-0.051249299,-0.024688190,-0.209062731,-0.190231959,-0.309976301,0.000541246,0.298810471,0.122515511,0.343131048,0.913902841,0.029153710,0.152039197,-0.417292743,-1.288959062,-1.336004952,-0.751458680,0.663649749,1.460445384,-0.756352007
0.153491583,0.092321127,0.798320227,0.019051885,-0.003996449,0.879757464,0.475024061,0.034718891,-0.038554908,-0.310945065,0.072153398,-0.061730809,-0.030093276,-0.209435569,-0.208855971,-0.283358404,0.001199721,0.326757020,0.135087941,0.334706841,0.880348384,0.047015565,0.146739568,-0.391260990,-1.274270264,-1.324434918,-0.765366198,0.664145606,1.441058794,-0.773468293
0.155177774,0.104953833,0.798190051,0.019349786,-0.004128483,0.883161486,0.468651610,0.053469366,-0.020346976,-0.308752391,0.055273916,-0.067887764,-0.037641844,-0.198501360,-0.214960560,-0.267858158,0.003070434,0.358312799,0.138755289,0.333229322,0.838990802,0.068374238,0.143243346,-0.352809076,-1.266413111,-1.316785597,-0.774251818,0.666823594,1.421293627,-0.780263449
0.157009074,0.117993119,0.797418704,0.020640187,-0.003890134,0.882537206,0.469773275,0.080653986,-0.003083638,-0.295008371,0.030568259,-0.073350570,-0.044420038,-0.180670434,-0.206258220,-0.260690904,0.005659020,0.367138656,0.145384974,0.336190964,0.810209419,0.084045100,0.138898716,-0.316729263,-1.235461855,-1.314208936,-0.768475142,0.667812073,1.405156923,-0.780676963
0.158511066,0.130966546,0.796063683,0.022751889,-0.003616251,0.877786083,0.478498554,0.108500597,0.008689693,-0.270331851,0.016303628,-0.086372986,-0.050033354,-0.162578417,-0.189780417,-0.255453472,0.004505181,0.337945700,0.144829230,0.336922984,0.797355137,0.085591464,0.134085271,-0.283278512,-1.155773553,-1.318336932,-0.741011218,0.663012305,1.396511450,-0.772289588
0.160000699,0.143015705,0.794342023,0.025071819,-0.004035845,0.868410742,0.495194809,0.132433067,0.015915865,-0.232813127,0.020142257,-0.110552821,-0.055476044,-0.152959766,-0.169817669,-0.246698749,0.003839637,0.297350424,0.133115028,0.331129182,0.780732028,0.084714454,0.132487247,-0.241479792,-1.050928628,-1.327031347,-0.684172841,0.643890197,1.400293308,-0.743658925
0.161840441,0.152953956,0.792270804,0.027441558,-0.005599728,0.853574947,0.520216699,0.156044683,0.017838363,-0.178587288,0.034017843,-0.141442367,-0.057091811,-0.151795278,-0.146072255,-0.231870029,0.002404354,0.266086827,0.113421076,0.316439727,0.758182549,0.085279595,0.131072628,-0.221717397,-0.965032396,-1.331532786,-0.589710319,0.599968455,1.411371445,-0.679170382
0.163928050,0.160834566,0.789737710,0.029887390,-0.007969168,0.833178883,0.552137832,0.182631180,0.012121254,-0.105992988,0.049744687,-0.174750519,-0.054124143,-0.158884488,-0.121029526,-0.207536130,0.005576459,0.246626790,0.090783200,0.288830365,0.742076017,0.086369484,0.112819163,-0.281318888,-0.915184134,-1.320304718,-0.454936875,0.540294838,1.395833520,-0.568769765
0.166792771,0.166996777,0.787002955,0.031999953,-0.010985828,0.809341226,0.586363449,0.208758532,0.001863505,-0.020603524,0.064509480,-0.207420035,-0.054349017,-0.179078715,-0.096453839,-0.165137918,0.032149021,0.232719848,0.071680787,0.235602280,0.655249758,0.093147662,0.068698524,-0.367733946,-0.870389170,-1.274729537,-0.293812129,0.515074704,1.281511640,-0.435958162
0.170209756,0.171428024,0.784323091,0.033981291,-0.013898221,0.785561215,0.617693847,0.232938882,-0.012192027,0.056455279,0.074273791,-0.234432102,-0.055683919,-0.206885392,-0.073704496,-0.113815871,0.075348001,0.217690742,0.055562321,0.158312310,0.475090167,0.111540107,0.013463568,-0.360815671,-0.784761154,-1.192688822,-0.166876106,0.560920771,1.080852608,-0.333961175
0.173308975,0.174423762,0.781731626,0.036371940,-0.016339125,0.764005453,0.643976539,0.255324316,-0.028981398,0.107857064,0.077230957,-0.253201328,-0.049012222,-0.223711942,-0.053204744,-0.068084170,0.101516550,0.208515571,0.039417563,0.065897235,0.238343732,0.152576832,-0.048761905,-0.260564062,-0.660182080,-1.056332542,-0.124391914,0.660946199,0.840852607,-0.283521682
0.175853292,0.176063451,0.779573806,0.038630684,-0.018559821,0.746916495,0.663535193,0.273359820,-0.043028164,0.132538622,0.077059341,-0.265121800,-0.033654719,-0.223140407,-0.035531913,-0.036613760,0.096639257,0.211966289,0.021149969,-0.032289792,-0.001656268,0.206964698,-0.121900576,-0.066979120,-0.519209021,-0.854343162,-0.175241055,0.747261361,0.600852607,-0.245965075
0.178534032,0.176601142,0.778304230,0.038860202,-0.021295272,0.736183112,0.675330157,0.281613689,-0.041965992,0.144289256,0.083161296,-0.277592223,-0.020944552,-0.210323730,-0.017506707,-0.021646476,0.069365321,0.226184965,0.006265447,-0.129977843,-0.241656268,0.269858428,-0.216448148,0.169729487,-0.383621640,-0.617613518,-0.300956872,0.753841578,0.360852613,-0.138162972
0.181045763,0.177322813,0.778205728,0.037333573,-0.021818293,0.731627665,0.680331630,0.279193054,-0.034031703,0.153722825,0.091137446,-0.284802951,-0.023679388,-0.198307527,-0.006491617,-0.018788694,0.038997426,0.242097706,-0.001166637,-0.221049144,-0.481656268,0.283946834,-0.336391305,0.409729487,-0.257297627,-0.377613518,-0.387561848,0.653755191,0.142256485,0.069449817
0.182950456,0.179668732,0.778809280,0.036407839,-0.017816557,0.728740312,0.683589494,0.272861333,-0.036000377,0.165492373,0.088231803,-0.273610575,-0.041444636,-0.197778550,-0.009844734,-0.018153542,0.021315753,0.251950697,-0.005700271,-0.294091592,-0.721656268,0.261939585,-0.450894048,0.649729488,-0.131907683,-0.137613517,-0.380833492,0.477333287,0.016993690,0.309449817
0.184651725,0.182916241,0.780171244,0.037614906,-0.012042036,0.723152689,0.689558045,0.272199992,-0.049773648,0.181985912,0.076810229,-0.245210992,-0.063818211,-0.199162991,-0.017353417,-0.010397652,0.010587392,0.257749884,-0.011543498,-0.342648185,-0.961656271,0.240397202,-0.538712454,0.889729488,0.005051309,0.102386482,-0.282334082,0.303468244,-0.014935771,0.549449817
0.185801169,0.185011653,0.781150648,0.039758330,-0.006874569,0.712419064,0.700593386,0.276737055,-0.071258758,0.203289332,0.064726474,-0.217718709,-0.074956855,-0.204567765,-0.020825145,0.008852433,0.006239081,0.263536215,-0.018019358,-0.373649900,-1.169328674,0.243224783,-0.583477853,1.129729492,0.130828422,0.295714182,-0.182692282,0.202884619,0.024869729,0.789449817
0.185953282,0.186075308,0.780938585,0.040111017,-0.002384626,0.697533051,0.715425092,0.275797679,-0.089204817,0.224957122,0.063602909,-0.207865640,-0.076265059,-0.220044006,-0.017368975,0.036917031,0.010452354,0.268895263,-0.024018341,-0.391828019,-1.294170555,0.280389940,-0.673293368,1.332004102,0.223375340,0.432857442,-0.166906639,0.173755532,0.013875889,1.029449749
0.185067326,0.187163476,0.780103079,0.038971263,0.001234679,0.681700019,0.730592089,0.271150672,-0.104066695,0.242552987,0.068520754,-0.209715241,-0.073953398,-0.235542840,-0.010348484,0.069050966,0.012751675,0.275366453,-0.027045601,-0.395689725,-1.320443068,0.341530948,-0.833255236,1.433400364,0.279332599,0.518316832,-0.204963353,0.182331919,-0.085845817,1.176116357
0.183799726,0.187956492,0.779515105,0.037834143,0.004033009,0.669082535,0.742213496,0.267348074,-0.116813340,0.252957956,0.070046121,-0.210167650,-0.070353887,-0.244221724,-0.005689965,0.097603818,0.007331739,0.283966285,-0.026621714,-0.393999198,-1.318065214,0.388682901,-0.922022920,1.452313506,0.310133621,0.548871677,-0.228522975,0.190949407,-0.143330228,1.229449620
0.182494855,0.188269930,0.779099829,0.036434116,0.005615952,0.662256095,0.748370149,0.265853686,-0.123825876,0.257024689,0.068188505,-0.210911377,-0.067043739,-0.248287439,-0.002933823,0.117469682,0.001908660,0.289710254,-0.023723286,-0.394720782,-1.309778277,0.405433699,-0.917457269,1.442025760,0.330033335,0.539735674,-0.221284250,0.191440979,-0.148668391,1.209792478
0.181482133,0.188415042,0.778897268,0.034455793,0.006204710,0.661304777,0.749299868,0.265975755,-0.123945367,0.256029624,0.064294133,-0.212615500,-0.066017451,-0.250063379,-0.000855649,0.127872889,0.000125193,0.290363238,-0.020111397,-0.400689554,-1.301446358,0.406297766,-0.868886734,1.437691660,0.341687261,0.522835313,-0.204930002,0.188392672,-0.137195281,1.179991254
0.180815046,0.188497531,0.778958614,0.032038297,0.006629755,0.664461697,0.746605818,0.262103457,-0.119150273,0.251769303,0.062368382,-0.216436209,-0.065746437,-0.251158105,0.000579957,0.131187305,0.000000000,0.287580681,-0.016721304,-0.410639973,-1.299474303,0.406247630,-0.848433908,1.433426314,0.338401484,0.507736336,-0.196836543,0.189423813,-0.125697890,1.170678290
0.180303573,0.188564446,0.779276156,0.030271973,0.007331254,0.669354898,0.742289621,0.256373973,-0.114241086,0.245484206,0.062378476,-0.216982778,-0.065269223,-0.251834645,-0.003313525,0.130571823,0.000018440,0.284238036,-0.011521200,-0.422493453,-1.303712209,0.408916203,-0.875497696,1.427201801,0.330719258,0.497158688,-0.193827080,0.193455941,-0.118877477,1.168996850
0.179999509,0.188704141,0.779538797,0.028935391,0.008083405,0.673173878,0.738873691,0.252157414,-0.110673642,0.240688414,0.062092430,-0.216757750,-0.064947135,-0.253060807,-0.006588795,0.129631308,0.000009327,0.282034768,-0.007417346,-0.430592742,-1.307332168,0.408930402,-0.897826748,1.425701713,0.330391856,0.493695085,-0.191899239,0.198796217,-0.120237118,1.158251159
0.179847138,0.188931061,0.779706769,0.028020332,0.008834982,0.675014413,0.737219334,0.249887536,-0.109665486,0.238151012,0.061017312,-0.215579440,-0.064595111,-0.254513665,-0.008190616,0.127708497,0.000001484,0.280992511,-0.006042735,-0.433904598,-1.309013661,0.406570952,-0.894458983,1.427477899,0.331839967,0.495872306,-0.192647435,0.202977685,-0.128280950,1.145662866
0.179685336,0.189262822,0.779849952,0.027814816,0.009615864,0.675083908,0.737153707,0.250118585,-0.112245450,0.237244008,0.057774174,-0.211638093,-0.063631590,-0.255818302,-0.009127388,0.125846298,0.000000795,0.280897910,-0.006736159,-0.432993143,-1.310435617,0.404873407,-0.885989512,1.427457745,0.331964822,0.499416379,-0.196062356,0.206087600,-0.137713486,1.137522507
0.179541692,0.189671782,0.779964650,0.028001840,0.010351365,0.674295438,0.737857987,0.252459926,-0.117228397,0.237430293,0.052306504,-0.205579757,-0.061515010,-0.257036771,-0.009805524,0.126128428,0.000002371,0.281578645,-0.007916443,-0.430214429,-1.313285114,0.404741175,-0.888662357,1.425691829,0.332982369,0.501418781,-0.200618746,0.208254768,-0.143709906,1.132977569
0.179592077,0.190038496,0.779877111,0.027869344,0.010956435,0.673586944,0.738501107,0.251715101,-0.118653320,0.238487597,0.052031085,-0.204878613,-0.059416413,-0.259244346,-0.009564780,0.128168000,0.000000000,0.282734555,-0.008151651,-0.428769221,-1.318406498,0.405121263,-0.896036246,1.424983780,0.336400200,0.501020050,-0.203997597,0.208567071,-0.143979178,1.131795228
0.179797735,0.190370254,0.779684931,0.027554189,0.011189476,0.673080089,0.738971418,0.250419776,-0.118020366,0.239707106,0.054261593,-0.207350211,-0.058552163,-0.261093166,-0.008687085,0.130672903,0.000033823,0.283880253,-0.007891588,-0.428747056,-1.323024429,0.405852098,-0.900162508,1.424986516,0.339575591,0.500103186,-0.205982508,0.208483567,-0.141850563,1.128870527
0.180131508,0.190633315,0.779466693,0.027080705,0.010967516,0.672756483,0.739286862,0.249017803,-0.114459264,0.240504208,0.058310025,-0.212325929,-0.059833365,-0.261870610,-0.006717753,0.132089694,0.000250170,0.284157059,-0.007810798,-0.430024142,-1.326405074,0.406929301,-0.901709674,1.425362800,0.340657513,0.498202968,-0.205402423,0.208619961,-0.138551128,1.126158145
0.180412255,0.190806496,0.779342878,0.026910292,0.010573201,0.672292983,0.739720345,0.249554754,-0.112854465,0.241105422,0.059843726,-0.214868873,-0.060852525,-0.261606225,-0.005029860,0.133025458,0.000607492,0.284063766,-0.008203981,-0.431123267,-1.328066265,0.408414188,-0.903302775,1.426087801,0.341794567,0.494302180,-0.202530406,0.207936766,-0.134246885,1.126044935
0.180575499,0.190911742,0.779303483,0.027222934,0.010146736,0.671522389,0.740414504,0.252297471,-0.114290165,0.241690976,0.057521496,-0.213487446,-0.060106734,-0.260323209,-0.004020665,0.133976866,0.000343759,0.284281811,-0.008988419,-0.431398880,-1.328361020,0.410098291,-0.904730205,1.427296331,0.344659841,0.490265386,-0.198796452,0.206493069,-0.131236688,1.126577618
0.180754827,0.190903878,0.779311543,0.027570380,0.009729993,0.670894274,0.740976433,0.254732711,-0.115765069,0.242612559,0.055076935,-0.211778094,-0.058886264,-0.259065902,-0.003438524,0.134232598,0.000039665,0.284642054,-0.009700935,-0.431904097,-1.328290491,0.412242068,-0.906612179,1.427849668,0.347664265,0.488308506,-0.195217205,0.204940690,-0.129792033,1.124173353
0.181093640,0.190727076,0.779206345,0.027305392,0.009265226,0.670883136,0.741002287,0.253308869,-0.112183380,0.243407376,0.058671851,-0.215747931,-0.059535832,-0.258442545,-0.001504892,0.132778333,0.000101379,0.284256098,-0.010320122,-0.433641032,-1.329732520,0.414200731,-0.910223702,1.427637932,0.349031288,0.487666784,-0.192114411,0.203644982,-0.128305373,1.124439373
0.181533359,0.190440477,0.779040183,0.026903465,0.008492420,0.671249968,0.740693973,0.252694689,-0.107676903,0.244223279,0.062105114,-0.221097875,-0.061179606,-0.257286365,0.002239410,0.131363756,0.000726472,0.283299125,-0.011838705,-0.435381894,-1.330188859,0.415516454,-0.912295938,1.427125405,0.348143368,0.488339964,-0.190602675,0.201975034,-0.127133959,1.131126756
0.181853939,0.189951590,0.778963886,0.027071775,0.007882652,0.671774475,0.740218912,0.254431131,-0.106865449,0.245551342,0.060968848,-0.222509154,-0.060730756,-0.255849700,0.005521048,0.130644558,0.001706419,0.282515382,-0.014128587,-0.436416764,-1.328505546,0.416492294,-0.910174976,1.425737289,0.346219199,0.489117095,-0.190166686,0.200690970,-0.126750814,1.134821145
0.181787861,0.189005788,0.779088587,0.028079222,0.008548020,0.672956268,0.739099689,0.255029561,-0.111412794,0.245175462,0.056673795,-0.216386347,-0.058264688,-0.256394224,-0.000118386,0.128502069,0.000991904,0.283968144,-0.012709835,-0.438080512,-1.326738540,0.417145441,-0.903309887,1.423556358,0.342981437,0.489247519,-0.189717927,0.198975159,-0.129257474,1.130047113
0.181717561,0.187490814,0.779254678,0.028555292,0.009782011,0.675001985,0.737198228,0.249257099,-0.111928073,0.244139784,0.059052909,-0.214779265,-0.056851023,-0.258901185,-0.006589954,0.122766873,0.000182964,0.285309089,-0.010067968,-0.440418078,-1.327370593,0.416672639,-0.897020949,1.420918168,0.339593519,0.489248005,-0.188354572,0.197812242,-0.135926464,1.121729493
0.181628351,0.185440384,0.779249884,0.028729620,0.010983788,0.677125758,0.735224233,0.242741372,-0.112832956,0.243891134,0.061407132,-0.215721757,-0.055406869,-0.262411385,-0.011119814,0.116408230,0.000000000,0.286843681,-0.009149153,-0.441385011,-1.329388906,0.415291078,-0.891408734,1.417507794,0.336164912,0.486150985,-0.187158390,0.198424780,-0.143727091,1.110552988
0.181541681,0.182865979,0.779002765,0.028912529,0.011667230,0.679384095,0.733120176,0.239426891,-0.112611554,0.243506935,0.060046427,-0.217658758,-0.054903821,-0.265718398,-0.014146187,0.109751445,0.000004625,0.288884557,-0.008754248,-0.441381733,-1.331736490,0.413179461,-0.888652561,1.412001749,0.332271190,0.477218185,-0.185239783,0.200719256,-0.148393470,1.097504187
0.181429001,0.179811725,0.778633595,0.029138885,0.011703273,0.681785702,0.730877702,0.234115084,-0.110195266,0.243485453,0.065192182,-0.224666126,-0.055050525,-0.267663324,-0.016018079,0.102951266,0.000006684,0.290811739,-0.008037183,-0.440338213,-1.332302688,0.409539975,-0.890320053,1.402637269,0.327814307,0.459381689,-0.181796636,0.203881324,-0.141273653,1.082614089
0.181213565,0.176454194,0.778260304,0.029438199,0.011003084,0.683972347,0.728830676,0.216104149,-0.106636405,0.245671388,0.095935892,-0.243822043,-0.049567442,-0.268118410,-0.015921054,0.097382218,0.000003588,0.292501627,-0.007785523,-0.437052573,-1.329611676,0.403239522,-0.896910199,1.388008375,0.323673643,0.435139966,-0.181290859,0.205975021,-0.119606140,1.071485767
0.180796783,0.172690598,0.777300654,0.029285335,0.009054331,0.685706926,0.727232013,0.194791710,-0.096909902,0.250206608,0.142478675,-0.273374179,-0.042661770,-0.266937530,-0.011334552,0.091758490,0.000000710,0.293585764,-0.008156613,-0.431073322,-1.324681020,0.392626569,-0.913596643,1.369204568,0.320719639,0.398044011,-0.190149247,0.205870305,-0.082606880,1.070173569
0.179599588,0.167946098,0.776175677,0.028980363,0.008318646,0.686650777,0.726361927,0.174768433,-0.091474841,0.255758794,0.182498460,-0.298464365,-0.036517259,-0.271710301,-0.011995286,0.087408381,0.000042124,0.296444459,-0.005363501,-0.422109551,-1.320445108,0.378011466,-0.936913242,1.346855930,0.317172596,0.336702516,-0.212234660,0.202990041,-0.031597443,1.077512707
0.178018583,0.162180829,0.775175649,0.028685418,0.008845310,0.686170015,0.726821586,0.154244903,-0.091275102,0.263815762,0.213381165,-0.316067876,-0.028519929,-0.280866087,-0.016151950,0.084464377,0.000238116,0.299927905,-0.000553276,-0.410193218,-1.315204473,0.360703612,-0.966744343,1.321383474,0.315208423,0.251090369,-0.231382512,0.208217266,0.044920623,1.070397903
0.176515982,0.155646419,0.774627117,0.027990165,0.009528891,0.683875867,0.728999005,0.131476783,-0.092800125,0.275203516,0.238785150,-0.327859501,-0.019443396,-0.290958816,-0.018581913,0.082397131,0.000440750,0.305121940,0.005303405,-0.395354294,-1.307308403,0.341136208,-1.004676455,1.294076385,0.315936174,0.141366215,-0.241411185,0.232094067,0.154362340,1.034005403
0.175280856,0.148409901,0.774500823,0.025876070,0.010235747,0.679979752,0.732702665,0.107178664,-0.090217115,0.287586204,0.261486386,-0.337780733,-0.015133949,-0.304434430,-0.016498707,0.078972122,0.000000001,0.314076538,0.028957124,-0.378461804,-1.298431922,0.320681926,-1.050443971,1.264579491,0.320213860,0.014955967,-0.245799043,0.275556089,0.280969375,0.978629906
0.174493975,0.140782499,0.774241728,0.022976001,0.011117145,0.674997346,0.737378529,0.083088536,-0.085645750,0.301179323,0.283538149,-0.348853755,-0.013447881,-0.330446298,-0.013440883,0.072181041,0.004285065,0.328553586,0.117383886,-0.359810378,-1.288074610,0.304257491,-1.099688048,1.229620521,0.328173182,-0.113731928,-0.231920948,0.326709762,0.400421834,0.915146918
0.174010550,0.133475861,0.774013496,0.020285342,0.011874546,0.670212606,0.741796847,0.058127429,-0.081380967,0.315804465,0.307817554,-0.358540253,-0.009134365,-0.370944833,-0.014082572,0.063700938,0.038867514,0.335865623,0.253624732,-0.341647027,-1.275115944,0.289165642,-1.150243245,1.190827886,0.336969501,-0.221720612,-0.209457546,0.381026765,0.496043931,0.855913272
0.173708934,0.126402677,0.774052052,0.017290336,0.012299339,0.666422723,0.745272115,0.035239493,-0.074062285,0.329665834,0.330306539,-0.365484615,-0.006086799,-0.415257102,-0.018846701,0.056347893,0.101181896,0.318145653,0.373173323,-0.325409123,-1.260871638,0.267849756,-1.204041835,1.153508157,0.348222665,-0.318133660,-0.180229395,0.440880464,0.563643051,0.812743019
0.173543027,0.119645766,0.774191222,0.014141162,0.012734474,0.663987373,0.747501591,0.014138975,-0.064283030,0.342188146,0.351275463,-0.371363146,-0.005920184,-0.446314063,-0.028577374,0.052068419,0.165701595,0.267446828,0.408734672,-0.312347166,-1.246962130,0.241969172,-1.260268963,1.116681413,0.361846663,-0.407270040,-0.155018697,0.512237537,0.588039997,0.797839741
0.173604307,0.113365130,0.774268195,0.011233517,0.013532378,0.662916464,0.748486770,-0.007100790,-0.055383887,0.352824485,0.371695881,-0.375791269,-0.005676637,-0.463038193,-0.043809906,0.045958159,0.226821109,0.196009125,0.361194583,-0.302201610,-1.235020966,0.208125431,-1.308837453,1.085854697,0.366821042,-0.478815231,-0.137444657,0.596246144,0.570143179,0.809931377
0.173858476,0.107241279,0.774292085,0.009183075,0.015140015,0.663041175,0.748373471,-0.028163094,-0.049330877,0.360815236,0.388830684,-0.376507967,-0.003990177,-0.463599553,-0.067264390,0.025852974,0.274068303,0.137122877,0.294660932,-0.293914764,-1.233644191,0.164388159,-1.333121141,1.073437034,0.334166889,-0.532146422,-0.118178423,0.683092018,0.548807844,0.817855025
0.174078048,0.101311960,0.774488013,0.008298559,0.017509275,0.663781141,0.747675837,-0.044810536,-0.047428484,0.366178726,0.397147989,-0.372238803,-0.003882924,-0.451731803,-0.101414960,-0.007726668,0.302473136,0.103045256,0.253637293,-0.285069479,-1.254906919,0.113656000,-1.341203664,1.073455237,0.277218837,-0.567604191,-0.095610604,0.767832252,0.550030091,0.799592116
0.174324460,0.095765668,0.775013176,0.007474982,0.020512467,0.664133020,0.747295587,-0.057406744,-0.047583866,0.370365330,0.396411345,-0.364074532,-0.006020414,-0.434448252,-0.140408788,-0.048981882,0.317974784,0.083210783,0.234361240,-0.269724244,-1.288111603,0.053178410,-1.357540989,1.059029888,0.259172181,-0.610325715,-0.058959242,0.850943012,0.575549385,0.764460239
0.175201168,0.090428164,0.775921337,0.006093219,0.024210631,0.663544442,0.747720196,-0.072393773,-0.047275158,0.374445518,0.393776465,-0.353353352,-0.010748668,-0.420521541,-0.181344171,-0.090776020,0.337590863,0.062871938,0.217302616,-0.249599362,-1.314421479,0.010554231,-1.388625901,1.006125884,0.287032150,-0.660635054,-0.019297669,0.932883770,0.582936533,0.731012747
0.177161185,0.085531620,0.776560535,0.005160134,0.027470890,0.661983362,0.748997164,-0.084798937,-0.045798395,0.378920570,0.390169645,-0.342204956,-0.017852536,-0.409188763,-0.223477818,-0.126861228,0.373569481,0.038150038,0.189312373,-0.229837131,-1.336186093,0.002304023,-1.428607387,0.935952251,0.308138900,-0.688582503,-0.003916207,1.011550445,0.542161917,0.719296362
0.180378993,0.081561676,0.777432577,0.004072744,0.029383391,0.658970120,0.751583935,-0.091955046,-0.041164291,0.384691684,0.385379395,-0.332826690,-0.024299062,-0.397670105,-0.262304363,-0.154971600,0.418317098,0.018564445,0.157755032,-0.214762188,-1.336487851,0.001894989,-1.469174538,0.891463334,0.308893929,-0.694082152,-0.003067944,1.092250540,0.431087053,0.697116591
0.184919362,0.078343254,0.778428820,-0.000061163,0.028835716,0.654470135,0.755537782,-0.101011083,-0.024910454,0.391887998,0.389150046,-0.329952221,-0.025959362,-0.385467119,-0.288534712,-0.179477384,0.456888804,0.012573472,0.138798591,-0.206073280,-1.288758972,0.000059226,-1.498408186,0.892955160,0.333743643,-0.693765333,-0.000240380,1.161237848,0.234772662,0.678638859
0.189881191,0.075063027,0.779322091,-0.005453570,0.025679947,0.648630855,0.760650257,-0.110026608,0.000079554,0.400457348,0.402143652,-0.333360558,-0.023187081,-0.369745677,-0.303078822,-0.202096573,0.479576037,0.022042114,0.125969439,-0.192363776,-1.186747116,0.000174184,-1.530246544,0.905030729,0.403756100,-0.737304294,-0.000164543,1.144512376,0.057272904,0.721521138
0.194458988,0.071133212,0.779869520,-0.008476561,0.022997917,0.641484945,0.766743966,-0.115334206,0.019993907,0.411246978,0.413059333,-0.335132161,-0.023246555,-0.351276149,-0.320189198,-0.219961959,0.485198460,0.038519851,0.115129890,-0.169546443,-1.128225926,0.000182090,-1.547042793,0.893554288,0.469563061,-0.784214282,-0.000098687,1.124074428,-0.027003523,0.801911170
0.199092067,0.067187782,0.779982950,-0.009590707,0.022649468,0.633138696,0.773647472,-0.119329999,0.032545742,0.423583551,0.418495631,-0.333640576,-0.028310539,-0.335571404,-0.342156843,-0.232964472,0.478936872,0.058085301,0.105637332,-0.148107062,-1.087212767,0.000139876,-1.547661154,0.868316998,0.489895053,-0.837175933,-0.000046988,1.103141257,-0.061008026,0.856269911
0.204124149,0.063359516,0.779894202,-0.009984038,0.023509905,0.623794412,0.781171003,-0.122675346,0.042455487,0.436567119,0.422145502,-0.331396325,-0.036107072,-0.323377765,-0.363561026,-0.243921928,0.463578280,0.082980290,0.103765035,-0.129637404,-1.082708738,0.000091974,-1.528131354,0.839855504,0.464961028,-0.855572499,-0.000019384,1.121992850,-0.090099369,0.856858286
0.209622842,0.059520615,0.779700202,-0.010291836,0.024423587,0.613533376,0.789223899,-0.125220005,0.053865077,0.450502334,0.426463442,-0.330042214,-0.044471428,-0.314767459,-0.380863804,-0.256017653,0.442609649,0.115023559,0.112542486,-0.113627568,-1.074942749,0.000057127,-1.505703743,0.822553250,0.433384975,-0.872492890,-0.000005397,1.134668457,-0.122070790,0.856009067
0.215573230,0.055706189,0.779322419,-0.010347802,0.025351702,0.602427017,0.797704145,-0.126427804,0.066265098,0.465846369,0.431512136,-0.329585386,-0.053478765,-0.311763081,-0.395600346,-0.269919003,0.421557562,0.150657019,0.121166283,-0.099664353,-1.070950472,0.000036798,-1.483639233,0.816186771,0.412621721,-0.886257767,-0.000001090,1.148617801,-0.151139893,0.867929731
0.221941287,0.051945549,0.778700441,-0.009890469,0.026361648,0.590377362,0.806636109,-0.126338435,0.078765589,0.482455611,0.437443195,-0.330000733,-0.063420110,-0.315487685,-0.409113198,-0.285051963,0.404311374,0.184036681,0.122390143,-0.086368956,-1.068328008,0.000019974,-1.462819012,0.816974482,0.398833372,-0.903272961,-0.000000069,1.160821904,-0.168248280,0.885090897
0.228749453,0.048236761,0.777967540,-0.008707303,0.027395771,0.577019323,0.816224451,-0.123415714,0.090198876,0.500237046,0.441615303,-0.329849238,-0.074662696,-0.324493594,-0.420709804,-0.300154835,0.389432253,0.212357418,0.117835197,-0.072612354,-1.062355066,0.000000049,-1.436656988,0.823735705,0.379860083,-0.919878671,-0.000000017,1.170276154,-0.172186622,0.902229989
0.236197711,0.044667965,0.777239040,-0.006485753,0.028045904,0.561562568,0.826933398,-0.114555019,0.099770609,0.519917418,0.440995812,-0.327958677,-0.087641974,-0.336518554,-0.427896644,-0.312954174,0.374886060,0.234035612,0.107677070,-0.058130238,-1.044135560,0.000120184,-1.396862359,0.838942029,0.350468111,-0.929014300,-0.000000373,1.174242287,-0.163807440,0.919759111
0.244431882,0.041308234,0.776422672,-0.003462328,0.028214302,0.543483230,0.838938582,-0.099880005,0.107902899,0.539738494,0.436553329,-0.325407162,-0.102619089,-0.349722572,-0.429564935,-0.323583109,0.359835304,0.247821382,0.093494296,-0.044233397,-1.013887363,0.000390966,-1.340737719,0.866156381,0.313851673,-0.922199722,-0.000001497,1.174425081,-0.148959453,0.932250131
0.253437321,0.038036407,0.775207795,0.000076618,0.028609031,0.522289375,0.852288288,-0.081423525,0.113234999,0.550356379,0.429054205,-0.324412468,-0.119866898,-0.367986062,-0.428063488,-0.331801112,0.350219115,0.250759446,0.078409307,-0.034025161,-0.976882072,0.000215157,-1.258433703,0.898340837,0.264126474,-0.887022852,-0.000052856,1.173520335,-0.135729029,0.928245655
0.263130268,0.034864791,0.773256625,0.003723423,0.028996475,0.497499558,0.866971470,-0.057130287,0.115625149,0.530661175,0.416761886,-0.329191128,-0.140266115,-0.392029217,-0.423604577,-0.336574467,0.351513835,0.244276661,0.070598476,-0.027877740,-0.922236202,0.000160275,-1.141712172,0.883933705,0.210652462,-0.812949464,-0.000253996,1.168245066,-0.132969009,0.899907089
0.273283049,0.031671280,0.769965240,0.007367107,0.028774954,0.468487252,0.882970794,-0.021548684,0.115616874,0.461080971,0.394776081,-0.344159316,-0.163771261,-0.420118561,-0.414890486,-0.334347232,0.364329296,0.236778596,0.082725916,-0.020793081,-0.820170821,0.018200230,-0.994658180,0.781350252,0.177153673,-0.707399053,-0.000520985,1.148693806,-0.133491393,0.852546750
0.284061675,0.027166141,0.764411619,0.010519648,0.027710032,0.433835524,0.900504430,0.031446320,0.118217114,0.343405075,0.356226860,-0.370642999,-0.187723450,-0.456298267,-0.394803370,-0.321736412,0.391424437,0.221885979,0.117823663,-0.003675557,-0.624303393,0.117324521,-0.844411099,0.578576802,0.159969261,-0.619078458,-0.000466131,1.090538423,-0.081741488,0.780443884
0.295648704,0.021373727,0.757144809,0.012173261,0.025629234,0.394665052,0.918386874,0.098442395,0.128590102,0.214755940,0.303295226,-0.401593586,-0.207125323,-0.496231288,-0.360872058,-0.305801071,0.427961301,0.174859604,0.133594045,0.022859440,-0.382777360,0.254731185,-0.682432371,0.339788413,0.083714392,-0.574250175,-0.004559963,0.989744355,0.060965187,0.684329072
0.307277209,0.016662228,0.749329728,0.012581432,0.022819601,0.354429681,0.934719516,0.173559322,0.142641456,0.101329604,0.239518507,-0.429495474,-0.217502597,-0.536712238,-0.322070027,-0.293768860,0.479367795,0.106040687,0.105049199,0.055977739,-0.114971255,0.337298307,-0.497416409,0.139590949,-0.084469194,-0.566380199,-0.023440292,0.843903094,0.254605919,0.540641125
0.317303308,0.014569362,0.742281010,0.012754287,0.020682292,0.318840318,0.947496925,0.244961945,0.150871765,0.022977592,0.172455219,-0.446421858,-0.217594205,-0.579870298,-0.294192123,-0.292621407,0.550787549,0.048228268,0.060340899,0.094481073,0.140923320,0.322786129,-0.292869684,-0.005986862,-0.313500778,-0.553890814,-0.101895489,0.675446210,0.481487264,0.341922793
0.325823282,0.014387698,0.736481081,0.011171513,0.020562003,0.292002623,0.956131199,0.294419153,0.155421385,-0.005675679,0.128130439,-0.459897110,-0.210665857,-0.620147582,-0.279040661,-0.311494141,0.623513233,0.013237108,0.023678958,0.132236547,0.377142387,0.208921683,-0.118576679,-0.077331793,-0.553670365,-0.573443982,-0.205642970,0.542503363,0.724083276,0.111881417
0.333164195,0.014698138,0.731844305,0.008184820,0.022652713,0.274960612,0.961153747,0.305660577,0.155834516,0.016411545,0.139164159,-0.485143304,-0.205337856,-0.652498684,-0.275013423,-0.343341396,0.679742326,-0.005306736,-0.003323544,0.161133672,0.604646224,0.090951189,-0.001101566,-0.098613350,-0.793835989,-0.635481467,-0.304285928,0.508980661,0.966616267,-0.127262564
0.339071255,0.014394698,0.727352896,0.007061387,0.027102062,0.263251310,0.964320674,0.296506483,0.148671376,0.058331997,0.176005588,-0.515319797,-0.202936764,-0.685184476,-0.278401982,-0.366082872,0.726214716,-0.022077515,-0.026175726,0.181655114,0.770812473,0.054487740,0.045953678,-0.160177791,-1.019592503,-0.682708911,-0.384746248,0.527161586,1.196574301,-0.343374157
0.343976120,0.013737248,0.722952079,0.007496125,0.033371275,0.253271125,0.966790517,0.285508029,0.135827096,0.096861881,0.205416297,-0.539921330,-0.199839507,-0.719476637,-0.283453803,-0.374556741,0.766046872,-0.041549823,-0.044661394,0.197618711,0.877673309,0.056434215,0.019246613,-0.252458404,-1.176545304,-0.703115982,-0.427711252,0.500629020,1.361596065,-0.471254827
0.348250175,0.012781201,0.719354640,0.007689342,0.039334612,0.242249519,0.969385802,0.282290209,0.124492290,0.120424441,0.216179910,-0.555851523,-0.196571873,-0.749021881,-0.281900628,-0.374042019,0.795418330,-0.058825727,-0.058234815,0.210908534,0.934321056,0.045456905,-0.015701387,-0.342103969,-1.240148854,-0.705407323,-0.448564103,0.474020430,1.433048183,-0.505787875
0.352412160,0.011290748,0.716959223,0.006445285,0.044369665,0.228873537,0.972423105,0.286188672,0.117358806,0.134670460,0.210133067,-0.562768441,-0.194453609,-0.770822852,-0.266955200,-0.364667428,0.809930601,-0.071265335,-0.067443487,0.211869070,0.940015788,0.037621619,-0.035328471,-0.384543098,-1.210406497,-0.713394801,-0.451339116,0.480587153,1.410979320,-0.446974864
0.356556592,0.009502263,0.715293393,0.002414628,0.048134282,0.210934439,0.976311386,0.294406475,0.114592104,0.151490831,0.199945888,-0.568590785,-0.191956896,-0.784589156,-0.229752780,-0.340208303,0.807011059,-0.077481565,-0.071564851,0.189722664,0.895473736,0.055780290,-0.034146099,-0.343934928,-1.108354030,-0.747085151,-0.417036575,0.501974677,1.368525682,-0.343555446
0.359973877,0.007165157,0.713978312,-0.002183040,0.050597978,0.187433528,0.980970821,0.304423106,0.108025665,0.176400006,0.192932031,-0.576195187,-0.187006477,-0.793990690,-0.179298325,-0.306578003,0.793245754,-0.077137743,-0.075773522,0.149236575,0.814410678,0.084661218,-0.013570401,-0.251412019,-1.023202333,-0.790043206,-0.349068103,0.517899652,1.344719750,-0.290489415
0.362343712,0.003909762,0.713003994,-0.005412750,0.051765378,0.159816918,0.985773605,0.316796669,0.093805207,0.206282921,0.184790854,-0.581367482,-0.180146247,-0.800269052,-0.125253890,-0.270786608,0.774450099,-0.069662077,-0.083771907,0.096644582,0.692834565,0.123249454,0.001955352,-0.144185321,-0.913794873,-0.823314878,-0.267516980,0.543213923,1.313973224,-0.248917062
0.364184421,0.000277922,0.711662262,-0.007786557,0.051726360,0.131516165,0.989932953,0.333569638,0.076992920,0.233786809,0.173903614,-0.585727614,-0.173797938,-0.805268322,-0.074301524,-0.240100224,0.759712158,-0.060081058,-0.095250811,0.036651209,0.558363014,0.169353632,-0.018725234,-0.095902836,-0.775991402,-0.835663327,-0.198110590,0.601357939,1.244403514,-0.187253234
0.365708663,-0.003179739,0.709275811,-0.009808471,0.050963599,0.106425684,0.992965296,0.353294412,0.063652502,0.250394886,0.162752757,-0.592651812,-0.169053411,-0.811524848,-0.031651271,-0.218770419,0.756211173,-0.054408432,-0.108075332,-0.028612529,0.393428172,0.218115262,-0.082412961,-0.098882711,-0.650282977,-0.824326908,-0.161139278,0.685224357,1.107992530,-0.138556280
0.366489264,-0.006416419,0.706084530,-0.010533306,0.048820130,0.089630427,0.994722087,0.372261824,0.059614833,0.251417298,0.157290866,-0.602853817,-0.168394054,-0.817610424,-0.005928299,-0.210576183,0.766426266,-0.056541687,-0.120126190,-0.101653255,0.158138784,0.265343716,-0.165686182,-0.047819207,-0.553670791,-0.759820771,-0.176787786,0.749708638,0.887747081,-0.162522530
0.366443650,-0.009312250,0.703012212,-0.009926225,0.045255474,0.081429225,0.995601674,0.391751945,0.061522478,0.244321627,0.152724963,-0.611249001,-0.171247446,-0.820735689,0.003200238,-0.212986772,0.783882351,-0.064108553,-0.130182816,-0.176748033,-0.083056319,0.316552813,-0.254485855,0.096650613,-0.480851405,-0.610560597,-0.238973656,0.762408476,0.648749425,-0.199844895
0.366368082,-0.011422464,0.700614092,-0.008534061,0.042074364,0.080824632,0.995803342,0.407445156,0.066896259,0.236557546,0.146787670,-0.615094817,-0.176427255,-0.823001442,-0.002223980,-0.224837018,0.803818457,-0.075354171,-0.137950030,-0.246994723,-0.324182046,0.346596234,-0.356679355,0.315028166,-0.409557152,-0.389710323,-0.321113471,0.709297467,0.409693581,-0.158968057
0.367591527,-0.012971129,0.699194266,-0.006455835,0.040627965,0.085469102,0.995491197,0.415615915,0.072605052,0.234016985,0.139551278,-0.612798567,-0.184469839,-0.825819697,-0.017144027,-0.240713064,0.823805862,-0.089545315,-0.143312858,-0.310885665,-0.565242346,0.335398099,-0.464719523,0.553976197,-0.300112532,-0.148650023,-0.365275454,0.582305086,0.170582863,-0.024751660
0.370274565,-0.014607827,0.698923286,-0.003414504,0.040905448,0.091482432,0.994960326,0.416953014,0.074424547,0.237792971,0.129687428,-0.603207768,-0.195400204,-0.828753598,-0.032556914,-0.251438766,0.840372554,-0.103953491,-0.147048049,-0.365841523,-0.806240947,0.281844488,-0.576266016,0.792985443,-0.108392218,0.092348578,-0.323992421,0.404378657,-0.015015854,0.201984057
0.372966470,-0.017027193,0.699451220,0.000257113,0.040916308,0.093958254,0.994734958,0.418674200,0.070720529,0.247896326,0.118560082,-0.590179347,-0.208279329,-0.829428871,-0.037147037,-0.249551483,0.849784935,-0.113500391,-0.151079445,-0.409297201,-1.043715529,0.235941594,-0.668734216,1.032060184,0.131557684,0.333281163,-0.199659830,0.225108508,-0.097951924,0.441895341
0.374737962,-0.018917984,0.699021960,0.002438589,0.039608141,0.091868189,0.994980143,0.425964809,0.065972792,0.260457497,0.110997837,-0.583849941,-0.218469684,-0.829356222,-0.032233900,-0.240518309,0.857065158,-0.118383538,-0.153435728,-0.448110898,-1.237179386,0.216481462,-0.682452733,1.264329116,0.347084921,0.547492936,-0.108144012,0.063250435,-0.123256178,0.681811770
0.375706508,-0.018944883,0.697782826,0.001459381,0.038816051,0.085541416,0.995577144,0.432099277,0.062744233,0.273196414,0.112618454,-0.588849322,-0.220131192,-0.830939187,-0.020333838,-0.231199019,0.860434712,-0.118506810,-0.153048108,-0.480788157,-1.337258913,0.217909600,-0.678461235,1.442929707,0.473763883,0.668320378,-0.084101960,-0.037433571,-0.171641258,0.921733050
0.376312238,-0.017981075,0.696858986,-0.001185466,0.038840083,0.075486853,0.996389371,0.433266632,0.057875780,0.286237986,0.121877113,-0.599529544,-0.214024540,-0.832640296,-0.001206305,-0.221477123,0.856117620,-0.113193502,-0.153239239,-0.500208634,-1.368875831,0.239805245,-0.717618281,1.528244680,0.507112096,0.721941753,-0.097674645,-0.044807093,-0.241241038,1.118709722
0.376659505,-0.017272364,0.696547734,-0.002357885,0.038064092,0.064852862,0.997165819,0.434887155,0.046969626,0.293903084,0.128955584,-0.606120709,-0.204158356,-0.830414409,0.015947079,-0.210025177,0.849426033,-0.107284504,-0.154211194,-0.510579235,-1.373562138,0.273561516,-0.753869095,1.521810960,0.463365598,0.750568958,-0.113913994,-0.013871257,-0.289525590,1.227549394
0.376722547,-0.016663471,0.696508256,-0.002524593,0.036998741,0.058698400,0.997586697,0.437580408,0.037819441,0.296673359,0.130051775,-0.607654312,-0.196594689,-0.828422005,0.024836536,-0.200897701,0.846043058,-0.103816451,-0.153860791,-0.517505362,-1.371365290,0.295661271,-0.764353383,1.500861427,0.407060852,0.766491099,-0.108488079,0.004810769,-0.307869186,1.235898748
0.376919967,-0.015945791,0.696234737,-0.003253883,0.036113444,0.058050584,0.997654931,0.442841133,0.039114004,0.297075298,0.126119507,-0.606671727,-0.197707410,-0.826474927,0.025090213,-0.199042001,0.848247370,-0.105521073,-0.151273966,-0.525774569,-1.368805450,0.306602623,-0.806870304,1.489276888,0.387138772,0.775712349,-0.097018617,0.015700056,-0.325229440,1.210218636
0.377127737,-0.015292165,0.695952900,-0.003728804,0.036207888,0.059992843,0.997534934,0.444759679,0.042217664,0.295470468,0.122549472,-0.606926863,-0.199545342,-0.827969129,0.022322500,-0.197927457,0.853043390,-0.108734952,-0.147906144,-0.531639100,-1.371384956,0.312893457,-0.879503572,1.477385438,0.392733590,0.776841166,-0.093093886,0.020344122,-0.336011962,1.197208685
0.377203475,-0.014747911,0.695801312,-0.003855269,0.037027549,0.062487476,0.997351198,0.443892737,0.044262793,0.290981334,0.120164722,-0.607308018,-0.198789643,-0.830931771,0.019974719,-0.194783804,0.856703311,-0.110740205,-0.144203616,-0.535070522,-1.377400118,0.314813929,-0.943776618,1.467807463,0.397060191,0.767757021,-0.091463167,0.019733651,-0.328252172,1.203734998
0.377152019,-0.014322942,0.695895078,-0.003810649,0.037952050,0.065168708,0.997145005,0.441698031,0.046040730,0.285414548,0.118903439,-0.606917665,-0.197832537,-0.833542091,0.017930064,-0.190712717,0.858387615,-0.111330043,-0.140432274,-0.538484138,-1.383800332,0.312618317,-0.967655112,1.466475341,0.388342788,0.755072362,-0.087980032,0.017176435,-0.315427773,1.218031644
0.377248952,-0.013985286,0.695956278,-0.003434305,0.038541038,0.067476678,0.996970256,0.439538375,0.047331697,0.283242930,0.119523133,-0.606260126,-0.198086806,-0.835004518,0.014855422,-0.188494209,0.860167932,-0.112264457,-0.137725645,-0.541440728,-1.386573800,0.309614978,-0.963240326,1.467561436,0.376366554,0.750723639,-0.087098633,0.020744807,-0.317758499,1.220183543
0.377476351,-0.013672551,0.695858094,-0.002732362,0.039365113,0.068674351,0.996858443,0.436705751,0.046747097,0.282983697,0.121364795,-0.606345495,-0.197754758,-0.837722879,0.011722820,-0.187175725,0.863165840,-0.113806293,-0.136359058,-0.542927288,-1.393347841,0.307874596,-0.964951786,1.467551352,0.369789417,0.748942282,-0.089242351,0.029891987,-0.323600783,1.211274467
0.377735697,-0.013354924,0.695674549,-0.001861538,0.040476134,0.068526827,0.996826109,0.433775716,0.044046416,0.282060256,0.122961149,-0.606903458,-0.196311559,-0.841586018,0.010072718,-0.185126115,0.866277140,-0.115079442,-0.135895917,-0.542150884,-1.403863225,0.306004517,-0.979203130,1.468325437,0.366662446,0.744964794,-0.093243660,0.038456966,-0.322419145,1.201136451
0.378059269,-0.013044473,0.695455705,-0.000966836,0.041627411,0.067658084,0.996839309,0.431724437,0.040363033,0.281208342,0.123226611,-0.606982643,-0.195459109,-0.845571988,0.009756773,-0.182453574,0.869149504,-0.116123226,-0.135986716,-0.540214514,-1.413056452,0.303840233,-0.995680166,1.468511424,0.367819423,0.740127130,-0.098349841,0.043436919,-0.316027087,1.199277867
0.378437716,-0.012790835,0.695246806,-0.000028230,0.042792839,0.066965701,0.996837182,0.430008661,0.037059238,0.281541615,0.122794460,-0.606286285,-0.195959517,-0.849549819,0.009269617,-0.180428775,0.872234222,-0.117536716,-0.136419896,-0.539132216,-1.421165666,0.301756398,-1.004949814,1.468530090,0.369600026,0.735839673,-0.102435860,0.045636552,-0.309396548,1.206215672
0.378946873,-0.012547145,0.695182024,0.001108396,0.043654531,0.067161910,0.996786001,0.429175614,0.034412877,0.281186590,0.121480851,-0.603567834,-0.198120358,-0.852032119,0.005112541,-0.180072415,0.876972476,-0.121159588,-0.135866058,-0.540784966,-1.427553864,0.299769025,-1.008968621,1.468181298,0.371100250,0.737137497,-0.104842243,0.047323544,-0.312935334,1.207125985
0.379572808,-0.012379957,0.695166422,0.002051299,0.044582307,0.067449523,0.996724020,0.428632509,0.032593564,0.280356130,0.119637823,-0.600482962,-0.201766742,-0.854511449,0.001872705,-0.179319294,0.881065227,-0.124360773,-0.135160657,-0.542631631,-1.431640427,0.296896512,-1.010263193,1.467737818,0.372322523,0.738730337,-0.105284246,0.049064356,-0.317566673,1.204507503
0.380252974,-0.012381561,0.695250044,0.002724249,0.045714134,0.067293323,0.996681697,0.428017420,0.031130687,0.279516111,0.117670431,-0.596560821,-0.206630230,-0.856884126,0.001077603,-0.177512669,0.883318836,-0.126361482,-0.134826053,-0.542953981,-1.435730364,0.294576948,-1.011787344,1.467087477,0.372591214,0.738355343,-0.105182041,0.049760522,-0.319935252,1.204736502
0.381033062,-0.012521474,0.695374701,0.003357904,0.047091827,0.066658053,0.996658311,0.427353197,0.029071849,0.279475717,0.115633673,-0.591424344,-0.211759134,-0.859523676,0.002033035,-0.174841321,0.884774258,-0.127839638,-0.135026047,-0.541618280,-1.440530328,0.293535506,-1.014434369,1.465845293,0.371171123,0.737276709,-0.104918897,0.049553197,-0.322402682,1.208301412
0.382053534,-0.012779900,0.695482555,0.003949731,0.048661335,0.065995688,0.996624826,0.426716981,0.026522396,0.280166532,0.113155048,-0.585611182,-0.215714312,-0.862956825,0.003851565,-0.171383918,0.886539084,-0.129288087,-0.135429940,-0.539456566,-1.443348248,0.292601259,-1.014724416,1.463865828,0.366715590,0.737171647,-0.104614065,0.049882637,-0.326090564,1.214001325
0.383511944,-0.013253435,0.695857430,0.004348451,0.050006317,0.066505581,0.996522688,0.426518520,0.027863982,0.278256211,0.110850516,-0.576862941,-0.221003198,-0.863978814,0.003070948,-0.170562623,0.888442918,-0.132549991,-0.135063271,-0.539433623,-1.441325914,0.291182862,-1.009898340,1.461744118,0.355126582,0.739206765,-0.104450590,0.052146417,-0.327971183,1.218894990
0.385255480,-0.014038102,0.696421663,0.004596642,0.051820331,0.067422211,0.996367287,0.425529215,0.030683410,0.274949190,0.108147099,-0.566151092,-0.228361456,-0.865337830,0.003144148,-0.170415459,0.889258233,-0.135679498,-0.135436496,-0.538268799,-1.439766520,0.289654479,-1.002307145,1.459904595,0.331058861,0.738019692,-0.103134990,0.054504845,-0.324708899,1.218986165
0.387288472,-0.015152962,0.697063791,0.004755107,0.054301891,0.068642640,0.996151033,0.423253254,0.035435666,0.271909750,0.106027413,-0.553615884,-0.237428993,-0.867857737,0.004723002,-0.170240488,0.889367888,-0.138542586,-0.136621912,-0.534977972,-1.439520724,0.286348734,-0.990618531,1.458820588,0.294693078,0.730706424,-0.100248570,0.057746243,-0.315297723,1.213303981
0.389738365,-0.016434538,0.698069583,0.005455493,0.056766858,0.070871604,0.995853894,0.421734400,0.040238581,0.267559763,0.102624302,-0.534249656,-0.246496901,-0.869290309,0.003563617,-0.170201248,0.890535866,-0.143355942,-0.137200678,-0.530699179,-1.437563757,0.281162331,-0.973960229,1.457933727,0.252460617,0.719536878,-0.098655572,0.060931598,-0.301350304,1.202808533
0.392805119,-0.017920296,0.699523466,0.006811514,0.058991389,0.074147877,0.995477630,0.422425739,0.045403341,0.262144771,0.096492113,-0.504910365,-0.255231254,-0.869072196,-0.000261482,-0.170168922,0.893067497,-0.150527972,-0.137232733,-0.525006414,-1.431057838,0.274818861,-0.952695250,1.454628963,0.209181247,0.704508123,-0.101736796,0.063426213,-0.281150365,1.184267428
0.396926299,-0.019739022,0.701575377,0.008699868,0.060954680,0.078114835,0.995041161,0.422685959,0.050244968,0.257988864,0.091842453,-0.468611241,-0.266004177,-0.865916195,-0.004626891,-0.170636305,0.895094603,-0.159503065,-0.138194169,-0.515291684,-1.417136644,0.266688013,-0.928408864,1.446144287,0.164804718,0.662746721,-0.114097636,0.067774560,-0.231336523,1.132551237
0.402075162,-0.021752906,0.704315660,0.010913599,0.062774574,0.082414650,0.994559235,0.416339924,0.056365699,0.255620188,0.101901331,-0.429602322,-0.278695327,-0.859846244,-0.008785580,-0.172485197,0.894934377,-0.169226439,-0.140617057,-0.499666613,-1.398746005,0.253609408,-0.900956848,1.435456834,0.116332994,0.558540967,-0.142528247,0.079757837,-0.130093726,1.039434693
0.407955298,-0.023857358,0.707804522,0.012998597,0.064673151,0.086192034,0.994092226,0.403286272,0.064347658,0.257341732,0.127144320,-0.383811193,-0.293402198,-0.850729352,-0.010735394,-0.175101597,0.889494113,-0.177284926,-0.144294783,-0.475986863,-1.374691339,0.235125979,-0.872003336,1.423765641,0.063874314,0.376785469,-0.186404607,0.105515251,0.022688970,0.910837210
0.414504313,-0.026234204,0.712147958,0.014458379,0.066207708,0.088673338,0.993752753,0.384306551,0.075160865,0.261135994,0.168676476,-0.329245473,-0.313214443,-0.837344655,-0.008999539,-0.178198857,0.877889703,-0.183034010,-0.148778267,-0.446482026,-1.342307832,0.214541282,-0.838368580,1.412806038,0.006182545,0.159041340,-0.228173012,0.147023701,0.188669006,0.766248288
0.421775996,-0.028891465,0.717220707,0.015693533,0.066555483,0.090647907,0.993532605,0.354525835,0.088655793,0.259162360,0.237920163,-0.268482500,-0.336105189,-0.818339323,-0.008744878,-0.183172942,0.863936078,-0.189487606,-0.151968278,-0.419061674,-1.300782445,0.197990005,-0.795018209,1.405650798,-0.061016741,-0.032893713,-0.259641320,0.210891858,0.318118398,0.651675834
0.429532331,-0.031322168,0.722167230,0.017204700,0.065575643,0.092732701,0.993380330,0.310618458,0.102212816,0.247888183,0.335808781,-0.196696404,-0.350227779,-0.793865043,-0.012288247,-0.190288087,0.849284917,-0.198002098,-0.153445943,-0.396661551,-1.250163039,0.184562429,-0.732817303,1.404040329,-0.144410758,-0.171385511,-0.281380201,0.283983896,0.373015022,0.593577272
0.437698278,-0.033383974,0.725981717,0.017601155,0.063679207,0.093750943,0.993401187,0.258487316,0.119721184,0.238370002,0.447526335,-0.110926518,-0.349030158,-0.764283308,-0.010056313,-0.196063029,0.828802204,-0.204082107,-0.155191514,-0.369554911,-1.193598220,0.157548413,-0.659858449,1.409540623,-0.234649925,-0.282320992,-0.295827191,0.361839148,0.393754394,0.549037449
0.446463591,-0.035147039,0.730173126,0.016773126,0.060747854,0.094025321,0.993573148,0.201851071,0.145145598,0.235981395,0.567364971,-0.012525488,-0.329882326,-0.728193693,-0.002022681,-0.200133572,0.800620037,-0.206781509,-0.156633751,-0.336391097,-1.133646631,0.117840288,-0.587385549,1.420323495,-0.322721445,-0.381076088,-0.307630063,0.446707093,0.411676057,0.490837694
0.455721836,-0.036801603,0.735643536,0.015507490,0.057066593,0.094928553,0.993726065,0.143435593,0.174962181,0.236594475,0.686429346,0.081509559,-0.281015549,-0.686942594,0.007599601,-0.203706450,0.766617761,-0.207144046,-0.157375040,-0.302021094,-1.066460652,0.074593792,-0.523756414,1.426485811,-0.402960100,-0.471071741,-0.318953542,0.541089939,0.424954497,0.425898279
0.464775483,-0.038492915,0.741529935,0.014246869,0.053772933,0.097125181,0.993716357,0.083877525,0.201055061,0.235977972,0.788591929,0.145924832,-0.204200565,-0.645271101,0.016570444,-0.208316733,0.729205782,-0.205546505,-0.158197406,-0.270069811,-0.987517193,0.033925482,-0.473989534,1.416560894,-0.468736524,-0.561630081,-0.316438859,0.639768585,0.435824631,0.365987263
0.472497709,-0.040536891,0.746479508,0.013104739,0.052656161,0.100587532,0.993447403,0.022867129,0.219864896,0.239372541,0.859998433,0.154097559,-0.136823230,-0.614098515,0.023769063,-0.215291312,0.695284770,-0.202234140,-0.160585128,-0.246003617,-0.916931658,0.008371752,-0.441638266,1.397793695,-0.525427844,-0.671253287,-0.280189482,0.740761345,0.463425309,0.314619087
0.479351526,-0.042964483,0.750391124,0.011895130,0.052705695,0.105411614,0.992959721,-0.034615856,0.240033467,0.252239438,0.903547921,0.125231834,-0.101374843,-0.590980801,0.027626503,-0.226863142,0.665975114,-0.198116249,-0.162825226,-0.229025999,-0.852023142,0.000810603,-0.427303015,1.368170230,-0.582207013,-0.785316397,-0.224795830,0.838903907,0.496290529,0.269918481
0.486010903,-0.045523143,0.754621099,0.010698276,0.052465317,0.111273331,0.992346302,-0.086946951,0.258339487,0.272858939,0.922135087,0.086693193,-0.090956663,-0.565006695,0.029698814,-0.241897379,0.634565702,-0.193523100,-0.164171911,-0.215671912,-0.782393097,0.000545334,-0.421599131,1.324213975,-0.643474249,-0.887306220,-0.157377760,0.926246945,0.525277116,0.224723639
0.492788974,-0.048070639,0.759046365,0.008956586,0.051572857,0.117829297,0.991653305,-0.130581967,0.277566778,0.298997904,0.916175083,0.053821303,-0.095127240,-0.535572845,0.032498558,-0.257750612,0.600679815,-0.186994990,-0.163361309,-0.203692091,-0.711349612,0.000554148,-0.418613393,1.273019843,-0.709636126,-0.968938122,-0.085025133,0.999087595,0.542372149,0.178704973
0.499792518,-0.050199588,0.763472239,0.006592737,0.050381418,0.125679127,0.990768896,-0.167098262,0.295890019,0.324771869,0.889582325,0.024653005,-0.108567280,-0.505363207,0.037636065,-0.269650175,0.566303789,-0.177212410,-0.159574444,-0.192715836,-0.643018483,0.000439193,-0.421891354,1.215694902,-0.779044510,-1.021542977,-0.028713447,1.063614121,0.527551891,0.132147897
0.506503325,-0.051434255,0.767746485,0.003559396,0.049773717,0.135407004,0.989532643,-0.200935766,0.310095534,0.344159556,0.847321102,-0.014843190,-0.128222038,-0.477625536,0.047838312,-0.270415655,0.530262555,-0.162602490,-0.153876451,-0.181414200,-0.585034345,0.000376311,-0.446559824,1.152768561,-0.849788950,-1.061523845,-0.003859430,1.117542515,0.481549205,0.095276439
0.512695276,-0.051908569,0.771504830,0.000143363,0.049454354,0.145979838,0.988050673,-0.230528180,0.319904061,0.359838148,0.790373848,-0.061592397,-0.153508394,-0.451974104,0.059566303,-0.267629167,0.494692921,-0.147507505,-0.147179024,-0.169024920,-0.539659590,0.000351336,-0.485058634,1.090216531,-0.919194381,-1.098477978,0.000000000,1.164697587,0.420084985,0.067411373
0.518360409,-0.051731379,0.774520911,-0.003000099,0.049299544,0.156796808,0.986395111,-0.253306727,0.323477313,0.373497087,0.713999965,-0.094751826,-0.177908633,-0.430616729,0.068483246,-0.265498300,0.465608524,-0.135730479,-0.139286412,-0.157240690,-0.502953917,0.000330595,-0.525520092,1.026045235,-0.979114639,-1.131203727,-0.000105028,1.207590571,0.357959240,0.034086093
0.523508098,-0.050976597,0.776884048,-0.005562623,0.049205092,0.167395060,0.984645525,-0.267245467,0.321002315,0.385883378,0.620445315,-0.101628330,-0.192123500,-0.413761333,0.073477264,-0.264414201,0.444986685,-0.128566543,-0.130561168,-0.146712439,-0.473120181,0.000310666,-0.559342111,0.962405358,-1.031041278,-1.160212132,-0.000128675,1.243435211,0.303099470,-0.003871960
0.528206989,-0.049705782,0.778800697,-0.007519338,0.048672712,0.176994287,0.982978865,-0.270537260,0.314657177,0.399225128,0.517199453,-0.083633415,-0.188948649,-0.397697582,0.076884420,-0.264129865,0.428457488,-0.125187791,-0.122923677,-0.135938638,-0.454322011,0.000291898,-0.586528023,0.910355910,-1.082761829,-1.185394070,-0.000033101,1.267674833,0.257859097,-0.031117566
0.532538808,-0.047938284,0.780186320,-0.009401122,0.047625381,0.184434644,0.981645203,-0.265012751,0.308814829,0.415231065,0.417804794,-0.046673246,-0.169047895,-0.382764559,0.079845853,-0.264591649,0.416478561,-0.124826555,-0.117082639,-0.123179237,-0.443005147,0.000274513,-0.605473358,0.871008651,-1.134667497,-1.206496861,0.000000000,1.279560353,0.222412467,-0.041302439
0.536517743,-0.045847962,0.780803719,-0.012040530,0.046177413,0.189414494,0.980736877,-0.256511283,0.310417462,0.433690240,0.331845444,0.001536877,-0.157098390,-0.369714194,0.085165428,-0.265043664,0.408232161,-0.125760194,-0.111920289,-0.107561764,-0.436902821,0.000227801,-0.618390434,0.838745106,-1.177924576,-1.225672466,-0.000003946,1.280631154,0.194850597,-0.041526600
0.540075966,-0.043229734,0.781197145,-0.014252656,0.043906919,0.192634744,0.980184115,-0.240056851,0.310852546,0.455583627,0.254697991,0.052238933,-0.162184338,-0.356450837,0.089225547,-0.266006214,0.403659569,-0.129203286,-0.107670094,-0.092229467,-0.440577407,0.000124701,-0.623502061,0.813287014,-1.210391918,-1.238465682,-0.000011075,1.273130914,0.174683394,-0.043077257
0.543122068,-0.040219356,0.781411689,-0.015722895,0.041181809,0.195289835,0.979754423,-0.218999483,0.308699321,0.481752947,0.189218746,0.097048627,-0.176593396,-0.344049111,0.090734473,-0.268932250,0.402684769,-0.134945826,-0.104298351,-0.081247104,-0.457616241,0.000040045,-0.615972538,0.799948699,-1.232523242,-1.249022597,-0.000002376,1.261474077,0.159668590,-0.043486424
0.545696892,-0.037045771,0.781522614,-0.016693784,0.038310097,0.199254389,0.979056353,-0.198933206,0.304705569,0.508883861,0.139305699,0.129231372,-0.188095263,-0.334526386,0.089433158,-0.275408105,0.405882153,-0.141092713,-0.101028742,-0.078833638,-0.485928206,0.000005811,-0.594339834,0.800489286,-1.245642941,-1.260541070,-0.000000707,1.248223773,0.149001642,-0.032019650
0.548384716,-0.033535879,0.781818338,-0.016695915,0.034392748,0.208051585,0.977370413,-0.183211820,0.297244018,0.528419691,0.109830774,0.143445075,-0.187918663,-0.322465701,0.084152329,-0.287791461,0.410540462,-0.148881640,-0.096934666,-0.088670316,-0.506556458,0.000252072,-0.566809000,0.794143466,-1.260173166,-1.256483999,-0.000435721,1.229264545,0.138939718,-0.003811541
0.551521390,-0.029749905,0.782434706,-0.014983031,0.029154352,0.223994833,0.974038935,-0.172657297,0.283930323,0.531181126,0.095801232,0.147206422,-0.182112122,-0.301368404,0.074411904,-0.306011310,0.410824756,-0.162186780,-0.092933272,-0.109834995,-0.514585646,0.002006363,-0.544423960,0.761144609,-1.293514478,-1.225170322,-0.001346326,1.205733750,0.125639670,0.029583270
0.554938238,-0.026002428,0.783276125,-0.010811241,0.022704644,0.249171008,0.968132958,-0.167296402,0.262543157,0.512421644,0.090122912,0.150508608,-0.173483568,-0.272143615,0.059682866,-0.331214230,0.407096843,-0.181596595,-0.090760946,-0.141911040,-0.521374124,0.006483698,-0.535677866,0.711067932,-1.337398944,-1.156645833,-0.001642215,1.178129006,0.107415540,0.035211636
0.558382978,-0.022391149,0.784354945,-0.004408579,0.014468749,0.285207554,0.958346425,-0.165381395,0.233381761,0.476092110,0.087045051,0.161474159,-0.161287122,-0.233387264,0.043050109,-0.362446532,0.398151104,-0.204133683,-0.091034499,-0.183304743,-0.540785568,0.014701941,-0.545108981,0.663353766,-1.346422337,-1.022054398,-0.005950512,1.136980278,0.077087199,-0.035633371
0.561656747,-0.018472487,0.785894554,0.002513550,0.004426297,0.332931431,0.942937300,-0.167191699,0.200428139,0.434214295,0.085075461,0.184331754,-0.144193144,-0.179204100,0.031744586,-0.391057663,0.377344679,-0.224527327,-0.090536902,-0.228716094,-0.591092544,0.026799475,-0.581096392,0.628484119,-1.271960812,-0.797876294,-0.075691767,1.059380688,-0.003038912,-0.194015225
0.564373026,-0.013360029,0.787839261,0.008303930,-0.004124944,0.392235632,0.919818046,-0.172591498,0.158036092,0.398363984,0.072078199,0.216242693,-0.121812552,-0.105707098,0.027136394,-0.386553833,0.344723210,-0.244400297,-0.077743335,-0.269160319,-0.695662818,0.052010898,-0.651342857,0.648593194,-1.092903186,-0.584663995,-0.221506821,0.874143857,-0.203525360,-0.271463670
0.566709280,-0.007508758,0.788543677,0.012551970,-0.007258488,0.455026888,0.890359643,-0.185397138,0.106886845,0.361692547,0.049738833,0.245423637,-0.095586525,-0.015240524,0.023076283,-0.325066121,0.299702504,-0.272060102,-0.051275014,-0.301471220,-0.899602359,0.080927341,-0.728988520,0.711512731,-0.853306901,-0.347680628,-0.361533307,0.628958646,-0.381050634,-0.254721813
0.569375275,-0.001594234,0.787161063,0.014640000,-0.003125159,0.511788082,0.858981294,-0.212781166,0.059628469,0.316915163,0.034592632,0.265455766,-0.071668110,0.076148488,0.019951518,-0.227451082,0.235427498,-0.297609995,-0.028051971,-0.323248923,-1.171434305,0.101293767,-0.811786627,0.756274488,-0.611852039,-0.075846735,-0.428140677,0.396595575,-0.422390900,-0.144230059
0.573612269,0.003908530,0.785343410,0.015183365,0.008756820,0.554032191,0.832310708,-0.249516984,0.023568486,0.272373355,0.027336657,0.277450717,-0.054427442,0.128164906,0.013479683,-0.151756478,0.183833139,-0.316348232,-0.021273143,-0.334684160,-1.413864482,0.144369285,-0.909811445,0.756589142,-0.371307638,0.166591886,-0.372951217,0.165029136,-0.394389336,0.059750304
0.579806804,0.009123250,0.784856322,0.021877303,0.024135066,0.578961112,0.814704188,-0.268620576,-0.010554274,0.244760142,0.014147784,0.287102378,-0.044495565,0.140427994,-0.015097673,-0.129551598,0.182537754,-0.345828667,-0.019086878,-0.327517846,-1.604360294,0.272956107,-0.998689772,0.673945421,-0.130787374,0.408924175,-0.224583486,-0.014965643,-0.331852541,0.298659490
0.586228511,0.014513709,0.785798887,0.043529048,0.034397212,0.588595545,0.806521753,-0.237694831,-0.060612659,0.238838407,0.002954924,0.294262934,-0.045520627,0.165605377,-0.070945129,-0.143400161,0.204441404,-0.378560242,-0.012771287,-0.300325710,-1.689672700,0.499444387,-1.061227258,0.488146231,0.109561279,0.637662657,-0.122380540,-0.116932632,-0.284125175,0.539042027
0.591134943,0.018961844,0.788268120,0.064400258,0.043934683,0.589905060,0.803700423,-0.206258871,-0.107870256,0.238514278,0.000000000,0.296910608,-0.053520114,0.178304130,-0.122138232,-0.152623663,0.227488213,-0.400620865,-0.009810701,-0.261976719,-1.699702083,0.719021539,-1.093030352,0.255476106,0.349755084,0.775048637,-0.076739981,-0.184974496,-0.254640127,0.779258253
0.594141606,0.021685379,0.790878681,0.075118288,0.055537824,0.586804815,0.804321392,-0.196894441,-0.140602928,0.238246271,0.000070034,0.297158494,-0.066608009,0.166167752,-0.153423685,-0.147866440,0.241862230,-0.408425970,-0.012355761,-0.218535749,-1.699828820,0.875194253,-1.068454427,0.085830770,0.589833177,0.826577210,-0.059877055,-0.210509663,-0.259011376,0.992077243
0.595925045,0.023454355,0.793002151,0.077974171,0.067330590,0.582296263,0.806422769,-0.202974373,-0.157977553,0.237357452,0.000085801,0.293913395,-0.080497876,0.145956298,-0.171542684,-0.141878706,0.242447241,-0.406809146,-0.012816401,-0.175502713,-1.699833396,0.948802911,-0.989899928,-0.018283131,0.829839955,0.830130869,-0.071887289,-0.197906421,-0.291084020,1.124213258
0.597686092,0.025377992,0.794487616,0.077343452,0.078816219,0.578397771,0.808246258,-0.215536589,-0.165996737,0.236962211,0.000022106,0.286463063,-0.090418311,0.128480177,-0.186072225,-0.143268433,0.235984085,-0.404744106,-0.008595355,-0.137103172,-1.699996370,1.003307605,-0.877763323,-0.137086503,1.069811343,0.825107921,-0.094203697,-0.175671294,-0.315929762,1.162977657
0.599656846,0.027346730,0.795292571,0.075438383,0.089001586,0.576539089,0.808696758,-0.229399133,-0.170040742,0.235216303,0.000000090,0.279378622,-0.096474403,0.113532677,-0.195904441,-0.147006490,0.230231873,-0.404325240,-0.005493737,-0.109719890,-1.699994280,1.057780322,-0.768862982,-0.261844304,1.216437764,0.823015999,-0.107140473,-0.172695566,-0.310213281,1.160374258
0.601149740,0.029221015,0.795591781,0.073277677,0.096471349,0.576901593,0.807779805,-0.241012688,-0.172613386,0.231549873,0.000000268,0.275842595,-0.100009902,0.102580067,-0.199394832,-0.148579299,0.225581814,-0.403745483,-0.006061935,-0.093341775,-1.699972772,1.092104219,-0.701701922,-0.340788091,1.269732316,0.826904142,-0.112733230,-0.176288624,-0.293197948,1.159762512
0.601938353,0.031423892,0.795471601,0.071658333,0.101316457,0.579244471,0.805652469,-0.247455796,-0.176520190,0.228265762,0.000000539,0.272858189,-0.100591081,0.100633859,-0.200703799,-0.150419591,0.217340484,-0.402241107,-0.006689981,-0.086530340,-1.699988846,1.110140759,-0.679489680,-0.370575167,1.257802973,0.838576159,-0.111836197,-0.176932629,-0.285334224,1.154537082
0.602217232,0.033863582,0.795250583,0.070706539,0.104600930,0.582918931,0.802661044,-0.250038241,-0.182769463,0.224866458,0.000000193,0.268794867,-0.098072126,0.106959376,-0.201187035,-0.154010083,0.202947347,-0.398744003,-0.006816123,-0.086097317,-1.699999254,1.112911226,-0.679654011,-0.374300437,1.242218941,0.853651736,-0.107372485,-0.173089010,-0.291092055,1.144813832
0.602095163,0.036349315,0.795070833,0.069599801,0.107363281,0.587183234,0.799277701,-0.252927338,-0.190489493,0.218593133,0.000000000,0.265309573,-0.092948707,0.116195701,-0.200544059,-0.158717694,0.184091171,-0.393032906,-0.007048788,-0.088085383,-1.700000000,1.102500736,-0.685174016,-0.369171318,1.241455904,0.865860342,-0.104077655,-0.164049574,-0.300386639,1.132504058
0.601772354,0.038992700,0.794861635,0.067321213,0.110155672,0.591406992,0.795971955,-0.259983532,-0.193888748,0.210469082,0.000000023,0.264991637,-0.089508411,0.124588047,-0.196645474,-0.164305320,0.160169014,-0.383835192,-0.007734710,-0.088452579,-1.699999996,1.087688193,-0.687779455,-0.365558400,1.245257167,0.866570730,-0.104094965,-0.145504981,-0.298262669,1.108306600
0.601264528,0.042109231,0.794552581,0.064745558,0.113245918,0.595552502,0.792654144,-0.266795836,-0.197842400,0.202019356,0.000000107,0.263377348,-0.086909426,0.132625908,-0.193201750,-0.170577388,0.135713019,-0.374746008,-0.007797165,-0.086718763,-1.699999976,1.075369376,-0.685413454,-0.365767896,1.242757566,0.854107043,-0.107339382,-0.117550464,-0.274395928,1.071108300
0.600397596,0.045710850,0.793968092,0.062495746,0.116352269,0.600035890,0.788995160,-0.272165241,-0.203505012,0.192812708,0.000000056,0.259354153,-0.083951650,0.137646253,-0.192186195,-0.176472915,0.121039256,-0.371706203,-0.006715751,-0.083950332,-1.699999988,1.067817955,-0.676618569,-0.367362637,1.233389700,0.826177244,-0.113924772,-0.084343414,-0.223344804,1.024875305
0.598943762,0.049566711,0.792970415,0.060958764,0.118854556,0.604958228,0.784973354,-0.276314032,-0.210986751,0.183408283,0.000000000,0.256385992,-0.080120955,0.138180298,-0.194075277,-0.181619811,0.122744016,-0.377961026,-0.004555335,-0.079526496,-1.700000000,1.066284192,-0.661515380,-0.364263113,1.215655008,0.776584369,-0.126176232,-0.054999812,-0.143861190,0.982654072
0.596830748,0.053562896,0.791808212,0.059806621,0.120695781,0.609994278,0.780873022,-0.281621989,-0.219865709,0.175718907,0.000004465,0.258503237,-0.074632363,0.137170174,-0.196771474,-0.185071657,0.131826599,-0.388410536,-0.002433119,-0.072069442,-1.699998590,1.067188340,-0.642357010,-0.352792231,1.186326688,0.704137966,-0.150013367,-0.030236171,-0.044784850,0.950527256
0.594100582,0.057493794,0.790437214,0.058207358,0.121602768,0.615162035,0.776788479,-0.287218835,-0.227776623,0.170254059,0.000049542,0.262735412,-0.067105170,0.136065830,-0.197781381,-0.187901791,0.142266018,-0.399383666,-0.000302364,-0.060174788,-1.699994478,1.054122510,-0.624909625,-0.330034989,1.140200258,0.606688691,-0.181315611,0.003188621,0.048052394,0.916189220
0.590912610,0.061165251,0.788607876,0.055990509,0.121248804,0.620664299,0.772618676,-0.292558597,-0.232596954,0.165447423,0.000106438,0.264466134,-0.056251326,0.135929410,-0.198743082,-0.192597964,0.155865818,-0.412700691,0.004495726,-0.044447727,-1.699995506,1.020966692,-0.613946749,-0.290633372,1.078209586,0.490243671,-0.207400830,0.050945011,0.119923462,0.866418615
0.587222592,0.064833200,0.785991767,0.053232104,0.119130733,0.626673329,0.768280385,-0.298000887,-0.231569135,0.158784373,0.000046474,0.263134509,-0.040798791,0.138234054,-0.201302385,-0.201536263,0.174124371,-0.429752002,0.014656576,-0.025952114,-1.699999256,0.969061987,-0.616543246,-0.229496814,1.001217748,0.365497629,-0.226409042,0.115519497,0.168934559,0.773569374
0.583048722,0.069021628,0.783045568,0.050279707,0.114723312,0.633320109,0.763685899,-0.299554324,-0.228466797,0.148586258,0.000562251,0.258859692,-0.025377613,0.145757214,-0.200464394,-0.213194208,0.189324418,-0.445315169,0.025832517,-0.005070594,-1.699801104,0.906679640,-0.632889557,-0.157466689,0.902460952,0.240430242,-0.238218521,0.190125973,0.204217685,0.631778071
0.578512524,0.073717629,0.780042564,0.046732122,0.108311632,0.640669232,0.758701282,-0.300298615,-0.225776253,0.135365939,0.009531923,0.249253550,-0.014139214,0.158651745,-0.189986813,-0.224839041,0.194193297,-0.455500798,0.032256466,0.020005944,-1.699122949,0.838163177,-0.653994003,-0.087700307,0.776494896,0.112786210,-0.243628189,0.265779748,0.220002417,0.482845718
0.573487258,0.078707510,0.776497041,0.042351649,0.099880394,0.649546615,0.752541985,-0.308076748,-0.221859265,0.118401303,0.038612192,0.226597296,-0.003855352,0.172228146,-0.172187186,-0.236918531,0.201191157,-0.468570395,0.035845465,0.050275080,-1.698950946,0.749959892,-0.676059329,-0.011258322,0.629846211,-0.013706261,-0.242364325,0.328482085,0.212408125,0.374041734
0.568157245,0.084033029,0.772164311,0.037899771,0.088938266,0.660415135,0.744651221,-0.318199875,-0.215838627,0.096572272,0.080968602,0.188796168,0.010783099,0.189264662,-0.149313723,-0.248906900,0.212489942,-0.482644668,0.039449306,0.083876767,-1.700000000,0.633269372,-0.700156410,0.079340334,0.475290013,-0.125510609,-0.229314605,0.366897886,0.188175778,0.296989366
0.562981158,0.090178931,0.768151806,0.035467417,0.075747549,0.673479513,0.734458792,-0.321662476,-0.211552611,0.069488858,0.130501421,0.136344107,0.033660787,0.214228472,-0.123873440,-0.260445614,0.228608840,-0.486383868,0.043522580,0.117750277,-1.675101818,0.508435455,-0.712242955,0.160265713,0.330969600,-0.211396040,-0.213576518,0.384174386,0.144426367,0.229849512
0.558445406,0.097974903,0.766178476,0.038581350,0.061363035,0.688848141,0.721272692,-0.308482496,-0.217976275,0.040701454,0.183015553,0.083437213,0.060572237,0.246650626,-0.102835978,-0.275657478,0.262249955,-0.473953984,0.046529661,0.146662652,-1.571972144,0.412477602,-0.681220738,0.180209070,0.225668664,-0.263633307,-0.209830597,0.391175147,0.089166334,0.165839960
0.554393273,0.107437359,0.765679054,0.047602483,0.046463868,0.706551444,0.704528332,-0.276592153,-0.236321284,0.011547138,0.234471594,0.038468911,0.078410825,0.274663079,-0.088732321,-0.294470270,0.330840165,-0.449390672,0.045792230,0.166805896,-1.377392598,0.351538448,-0.614371726,0.129451779,0.167628060,-0.281460630,-0.220694674,0.387827808,0.034117425,0.104720929
0.550288600,0.117434095,0.765126359,0.059325636,0.032596787,0.726527775,0.683794787,-0.238678498,-0.260569525,-0.018602718,0.274454434,0.008263581,0.089346897,0.277501514,-0.092644570,-0.314907404,0.465123900,-0.394492626,0.046323765,0.171055259,-1.151827788,0.319770617,-0.556117053,0.053163389,0.136003354,-0.272920960,-0.239957705,0.377226424,-0.032613989,0.046755028
0.546785294,0.127156068,0.765292102,0.070030610,0.019214126,0.747322287,0.660481590,-0.198481306,-0.276299338,-0.047207821,0.300919232,-0.013577812,0.102890491,0.246053035,-0.103130886,-0.322709400,0.640672377,-0.272893985,0.052414167,0.158861764,-0.948435136,0.309096939,-0.527361385,-0.009091041,0.109340489,-0.250671834,-0.255628069,0.365682901,-0.105173702,-0.005668392
0.544829899,0.136300206,0.765403907,0.077904715,0.005654825,0.767960761,0.635716248,-0.159357110,-0.276624050,-0.072598995,0.318579281,-0.031713152,0.117189230,0.176345424,-0.100140344,-0.299117700,0.835638212,-0.084639910,0.064894386,0.129967845,-0.778405530,0.317926791,-0.524760126,-0.043249034,0.095104021,-0.220556546,-0.257959572,0.356932582,-0.156959322,-0.046850313
0.544672410,0.144283245,0.766969651,0.081843971,-0.007712283,0.787378196,0.610964534,-0.130392625,-0.262772603,-0.096714064,0.336307173,-0.048247199,0.122796860,0.063129096,-0.071210362,-0.246507340,1.056374168,0.108286147,0.072804744,0.090169224,-0.650793107,0.326209955,-0.538396617,-0.034822193,0.091216815,-0.183382835,-0.251970169,0.345650959,-0.172795544,-0.067374959
0.545949419,0.150903612,0.770735758,0.082401386,-0.021846850,0.804192957,0.588223100,-0.103771691,-0.233694278,-0.122726956,0.344224749,-0.059522730,0.116425021,-0.085116885,-0.025602480,-0.202012748,1.300808537,0.261389093,0.073999205,0.046992203,-0.570481133,0.306769715,-0.562556528,0.038778950,0.095159030,-0.143047587,-0.245906179,0.328720023,-0.157260311,-0.064303804
0.547374516,0.156283336,0.776633671,0.080650831,-0.036564227,0.817357308,0.569285106,-0.068550184,-0.198029249,-0.152384877,0.326526611,-0.058414616,0.103458268,-0.256925945,-0.002118319,-0.204391421,1.537765947,0.387571783,0.089795864,0.002562107,-0.519503642,0.251902392,-0.582993392,0.169488541,0.103462549,-0.107508085,-0.248823765,0.311220130,-0.116046320,-0.049267426
0.548365573,0.160815425,0.782963969,0.076819961,-0.049141000,0.827274185,0.554347615,-0.035678097,-0.166917721,-0.180154385,0.296056820,-0.047449139,0.088291214,-0.444455825,-0.010783382,-0.229421826,1.739847465,0.490370000,0.112902148,-0.041103615,-0.466730673,0.191907899,-0.587900649,0.285541392,0.107704471,-0.080747303,-0.258269915,0.298554082,-0.063069107,-0.036533824
0.549642295,0.164251186,0.788655037,0.070555172,-0.058277036,0.834268039,0.543711867,-0.017329456,-0.140771963,-0.199848924,0.264548601,-0.026632148,0.072158953,-0.645152083,-0.032310009,-0.247204408,1.894047974,0.543827939,0.112660773,-0.081949672,-0.428190884,0.142876564,-0.584152556,0.378091280,0.112986680,-0.070274648,-0.275464576,0.298940008,-0.007183616,-0.024060063
0.551459938,0.166435251,0.794146816,0.062037711,-0.065169202,0.839267653,0.536222065,-0.010673169,-0.114043734,-0.210089802,0.232271494,0.001997237,0.057766495,-0.856518397,-0.060217015,-0.246387095,1.998292593,0.558169743,0.087911015,-0.121148810,-0.415496948,0.110322119,-0.586567747,0.466646574,0.133221149,-0.082963373,-0.295783806,0.317515919,0.051218178,-0.008515270
0.553226491,0.167653027,0.799307334,0.051527602,-0.071291593,0.843272196,0.530239963,-0.011130064,-0.085288928,-0.207328874,0.199271197,0.032007489,0.049479210,-1.075430557,-0.096976057,-0.225277905,2.058087640,0.566422586,0.071034305,-0.157969439,-0.417850144,0.089403434,-0.604558233,0.550466559,0.171610302,-0.118308039,-0.314615536,0.348495496,0.112060305,0.005233875
0.554639942,0.168665336,0.802977179,0.039522712,-0.077022576,0.846778467,0.524853986,-0.019985850,-0.055996656,-0.176347307,0.174404339,0.048669359,0.050923666,-1.294498194,-0.140164909,-0.177753682,2.059634991,0.569244559,0.078770770,-0.188861913,-0.409858557,0.081191702,-0.638990664,0.585922514,0.214993442,-0.164549591,-0.328523290,0.382870591,0.165941703,0.007706672
0.556003392,0.170136747,0.804774289,0.027876696,-0.083186661,0.849870458,0.519637445,-0.036721170,-0.028951275,-0.110662515,0.170076672,0.042029842,0.063046290,-1.499971586,-0.186687409,-0.110385772,2.003722735,0.552330336,0.091990907,-0.214117085,-0.398921529,0.088739716,-0.677118335,0.577639754,0.245782448,-0.201941379,-0.339661666,0.415418334,0.203380646,-0.002502946
0.557308144,0.172351042,0.804453560,0.018002560,-0.090275818,0.852564114,0.514451763,-0.064537108,-0.006019731,-0.016681853,0.202696987,0.006605144,0.088818788,-1.683470711,-0.236858386,-0.032190505,1.892311467,0.519367061,0.096078169,-0.233295999,-0.399760072,0.101003135,-0.717608702,0.562863207,0.266929870,-0.230556338,-0.349700311,0.441737033,0.214126827,-0.010299283
0.558772260,0.175855900,0.801697527,0.010514623,-0.098074696,0.854074663,0.510712509,-0.104044415,0.016635089,0.082344543,0.276176437,-0.054297412,0.123887153,-1.841221069,-0.276710461,0.047200662,1.730054710,0.484939425,0.088514453,-0.242882747,-0.411824867,0.107270011,-0.757461617,0.557889068,0.286083426,-0.263242734,-0.355667280,0.464543958,0.196709087,-0.014837447
0.560842460,0.180948991,0.797425417,0.005422178,-0.106187067,0.853246115,0.510554575,-0.143754033,0.043818600,0.159477368,0.367584263,-0.123619716,0.153801929,-1.970311167,-0.291812111,0.123454428,1.521626051,0.459997016,0.070413948,-0.236895852,-0.425876986,0.107031297,-0.788607718,0.563012596,0.309048297,-0.298975402,-0.351488981,0.489798641,0.165985431,-0.020579082
0.563342238,0.187492183,0.795124984,0.003615951,-0.114026502,0.850721414,0.513086696,-0.160162585,0.071782991,0.193989158,0.431201822,-0.173858005,0.162692681,-2.050395008,-0.283897562,0.204284434,1.250124135,0.443452789,0.041813635,-0.220667462,-0.442723050,0.090971600,-0.796201212,0.582165374,0.325286915,-0.329438712,-0.329565138,0.514586896,0.133250069,-0.012244826
0.565620593,0.196351622,0.795399353,0.004805144,-0.122855283,0.848903336,0.514049235,-0.149837025,0.099784325,0.200767307,0.461945265,-0.204870803,0.156158186,-2.076772846,-0.289307933,0.297040873,0.905863717,0.437907536,0.013499303,-0.208539906,-0.456287473,0.068382584,-0.785951367,0.601966658,0.325275744,-0.337993327,-0.293342508,0.538637180,0.090615202,0.018690652
0.567645017,0.208317476,0.798964205,0.007083470,-0.133741835,0.848414065,0.512109872,-0.114501653,0.132748315,0.200241543,0.456917485,-0.217179442,0.139094576,-2.071108478,-0.325033474,0.402194187,0.506396179,0.461410460,-0.007230902,-0.203601305,-0.453582630,0.063264965,-0.771532278,0.599286193,0.315888776,-0.321324733,-0.255312436,0.561521868,0.039871908,0.055347980
0.569640580,0.220645217,0.804987792,0.008380849,-0.144461040,0.848389321,0.509211478,-0.067869812,0.167566101,0.207647098,0.419560753,-0.210011112,0.118236067,-2.086934732,-0.367658995,0.509060497,0.155159875,0.525180150,-0.017731241,-0.199423640,-0.435836162,0.078938769,-0.763185997,0.578726497,0.303918203,-0.293101559,-0.225951212,0.574476942,-0.008826881,0.075503959
0.571515253,0.229704803,0.809165395,0.008908047,-0.150605545,0.848650787,0.506981714,-0.037940927,0.193149097,0.225386646,0.386926287,-0.199079124,0.101996605,-2.157349743,-0.383422499,0.580403700,0.000000000,0.544945023,-0.013660152,-0.193621191,-0.428779143,0.090295579,-0.760487254,0.577977859,0.291180207,-0.269070099,-0.211717610,0.577697247,-0.061319733,0.084352445
0.572316533,0.236367903,0.809016848,0.011645888,-0.150392178,0.850873593,0.503250132,-0.031448181,0.198174470,0.238770777,0.391992081,-0.206815901,0.094644470,-2.246378782,-0.381836252,0.583747720,0.000636578,0.530803938,-0.007559301,-0.194015556,-0.441685082,0.085345893,-0.753274019,0.598777539,0.271662059,-0.248710250,-0.217898922,0.578603721,-0.108103139,0.115806617
0.572481046,0.242958615,0.807388962,0.016295928,-0.148634290,0.853584001,0.499035714,-0.027964770,0.194745659,0.239464560,0.412414064,-0.224244700,0.089900995,-2.302922503,-0.383700310,0.560738481,0.002762242,0.565967078,-0.012774147,-0.199132359,-0.461801214,0.079015287,-0.746576572,0.614145422,0.252952027,-0.228238537,-0.231363035,0.590655636,-0.145645312,0.143307978
0.572903643,0.248452372,0.806516501,0.019919979,-0.147506728,0.854425762,0.497796722,-0.020454602,0.191834367,0.236656263,0.423175412,-0.235728906,0.085250459,-2.323900183,-0.381121968,0.557873972,0.001308720,0.618858263,-0.025099429,-0.199918496,-0.489387723,0.073792664,-0.748179597,0.629594062,0.250800470,-0.218200226,-0.240585324,0.608923960,-0.176736661,0.141247341
0.573768700,0.251796070,0.807050531,0.020394940,-0.146973759,0.853461880,0.499585409,-0.011297775,0.192655852,0.236500978,0.414436460,-0.234153855,0.080900228,-2.319757207,-0.376412243,0.581739253,0.000594739,0.624005184,-0.034996157,-0.196510687,-0.527868377,0.063526580,-0.757131400,0.658942192,0.264402099,-0.218988490,-0.235076588,0.613171054,-0.192293513,0.141952057
0.574538403,0.253589879,0.808308058,0.018647255,-0.146324918,0.851971435,0.502380306,-0.004397583,0.195103347,0.237696690,0.397018810,-0.226069787,0.077462663,-2.291291466,-0.375888537,0.606326330,0.000815929,0.559432961,-0.041782780,-0.195016306,-0.575695833,0.045240924,-0.768336568,0.705631298,0.276298722,-0.217834236,-0.216301592,0.597675000,-0.195799238,0.167422302
0.574640847,0.254789884,0.808772845,0.016543947,-0.143733178,0.850997731,0.504846445,-0.003776348,0.192581985,0.234070992,0.387624401,-0.222747479,0.075832117,-2.234419729,-0.383161907,0.598376536,0.000000000,0.458076667,-0.059291111,-0.203805265,-0.635515728,0.026589522,-0.772191418,0.769608474,0.267818515,-0.203056943,-0.204287662,0.582062428,-0.205549909,0.199889544
0.574494485,0.254839426,0.807861539,0.014510813,-0.138167496,0.850375639,0.507504140,-0.012482746,0.181701875,0.224800334,0.390311820,-0.225595383,0.077360545,-2.158523215,-0.394021031,0.559499911,0.011574508,0.406155843,-0.078533827,-0.220025144,-0.709627465,0.012464759,-0.775330026,0.853500129,0.249556613,-0.196294770,-0.204137183,0.557651577,-0.199596965,0.244466273
0.574325263,0.252884551,0.805642824,0.012547933,-0.129836278,0.849324162,0.511501279,-0.030755269,0.162788883,0.214547062,0.402597575,-0.231694532,0.083396135,-2.082735471,-0.395420448,0.503572253,0.095878240,0.444705814,-0.080371738,-0.238272405,-0.795191644,0.004763981,-0.787193032,0.954267440,0.237088921,-0.206046017,-0.215207033,0.517389089,-0.176615050,0.311739519
0.573938416,0.249177125,0.802931444,0.011268820,-0.120020894,0.847057232,0.517650504,-0.051020141,0.138980537,0.210227161,0.414196707,-0.235373170,0.092417704,-2.041971957,-0.367578784,0.447812486,0.291456664,0.508281877,-0.066989512,-0.253134294,-0.883109450,0.011019313,-0.809339609,1.046126547,0.231179717,-0.206479848,-0.239279758,0.460514373,-0.147715438,0.387732828
0.573687943,0.244999908,0.800760051,0.009949222,-0.109293465,0.843555225,0.525709553,-0.068804532,0.114173609,0.212612133,0.414706300,-0.231777446,0.100573621,-2.035948625,-0.314107614,0.398824835,0.557203902,0.520167776,-0.060121825,-0.264736712,-0.970304278,0.017017581,-0.846075771,1.096502439,0.222332016,-0.186307196,-0.255421137,0.409270046,-0.109083305,0.457247806
0.574333635,0.242007709,0.799926088,0.007385198,-0.098660172,0.839309609,0.534575541,-0.081486276,0.093753501,0.215794216,0.399513170,-0.219690480,0.104315099,-2.028076871,-0.257906987,0.349732947,0.827936710,0.492143323,-0.065501934,-0.280300797,-1.039548136,0.032208711,-0.887027115,1.126682975,0.206912015,-0.173856633,-0.249382361,0.367507093,-0.066469609,0.527444932
0.575506450,0.240641874,0.800663770,0.004710960,-0.089804411,0.834737510,0.543255248,-0.083825853,0.078446545,0.217046578,0.369023422,-0.198967005,0.103335872,-1.996127480,-0.207987537,0.299812432,1.066285595,0.470010040,-0.068112437,-0.302033930,-1.093873310,0.046235421,-0.915486940,1.167674180,0.192342248,-0.161330903,-0.230588070,0.335951449,-0.010430725,0.585608601
0.576902453,0.241669038,0.803062597,0.003527045,-0.083423340,0.830076724,0.551362621,-0.070771250,0.067855707,0.217316724,0.324734374,-0.167972458,0.096703962,-1.934255239,-0.161529233,0.251103779,1.263340213,0.461924986,-0.065666446,-0.329609431,-1.135802079,0.055894837,-0.935689671,1.217577093,0.191849415,-0.116479678,-0.203804993,0.316445602,0.039024076,0.623468399
0.578428638,0.245742377,0.806687185,0.004799550,-0.079020729,0.825265467,0.559168667,-0.042567443,0.059918735,0.218174996,0.272344998,-0.128620021,0.085055777,-1.849095867,-0.115993133,0.200826769,1.421447265,0.460498015,-0.062693890,-0.361087416,-1.164378115,0.069106102,-0.963461517,1.262495597,0.213554825,-0.015311930,-0.177805774,0.308301051,0.045855173,0.651508186
0.579971896,0.252119173,0.810344051,0.007963873,-0.075025420,0.819806635,0.567648522,-0.005502216,0.051153046,0.221668062,0.217014223,-0.087904404,0.071926016,-1.753506261,-0.070119069,0.148630472,1.542397271,0.461322164,-0.061786517,-0.392601618,-1.182961972,0.088066769,-0.994395862,1.296935149,0.250010336,0.109894624,-0.163860729,0.308698224,0.012695949,0.688460374
0.581706145,0.259362952,0.812697166,0.012184181,-0.070405748,0.813334210,0.577392448,0.034510836,0.039062368,0.228389065,0.161919812,-0.052056715,0.060970509,-1.654917210,-0.025967046,0.099091183,1.616509332,0.469740142,-0.063367601,-0.423196340,-1.193290979,0.113138356,-1.005683630,1.325289913,0.274426496,0.206079175,-0.150840652,0.313214303,-0.025984957,0.731688606
0.583620826,0.266729432,0.813585420,0.016773963,-0.065548174,0.805633362,0.588537983,0.073868039,0.024766937,0.237806392,0.109390145,-0.023473539,0.052917051,-1.554362035,0.017363828,0.056910694,1.646819993,0.486196734,-0.063746548,-0.451195123,-1.197267020,0.143620554,-0.994352071,1.351038645,0.278775063,0.265256566,-0.129972646,0.304458820,-0.056940122,0.781656018
0.585174037,0.274201896,0.813490043,0.020981227,-0.060786819,0.796860447,0.600731369,0.107700937,0.010341475,0.250566347,0.068014802,-0.005519223,0.047652255,-1.455872530,0.061581963,0.026886212,1.638854591,0.505823056,-0.058585241,-0.474049927,-1.198592311,0.180815755,-0.972857274,1.369994563,0.272994534,0.305985216,-0.121927626,0.269237672,-0.085826685,0.869646198
0.586066096,0.281611951,0.812900399,0.023871185,-0.056016767,0.788293379,0.612279215,0.128865367,-0.001824182,0.262906037,0.047922811,-0.000697146,0.044282019,-1.363028176,0.098888962,0.012266661,1.599317661,0.521600926,-0.049582847,-0.494353751,-1.201117637,0.219208610,-0.959569260,1.380385568,0.268315275,0.326525146,-0.130188476,0.218985295,-0.105518425,1.003691261
0.586743471,0.289356492,0.811828109,0.025327360,-0.051391328,0.780890234,0.622035287,0.139669830,-0.010252538,0.272673709,0.045043774,-0.006983025,0.041014274,-1.275761144,0.124901358,0.012312079,1.532907939,0.533327481,-0.038050207,-0.512540227,-1.206661856,0.254540229,-0.964698327,1.383811228,0.271435919,0.359705020,-0.135380247,0.170520852,-0.121956930,1.135634887
0.587637013,0.297737854,0.810631868,0.025974488,-0.047332333,0.775585516,0.628929315,0.147994380,-0.015347744,0.279680377,0.046808867,-0.017683513,0.035208475,-1.191239024,0.137071385,0.025967180,1.440891100,0.546548307,-0.025057992,-0.529366570,-1.212261211,0.283328323,-0.980087195,1.382260506,0.283716925,0.414382576,-0.123796185,0.130913604,-0.124118217,1.215541004
0.588693299,0.306332207,0.809435892,0.026256955,-0.043771793,0.772258841,0.633254202,0.157240901,-0.018241737,0.284411460,0.046584077,-0.028097353,0.026883299,-1.109335198,0.143406981,0.050994867,1.336054956,0.557589160,-0.018783418,-0.545346012,-1.216760042,0.306159622,-0.990342915,1.380371250,0.295623054,0.456577009,-0.104193450,0.100316851,-0.111589648,1.261125714
0.589931969,0.315131449,0.808239229,0.026367726,-0.040788373,0.771043073,0.634928052,0.167571828,-0.018806045,0.285623158,0.044725248,-0.037984406,0.016492945,-1.027056550,0.143749470,0.084754075,1.219766357,0.563500053,-0.023965341,-0.561662269,-1.219668720,0.324596536,-0.990358651,1.378053851,0.305559365,0.485131039,-0.088381748,0.078115913,-0.103642813,1.298607944
0.591275714,0.324194765,0.807076113,0.026437641,-0.037778992,0.772108395,0.633815766,0.174064955,-0.018772717,0.281631982,0.046946327,-0.048084238,0.006714454,-0.941593119,0.134056236,0.122849925,1.087048161,0.568403663,-0.037769989,-0.578030289,-1.221697488,0.338572748,-0.981824203,1.374465454,0.315124681,0.510473280,-0.081439236,0.059872857,-0.112948219,1.360164355
0.592620010,0.333656497,0.805988383,0.026927588,-0.034790966,0.775629662,0.629653175,0.179232127,-0.018028927,0.272337648,0.052339384,-0.058805277,-0.001725924,-0.851104219,0.110173713,0.157561107,0.936677133,0.575779487,-0.054382198,-0.593801552,-1.222263246,0.346060983,-0.965795550,1.370154176,0.321147167,0.527164407,-0.078660374,0.042559829,-0.121660704,1.441957584
0.593958743,0.344033584,0.804668642,0.028647836,-0.032646449,0.782594778,0.621014431,0.189834781,-0.014700883,0.257660993,0.054563612,-0.069679073,-0.011673325,-0.751274294,0.066774799,0.176113235,0.766549508,0.585129614,-0.070119971,-0.609933309,-1.217420002,0.340044237,-0.938319191,1.366813984,0.311809783,0.543338116,-0.074994933,0.028741118,-0.103577629,1.432435102
0.595247489,0.355232782,0.802822195,0.031398866,-0.030799576,0.793025319,0.607598832,0.204325545,-0.009116680,0.238312002,0.053622443,-0.082632434,-0.024193033,-0.638295828,0.009807039,0.177985192,0.578167774,0.599026366,-0.086191672,-0.625244739,-1.209508110,0.318731705,-0.900385356,1.364929349,0.279469280,0.565992233,-0.070451144,0.013011253,-0.072129348,1.329579760
0.596591690,0.366792318,0.800297498,0.034265603,-0.028721194,0.806436898,0.589627418,0.216942756,-0.000452484,0.215418766,0.054213220,-0.101447066,-0.039626531,-0.511101071,-0.050910538,0.164965894,0.377559231,0.619833541,-0.098076430,-0.633184881,-1.202247013,0.278560487,-0.855348767,1.364047583,0.222016296,0.589893065,-0.056719776,-0.001346306,-0.052903545,1.133391522
0.597715886,0.378510144,0.797129525,0.036802729,-0.026467742,0.821711547,0.568097836,0.222320262,0.012030247,0.189614906,0.065976487,-0.130757932,-0.058000483,-0.381463437,-0.104208103,0.131265393,0.198534829,0.624663834,-0.089037644,-0.624743174,-1.196052702,0.212504917,-0.808539016,1.360624675,0.143499908,0.626400995,-0.045248465,-0.001736859,-0.097582887,0.894657762
0.598159111,0.390272063,0.793209188,0.039374174,-0.023975298,0.837597509,0.544339300,0.220820991,0.025841961,0.161882461,0.091331406,-0.171519843,-0.078909376,-0.272924446,-0.144016417,0.061936092,0.091557574,0.554706081,-0.050666251,-0.593810059,-1.187328809,0.122814865,-0.771497200,1.330786274,0.053606243,0.665074236,-0.052704058,0.018711526,-0.229021825,0.654651389
0.598672709,0.400884504,0.789097640,0.040972960,-0.020576728,0.851839803,0.521791879,0.211796401,0.038345558,0.136392903,0.122765013,-0.214948720,-0.095743988,-0.186445901,-0.164830506,-0.041166368,0.028695790,0.422147155,0.027833778,-0.532979926,-1.162536734,0.043549650,-0.764167469,1.204456222,-0.023274664,0.611175755,-0.073029729,0.044721343,-0.332849128,0.414645438
0.599808179,0.408804701,0.785684753,0.041076935,-0.016530448,0.862667751,0.503829118,0.200288930,0.046803598,0.111167561,0.145674553,-0.243594884,-0.100827807,-0.141245886,-0.175025951,-0.129795403,0.007601967,0.317549725,0.114416315,-0.442845865,-1.100650984,0.006259478,-0.782351431,0.995765118,-0.055711370,0.463939352,-0.095033979,0.043592475,-0.343348019,0.174639832
0.601245408,0.414128851,0.783269967,0.039893204,-0.013001276,0.868868725,0.493261227,0.189749169,0.051041501,0.082519698,0.161868847,-0.262054023,-0.092291394,-0.127133891,-0.179461754,-0.173966702,0.007733842,0.253404865,0.152650128,-0.325157985,-0.974712026,0.019707908,-0.809821145,0.755679313,-0.028611088,0.243687423,-0.133451326,0.028592382,-0.260518217,-0.065365448
0.603062874,0.418334952,0.781781369,0.038313792,-0.010808895,0.869877937,0.491658007,0.188281035,0.051182266,0.045057480,0.164601087,-0.272245409,-0.079330611,-0.125816038,-0.176773189,-0.171083090,0.006949932,0.225147815,0.146168700,-0.197021615,-0.768835462,0.108089035,-0.825851708,0.515598493,-0.011764877,0.003753545,-0.204785857,0.033120265,-0.084359459,-0.305370422
0.605057306,0.422208133,0.781351083,0.036836673,-0.008971959,0.865314518,0.499793306,0.201407243,0.044877038,0.005962911,0.139834680,-0.267444776,-0.067908149,-0.132770507,-0.169006552,-0.134232486,0.002392322,0.222356398,0.126877969,-0.074059439,-0.530783039,0.259946279,-0.785585671,0.275522396,-0.078434072,-0.236184180,-0.303121996,0.071726073,0.149499787,-0.507721069
0.605804099,0.425711686,0.781019056,0.033830717,-0.006268453,0.854297353,0.518644600,0.220814031,0.030825117,-0.013679703,0.098355983,-0.253832818,-0.056523154,-0.152786081,-0.158269259,-0.093437062,0.000000000,0.231692202,0.112089651,0.039711243,-0.290841210,0.349302906,-0.644717491,0.067613233,-0.251769695,-0.476126022,-0.401335267,0.183638761,0.389562178,-0.609207337
0.605018077,0.428883423,0.780383884,0.028087523,-0.003685823,0.840028854,0.541801652,0.231945834,0.017303039,-0.014831644,0.069026574,-0.247779554,-0.047388035,-0.182858704,-0.143074624,-0.067704667,0.004459176,0.240473253,0.103148274,0.136122254,-0.050896007,0.345332666,-0.450964719,-0.046958475,-0.491771775,-0.716071236,-0.460047625,0.376762766,0.629620950,-0.626182640
0.603499448,0.431185496,0.780228000,0.020318968,-0.002451096,0.827384670,0.561262630,0.229916222,0.011034438,-0.008070261,0.063249355,-0.254068015,-0.041885890,-0.219139480,-0.125423941,-0.054651680,0.028677339,0.239686715,0.102806454,0.203934111,0.189052376,0.248035192,-0.279199582,-0.068192963,-0.731773733,-0.956019630,-0.469945949,0.580475138,0.869676311,-0.615466420
0.602390967,0.433364262,0.780430959,0.011968922,-0.002301363,0.821196285,0.570515652,0.219676989,0.016350210,-0.003326053,0.068828509,-0.264359679,-0.040802266,-0.253139643,-0.110023055,-0.050175371,0.065916781,0.226968793,0.107011882,0.238264990,0.429003760,0.143215773,-0.160111563,-0.045441835,-0.971775577,-1.167990857,-0.457886986,0.709777255,1.109728458,-0.589228696
0.601812685,0.436443903,0.780867662,0.004622207,-0.003154797,0.823432896,0.567386066,0.209051237,0.031137989,-0.008394474,0.074052492,-0.271895428,-0.040167923,-0.270879341,-0.098324651,-0.054533488,0.093636171,0.210135326,0.108266660,0.243398479,0.648784401,0.102705069,-0.100550423,-0.087363041,-1.211777319,-1.299308069,-0.454187132,0.748056805,1.307672154,-0.535915850
0.601569478,0.439360445,0.781808839,-0.000539082,-0.004936256,0.832501421,0.554000655,0.199459516,0.050262865,-0.026644959,0.075541346,-0.272090240,-0.040792247,-0.265254818,-0.095100958,-0.066804192,0.096760640,0.199857572,0.112914936,0.229975452,0.778818508,0.085164079,-0.077857114,-0.186471371,-1.442193422,-1.330149785,-0.475523326,0.758023657,1.403858273,-0.507525645
0.601902630,0.441598714,0.782836733,-0.003928238,-0.006869172,0.842682912,0.538352016,0.192108371,0.069565398,-0.049232447,0.073672807,-0.268204708,-0.045916441,-0.253684440,-0.096347330,-0.080807421,0.093381645,0.194707137,0.122770010,0.213155239,0.832566528,0.089183664,-0.065153754,-0.266647175,-1.598015459,-1.323390007,-0.500281963,0.763613838,1.417183650,-0.505998657
0.602659523,0.443180547,0.783560700,-0.005962091,-0.008843741,0.850612826,0.525684375,0.188988362,0.087829048,-0.066297525,0.069296166,-0.263651152,-0.054687056,-0.245183988,-0.095799071,-0.092364553,0.093683169,0.190474439,0.130880615,0.201115977,0.837099647,0.106068592,-0.066512030,-0.307372198,-1.660504073,-1.313851365,-0.513488872,0.749572299,1.400071774,-0.511550620
0.603491803,0.444036974,0.783928151,-0.006612524,-0.010029099,0.855073009,0.518368441,0.188022614,0.099353678,-0.074915644,0.066225406,-0.260476364,-0.062040485,-0.241382337,-0.094947022,-0.100111467,0.097032303,0.186546047,0.133939635,0.197315050,0.813725387,0.119809999,-0.073493996,-0.307258544,-1.653906552,-1.306231859,-0.520119377,0.721448035,1.392613438,-0.515237851
0.604026238,0.444324381,0.783923442,-0.005913344,-0.009718763,0.856445658,0.516111821,0.188187393,0.098362715,-0.077212835,0.065267947,-0.258755289,-0.063092231,-0.242110911,-0.097328512,-0.104699520,0.102695877,0.183187654,0.132831201,0.202115258,0.785166707,0.125079949,-0.078396325,-0.283804136,-1.624694603,-1.304416526,-0.524518921,0.699267435,1.390870217,-0.517436522
0.604251329,0.444386787,0.783718325,-0.005036762,-0.008798217,0.856032238,0.516823016,0.188861457,0.093750525,-0.075305117,0.065522550,-0.258666532,-0.062164827,-0.245658131,-0.100287177,-0.108557661,0.109301089,0.180332895,0.129728005,0.211088356,0.775362009,0.122137298,-0.079825108,-0.267487913,-1.601088169,-1.310878208,-0.522073694,0.683428709,1.388486474,-0.516805590
0.604375455,0.444307796,0.783559447,-0.004764748,-0.008059415,0.855432113,0.517830322,0.188716032,0.091022931,-0.073344267,0.065915950,-0.258988424,-0.062026968,-0.249225900,-0.101987272,-0.111641261,0.113628357,0.178503624,0.126897865,0.219952367,0.776510901,0.118048173,-0.080158271,-0.265291305,-1.589897966,-1.317708813,-0.516258586,0.666780663,1.387183984,-0.511823576
0.604320045,0.444115532,0.783520362,-0.004952093,-0.007627212,0.855418341,0.517857862,0.187668901,0.090531340,-0.073825520,0.065998794,-0.258924320,-0.062106330,-0.250689701,-0.102663384,-0.112068528,0.113978002,0.178319840,0.126041709,0.226113361,0.778629296,0.112145657,-0.077535105,-0.268085145,-1.583498952,-1.321295328,-0.512746048,0.651439746,1.387756655,-0.508939401
0.604120076,0.443960470,0.783627277,-0.005404589,-0.007559301,0.856318443,0.516364572,0.186157025,0.091900609,-0.076470639,0.065571855,-0.258209985,-0.062469046,-0.249905991,-0.102853895,-0.110250122,0.111829812,0.179241971,0.127681050,0.228329497,0.776730149,0.106775048,-0.072276326,-0.267056515,-1.575442371,-1.322288474,-0.513881811,0.643823642,1.389132064,-0.512200198
0.603827446,0.443923220,0.783805511,-0.005956556,-0.007623497,0.857995312,0.513566399,0.184331869,0.094107508,-0.079958392,0.064808409,-0.257009909,-0.063392608,-0.248268059,-0.103372667,-0.107883366,0.109916272,0.179919723,0.130989939,0.226894989,0.774030523,0.105315337,-0.067342092,-0.264135760,-1.568126701,-1.321824999,-0.518132923,0.645167117,1.390441910,-0.517912192
0.603436813,0.444061607,0.783986251,-0.006390163,-0.007689349,0.859937653,0.510301159,0.182706895,0.096232118,-0.083392637,0.063865960,-0.255585358,-0.064594923,-0.246109403,-0.104565256,-0.108220115,0.108931073,0.179570086,0.134191313,0.223753231,0.774432612,0.107796130,-0.065137183,-0.262118985,-1.558774629,-1.320433246,-0.523242795,0.647448419,1.390575649,-0.519506368
0.602976251,0.444316996,0.784137086,-0.006638126,-0.007808690,0.861642223,0.507412691,0.181762248,0.097883675,-0.086450040,0.062871351,-0.254303169,-0.065404548,-0.243556512,-0.105961130,-0.112677973,0.108198994,0.178716842,0.135898087,0.221266414,0.777145057,0.112169582,-0.065099451,-0.264270486,-1.547047638,-1.318712842,-0.528289839,0.647256945,1.389723020,-0.517648353
0.602456853,0.444592801,0.784226341,-0.006762045,-0.008021306,0.863123365,0.504884135,0.181808417,0.099301704,-0.088671769,0.061569508,-0.253290398,-0.065765219,-0.241064324,-0.107277426,-0.119825860,0.108160705,0.177490830,0.136175972,0.219490037,0.777068782,0.117035765,-0.068095892,-0.271127658,-1.537008639,-1.317409847,-0.533925650,0.650460991,1.388168954,-0.515421957
0.601917323,0.444750837,0.784267337,-0.006859165,-0.008269927,0.864427023,0.502643494,0.182817859,0.100423650,-0.090178352,0.059673163,-0.252515511,-0.065725603,-0.239713156,-0.108421233,-0.126614309,0.110006850,0.175664712,0.135874401,0.218280599,0.768923093,0.121294510,-0.074487361,-0.280301886,-1.530452246,-1.317280980,-0.539932855,0.657803137,1.386837115,-0.514480960
0.601395329,0.444842931,0.784306495,-0.006934177,-0.008489351,0.865357360,0.501035415,0.183661324,0.100836417,-0.091297567,0.058342116,-0.252031890,-0.065365829,-0.239571069,-0.109444756,-0.130015243,0.113325748,0.173397161,0.136089540,0.218120576,0.754807457,0.123351261,-0.077177783,-0.281841027,-1.527598412,-1.318227392,-0.544423603,0.662728369,1.386144910,-0.511563413
0.600809918,0.445014956,0.784356910,-0.007022830,-0.008610223,0.865665036,0.500500339,0.183462772,0.099984256,-0.092272073,0.059156286,-0.252659097,-0.064224217,-0.239932174,-0.110100526,-0.129292026,0.116189324,0.171413962,0.137167270,0.218826407,0.745332365,0.122488294,-0.071789624,-0.277644124,-1.529606474,-1.320256171,-0.546359779,0.664164569,1.386171860,-0.509443118
0.600006180,0.445215187,0.784323717,-0.007293567,-0.008548511,0.865335434,0.501067174,0.182379988,0.098183258,-0.092387145,0.062103957,-0.254942797,-0.062199140,-0.241477989,-0.109922438,-0.126683255,0.118724510,0.169876010,0.137674729,0.219781654,0.748193454,0.115818400,-0.062738270,-0.279845438,-1.529836816,-1.323792676,-0.546319718,0.667077188,1.386557108,-0.510266625
0.599075577,0.445497466,0.784159277,-0.007586752,-0.008719599,0.864400024,0.502671869,0.183298596,0.097282920,-0.090595170,0.064047889,-0.257926062,-0.060589099,-0.243885073,-0.108195176,-0.123712922,0.122124571,0.168311922,0.136695534,0.221165119,0.763588594,0.108263360,-0.051518077,-0.290357674,-1.520746025,-1.326602036,-0.545333335,0.671139351,1.386498950,-0.509941538
0.598087797,0.445533190,0.783883031,-0.007170338,-0.008690841,0.863135954,0.504845898,0.187050566,0.095200227,-0.088109318,0.062660234,-0.259084045,-0.059269830,-0.244102409,-0.109226403,-0.121566056,0.123417295,0.167283147,0.136660199,0.222954814,0.780020431,0.103460674,-0.036596872,-0.296385305,-1.495055307,-1.327183694,-0.544142802,0.672478702,1.384769487,-0.505429992
0.597056408,0.444868781,0.783604123,-0.006143937,-0.007742714,0.861559817,0.507559834,0.189935514,0.088904022,-0.085268925,0.060607697,-0.258348323,-0.056299339,-0.244746931,-0.113724804,-0.119713772,0.123430744,0.167448012,0.137755036,0.224818069,0.796813984,0.092843462,-0.010983603,-0.295475079,-1.446368821,-1.327049438,-0.542384972,0.669713871,1.380213983,-0.491286939
0.596260342,0.443803700,0.783314184,-0.005160956,-0.006256289,0.859476961,0.511110142,0.191054898,0.080446955,-0.080374002,0.059898870,-0.257658585,-0.052225894,-0.247970049,-0.117905408,-0.116819207,0.124121822,0.167997707,0.137119144,0.226082887,0.828576588,0.096847497,0.034271358,-0.299260407,-1.381688038,-1.324982743,-0.537034378,0.656126289,1.373323251,-0.460781482
0.595622427,0.442524400,0.782961026,-0.004166663,-0.004301005,0.857149083,0.515033580,0.191098066,0.070916863,-0.074697253,0.059616328,-0.256969944,-0.048175438,-0.253492036,-0.122494022,-0.112886101,0.126298984,0.167988512,0.135103797,0.225001436,0.865332014,0.125748116,0.080754640,-0.304471540,-1.318669045,-1.322943601,-0.530199522,0.639706126,1.364584974,-0.424223350
0.595096701,0.440809165,0.782577117,-0.003118963,-0.001715078,0.854737706,0.519047960,0.189924156,0.060047011,-0.069924254,0.058654343,-0.255166577,-0.044231271,-0.261197613,-0.128635236,-0.108178959,0.129583737,0.168107343,0.133032076,0.219887030,0.881918581,0.176852209,0.107646335,-0.295475099,-1.256291021,-1.322143225,-0.522164238,0.625237750,1.353955468,-0.386541019
0.594796478,0.438548756,0.782254153,-0.002164442,0.000934687,0.852421933,0.522849204,0.186952559,0.049872381,-0.066308388,0.059315623,-0.253649242,-0.041018854,-0.269546101,-0.135123948,-0.103147738,0.132130732,0.170542932,0.132295160,0.209069652,0.852584339,0.247827541,0.093606601,-0.266759700,-1.183112181,-1.316463201,-0.511306391,0.607602702,1.338270513,-0.346805107
0.594696499,0.435862000,0.781962847,-0.001304167,0.002828065,0.850126104,0.526569947,0.179548587,0.041098861,-0.062371455,0.071315938,-0.258340210,-0.037983944,-0.275968881,-0.139908540,-0.097667185,0.131595402,0.176246595,0.133207556,0.191900360,0.763097358,0.335803055,0.027513774,-0.213174825,-1.095279261,-1.299510561,-0.496626414,0.583628545,1.313916196,-0.304653757
0.594635081,0.432730336,0.781494423,-0.000658923,0.003675945,0.847450126,0.530861882,0.162663661,0.032732057,-0.055780654,0.106935315,-0.276047362,-0.034013343,-0.276736865,-0.141495612,-0.091409708,0.120816488,0.185859708,0.134783430,0.166361443,0.603512154,0.423121685,-0.088753907,-0.126378588,-1.013115668,-1.271286711,-0.474584154,0.556776412,1.281638640,-0.258129907
0.594237277,0.428629294,0.781024936,-0.000404270,0.004288475,0.844238020,0.535951127,0.143624409,0.024234996,-0.045463252,0.144870744,-0.294371294,-0.029498652,-0.269425811,-0.142244076,-0.086032746,0.090766737,0.202105547,0.136610046,0.131805341,0.395548640,0.483338015,-0.238778416,-0.028063651,-0.940777111,-1.236116193,-0.444096396,0.526666197,1.245116357,-0.203433142
0.593550661,0.422840723,0.780739111,-0.000900033,0.004973976,0.839906839,0.542707059,0.122794466,0.015022629,-0.029936419,0.179215749,-0.308914960,-0.023644626,-0.258203350,-0.142789141,-0.080320845,0.042866653,0.229856578,0.139114829,0.091319410,0.161360317,0.514668218,-0.408754746,0.062501701,-0.870883385,-1.194509091,-0.405985526,0.488672472,1.207049838,-0.140531696
0.592958176,0.415253399,0.780441333,-0.002269843,0.005747602,0.833934520,0.551828805,0.098048791,0.005255647,-0.009593667,0.214876214,-0.322983186,-0.015968103,-0.261620015,-0.143170092,-0.068619333,0.007907114,0.268894455,0.142271299,0.045776836,-0.078647354,0.532456089,-0.575459568,0.138041059,-0.816760400,-1.148373744,-0.355399790,0.441852391,1.174682446,-0.072795914
0.591904409,0.406469106,0.779759574,-0.003572744,0.006562371,0.826097677,0.563477417,0.072013633,-0.006291025,0.014731104,0.253823421,-0.339377695,-0.006470491,-0.284304755,-0.144642454,-0.046154617,0.000662820,0.316027160,0.146016753,-0.002476169,-0.318654566,0.527166211,-0.733667291,0.198059336,-0.770824381,-1.099950284,-0.291003298,0.387613048,1.157580959,-0.002780454
0.589686666,0.397562238,0.778364391,-0.004114166,0.006794723,0.816137589,0.577803030,0.049387497,-0.018451261,0.044084052,0.294237319,-0.358976345,0.004490463,-0.311019517,-0.144330898,-0.014824269,0.002099378,0.361349136,0.152085831,-0.050788816,-0.540756422,0.495971687,-0.874186884,0.240591674,-0.700217466,-1.046271147,-0.219953487,0.331730500,1.158320066,0.069557362
0.586696603,0.389404673,0.776353419,-0.004184226,0.006339031,0.804583769,0.593790592,0.030346746,-0.029212645,0.078548840,0.334940142,-0.381299017,0.015636712,-0.330530890,-0.141635852,0.016018143,0.000792477,0.391210477,0.166864693,-0.100011096,-0.722237619,0.458036393,-0.989589596,0.256947013,-0.621588875,-0.984675634,-0.150093853,0.284312882,1.165536056,0.146355277
0.583391348,0.382008794,0.774064938,-0.004026564,0.006094913,0.791568140,0.611037248,0.014176278,-0.039383785,0.117413778,0.371106706,-0.402603565,0.026527440,-0.341128753,-0.138013469,0.040735369,0.002154577,0.395251114,0.192130484,-0.151008570,-0.868778436,0.428895652,-1.085409574,0.245506931,-0.551973944,-0.916068637,-0.086412661,0.257395825,1.161249677,0.229780008
0.579738528,0.375116853,0.772077724,-0.004019336,0.007053183,0.776905742,0.629564584,0.000485929,-0.051261156,0.158487904,0.395349213,-0.417650372,0.037707038,-0.345453306,-0.133601637,0.057481229,0.013172564,0.366929171,0.216207618,-0.200355604,-0.997046018,0.398951392,-1.170122527,0.223779756,-0.485527235,-0.846168246,-0.037176189,0.260241556,1.135725575,0.320125489
0.575381473,0.368890816,0.770839808,-0.004199309,0.008964400,0.760186119,0.649629949,-0.008930981,-0.065520030,0.200250675,0.403045925,-0.423744719,0.049262168,-0.345334192,-0.128607953,0.066853127,0.034689860,0.309862771,0.228639600,-0.242821625,-1.114871902,0.342906645,-1.246611103,0.217650979,-0.409931560,-0.778331400,-0.006801983,0.288090697,1.102380728,0.416817176
0.570544999,0.363802232,0.771172743,-0.004569938,0.010950058,0.740607631,0.671832977,-0.010362157,-0.080972467,0.242005673,0.388064890,-0.415798547,0.058177470,-0.349463971,-0.122876019,0.073531825,0.078219869,0.241518209,0.216364680,-0.276281946,-1.215536563,0.270288181,-1.312398976,0.224851693,-0.326361797,-0.703466809,-0.000015465,0.333806965,1.062627146,0.527420415
0.565906955,0.359879121,0.773122923,-0.005187553,0.012715601,0.717591176,0.696329165,-0.006272480,-0.095958852,0.284347026,0.358619919,-0.393565185,0.060838993,-0.356506379,-0.116280670,0.075347825,0.136993937,0.180301000,0.181119469,-0.302583210,-1.290914175,0.197502377,-1.363378500,0.229776177,-0.253024758,-0.620969533,-0.000349529,0.383818832,1.018562800,0.644328779
0.561693214,0.357161799,0.776401900,-0.005837330,0.014293693,0.690408924,0.723254543,0.001393107,-0.110703929,0.329237126,0.323631023,-0.357960114,0.057521268,-0.350821809,-0.111385332,0.063652865,0.181651915,0.129991290,0.139262228,-0.321624621,-1.343767109,0.124617869,-1.398324527,0.234402228,-0.199670211,-0.532537835,-0.001346791,0.435128955,0.969680233,0.754010723
0.557844049,0.355109242,0.780181577,-0.006373988,0.015775891,0.658890223,0.752046652,0.009627365,-0.125520244,0.378068569,0.289130459,-0.316395221,0.053035777,-0.333027197,-0.111468397,0.037752580,0.217071188,0.078030573,0.113678709,-0.334354503,-1.384268293,0.055196729,-1.422472667,0.242898132,-0.156228861,-0.458844619,-0.001411513,0.488210902,0.929683450,0.842559801
0.554462486,0.353040553,0.782881808,-0.006102871,0.017268915,0.623107853,0.781921443,0.017278899,-0.141765438,0.430937204,0.258820167,-0.283871817,0.051083062,-0.312910601,-0.121140540,0.002893128,0.281963516,-0.004022525,0.108725498,-0.342252949,-1.412696523,0.009422126,-1.438543131,0.240663951,-0.107180297,-0.420505223,-0.000500698,0.542820467,0.912367517,0.903787367
0.552078991,0.350756154,0.783151766,-0.004009765,0.018535050,0.583091569,0.812185075,0.020515037,-0.158955212,0.490084656,0.241750167,-0.274273593,0.052415948,-0.282278437,-0.147758552,-0.038229872,0.381183391,-0.118651773,0.109100682,-0.345805822,-1.423964136,0.000110483,-1.447757889,0.212801634,-0.042334909,-0.410124877,-0.000059136,0.598186228,0.906227035,0.949407180
0.550291410,0.348395852,0.781434122,-0.000849297,0.020024889,0.540167821,0.841318612,0.020993798,-0.177056597,0.553463174,0.231606828,-0.276142946,0.053299897,-0.243629817,-0.186296159,-0.080596384,0.466022020,-0.214824083,0.096893759,-0.344987232,-1.435186091,0.000221513,-1.449179211,0.170037556,0.023997488,-0.408416313,-0.000010691,0.651860114,0.892822833,0.989483745
0.548839850,0.346089686,0.779896719,0.002421798,0.021495735,0.495328652,0.868436293,0.019811047,-0.194064963,0.616142224,0.223352156,-0.275798453,0.052128526,-0.208882801,-0.225164297,-0.119270761,0.509795617,-0.261002348,0.071496104,-0.341826836,-1.450573876,0.000333312,-1.441220702,0.124991019,0.076898317,-0.408407391,-0.000011185,0.703201269,0.866131001,1.022583433
0.547833574,0.343594825,0.779138023,0.005314762,0.022265584,0.449020748,0.893228059,0.016473657,-0.204972761,0.674755827,0.220538001,-0.273853175,0.050095273,-0.175933629,-0.260928610,-0.152694135,0.520723446,-0.268137587,0.048872277,-0.336923096,-1.464266498,0.000175745,-1.426241544,0.084997663,0.105400719,-0.405482854,-0.000010839,0.750660136,0.824359477,1.051555111
0.546998684,0.340758149,0.778790663,0.008103049,0.022044594,0.401590507,0.915518127,0.011805663,-0.210088249,0.722630040,0.224758989,-0.271488975,0.050970836,-0.142414213,-0.294193730,-0.180859836,0.513869394,-0.252243602,0.040057477,-0.329207132,-1.472693806,0.000086654,-1.409118952,0.056025219,0.125315840,-0.404140489,-0.000009243,0.786642382,0.784998600,1.085903600
0.546133709,0.337558832,0.778849672,0.011051944,0.021326665,0.353196738,0.935240660,0.005809026,-0.211170703,0.747796680,0.235001299,-0.267736628,0.053966026,-0.111701667,-0.324770943,-0.202118614,0.497205711,-0.221255045,0.052821574,-0.315831758,-1.477847943,0.000081531,-1.392174623,0.033984176,0.169168129,-0.408456923,-0.000008358,0.809151244,0.762000018,1.120922004
0.545111722,0.333982907,0.779223227,0.013937883,0.020662760,0.303608094,0.952470950,-0.001914552,-0.209134238,0.749847368,0.249028201,-0.263468003,0.054275414,-0.086376665,-0.352061454,-0.217514471,0.471476550,-0.181865883,0.080889661,-0.297265030,-1.477560243,0.000077668,-1.374327430,0.018896818,0.230532308,-0.417814181,-0.000007863,0.826260246,0.748725441,1.145674936
0.543874836,0.329991127,0.779750644,0.016594310,0.019932046,0.252654261,0.967208957,-0.011140896,-0.203733631,0.732493266,0.266658453,-0.260182959,0.051507814,-0.067153344,-0.375468233,-0.226846286,0.436640262,-0.138738993,0.111460411,-0.272814781,-1.474038104,0.000072271,-1.354825454,0.008888068,0.296256865,-0.428890170,-0.000007398,0.838023386,0.739474492,1.166137781
0.542389889,0.325663082,0.780248180,0.019068117,0.019207104,0.200333605,0.979353838,-0.021769717,-0.196142774,0.704136669,0.286664825,-0.258749906,0.046301594,-0.055374708,-0.395316001,-0.231058768,0.396555292,-0.095762275,0.137060948,-0.241852910,-1.467495944,0.000068524,-1.331691413,0.000284348,0.350518631,-0.439268683,-0.000006954,0.844762429,0.728957102,1.190766359
0.540612301,0.321128623,0.780616721,0.021417797,0.018504400,0.146871362,0.988750559,-0.032271244,-0.188604133,0.672453447,0.304067679,-0.258816015,0.038154464,-0.051995042,-0.412290937,-0.233330167,0.356117229,-0.054292864,0.153487037,-0.205423227,-1.456276796,0.000067858,-1.305122903,-0.007983735,0.384125634,-0.449923850,-0.000006546,0.849438745,0.718292178,1.221871815
0.538586199,0.316496106,0.780799442,0.023599925,0.017947721,0.092417277,0.995278840,-0.041319854,-0.181828480,0.645359906,0.316059040,-0.260305287,0.029295308,-0.057045299,-0.424965460,-0.237878055,0.314943872,-0.014344927,0.166514019,-0.164206086,-1.444222861,0.000129256,-1.280693224,-0.013612788,0.399624004,-0.461547465,-0.000004651,0.854192173,0.707640983,1.239615372
0.536311167,0.311889617,0.780768690,0.025480919,0.017774711,0.036910280,0.998835529,-0.049395492,-0.175529533,0.626203895,0.323646687,-0.263650257,0.021476283,-0.072951805,-0.433314949,-0.246354953,0.278728915,0.023410266,0.174388262,-0.118109253,-1.434689011,0.000200246,-1.259762787,-0.018927147,0.405479387,-0.477086250,-0.000002483,0.853594376,0.697405778,1.230332881
0.533811621,0.307338512,0.780608165,0.026772373,0.017680864,-0.019970807,0.999285642,-0.055201947,-0.169240455,0.615889396,0.326298747,-0.268921036,0.015109891,-0.100406156,-0.436031759,-0.260952696,0.250763375,0.060138546,0.173407672,-0.066214122,-1.423350054,0.000424237,-1.239849565,-0.024752529,0.412320474,-0.499665033,-0.000000527,0.846397069,0.691340059,1.225151635
0.531342015,0.303005909,0.780356341,0.027771640,0.017111091,-0.078048850,0.996415738,-0.057213505,-0.164011427,0.609494007,0.324068877,-0.275224805,0.008689829,-0.133653984,-0.435417532,-0.282449614,0.225782517,0.103131057,0.171589009,-0.012085452,-1.396403802,0.001045671,-1.214412246,-0.029223709,0.428583910,-0.528139963,-0.000002399,0.840538982,0.686236009,1.241687637
0.528994175,0.298786396,0.779984495,0.027762843,0.016006542,-0.137302217,0.990010665,-0.055729089,-0.157794921,0.597510455,0.319082529,-0.284936417,0.000886715,-0.171661063,-0.428525199,-0.303700962,0.202918676,0.156374044,0.179192278,0.041881802,-1.349849720,0.001581249,-1.184467394,-0.029850993,0.465903275,-0.561370244,-0.000990317,0.841593935,0.672642486,1.277670085
0.526774276,0.294103136,0.779501883,0.024353794,0.013565048,-0.198184451,0.979768241,-0.047032585,-0.145152693,0.565584117,0.315378794,-0.303168133,-0.005878477,-0.204096473,-0.402616732,-0.315358045,0.173934355,0.214987718,0.203342295,0.095704093,-1.279563999,0.000285328,-1.148599768,-0.033140432,0.514306378,-0.601369686,-0.005370636,0.856105786,0.643523040,1.296670856
0.524412400,0.288536664,0.778843837,0.017690861,0.008713036,-0.259518391,0.965536805,-0.026168236,-0.126924655,0.509423430,0.312401728,-0.329122931,-0.008567143,-0.223502249,-0.359897820,-0.315339740,0.137527822,0.266059093,0.222284298,0.143408842,-1.156332114,0.014332516,-1.089047398,-0.066343672,0.551640342,-0.656735231,-0.014577226,0.894404207,0.596767582,1.226294232
0.521799954,0.281581929,0.778121978,0.008976406,0.001389461,-0.319856142,0.947422578,0.009021424,-0.107759895,0.431516764,0.309161275,-0.355060978,-0.002258424,-0.227361776,-0.306465058,-0.305660015,0.097032906,0.296464715,0.222527994,0.179161999,-0.955445417,0.097056602,-0.985683779,-0.176358832,0.563655255,-0.743751624,-0.029412578,0.950863213,0.545606558,1.062819934
0.519137644,0.273123762,0.777166488,-0.000186710,-0.006670509,-0.377325520,0.926056651,0.055136135,-0.093259298,0.339618240,0.302378182,-0.374088232,0.015056241,-0.220849879,-0.248314171,-0.285121215,0.059567184,0.300797513,0.204268500,0.201967845,-0.721403674,0.257150782,-0.816051687,-0.373248677,0.509232239,-0.884626776,-0.048088988,1.002682836,0.528042263,0.835610985
0.516644978,0.263594282,0.775479803,-0.008595816,-0.013850320,-0.429410226,0.902962423,0.107543901,-0.086031646,0.248538486,0.288836398,-0.387172139,0.035098845,-0.219071335,-0.195102900,-0.249884354,0.045087017,0.282153740,0.172198323,0.216027380,-0.514632745,0.385994318,-0.572073456,-0.561558890,0.362685553,-1.051417192,-0.087188834,1.039727108,0.596138857,0.596099962
0.515192720,0.254631669,0.774231976,-0.018384221,-0.018524111,-0.471526295,0.881465729,0.157117911,-0.075103311,0.187019517,0.273178483,-0.397840341,0.043812882,-0.242418666,-0.152320416,-0.210689953,0.092283931,0.250963175,0.141438366,0.218803485,-0.217503335,0.469740800,-0.344036355,-0.553231424,0.122889770,-1.341921716,-0.129702622,0.988651766,0.648274255,0.357914816
0.516333172,0.247266366,0.774245978,-0.031961830,-0.020065692,-0.502195797,0.863930085,0.204849501,-0.058905534,0.166801176,0.251347426,-0.404683134,0.046125727,-0.260850290,-0.110337064,-0.183869597,0.150049083,0.221304902,0.120628023,0.215530843,0.026009999,0.421836370,-0.158070588,-0.480308595,-0.117273360,-1.556525508,-0.161967896,0.960771428,0.620441200,0.117088072
0.519954804,0.241822861,0.776123587,-0.050825755,-0.017939904,-0.521412435,0.851600831,0.247367986,-0.029587836,0.174343916,0.230166054,-0.408462562,0.046296299,-0.252672431,-0.061968347,-0.170564961,0.176567822,0.203177741,0.113119431,0.212971850,0.270308180,0.280794502,-0.025526396,-0.340288370,-0.357457310,-1.672072725,-0.285520662,0.933500600,0.538109770,-0.123839766
0.524242140,0.237496064,0.779224001,-0.071054466,-0.012172410,-0.530633466,0.844530177,0.278709822,0.009596107,0.186564046,0.214420297,-0.410524040,0.044763003,-0.228153641,-0.012803490,-0.166157690,0.173056730,0.197622693,0.116798479,0.204087254,0.513519843,0.114894531,0.074801036,-0.244116568,-0.597606480,-1.695660853,-0.473490993,0.926466682,0.400561043,-0.364598845
0.527333846,0.233295973,0.782369214,-0.085510554,-0.002187919,-0.531205142,0.842914144,0.290990102,0.050184312,0.190313037,0.203578319,-0.411766545,0.039853203,-0.212344068,0.027114686,-0.166471074,0.158802794,0.198617962,0.125333039,0.180805020,0.755142434,0.023087653,0.124379596,-0.245088536,-0.837705838,-1.697113962,-0.646783345,0.919682455,0.260069079,-0.605115692
0.527749371,0.229431753,0.784920677,-0.090395458,0.009597695,-0.524820863,0.846344851,0.283577890,0.080188388,0.183838125,0.193030647,-0.408743585,0.031578497,-0.213666151,0.048874722,-0.172001582,0.143750884,0.201443773,0.132357293,0.144450386,0.914023931,0.016056665,0.145655797,-0.344987894,-1.064423347,-1.698807739,-0.729189957,0.866702166,0.157518622,-0.845396232
0.527255127,0.225747851,0.786943797,-0.091219529,0.020150819,-0.516588082,0.851122609,0.271725907,0.101715393,0.175466777,0.182291378,-0.403750626,0.023730941,-0.217421949,0.061856958,-0.181970439,0.127612684,0.204037444,0.135602578,0.107562479,1.018217104,0.015658800,0.155029491,-0.449457917,-1.197780035,-1.699809122,-0.765944682,0.790698632,0.066627519,-1.072995640
0.527017788,0.222043558,0.788446822,-0.090310255,0.030369668,-0.509416334,0.855229057,0.257452199,0.118893363,0.170788903,0.173643812,-0.399888402,0.016774306,-0.223389902,0.072033036,-0.190499131,0.111316931,0.206441037,0.136306381,0.079631412,1.100579040,0.014571470,0.148023377,-0.525551325,-1.237788012,-1.699999808,-0.808988033,0.724913269,-0.010461043,-1.235426322
0.526602960,0.218640079,0.789405713,-0.087522863,0.039541790,-0.504313456,0.858163232,0.245553788,0.130749248,0.170014007,0.160511441,-0.393988108,0.008911788,-0.232059835,0.078672175,-0.194669504,0.096597253,0.209093726,0.135757540,0.063467944,1.154658579,0.013398826,0.150307512,-0.555253591,-1.235365964,-1.699988364,-0.841078243,0.681284099,-0.051803158,-1.304488721
0.525748250,0.215966217,0.790134634,-0.083926384,0.046043371,-0.501829974,0.859652865,0.238868812,0.135448776,0.170748982,0.141748067,-0.383651042,0.002173555,-0.239455218,0.080160866,-0.196172205,0.084982533,0.211484639,0.135760729,0.056918974,1.161289389,0.012486730,0.172239598,-0.531521857,-1.259295478,-1.699985550,-0.853753807,0.657798272,-0.062795337,-1.280206668
0.524514849,0.214091312,0.790628717,-0.081269596,0.050122815,-0.502750286,0.859142076,0.235909766,0.136387681,0.173067712,0.125783126,-0.373886481,-0.001492430,-0.244131447,0.082282703,-0.196176561,0.076343807,0.213521567,0.134724471,0.059504926,1.122714871,0.011710673,0.191618523,-0.484021707,-1.300994708,-1.699993784,-0.858362129,0.647846649,-0.060754604,-1.256813569
0.523196816,0.212512263,0.790829253,-0.079715639,0.052747723,-0.505641808,0.857431896,0.236187042,0.136695107,0.177333599,0.113611461,-0.366993518,-0.003991101,-0.247894515,0.085852069,-0.194823226,0.072032131,0.214517449,0.132131007,0.064768551,1.079425815,0.010991843,0.193978394,-0.445945287,-1.331873470,-1.699999928,-0.858182887,0.645139763,-0.059867341,-1.263647479
0.522045568,0.211020660,0.790766796,-0.079415477,0.054057503,-0.509407163,0.855146368,0.241421101,0.137276448,0.183110176,0.102246830,-0.362026045,-0.006146321,-0.250513766,0.089469279,-0.190896078,0.072836628,0.213766459,0.130609594,0.068183038,1.045768112,0.010334743,0.189723333,-0.422874461,-1.356227775,-1.700000000,-0.854726572,0.642177839,-0.061204589,-1.276731765
0.520986488,0.209268515,0.790530599,-0.080320767,0.054644334,-0.513926730,0.852315603,0.249523804,0.139350879,0.190806265,0.093763865,-0.359998581,-0.008568093,-0.250589029,0.095717830,-0.183554383,0.074279007,0.212339949,0.129365926,0.068065012,1.021186011,0.009756816,0.188622035,-0.407693881,-1.375560767,-1.700000000,-0.850609866,0.634191283,-0.064763420,-1.278549017
0.519912309,0.207062061,0.790086275,-0.081383017,0.055145478,-0.519486453,0.848804810,0.256790950,0.141595280,0.200629322,0.090055204,-0.361541190,-0.011451536,-0.250710328,0.103735613,-0.174705293,0.076026099,0.210848681,0.126932178,0.064721284,0.998941757,0.009311869,0.192497878,-0.394820821,-1.382131257,-1.700000000,-0.845954578,0.622387610,-0.070364534,-1.264434814
0.518724988,0.204271262,0.789349538,-0.081844904,0.055714492,-0.526503751,0.844388007,0.263017412,0.142037088,0.213402653,0.088667668,-0.365243193,-0.014678257,-0.252323541,0.112365229,-0.165028394,0.078472541,0.209009564,0.122381053,0.058553555,0.974852621,0.008803107,0.203413337,-0.387022405,-1.365900752,-1.699999992,-0.839646200,0.614609242,-0.075821810,-1.252146984
0.517327164,0.200860681,0.788369534,-0.081568745,0.056129031,-0.535072721,0.838983465,0.269714565,0.139819457,0.227736327,0.086445459,-0.369064281,-0.017619223,-0.255425626,0.121372604,-0.154967161,0.082776304,0.206109134,0.115258038,0.050751902,0.956568817,0.008079204,0.218967075,-0.387245052,-1.320762019,-1.700000000,-0.828193870,0.611691036,-0.081108088,-1.248323774
0.515602138,0.196840883,0.787109158,-0.080261423,0.056075077,-0.545014373,0.832690232,0.276802501,0.134581685,0.242275243,0.083545595,-0.372769956,-0.020369000,-0.260246846,0.129718414,-0.144514020,0.090818825,0.200951815,0.105488029,0.041792280,0.948597521,0.012626077,0.233927740,-0.397516137,-1.251843917,-1.699999466,-0.807717751,0.609782807,-0.087400909,-1.226190701
0.513265519,0.192291113,0.785548899,-0.077535604,0.055500780,-0.555637558,0.825938737,0.283033958,0.127141411,0.256128035,0.081307347,-0.376822726,-0.024333232,-0.268094406,0.135599138,-0.133368664,0.103643533,0.193527247,0.094649764,0.031698514,0.939960761,0.036520709,0.246543183,-0.408811143,-1.157404089,-1.699997270,-0.776430152,0.609467738,-0.082665676,-1.166731435
0.510113308,0.187394220,0.783740031,-0.073023522,0.054508163,-0.566557647,0.818968167,0.286902211,0.117174271,0.269972713,0.079858891,-0.380797671,-0.030743849,-0.279446521,0.138464845,-0.121799113,0.119796163,0.184986945,0.083173909,0.019924513,0.904348280,0.078129041,0.254066152,-0.402406554,-1.026043502,-1.699995230,-0.732478309,0.613544754,-0.051046816,-1.080892722
0.506323845,0.182217805,0.781715805,-0.067364497,0.052872417,-0.578048906,0.811496146,0.290229498,0.103993089,0.285408802,0.077668925,-0.384292845,-0.038954011,-0.291811484,0.141167490,-0.109713859,0.137348864,0.175449137,0.068836304,0.006048809,0.832542372,0.125346332,0.240960243,-0.382949871,-0.857590579,-1.699999844,-0.680443859,0.619156497,-0.004452582,-1.023820639
0.502292573,0.177042618,0.779476924,-0.061207719,0.050315739,-0.589860282,0.803608604,0.295406799,0.088724151,0.301634026,0.073711472,-0.387245334,-0.049280507,-0.304976536,0.142666820,-0.096997037,0.158529767,0.163984919,0.052742561,-0.009240580,0.716724990,0.180884644,0.189824609,-0.341438004,-0.692776519,-1.699936180,-0.622292176,0.618611372,0.039787381,-0.979972428
0.498295021,0.171875827,0.777019565,-0.054941665,0.046923271,-0.601744613,0.795413755,0.302905202,0.072693069,0.317316757,0.068342177,-0.390244176,-0.062488595,-0.320852265,0.141006896,-0.084996053,0.185900895,0.150507790,0.038040325,-0.027675809,0.536217285,0.237898257,0.082345791,-0.249416386,-0.556706841,-1.699596657,-0.560355645,0.606779192,0.080128354,-0.902466550
0.494052192,0.166285358,0.774397532,-0.049835065,0.042531249,-0.614097952,0.786505731,0.312986384,0.058470209,0.332768127,0.067441157,-0.395512523,-0.079869221,-0.334410607,0.141715278,-0.072823460,0.215031292,0.136260896,0.022968585,-0.048967004,0.305394415,0.291726987,-0.075863907,-0.092710278,-0.458152612,-1.699206326,-0.496815991,0.591030064,0.120299561,-0.775154529
0.489462174,0.160448220,0.771638976,-0.045488180,0.036468610,-0.627610934,0.776341022,0.325725740,0.042933398,0.346268784,0.074316544,-0.400652472,-0.100968241,-0.344870936,0.144961750,-0.056945352,0.245109509,0.121735165,0.005883263,-0.067698854,0.064971256,0.333683257,-0.240738129,0.070242523,-0.403295923,-1.699980780,-0.428376568,0.587939998,0.164334299,-0.612947830
0.485301800,0.154096672,0.769444700,-0.041661568,0.027538720,-0.642924458,0.764299728,0.342339059,0.020441157,0.356403872,0.092980375,-0.396673145,-0.119802896,-0.351215841,0.144817103,-0.034913824,0.281246835,0.103374057,-0.009475809,-0.077059955,-0.169355941,0.347053898,-0.354908377,0.149585057,-0.372876470,-1.694686160,-0.353566594,0.595436856,0.206937186,-0.446731717
0.481586065,0.146434901,0.768377996,-0.041766991,0.016157339,-0.659820314,0.750087736,0.356668003,0.002827299,0.368706915,0.142179014,-0.385091649,-0.129470701,-0.342664117,0.149883272,-0.009125367,0.316288302,0.079284354,-0.024202480,-0.078601484,-0.356190691,0.353004879,-0.408635225,0.146991586,-0.347371668,-1.638870667,-0.293132838,0.591747610,0.214774076,-0.311622244
0.478221847,0.137456026,0.768973179,-0.047451887,0.003054502,-0.677989658,0.733531876,0.352338643,0.006194762,0.383769213,0.264234738,-0.359576264,-0.133123656,-0.313857154,0.162370341,0.017192314,0.342035505,0.053051200,-0.040050029,-0.072892740,-0.487167303,0.352319480,-0.425058520,0.101337318,-0.317449268,-1.510936050,-0.256159165,0.569890894,0.173234878,-0.230578530
0.475240105,0.127493982,0.770450334,-0.056131281,-0.010493743,-0.697121088,0.714675696,0.322225791,0.031804727,0.396328095,0.452782264,-0.291902064,-0.143044295,-0.272770307,0.176896133,0.042923737,0.357293272,0.029595346,-0.056930994,-0.058465608,-0.573944491,0.343233032,-0.424218270,0.029228786,-0.273603799,-1.353033256,-0.238719320,0.547260639,0.114944664,-0.203404013
0.472472110,0.116929713,0.770620229,-0.064810329,-0.024001297,-0.716962278,0.693677627,0.272118048,0.058502425,0.398199088,0.653479432,-0.150173954,-0.154396354,-0.226698122,0.188335492,0.070275269,0.364558103,0.010527223,-0.073914361,-0.034892766,-0.619119509,0.327421679,-0.411374177,-0.059710100,-0.226874883,-1.198407313,-0.229468649,0.538004103,0.072647911,-0.210325603
0.469977004,0.106596951,0.770936970,-0.072099712,-0.038022849,-0.736979527,0.670982169,0.200579763,0.062033994,0.369826429,0.836560950,0.071719832,-0.139851521,-0.176103232,0.191883523,0.101993565,0.361384023,0.000699090,-0.087702746,-0.004734625,-0.603328598,0.322239444,-0.374956827,-0.151395633,-0.207205754,-1.062254683,-0.215507577,0.538468236,0.067377947,-0.219425306
0.468421242,0.097319239,0.774527388,-0.076792486,-0.052253340,-0.755545002,0.648478413,0.106276951,0.031894684,0.305337234,1.004131857,0.295272051,-0.113673051,-0.126090996,0.182687792,0.137229333,0.347008338,0.000451527,-0.093709154,0.028654476,-0.541039596,0.336027417,-0.320850948,-0.250596366,-0.217741390,-0.940742319,-0.204205406,0.544323642,0.092744467,-0.207245501
0.468080552,0.089506973,0.779713645,-0.077599512,-0.065917153,-0.771023571,0.628614268,-0.012138968,-0.017948326,0.230671969,1.159960008,0.451410225,-0.118372753,-0.081248648,0.155972929,0.173905133,0.320730431,0.004679058,-0.087573413,0.060898012,-0.474997878,0.359778114,-0.274844485,-0.349786672,-0.228419083,-0.841040393,-0.192655244,0.576691258,0.152359367,-0.184534220
0.468512416,0.083419841,0.785969744,-0.075134561,-0.077785998,-0.782633058,0.613016829,-0.155012119,-0.052793682,0.184401881,1.306809436,0.523333334,-0.135136579,-0.039386713,0.118080842,0.207840233,0.281486816,0.009407081,-0.072424749,0.089690818,-0.432339883,0.383382775,-0.274479717,-0.419353940,-0.204603343,-0.772516887,-0.172405623,0.640601835,0.239382870,-0.175912308
0.469199738,0.079043862,0.791824718,-0.071327844,-0.086978819,-0.790822698,0.601619884,-0.316317140,-0.060821906,0.180223109,1.441755322,0.536221488,-0.135109959,-0.000738425,0.086616638,0.232519179,0.235620482,0.019727990,-0.061162530,0.115097107,-0.402170535,0.412705340,-0.311135271,-0.447120447,-0.153384803,-0.724302304,-0.149009901,0.704484183,0.328613131,-0.186180595
0.470044891,0.076621622,0.796528599,-0.067236616,-0.093483073,-0.796604701,0.593431632,-0.484582814,-0.055428422,0.191600706,1.552306188,0.516722531,-0.113726256,0.029348175,0.065120539,0.242565001,0.186159175,0.044579064,-0.059148901,0.136109142,-0.372346919,0.445077469,-0.350187231,-0.427793457,-0.105753784,-0.683392051,-0.129738764,0.749337306,0.406769686,-0.206224553
0.470852076,0.075960232,0.800359125,-0.062597842,-0.098074560,-0.802089312,0.585760724,-0.653961376,-0.030412785,0.196713933,1.622208858,0.500154663,-0.090893864,0.053902568,0.045412643,0.241435410,0.135340888,0.070936039,-0.059537574,0.157256588,-0.356787489,0.467077308,-0.388122656,-0.377012843,-0.077711401,-0.653816925,-0.112973703,0.786156847,0.493333756,-0.221047762
0.471564661,0.076649140,0.803798361,-0.056419800,-0.101756882,-0.808230110,0.577257684,-0.825520260,0.016023231,0.192008440,1.650165122,0.491356937,-0.080069117,0.068555190,0.025047188,0.220552000,0.093111750,0.089388073,-0.060098999,0.181341969,-0.365019611,0.468969415,-0.430535983,-0.299676467,-0.065237888,-0.624128929,-0.097490707,0.817296400,0.577325587,-0.226200111
0.472274543,0.078312551,0.806531336,-0.048741697,-0.105164333,-0.815585683,0.566908020,-0.996699645,0.079818517,0.179410873,1.636778961,0.480221750,-0.076728240,0.066815330,0.010866256,0.169546789,0.073267898,0.097653361,-0.067289885,0.210173968,-0.395662377,0.446770645,-0.476821707,-0.201795002,-0.055541674,-0.597579115,-0.083786428,0.846386901,0.647132357,-0.226498099
0.472972012,0.080621986,0.807925758,-0.039963062,-0.108690418,-0.824292817,0.554193737,-1.164985079,0.157811882,0.159591781,1.586190675,0.469260557,-0.068966886,0.043857164,0.005827475,0.089466555,0.084799447,0.096595356,-0.088066173,0.242504564,-0.435781976,0.413231622,-0.515969205,-0.102714577,-0.041147751,-0.584007724,-0.073347434,0.879287126,0.701113519,-0.226777291
0.473696056,0.082484153,0.807744788,-0.030460163,-0.113508588,-0.833192455,0.540350176,-1.329635863,0.241999355,0.125018330,1.497664119,0.468042246,-0.051356674,0.004948579,0.002023281,-0.004005439,0.120992851,0.086101504,-0.119060832,0.271925973,-0.468701619,0.383215502,-0.533517594,-0.027396499,-0.024499988,-0.580372158,-0.067711371,0.916248208,0.737240991,-0.227177171
0.474538213,0.082747789,0.806474738,-0.020950885,-0.120584868,-0.839967087,0.528654559,-1.483633062,0.313282607,0.076651898,1.367856877,0.469649818,-0.028763613,-0.031743719,-0.008926237,-0.088436993,0.157701422,0.065049505,-0.150784015,0.288736119,-0.487760792,0.361443922,-0.530525143,0.017674050,-0.013483935,-0.578275801,-0.065950517,0.952588483,0.757536466,-0.225686782
0.475406224,0.080902332,0.804221798,-0.012339249,-0.129050533,-0.843255969,0.521644586,-1.605778204,0.364989778,0.022777009,1.172025378,0.484347356,-0.006501849,-0.066475003,-0.027993658,-0.149131724,0.204097132,0.024166073,-0.180510990,0.287337357,-0.496542197,0.349169650,-0.515045845,0.031534668,-0.006349242,-0.574631067,-0.066940820,0.984039246,0.762878325,-0.225273314
0.475967790,0.076243109,0.800287927,-0.006463871,-0.137554263,-0.843797117,0.518694002,-1.679575634,0.405528705,-0.026783485,0.892322878,0.530563518,0.011959436,-0.101333753,-0.050042131,-0.179466444,0.274316345,-0.037570312,-0.203623902,0.272562548,-0.505116194,0.352419949,-0.505939570,0.011487754,0.011371738,-0.565469799,-0.066971753,1.004283762,0.756402716,-0.228967302
0.476164814,0.067609445,0.797986409,-0.004449436,-0.147676204,-0.844003527,0.515587032,-1.708477388,0.451049279,-0.071696182,0.540605890,0.598722722,0.028315049,-0.119314032,-0.076830782,-0.182006109,0.350889498,-0.103496081,-0.213794570,0.260129881,-0.506112986,0.358012641,-0.506285766,-0.028664542,0.037309376,-0.540953923,-0.064236006,1.009198600,0.743799419,-0.230111216
0.476425757,0.054290037,0.801242656,-0.003888468,-0.162131368,-0.844213520,0.510883384,-1.733390257,0.499121716,-0.132283795,0.208476636,0.602546704,0.044050777,-0.093960213,-0.115934744,-0.178422054,0.375513361,-0.140990425,-0.205111763,0.254564939,-0.474212347,0.353203261,-0.497878772,-0.076578990,0.035533103,-0.486782134,-0.069756408,1.000469653,0.724285581,-0.225901087
0.476831159,0.040487564,0.808197840,-0.001973762,-0.176976156,-0.841652737,0.510192331,-1.825762781,0.516732627,-0.225742563,0.033029885,0.496088190,0.051281635,-0.041183190,-0.159242104,-0.199122882,0.338861919,-0.144589876,-0.188791428,0.238570035,-0.419149728,0.353837940,-0.477358690,-0.132070335,-0.000303623,-0.420409114,-0.081544800,0.990413706,0.707139432,-0.222212452
0.477112236,0.030187879,0.813350956,-0.001048404,-0.185793360,-0.837652168,0.513632723,-1.961686186,0.505416509,-0.312156098,0.000000000,0.381920712,0.034741938,0.002976294,-0.186439078,-0.241324504,0.294799617,-0.138817737,-0.177444544,0.214059003,-0.378238842,0.360396623,-0.460376677,-0.171938806,-0.035782692,-0.376717820,-0.085145707,0.983676585,0.707197002,-0.220965179
0.477232772,0.022423415,0.813345776,-0.003529346,-0.187375187,-0.836450520,0.515003506,-2.068297372,0.499926926,-0.348819135,0.001392603,0.371671057,0.011091697,0.016100287,-0.193127859,-0.275861365,0.300988224,-0.155181329,-0.173566738,0.200751467,-0.369598467,0.365087086,-0.456447297,-0.189733608,-0.046945503,-0.370780771,-0.085943297,0.984940973,0.708284918,-0.223298033
0.477363527,0.014818443,0.810058551,-0.007472243,-0.186254664,-0.838432513,0.512136980,-2.129349111,0.509249022,-0.353731986,0.001167211,0.455067760,0.015624519,0.004695118,-0.197231162,-0.290484466,0.358642304,-0.197393049,-0.169940116,0.204406670,-0.380047368,0.368713632,-0.457382423,-0.197944008,-0.037790464,-0.388906041,-0.090275346,0.991392307,0.698215785,-0.229088007
0.477384385,0.008220535,0.807234292,-0.009578833,-0.184834542,-0.840503095,0.509214087,-2.163283409,0.516482826,-0.362887591,0.000267435,0.545766220,0.043137118,-0.009791861,-0.204210197,-0.301259604,0.411031773,-0.234320547,-0.165394221,0.213552291,-0.390072671,0.372391912,-0.450598485,-0.202903304,-0.026616865,-0.417634872,-0.085974913,0.995544589,0.699762448,-0.236690661
0.477118636,0.003766794,0.806292276,-0.010035417,-0.182896224,-0.840642020,0.509675638,-2.183070815,0.515994726,-0.366896288,0.000000000,0.579496209,0.049595126,-0.011176563,-0.205304107,-0.320802409,0.420945072,-0.245882322,-0.163880211,0.217765854,-0.389186625,0.366813576,-0.433519440,-0.197282421,-0.032542180,-0.451004703,-0.072276477,1.003507829,0.717730430,-0.249520775
0.476756184,0.001119619,0.806584426,-0.009084328,-0.180642261,-0.839005143,0.513182441,-2.180552107,0.513932615,-0.355698305,0.000118878,0.566824016,0.025860772,-0.006990005,-0.203061540,-0.336000123,0.409126192,-0.242584881,-0.163148647,0.220534261,-0.378221079,0.343622402,-0.407222015,-0.175053701,-0.058886724,-0.482716474,-0.064207334,1.012996909,0.729346721,-0.266415011
0.476139804,-0.000557726,0.806803697,-0.007525372,-0.177411997,-0.837424172,0.516903384,-2.144306038,0.518314322,-0.327198476,0.000577279,0.531568349,-0.000175357,-0.007701938,-0.198558909,-0.333735577,0.402868694,-0.239703774,-0.161648620,0.231784635,-0.365433624,0.305543871,-0.377573036,-0.135461769,-0.091816034,-0.508194939,-0.062568342,1.010322111,0.726753130,-0.280281960
0.475128310,-0.001446731,0.806084473,-0.006256119,-0.172239944,-0.837863121,0.517957192,-2.061804914,0.536425296,-0.277548478,0.000996654,0.456711764,0.003926297,-0.016119359,-0.188247035,-0.314210288,0.407385739,-0.240844173,-0.161283095,0.258630961,-0.356828378,0.269465128,-0.350198079,-0.084481728,-0.117865846,-0.530799208,-0.064840276,0.990867582,0.717531214,-0.286825414
0.473729272,-0.000495011,0.804290459,-0.004818368,-0.164394364,-0.839936496,0.517163377,-1.937790373,0.563048815,-0.207538057,0.000000000,0.401950885,0.029549115,-0.033753960,-0.169882658,-0.286868559,0.417008317,-0.242196826,-0.164830678,0.296152598,-0.341534638,0.255535436,-0.319923670,-0.049716704,-0.146364686,-0.562546289,-0.074266440,0.965881647,0.711631784,-0.289386730
0.472218101,0.002397676,0.801855934,-0.003101781,-0.153702863,-0.840363211,0.519764833,-1.839148034,0.566303214,-0.141878191,0.012590776,0.456230225,0.043178859,-0.056172502,-0.144355900,-0.267029862,0.423293223,-0.239498690,-0.171135825,0.325482391,-0.314330238,0.255240809,-0.281761295,-0.026697953,-0.193225684,-0.611660124,-0.083070457,0.944215704,0.722194310,-0.289128581
0.471096276,0.006191715,0.799698870,-0.001245425,-0.141047814,-0.837470728,0.527964718,-1.791190830,0.536790691,-0.097758614,0.099776615,0.555920431,0.044611868,-0.077715343,-0.116052114,-0.260058713,0.420089760,-0.229812084,-0.176078155,0.339040751,-0.276276393,0.250513926,-0.235275126,0.003905743,-0.266579090,-0.680120403,-0.081492335,0.924102398,0.768111574,-0.288688299
0.470595382,0.009520705,0.798819049,0.000928177,-0.128354237,-0.832044284,0.539654183,-1.779175282,0.487459380,-0.076018474,0.290820202,0.608077960,0.048491240,-0.093805438,-0.091014262,-0.261815331,0.404619233,-0.211176428,-0.174330515,0.341425561,-0.227331043,0.235305578,-0.184571547,0.049532250,-0.367353098,-0.758001720,-0.068740366,0.906178021,0.844168660,-0.296155512
0.470832897,0.011745233,0.799728285,0.003261596,-0.117254621,-0.826245955,0.550961286,-1.767150438,0.436346930,-0.062254894,0.531311811,0.599579291,0.057834215,-0.102397143,-0.072052486,-0.264717369,0.377954428,-0.182438674,-0.163709439,0.345371210,-0.167941938,0.208455517,-0.139050351,0.107587030,-0.483968195,-0.831867109,-0.059814561,0.889888365,0.921048163,-0.311884013
0.472101645,0.011576056,0.803006215,0.004800070,-0.109533975,-0.822014763,0.558812130,-1.727193673,0.392168595,-0.048509760,0.762337994,0.567394866,0.060574275,-0.097566391,-0.061276017,-0.264184537,0.339890368,-0.144708013,-0.145166352,0.360805137,-0.077846373,0.168869149,-0.106422958,0.162727733,-0.590369311,-0.889184277,-0.069759271,0.882642707,0.970448815,-0.336110967
0.473979008,0.008666939,0.807268089,0.005042647,-0.103986725,-0.819440688,0.563629570,-1.665634319,0.351212168,-0.034746137,0.966454957,0.542642280,0.057058895,-0.079790155,-0.054985011,-0.261331832,0.294090192,-0.105905451,-0.124489269,0.384197725,0.039951112,0.127092750,-0.081743809,0.196583578,-0.685644935,-0.934104023,-0.090051837,0.886519594,1.002254142,-0.369473336
0.475954884,0.003852359,0.810664702,0.003844092,-0.098491373,-0.817907559,0.566843803,-1.593127492,0.308867677,-0.020849516,1.138817081,0.533361359,0.051245269,-0.054231870,-0.047134374,-0.258961407,0.244822750,-0.074104582,-0.106517368,0.409976701,0.149020140,0.096523568,-0.059321181,0.214512388,-0.808231450,-0.979793419,-0.106325095,0.894444140,1.038168033,-0.406547940
0.478133573,-0.002492431,0.812384389,0.001220408,-0.091871906,-0.816390930,0.570143765,-1.517613496,0.263714176,-0.006265216,1.279034505,0.539865127,0.042473661,-0.025790677,-0.034699531,-0.258437582,0.197350613,-0.052288006,-0.092927837,0.435652141,0.252933328,0.075957295,-0.049005564,0.205932394,-0.964965663,-1.032925289,-0.113611560,0.898286101,1.090056526,-0.439810788
0.480458062,-0.010232129,0.813156316,-0.002082949,-0.084441747,-0.813787202,0.574991863,-1.438192807,0.218044671,0.012839788,1.385458850,0.552965541,0.030836020,0.002117169,-0.020025888,-0.260650522,0.154485276,-0.036712379,-0.081778579,0.456550682,0.351402605,0.059498489,-0.049768136,0.184867487,-1.118578269,-1.079857546,-0.118653800,0.899810399,1.144082213,-0.472254031
0.482242504,-0.019175220,0.814499081,-0.005223966,-0.078480098,-0.809616987,0.581664782,-1.340989737,0.173057730,0.040536140,1.439606376,0.559155995,0.021369294,0.030071494,-0.007892737,-0.265114023,0.117760619,-0.024916651,-0.071757057,0.470151312,0.455656455,0.073591010,-0.041068412,0.120161249,-1.240857982,-1.109462254,-0.124764252,0.899720377,1.188258979,-0.512918626
0.484331386,-0.028972292,0.815095340,-0.007496372,-0.074999140,-0.804472665,0.589188140,-1.244153304,0.128686918,0.068201059,1.455128737,0.564000531,0.012916426,0.059358701,-0.004399170,-0.268999402,0.086881060,-0.017968654,-0.060850077,0.477419142,0.607528590,0.087326269,-0.026145682,-0.030270899,-1.327675914,-1.129927325,-0.131455983,0.900244463,1.226444868,-0.557884321
0.486846526,-0.038377895,0.814887359,-0.008575819,-0.072416249,-0.799011850,0.596877211,-1.157875432,0.087559252,0.085247887,1.435794511,0.570446980,0.004332595,0.080490518,-0.004601870,-0.272165934,0.069185290,-0.017359712,-0.051423718,0.480525469,0.766155999,0.076946774,-0.000939000,-0.199101345,-1.380701718,-1.146568406,-0.141136925,0.899068367,1.256893084,-0.595937199
0.489013776,-0.046526176,0.814740089,-0.008424664,-0.070388615,-0.793837529,0.603983813,-1.077241058,0.051009612,0.090239777,1.380742483,0.576503404,-0.002327010,0.092902094,-0.006387399,-0.275306096,0.062216571,-0.021176579,-0.043446801,0.484057807,0.851512829,0.055627794,0.025931591,-0.292476187,-1.398295775,-1.160310263,-0.153309419,0.891552022,1.281251207,-0.624643144
0.490931763,-0.053996583,0.814951139,-0.007242047,-0.069236481,-0.789546971,0.609728992,-0.997460835,0.017493722,0.085372877,1.293879399,0.580169002,-0.005217560,0.100424681,-0.010056554,-0.277860193,0.060116352,-0.026423229,-0.035830528,0.489935771,0.879140072,0.034068932,0.043821900,-0.306389755,-1.389956190,-1.170129108,-0.165451838,0.874998957,1.301209729,-0.647138946
0.492437219,-0.061392372,0.815070541,-0.005610683,-0.068051437,-0.787058432,0.613087716,-0.919680635,-0.009015049,0.071317062,1.180162433,0.583703411,-0.004947774,0.105947736,-0.013268566,-0.278414911,0.059215525,-0.032227173,-0.029739623,0.498297190,0.892928647,0.036271194,0.056258626,-0.307589554,-1.383398588,-1.176217001,-0.174398544,0.848467708,1.316663197,-0.664959810
0.493646781,-0.069130550,0.815050800,-0.003973672,-0.067251331,-0.786882161,0.613414977,-0.843110489,-0.024733945,0.054497113,1.050333863,0.593341771,-0.002667468,0.113820749,-0.018627662,-0.275185247,0.057361725,-0.039181970,-0.021862722,0.508542571,0.907567407,0.055883861,0.065381700,-0.321671342,-1.379610985,-1.179983071,-0.178452500,0.818485777,1.329199839,-0.674613714
0.495059568,-0.077338294,0.815137827,-0.002523221,-0.067114383,-0.789893312,0.609555451,-0.766202289,-0.030597229,0.039239841,0.914925846,0.606309267,0.000976491,0.123588193,-0.027795980,-0.267221700,0.054346275,-0.046199790,-0.011219211,0.519926371,0.922330264,0.057950116,0.068444047,-0.340237729,-1.348108083,-1.183205858,-0.176470712,0.792542281,1.338828485,-0.669444363
0.496501087,-0.085941452,0.815027624,-0.001713956,-0.066713507,-0.796253389,0.601271080,-0.689015149,-0.029503052,0.024175358,0.783390323,0.612719122,0.003174429,0.131511878,-0.035251903,-0.255263105,0.051313701,-0.053535430,-0.003231289,0.532368936,0.931984925,0.051174845,0.064163296,-0.364814089,-1.283574546,-1.187528887,-0.167350210,0.774169125,1.345243467,-0.652174715
0.497712582,-0.094926418,0.814179245,-0.001685629,-0.065778519,-0.805366959,0.589113238,-0.610140100,-0.023808843,0.009004962,0.653530341,0.610117415,0.009837141,0.138646648,-0.041087354,-0.240494665,0.048770152,-0.064485835,0.000447181,0.542632689,0.934837050,0.053530394,0.051000038,-0.397231845,-1.200805714,-1.193171490,-0.147901261,0.760045521,1.351619782,-0.632329018
0.498330757,-0.104194891,0.812506551,-0.002306213,-0.063430813,-0.817035617,0.573082904,-0.530224938,-0.006216009,0.008446167,0.523592119,0.597776569,0.021214802,0.142909239,-0.044013208,-0.221483430,0.047769126,-0.079017291,0.000393720,0.543040929,0.927506006,0.063090730,0.034031276,-0.429094337,-1.099155394,-1.201487987,-0.108687440,0.737503535,1.361788309,-0.607845726
0.498630910,-0.113896899,0.810229377,-0.004430730,-0.059482580,-0.830005985,0.554555908,-0.443696103,0.022054693,0.034385116,0.389025315,0.580107072,0.031910011,0.146163390,-0.043445805,-0.197487828,0.050065788,-0.095551250,-0.000295542,0.529271758,0.906008276,0.073463480,0.018316127,-0.447560643,-0.982029090,-1.204713327,-0.056286640,0.699380993,1.365300351,-0.554859435
0.499358814,-0.124112851,0.807337537,-0.008245122,-0.053842500,-0.843189141,0.534850517,-0.348322541,0.054917079,0.082591194,0.250075721,0.561583871,0.034641527,0.144105431,-0.039717172,-0.168898280,0.065769133,-0.118202113,-0.000761416,0.499688569,0.861530324,0.080881658,0.005769965,-0.448734300,-0.873355635,-1.183031102,-0.015251527,0.655619054,1.324160493,-0.445127810
0.500646156,-0.134341376,0.803965053,-0.012044235,-0.047501163,-0.855063668,0.516202189,-0.252259655,0.079273976,0.142883061,0.120010238,0.541763480,0.011813617,0.131960922,-0.037491284,-0.141188909,0.102492328,-0.151334441,-0.001233547,0.449668632,0.779398432,0.088966607,0.001892503,-0.440970794,-0.791529700,-1.124546516,-0.001483678,0.641205209,1.201841291,-0.292388694
0.501541562,-0.143982743,0.800370307,-0.014825791,-0.042314670,-0.864297506,0.500978529,-0.166255033,0.090211476,0.211380108,0.024966238,0.501297834,-0.053679538,0.115256021,-0.039621346,-0.120293869,0.152303135,-0.192268980,-0.000644528,0.373155272,0.637151399,0.108502245,0.010408691,-0.415005631,-0.726361285,-1.041809948,-0.000434364,0.687707097,1.001315525,-0.187249460
0.501384443,-0.152209677,0.796744275,-0.017226573,-0.039484778,-0.869031851,0.492877105,-0.112442789,0.092857322,0.265413698,0.000000000,0.408699694,-0.128276149,0.102283921,-0.043573738,-0.112423807,0.209243291,-0.240579762,0.000733199,0.267597438,0.419641369,0.145633226,0.026119232,-0.315470591,-0.649883222,-0.952843625,-0.004732735,0.779844411,0.761301255,-0.186412323
0.500647815,-0.158922886,0.793450114,-0.020345750,-0.038543980,-0.868388805,0.493964873,-0.083326406,0.092357154,0.285221892,0.000315585,0.309975882,-0.170469239,0.104395660,-0.043656006,-0.117000038,0.253789428,-0.284313804,0.002425805,0.149624371,0.179640586,0.219085846,0.026428237,-0.124668971,-0.551828743,-0.828051204,-0.052771643,0.844627230,0.521287809,-0.229884355
0.499991071,-0.164640219,0.789558614,-0.023905447,-0.037866789,-0.861503584,0.505772885,-0.072477860,0.089964805,0.271800285,0.000632201,0.242295387,-0.174168024,0.126013101,-0.036026900,-0.132416704,0.265745362,-0.311552364,0.003258396,0.034137874,-0.060360150,0.328415502,-0.023254216,0.115332507,-0.428037980,-0.628423396,-0.168140464,0.830727369,0.281275144,-0.188641845
0.499904522,-0.170005188,0.786879703,-0.025821772,-0.035899923,-0.848530047,0.527296114,-0.079276838,0.084398030,0.237038026,0.000225074,0.208622746,-0.157010608,0.157910193,-0.020417293,-0.154484325,0.243347707,-0.319253694,0.002135887,-0.070548021,-0.300360843,0.427782993,-0.148060157,0.355333900,-0.297514655,-0.390528988,-0.285342937,0.723492988,0.078503743,-0.054065901
0.500191989,-0.176048531,0.785489843,-0.024205878,-0.034482626,-0.831194172,0.554383687,-0.096053694,0.069284135,0.193350433,0.000000758,0.201305026,-0.137576165,0.191332946,-0.004947276,-0.177084175,0.198968455,-0.312921474,-0.000998261,-0.155992759,-0.540361497,0.459424039,-0.331230726,0.595335211,-0.162071029,-0.150530409,-0.325249856,0.522924183,-0.038979943,0.172806681
0.499307744,-0.182059058,0.785373717,-0.019115672,-0.035788444,-0.814077882,0.579336673,-0.111734995,0.045472522,0.157288436,0.000000904,0.213928845,-0.127084018,0.219845798,0.004527723,-0.190212035,0.151242747,-0.301915126,-0.008549863,-0.214364877,-0.780362106,0.423616649,-0.488005270,0.835336435,-0.023722454,0.089468264,-0.258491549,0.346343246,-0.049796315,0.412805247
0.498640348,-0.185919477,0.785521407,-0.013283232,-0.037613241,-0.802876653,0.594809112,-0.124097061,0.024028097,0.137552078,0.000003933,0.230277305,-0.121146625,0.229092557,0.006608401,-0.189985385,0.131992750,-0.300206171,-0.017117114,-0.249955670,-1.008173801,0.373958890,-0.560862838,1.075337589,0.085409612,0.311002603,-0.149277845,0.241127686,-0.020612269,0.652803895
0.500022089,-0.188555000,0.785778718,-0.007728089,-0.038071204,-0.800675479,0.597837467,-0.133250532,0.009592447,0.136467811,0.000001743,0.239280194,-0.115247599,0.216954075,-0.004184822,-0.182149948,0.146980213,-0.310665684,-0.016369277,-0.265647543,-1.171607735,0.357563467,-0.639220712,1.284347485,0.170971145,0.461106219,-0.128485162,0.174783832,-0.084760984,0.892802622
0.502049772,-0.191206636,0.786195857,-0.002313419,-0.036619111,-0.806382501,0.590254988,-0.138324981,0.004411972,0.148657979,0.000000182,0.236700283,-0.111678065,0.196305436,-0.020384229,-0.173902547,0.168438622,-0.320894989,-0.008307664,-0.265282978,-1.241708304,0.387571964,-0.788439868,1.409032837,0.241895756,0.542688197,-0.169826257,0.134593117,-0.189611167,1.117298787
0.503033713,-0.193519423,0.787115976,0.002601859,-0.034172752,-0.816500627,0.576326452,-0.137189532,0.009719726,0.167321518,0.000000000,0.224934839,-0.116798976,0.180085391,-0.035689702,-0.165226274,0.172032524,-0.318523396,0.002324714,-0.250351744,-1.245262367,0.431030124,-0.886422461,1.440384777,0.283323473,0.579975589,-0.208875295,0.107188897,-0.249684052,1.267376888
0.503369496,-0.195407364,0.788476955,0.006822476,-0.032374901,-0.825954990,0.562764316,-0.135920754,0.013916152,0.181912750,0.000000024,0.216240129,-0.124974549,0.178307540,-0.048212688,-0.153776976,0.148676278,-0.302245375,0.011933999,-0.232622722,-1.225360950,0.449099032,-0.878634128,1.437846336,0.295538615,0.589497268,-0.224677206,0.104941573,-0.255344820,1.313563708
0.503809213,-0.197023129,0.789704216,0.010220532,-0.031117963,-0.831724229,0.554221996,-0.137778931,0.012886868,0.189818179,0.000000012,0.214461130,-0.126981145,0.185937768,-0.055463659,-0.143020133,0.112129604,-0.280243825,0.017485629,-0.222800332,-1.204830931,0.453651702,-0.815456956,1.434644982,0.302036119,0.588915633,-0.232107048,0.107346250,-0.246992153,1.308307781
0.504018157,-0.198238630,0.790356151,0.012180200,-0.029557373,-0.834117824,0.550659114,-0.140138046,0.013190682,0.194650738,0.000000002,0.214225705,-0.125942112,0.196110351,-0.055839222,-0.137287810,0.075882118,-0.258971787,0.019377418,-0.220777925,-1.192799289,0.457514443,-0.791826983,1.425510990,0.303624426,0.585305406,-0.236016938,0.101441055,-0.238975145,1.314247903
0.503803807,-0.199045665,0.790379992,0.013263367,-0.027513359,-0.834289153,0.550480432,-0.142342544,0.016177874,0.198116729,0.000000000,0.211543456,-0.126252007,0.200368933,-0.052040843,-0.136908373,0.056389484,-0.247615272,0.019155143,-0.224386256,-1.194629023,0.461857001,-0.815162585,1.416995988,0.304147687,0.581905190,-0.238394065,0.093139860,-0.234687332,1.330634755
0.503356034,-0.199629687,0.790076986,0.014337359,-0.025647967,-0.833255036,0.552107477,-0.145240456,0.017510673,0.198844246,0.000000000,0.207498269,-0.125999319,0.199145966,-0.047994196,-0.139102719,0.052633077,-0.246416210,0.018154085,-0.231186017,-1.202595125,0.461716978,-0.835517791,1.417990797,0.309966243,0.582098657,-0.238429578,0.084378832,-0.234890169,1.346370366
0.502788601,-0.200097000,0.789755807,0.015266481,-0.024207192,-0.832104502,0.553879991,-0.147650993,0.017415354,0.196027320,0.000000000,0.203986470,-0.124709007,0.196683654,-0.044563748,-0.139701888,0.053847016,-0.248313581,0.016287860,-0.238098552,-1.206627458,0.457904087,-0.824787490,1.423353141,0.318888655,0.587926610,-0.239067459,0.075435704,-0.238598703,1.358812180
0.502215482,-0.200461614,0.789528303,0.016243164,-0.022864917,-0.831620632,0.554635448,-0.150627278,0.018899547,0.192735046,0.000000000,0.202210675,-0.124878930,0.194134598,-0.041910858,-0.138756225,0.053701705,-0.248946265,0.014765565,-0.242630638,-1.211664048,0.457345094,-0.820215117,1.424688514,0.327969845,0.596033312,-0.241242400,0.069364635,-0.240580910,1.363576355
0.501554414,-0.200678115,0.789374818,0.017320054,-0.021592064,-0.831909673,0.554220258,-0.153646730,0.021467405,0.191180902,0.000000000,0.201101091,-0.126474181,0.191577327,-0.040709445,-0.137180408,0.052646088,-0.248743111,0.014293496,-0.244810993,-1.220962869,0.460948558,-0.832654537,1.424954591,0.337488236,0.603124521,-0.241314269,0.065882025,-0.240831717,1.358657837
0.500738225,-0.200799218,0.789295733,0.018143078,-0.020456817,-0.832722124,0.553015562,-0.155946051,0.025397975,0.191864670,0.000000000,0.200130829,-0.129194098,0.189036669,-0.039340863,-0.135347570,0.051519204,-0.247909466,0.013750991,-0.245722289,-1.229085700,0.465510095,-0.842422337,1.426439720,0.344874364,0.609284023,-0.238216848,0.060907526,-0.241570443,1.352850460
0.499963335,-0.201085678,0.789334724,0.018669018,-0.019915218,-0.833903386,0.551234972,-0.156167009,0.027877825,0.194217794,0.000000000,0.198918523,-0.131410851,0.187112288,-0.038947147,-0.133425163,0.051064773,-0.247125284,0.013308231,-0.245350865,-1.232399762,0.469396769,-0.840567322,1.427751930,0.349613018,0.614785909,-0.237758254,0.054373755,-0.243198711,1.350328088
0.499186366,-0.201563620,0.789391165,0.019112922,-0.019903082,-0.835425016,0.548911291,-0.154729734,0.029093285,0.198243861,0.000000000,0.197394422,-0.132809052,0.186478414,-0.040031527,-0.131077025,0.050621840,-0.246776780,0.013437358,-0.243813725,-1.234513412,0.474889593,-0.838577767,1.427329873,0.353368800,0.620749985,-0.243398783,0.050297033,-0.247183079,1.348990299
0.498353049,-0.202132593,0.789453371,0.019517000,-0.020137445,-0.837110785,0.546314107,-0.152713394,0.029879261,0.202641028,0.000000000,0.195893915,-0.134140826,0.186486627,-0.041873295,-0.127895624,0.050064233,-0.246689503,0.013778484,-0.242017433,-1.237486335,0.482171914,-0.843870550,1.426700357,0.357395630,0.626469148,-0.249904044,0.044944757,-0.252022897,1.349868653
0.497330661,-0.202802043,0.789510773,0.019697678,-0.020535036,-0.838944441,0.543472666,-0.149745692,0.031166825,0.206618830,0.000000000,0.193993076,-0.135876976,0.187126200,-0.043503639,-0.123400467,0.049469616,-0.246654584,0.013728921,-0.240212281,-1.239281161,0.490654567,-0.850478028,1.425908615,0.361656656,0.636383147,-0.254949891,0.039487340,-0.256886552,1.352926413
0.496183544,-0.203525543,0.789546864,0.019752967,-0.021027593,-0.840829273,0.540531030,-0.146319347,0.032808183,0.209418968,0.000000000,0.191726133,-0.138122508,0.188357335,-0.044725444,-0.118503794,0.048605117,-0.246683682,0.013267067,-0.238484868,-1.239869940,0.498900401,-0.854549210,1.424770831,0.363952375,0.647505699,-0.257561736,0.033416109,-0.260401254,1.353428241
0.494991647,-0.204201941,0.789528086,0.019769228,-0.021554286,-0.842552613,0.537819379,-0.142979813,0.034174472,0.211138060,0.000000001,0.189240992,-0.140364173,0.190374649,-0.045497596,-0.114361362,0.047020782,-0.246779361,0.012478220,-0.237310460,-1.240620382,0.506005300,-0.857290230,1.423931901,0.362807962,0.655286929,-0.257251531,0.026061069,-0.263206358,1.355858578
0.493763107,-0.204829522,0.789485195,0.019946816,-0.022230089,-0.843980088,0.535542304,-0.139644986,0.034309368,0.213051414,0.000000001,0.186549297,-0.141708421,0.192857077,-0.046497691,-0.111468322,0.045427622,-0.247364882,0.011741555,-0.237293262,-1.241731409,0.511676439,-0.859522587,1.424780781,0.362124233,0.661524039,-0.253353046,0.018901372,-0.267590985,1.361472293
0.492551033,-0.205456379,0.789483465,0.020300617,-0.023162528,-0.845120549,0.533687774,-0.136350075,0.032742826,0.215868031,0.000000000,0.184480711,-0.142037263,0.194645737,-0.048598602,-0.109488676,0.045497493,-0.249011561,0.011412522,-0.238123078,-1.241787087,0.516436672,-0.860456992,1.425876841,0.362873822,0.667272352,-0.246419397,0.009904257,-0.272169542,1.364270258
0.491193493,-0.205932578,0.789403749,0.020425864,-0.023709618,-0.845957527,0.532331195,-0.133895377,0.033323493,0.218749131,0.000000039,0.182757733,-0.142813575,0.197484409,-0.047805194,-0.107911115,0.043020434,-0.249215730,0.009562752,-0.240036744,-1.241092221,0.519985318,-0.858054306,1.427079775,0.359581307,0.668777891,-0.238143311,-0.003913990,-0.272063546,1.375687396
0.489775589,-0.206335379,0.789374266,0.020887645,-0.023997849,-0.846864709,0.530855888,-0.132802386,0.034794485,0.222593293,0.000000191,0.182723977,-0.145277351,0.197303938,-0.048294339,-0.106094501,0.043836967,-0.250607596,0.008666166,-0.241824595,-1.239616120,0.522567448,-0.850425146,1.428587616,0.350292478,0.670286465,-0.233331013,-0.015053634,-0.269174793,1.397881505
0.488282826,-0.206913002,0.789385872,0.021543237,-0.024774581,-0.848048466,0.528900660,-0.130314740,0.034204431,0.228200142,0.000000330,0.181611869,-0.147230857,0.195879138,-0.051045625,-0.104261041,0.048825813,-0.254614294,0.008835580,-0.243287134,-1.235377052,0.524847642,-0.838432473,1.429633957,0.336960444,0.679051469,-0.234747713,-0.019285448,-0.270050054,1.414748276
0.486463875,-0.207353287,0.789322534,0.021860101,-0.025362227,-0.849640882,0.526297696,-0.126863546,0.034340820,0.236162325,0.000000011,0.178539271,-0.148387182,0.195928896,-0.052159486,-0.102546670,0.051572550,-0.257603730,0.008065817,-0.244228139,-1.228766396,0.527964705,-0.826586824,1.426105854,0.323262441,0.686674297,-0.233871683,-0.025787796,-0.273299348,1.417561834
0.484317386,-0.207409295,0.789242799,0.021949382,-0.025207264,-0.851888894,0.522654887,-0.124904293,0.038911001,0.246972643,0.000004400,0.176740735,-0.151471435,0.196189485,-0.050872586,-0.100053915,0.050327329,-0.257471572,0.006695097,-0.243703542,-1.221388529,0.531023919,-0.813580700,1.417283035,0.306967196,0.691762836,-0.229060345,-0.032593171,-0.274634027,1.405757736
0.481844264,-0.207267683,0.789244577,0.021644352,-0.025188807,-0.854968476,0.517615641,-0.122003411,0.044251368,0.260384490,0.000027498,0.176242607,-0.155925719,0.197048169,-0.049763056,-0.096770680,0.048188546,-0.256145048,0.005474706,-0.241903287,-1.209777629,0.531156494,-0.788911811,1.405499956,0.283801141,0.698624874,-0.223644577,-0.036591886,-0.276222059,1.376849772
0.478996191,-0.206875056,0.789289596,0.020945656,-0.025432493,-0.858988690,0.510933360,-0.117206532,0.050417497,0.275803187,0.000053823,0.176286945,-0.162150181,0.194971986,-0.049302866,-0.092194632,0.052969647,-0.257828977,0.004258779,-0.239210299,-1.194196174,0.527155826,-0.750161116,1.392230963,0.252354085,0.708124818,-0.218213188,-0.033675945,-0.280447481,1.333473723
0.475902108,-0.206016995,0.789250312,0.020121579,-0.025522579,-0.863869786,0.502665607,-0.110323862,0.059611231,0.292546340,0.000000000,0.174936042,-0.171080944,0.181868156,-0.049336345,-0.085357389,0.079028103,-0.269728274,0.002744513,-0.236679665,-1.178276353,0.517557064,-0.704638984,1.378692824,0.211863567,0.714236200,-0.212330667,-0.023542844,-0.283941443,1.286056127
0.472623331,-0.204676393,0.788779727,0.019512012,-0.025892846,-0.869728291,0.492464762,-0.103086046,0.068859439,0.310556337,0.000364802,0.171461547,-0.178783928,0.156584170,-0.051128129,-0.075401645,0.130353620,-0.294990787,0.000839712,-0.235305868,-1.164348240,0.502044091,-0.659402544,1.365560901,0.163000994,0.713356754,-0.208733761,-0.011478311,-0.284521970,1.243750424
0.469041563,-0.202965415,0.787826020,0.018957753,-0.026663179,-0.876507251,0.480275669,-0.097192815,0.078379020,0.330591704,0.004643819,0.164881240,-0.183741236,0.127136304,-0.053245157,-0.062525019,0.190194591,-0.324521439,-0.001821447,-0.235543416,-1.151364545,0.482164504,-0.620140774,1.350950298,0.110044558,0.703838386,-0.205430422,0.000327480,-0.270143044,1.205645189
0.465156058,-0.200669726,0.786649477,0.018254786,-0.027146376,-0.884255550,0.465856158,-0.092594494,0.091033617,0.354736165,0.016133672,0.152677925,-0.187695311,0.096925382,-0.052963281,-0.046232528,0.247537000,-0.350991406,-0.005974654,-0.237831862,-1.139333760,0.458023333,-0.591322996,1.332909914,0.061144692,0.675383062,-0.199064291,0.011227737,-0.223415520,1.161991694
0.461043804,-0.197677707,0.785425393,0.017217637,-0.026916875,-0.893111651,0.448698800,-0.088157718,0.108295569,0.384309125,0.033532909,0.135616163,-0.193148758,0.067526051,-0.049316721,-0.026697530,0.297334583,-0.371021730,-0.011077417,-0.241764075,-1.129202582,0.427770216,-0.567797965,1.313044689,0.017660756,0.622912029,-0.188311318,0.022812827,-0.142422411,1.111683148
0.456758389,-0.194322222,0.784308939,0.015375909,-0.026530072,-0.903234271,0.428050918,-0.081785796,0.128041905,0.417670793,0.057475667,0.114339417,-0.200728048,0.044235702,-0.046112277,-0.004429707,0.336426316,-0.384852602,-0.014034870,-0.246884102,-1.120102652,0.390102306,-0.543562596,1.294699310,-0.027113978,0.553025688,-0.182125385,0.042109443,-0.034840962,1.053576078
0.452150549,-0.190266422,0.783290529,0.012718593,-0.025257119,-0.914911911,0.402661781,-0.073657836,0.153061421,0.451577872,0.088443679,0.088983393,-0.210981545,0.024932328,-0.038877341,0.021723651,0.366140217,-0.392514064,-0.017425971,-0.251748615,-1.113766102,0.345142626,-0.520755392,1.277857808,-0.076875212,0.467545990,-0.190383761,0.080769024,0.079590936,0.995839737
0.447443537,-0.185322337,0.782394218,0.010079607,-0.022878212,-0.927564425,0.372826001,-0.069589149,0.185856087,0.483020467,0.134730195,0.063749846,-0.224320133,0.005558191,-0.027634344,0.053867644,0.391066714,-0.396044836,-0.022064090,-0.255601548,-1.106737163,0.294575256,-0.494720233,1.253120229,-0.131329473,0.371355143,-0.213483520,0.137233173,0.169247464,0.940246622
0.442821833,-0.179752994,0.782007194,0.006991133,-0.019600676,-0.940618059,0.338828282,-0.073715457,0.229353150,0.509726149,0.207893012,0.044626736,-0.240056544,-0.011895543,-0.013063672,0.091547798,0.408495376,-0.393151222,-0.027025385,-0.258011734,-1.088463898,0.238587629,-0.464334724,1.203170630,-0.193194110,0.263185288,-0.241491383,0.206344578,0.251162023,0.866521684
0.438130693,-0.173919205,0.781968863,0.002884734,-0.015409568,-0.953368716,0.301400589,-0.084275140,0.283934410,0.527262875,0.304826714,0.040112575,-0.256420648,-0.024613629,0.005739154,0.133268584,0.416025701,-0.381931325,-0.032304862,-0.260117650,-1.053706514,0.182984434,-0.450975971,1.120112192,-0.265082025,0.142799078,-0.261914787,0.288419019,0.348020440,0.770470591
0.433294621,-0.168131867,0.781288293,-0.001441590,-0.010393893,-0.965237401,0.261164027,-0.100633827,0.347193642,0.527540474,0.417379398,0.056792990,-0.263690440,-0.034233596,0.028072901,0.179765134,0.417549244,-0.364278775,-0.037522648,-0.262654492,-1.011388162,0.133155723,-0.474499740,1.017445085,-0.341758096,0.012782102,-0.279705871,0.390782315,0.452049078,0.678126057
0.428022259,-0.162669002,0.781334978,-0.006009999,-0.005535303,-0.975681199,0.219042093,-0.117430585,0.405571956,0.497799335,0.533034254,0.096477004,-0.230552551,-0.039581700,0.051747465,0.231156880,0.417625353,-0.343702482,-0.043088368,-0.267084819,-0.973496309,0.088571724,-0.522691352,0.917151992,-0.416872262,-0.113379190,-0.281999477,0.512926452,0.550955374,0.600768016
0.422592649,-0.158143612,0.781481488,-0.010606450,-0.002536348,-0.984258013,0.176400775,-0.132548760,0.439624986,0.438755291,0.639383364,0.154154259,-0.164875580,-0.038756557,0.069020305,0.282674683,0.418544681,-0.328633307,-0.047065074,-0.272947917,-0.942692424,0.047198897,-0.577607141,0.824211455,-0.486453763,-0.227646259,-0.268848546,0.639203496,0.638200754,0.534962981
0.417673139,-0.154749814,0.781310460,-0.013916169,-0.001652426,-0.990867806,0.134106676,-0.151249338,0.438590687,0.355820909,0.731293176,0.216071970,-0.098066526,-0.040414194,0.078521364,0.327908580,0.427760815,-0.324426070,-0.049794646,-0.280166953,-0.917315746,0.015136088,-0.638457735,0.730588367,-0.551838513,-0.339987525,-0.247186425,0.765951385,0.707405229,0.484465315
0.413053417,-0.152221061,0.780858690,-0.016208516,-0.002519512,-0.995504935,0.093278398,-0.172511509,0.408361882,0.271733908,0.807686465,0.261913043,-0.053796362,-0.045128679,0.083103318,0.358060742,0.445764889,-0.328571709,-0.053666548,-0.289650529,-0.892941551,0.001312103,-0.706088429,0.626573348,-0.621737951,-0.443671387,-0.220635909,0.890313605,0.761871741,0.441244400
0.408248607,-0.150262928,0.780542659,-0.018145482,-0.005120462,-0.998325731,0.054683252,-0.192719187,0.368945876,0.221700590,0.871050813,0.280566485,-0.029505704,-0.049574035,0.081896594,0.366795528,0.468127508,-0.336796052,-0.059097781,-0.300244032,-0.872112201,0.000006744,-0.774616839,0.516617731,-0.701930338,-0.532100246,-0.189757917,1.009463725,0.813859843,0.386624245
0.402995475,-0.148955996,0.780525145,-0.019993679,-0.009512191,-0.999571411,0.019151122,-0.209095343,0.335700584,0.226613373,0.916246520,0.269409658,-0.015884454,-0.050688019,0.072763684,0.353195705,0.488764978,-0.347614601,-0.063902162,-0.310284311,-0.856733681,0.000198874,-0.838932521,0.410979250,-0.778201146,-0.599378619,-0.158038967,1.117782009,0.864699306,0.322384294
0.397423941,-0.148165143,0.780230272,-0.021106635,-0.014165330,-0.999583459,-0.013666098,-0.226379510,0.309693814,0.261528404,0.942355376,0.237039158,-0.007808632,-0.052057534,0.058778442,0.328162682,0.506693521,-0.362853994,-0.065352998,-0.320758842,-0.840599430,0.000104329,-0.900472419,0.301251785,-0.807476292,-0.660054454,-0.125511136,1.219048108,0.905351818,0.267823932
0.391674451,-0.147782100,0.779445471,-0.021195119,-0.019016824,-0.998625650,-0.043999301,-0.247413119,0.286475687,0.305027668,0.949132020,0.191585769,-0.008333674,-0.055448858,0.041349621,0.301508066,0.522289408,-0.382593550,-0.061474906,-0.332661278,-0.830758204,0.000021347,-0.954739265,0.186221925,-0.790771884,-0.713209544,-0.093394987,1.313434759,0.929904121,0.221683319
0.385939403,-0.147772235,0.778380501,-0.020680020,-0.024293004,-0.996859451,-0.072480486,-0.272105163,0.261833693,0.344226625,0.936845421,0.146090058,-0.017586092,-0.058732653,0.019658425,0.279800161,0.534857647,-0.406304110,-0.052536446,-0.344651914,-0.839986751,0.000005313,-0.998979254,0.082125208,-0.791403537,-0.754472999,-0.067244367,1.396393280,0.934241228,0.171476265
0.380112280,-0.147815913,0.777510307,-0.020768008,-0.028108337,-0.994348249,-0.100250545,-0.295368038,0.244705822,0.377244180,0.907634200,0.110283846,-0.032641828,-0.057540614,0.000873328,0.264737981,0.540432440,-0.425543468,-0.041778884,-0.353702486,-0.858822525,0.000006139,-1.033568194,0.013987424,-0.846756862,-0.777022219,-0.047197964,1.462208700,0.922228124,0.115633636
0.373837771,-0.147930738,0.777028799,-0.021389440,-0.031153992,-0.991134087,-0.127377951,-0.313045912,0.228989029,0.404516205,0.856864457,0.087818670,-0.050769430,-0.054409028,-0.015644455,0.254045191,0.543033241,-0.438863194,-0.032788794,-0.357882651,-0.880687700,0.000005345,-1.059849019,-0.032778316,-0.928716030,-0.783260059,-0.026478004,1.508398635,0.911376382,0.069272073
0.367100322,-0.148354385,0.776492152,-0.021322312,-0.034652228,-0.987231736,-0.154006760,-0.327481379,0.211634455,0.428781749,0.789712957,0.076353662,-0.071009788,-0.055056975,-0.031811887,0.242354480,0.549641770,-0.452361624,-0.025303621,-0.356222186,-0.902468901,0.000004521,-1.080024317,-0.081388686,-0.992500137,-0.790605239,-0.008285633,1.540885065,0.905958302,0.031457625
0.359776020,-0.149123788,0.775844075,-0.020491164,-0.038072164,-0.982615239,-0.180548925,-0.339172967,0.197315766,0.448620721,0.710236484,0.082140101,-0.087206390,-0.058494250,-0.049100620,0.228899224,0.558820727,-0.466938188,-0.016522245,-0.348296256,-0.921146428,0.000004123,-1.094921076,-0.130424170,-1.034389258,-0.800745382,-0.000917856,1.561759781,0.892166850,-0.007760805
0.351771371,-0.150132715,0.775284459,-0.019318377,-0.040934548,-0.977220172,-0.207344877,-0.347639454,0.189185965,0.461198850,0.623184769,0.108557340,-0.095744959,-0.061148737,-0.068370232,0.215287706,0.565469631,-0.480339013,-0.004965220,-0.334863086,-0.935696621,0.000003889,-1.105213055,-0.174261799,-1.065903527,-0.808225131,-0.000011502,1.573313971,0.869997203,-0.042786645
0.343057518,-0.151373804,0.773880487,-0.017927434,-0.043288961,-0.971012387,-0.234392017,-0.353162146,0.186212589,0.463975018,0.534026929,0.150441942,-0.100082905,-0.062601294,-0.089118679,0.203935149,0.568814209,-0.491984738,0.009018111,-0.317041456,-0.946110381,0.000003665,-1.110718373,-0.210585221,-1.091964156,-0.814324881,-0.000083050,1.581357969,0.848936362,-0.068738563
0.333462075,-0.152817438,0.772644206,-0.016005202,-0.045026407,-0.964024481,-0.261482801,-0.356795937,0.188629340,0.455179861,0.448088615,0.205394120,-0.107421180,-0.064564162,-0.110453103,0.199242168,0.570140026,-0.502334908,0.025739226,-0.295803969,-0.952646841,0.000003428,-1.112770916,-0.239031853,-1.100677726,-0.821314103,-0.000053833,1.587931776,0.833838991,-0.080488376
0.323061468,-0.154312813,0.771130036,-0.013577854,-0.045912878,-0.956393643,-0.288129916,-0.359772572,0.197247341,0.441543470,0.369483998,0.268702590,-0.117191161,-0.065863520,-0.132297888,0.201969650,0.568007121,-0.511388007,0.045336280,-0.273006355,-0.955191047,0.000003224,-1.114260492,-0.260513171,-1.084290325,-0.829732287,-0.000026636,1.591234087,0.821419124,-0.077204077
0.311867006,-0.155892763,0.769443056,-0.010709378,-0.045558706,-0.948450442,-0.313450911,-0.363067872,0.212903650,0.432411525,0.302209701,0.332660633,-0.123963395,-0.063243550,-0.155124852,0.209381867,0.557783426,-0.517490757,0.068279773,-0.250515176,-0.949136457,0.000003515,-1.115843856,-0.270954523,-1.051752527,-0.841701031,-0.000010625,1.586813046,0.807270616,-0.063602003
0.299839446,-0.157563308,0.767838116,-0.007574898,-0.043419078,-0.940877314,-0.335867958,-0.365124953,0.230868727,0.430080694,0.244655105,0.385626996,-0.123338124,-0.055545966,-0.175896964,0.214708240,0.537607209,-0.518052628,0.092168769,-0.230407097,-0.928658365,0.000003889,-1.116766055,-0.263559194,-1.019497162,-0.853050634,-0.000003452,1.565790396,0.792585845,-0.031908041
0.286777441,-0.159154078,0.766416083,-0.004870177,-0.039581878,-0.934604884,-0.353444857,-0.364512501,0.243453695,0.427276300,0.195737321,0.423736662,-0.118247960,-0.038555046,-0.193865095,0.210755221,0.505911272,-0.512644126,0.114454291,-0.214076491,-0.893996345,0.000000072,-1.112348218,-0.245253275,-1.000616036,-0.851066295,-0.000183355,1.525571191,0.790716552,0.025419841
0.272439802,-0.160499081,0.764786451,-0.002905550,-0.033851615,-0.930940923,-0.363585786,-0.365683825,0.250404446,0.416103441,0.164086730,0.454358446,-0.125842098,0.000521909,-0.214053115,0.191989645,0.447820697,-0.497760925,0.139147138,-0.201581644,-0.836343061,0.000041667,-1.102524825,-0.227582211,-0.990061338,-0.834316055,-0.000304068,1.467753829,0.815453220,0.084233304
0.257262458,-0.161495348,0.762880072,-0.001358452,-0.026431895,-0.930352119,-0.365710874,-0.371722086,0.253578067,0.406742084,0.153909015,0.465809655,-0.142891840,0.066617038,-0.234274164,0.152849428,0.351701322,-0.465717212,0.167116383,-0.190643281,-0.755571443,0.000441988,-1.091745324,-0.215454890,-0.980226629,-0.801542798,-0.000250462,1.390667534,0.854520103,0.136073496
0.242011893,-0.162428413,0.760412614,-0.000501972,-0.017720956,-0.933114890,-0.359141084,-0.385108156,0.254772058,0.412162679,0.170557421,0.426372632,-0.143755624,0.156612400,-0.246419242,0.088768772,0.221508597,-0.414735209,0.195048863,-0.178480868,-0.666859598,0.001293678,-1.077660460,-0.196047470,-0.966746791,-0.750016687,-0.012982019,1.293481337,0.861140376,0.160083161
0.227933291,-0.163966288,0.756060838,-0.000990231,-0.007018775,-0.938827263,-0.344315447,-0.407129978,0.258416396,0.424745806,0.217812827,0.335000758,-0.112020761,0.249606110,-0.238316936,0.007754048,0.097110476,-0.361288703,0.214056759,-0.165806428,-0.585053672,0.002048418,-1.049344411,-0.114277190,-0.932953766,-0.666813436,-0.078509792,1.175652042,0.784814222,0.129318597
0.215546234,-0.166091594,0.750757719,-0.002917576,0.004089193,-0.946214516,-0.323500936,-0.437692606,0.264664495,0.426164774,0.290448937,0.234190211,-0.058137988,0.317511835,-0.212875442,-0.073455770,0.035959711,-0.335626450,0.214368137,-0.152015721,-0.519711722,0.003585117,-0.993721454,0.031115554,-0.853184011,-0.518172593,-0.203262298,1.030461750,0.616174174,0.069505356
0.204326597,-0.167629338,0.746222753,-0.006320305,0.011419934,-0.953709603,-0.300445723,-0.473744776,0.266455688,0.415010458,0.373538416,0.169278105,-0.014190644,0.361837576,-0.186321174,-0.139317044,0.038568876,-0.339250240,0.194416195,-0.132319655,-0.468512009,0.031884820,-0.885483904,0.207358113,-0.715755920,-0.281285530,-0.314698868,0.833490737,0.416519044,0.100466403
0.193529174,-0.166513300,0.742188808,-0.009433302,0.015244711,-0.960463165,-0.277829299,-0.506807272,0.264262834,0.403131379,0.455516349,0.119925991,0.010723126,0.400262294,-0.163181136,-0.183316115,0.049142287,-0.348217539,0.178354663,-0.113966031,-0.388749421,0.101545517,-0.719072752,0.399668569,-0.522624228,-0.028823625,-0.334188111,0.601086834,0.283501488,0.224331195
0.183616393,-0.162917748,0.737637190,-0.009928353,0.015446118,-0.966349854,-0.256575145,-0.540830690,0.259660700,0.399906242,0.536198849,0.070022614,0.027808424,0.430422062,-0.144543286,-0.210161976,0.050460325,-0.363993050,0.175727253,-0.109472337,-0.345008992,0.184900283,-0.523246467,0.637573398,-0.293289629,0.208360848,-0.253237690,0.360520444,0.180360951,0.433425127
0.174988177,-0.159034862,0.732714933,-0.008233482,0.012742961,-0.971007859,-0.238565642,-0.572512571,0.253429073,0.408584550,0.609037098,0.020633045,0.043989174,0.450683862,-0.134813025,-0.230037974,0.050946914,-0.387061286,0.177954710,-0.121837896,-0.391283735,0.262407084,-0.377819643,0.879507807,-0.091008529,0.442919082,-0.121225045,0.157183288,0.041563191,0.673620033
0.167603355,-0.157208358,0.728121311,-0.005273028,0.010124659,-0.974230134,-0.225267247,-0.600077388,0.247411111,0.421339724,0.668662036,-0.022450470,0.061341278,0.462706132,-0.129501862,-0.245711512,0.052067862,-0.408153584,0.174116764,-0.137307581,-0.476865093,0.332734168,-0.325643860,1.121377048,0.034881173,0.619602580,-0.042155570,0.036270864,-0.094848768,0.913808373
0.161672879,-0.157203097,0.724137954,-0.001429050,0.009732969,-0.976002835,-0.217535501,-0.625162482,0.247289910,0.428556565,0.714884570,-0.054804397,0.075288643,0.469246075,-0.123575036,-0.252741688,0.048296824,-0.421216815,0.167456016,-0.150115978,-0.537195021,0.387598682,-0.378940971,1.320255541,0.109206819,0.697121246,-0.042976555,0.016104463,-0.146757961,1.143224346
0.157130799,-0.157214402,0.720225494,0.002840756,0.010157089,-0.976798624,-0.213900006,-0.650241420,0.255674140,0.431595553,0.752676396,-0.076488573,0.082567168,0.471846335,-0.121435358,-0.251414744,0.045981625,-0.431177105,0.174914180,-0.162757816,-0.558792123,0.436028867,-0.508193450,1.425379131,0.176415971,0.724204022,-0.059910386,0.030072117,-0.163768318,1.292305361
0.152998432,-0.157605198,0.716692248,0.007344403,0.009616149,-0.977129172,-0.212302073,-0.673554197,0.261071898,0.431818026,0.783197740,-0.093167345,0.086654645,0.469363165,-0.127435423,-0.247946854,0.050883962,-0.439907750,0.196172014,-0.168693893,-0.562095450,0.466589492,-0.641306326,1.436844952,0.240778264,0.736162284,-0.067341553,0.024366871,-0.176220378,1.348019652
0.148712928,-0.158455258,0.714448954,0.011514955,0.008529169,-0.977288845,-0.211426520,-0.690282577,0.258078593,0.426572840,0.807994993,-0.111407992,0.088693689,0.465010950,-0.134144765,-0.249211851,0.056111323,-0.444708381,0.209482625,-0.165746903,-0.570146913,0.472278511,-0.704447610,1.405342690,0.293727603,0.745504254,-0.065509800,0.003927701,-0.187516832,1.332406748
0.144915644,-0.158950113,0.713461383,0.014877237,0.008182297,-0.977285612,-0.211245239,-0.699704662,0.255986320,0.417309981,0.827226609,-0.128557113,0.086228929,0.461731765,-0.136635770,-0.250397531,0.057110931,-0.444332359,0.207600799,-0.154906317,-0.586291627,0.451372387,-0.673972035,1.397630647,0.317347303,0.758510924,-0.056619470,-0.014723278,-0.189903130,1.284633063
0.142173428,-0.158773724,0.713060772,0.017772459,0.008221893,-0.977454496,-0.210236175,-0.706510945,0.255152206,0.408512945,0.839213240,-0.139559117,0.082694562,0.460109935,-0.134645479,-0.248544237,0.054760404,-0.442812954,0.199026284,-0.147204709,-0.602235082,0.430304067,-0.612578801,1.401772983,0.319795704,0.776948837,-0.047271924,-0.022559692,-0.190829594,1.222983210
0.139952278,-0.158243373,0.712710224,0.020911104,0.008500711,-0.977770643,-0.208458709,-0.714446054,0.255729980,0.402419222,0.847877976,-0.146699294,0.080767810,0.458015292,-0.130106894,-0.244525424,0.052016454,-0.441181383,0.192964665,-0.145100199,-0.616724716,0.425121189,-0.609315052,1.397030673,0.318050957,0.790362730,-0.039730126,-0.015458964,-0.188123144,1.154236826
0.137968741,-0.157637821,0.712197309,0.024840933,0.008822369,-0.977957365,-0.207133981,-0.724466171,0.258143030,0.399758058,0.856596917,-0.153426250,0.080195427,0.453276464,-0.125931676,-0.239329737,0.050076313,-0.439698798,0.192255329,-0.146780657,-0.630157437,0.432964478,-0.651301741,1.386732849,0.317096859,0.793824619,-0.034461880,-0.001559611,-0.181286957,1.086306208
0.136169926,-0.157253302,0.711467184,0.029779883,0.008352904,-0.977962767,-0.206475698,-0.736764829,0.259122293,0.400475745,0.865621726,-0.160814971,0.081523630,0.445005825,-0.124772600,-0.235333886,0.049863348,-0.440321728,0.197466453,-0.150028761,-0.640516874,0.442478250,-0.678423101,1.380393645,0.318651378,0.793997931,-0.029882482,-0.000554815,-0.184344736,1.037911527
0.134184353,-0.156982278,0.710699150,0.034744592,0.006652816,-0.977916069,-0.205982316,-0.748366066,0.255799260,0.402924756,0.873941320,-0.168993572,0.084219431,0.436140810,-0.127332847,-0.234032635,0.050993815,-0.443180447,0.205367765,-0.153230116,-0.645364271,0.447462134,-0.668177143,1.379705460,0.323475092,0.799797215,-0.021843036,-0.022082789,-0.200760231,1.028945373
0.131883542,-0.156397334,0.710153252,0.039560594,0.004863219,-0.977765363,-0.205879100,-0.757829554,0.252687244,0.403631011,0.881164818,-0.177035050,0.084772066,0.428250970,-0.130077636,-0.232223364,0.051004365,-0.444511044,0.210285901,-0.154293749,-0.647603826,0.450435790,-0.656733831,1.379460592,0.333098908,0.809600632,-0.013710745,-0.048255713,-0.203577084,1.045990291
0.129578018,-0.155602754,0.709453874,0.045206181,0.003953092,-0.977442337,-0.206269850,-0.770302878,0.255860655,0.401719069,0.891008684,-0.185206957,0.082246564,0.418959630,-0.129845967,-0.226588398,0.049039670,-0.444883984,0.211767842,-0.152753548,-0.653279941,0.453455985,-0.665244840,1.378289077,0.344919642,0.811352513,-0.007535924,-0.060378030,-0.194374606,1.050169079
0.127042264,-0.154922729,0.708731426,0.051083405,0.003045679,-0.977149660,-0.206300147,-0.783326874,0.257502925,0.398224272,0.901429040,-0.194181394,0.079892754,0.410201119,-0.129048472,-0.222082430,0.046259043,-0.445098823,0.210261004,-0.151267627,-0.661252314,0.454814399,-0.676800181,1.377560203,0.354436914,0.807980841,-0.004455005,-0.062803009,-0.185249188,1.040533148
0.124063189,-0.154305663,0.707673367,0.056919378,0.001900483,-0.976865306,-0.206132836,-0.796836365,0.257686125,0.394204277,0.914893242,-0.206001765,0.077997755,0.402418179,-0.128941406,-0.220503282,0.043983734,-0.446746461,0.208006035,-0.150590184,-0.669617422,0.457029604,-0.679459838,1.375798385,0.360783544,0.804427337,-0.007282701,-0.063854956,-0.186918197,1.037802264
0.120639996,-0.153635685,0.706253329,0.063092026,0.000955772,-0.976440654,-0.206354386,-0.811700760,0.258852189,0.389249968,0.932505324,-0.221237895,0.075659313,0.394225224,-0.129075211,-0.219074483,0.042847257,-0.448998704,0.207207015,-0.149952847,-0.679034211,0.463059229,-0.674490687,1.373192048,0.365034776,0.798068170,-0.012109775,-0.065540403,-0.189604303,1.040603440
0.116518479,-0.152974668,0.704832241,0.069747035,0.000341334,-0.975747186,-0.207491360,-0.826851131,0.261679695,0.383594674,0.952495086,-0.239419023,0.072426380,0.384722773,-0.130254383,-0.213870843,0.042840594,-0.447138450,0.211016226,-0.148759610,-0.690571422,0.474642436,-0.669359330,1.371433790,0.366569936,0.788788803,-0.018837016,-0.064562555,-0.189502477,1.039505277
0.111177384,-0.152507780,0.703714886,0.075710153,-0.000196604,-0.974940600,-0.209185946,-0.837650244,0.263782288,0.378783075,0.973007450,-0.260930175,0.068818709,0.378300283,-0.134194846,-0.206619042,0.042216408,-0.434972759,0.224238472,-0.146225163,-0.699570085,0.482639279,-0.667097746,1.370065095,0.369677714,0.778124214,-0.022973637,-0.065079011,-0.185246124,1.030528322
0.104442166,-0.152301593,0.702981572,0.080655989,-0.000827036,-0.974133889,-0.211085514,-0.842849767,0.263408829,0.374825979,0.993257798,-0.285840366,0.065415236,0.376859118,-0.141081619,-0.201839663,0.040092480,-0.411145859,0.243156030,-0.144865513,-0.705677243,0.487813867,-0.664676117,1.369428837,0.375058961,0.769977239,-0.026444185,-0.066525859,-0.180471577,1.019262905
0.096472645,-0.152434738,0.702777350,0.085298853,-0.001557105,-0.973260731,-0.213272669,-0.843881308,0.259994501,0.371810444,1.011206353,-0.312589529,0.063030933,0.375590234,-0.150391739,-0.200734433,0.040483274,-0.379293975,0.261938174,-0.144371466,-0.711562654,0.492890984,-0.659347985,1.369375322,0.378372124,0.763846869,-0.029085423,-0.069222179,-0.177828000,1.012204987
0.087137787,-0.152730088,0.703092152,0.089567843,-0.001435487,-0.972229932,-0.216204766,-0.840379486,0.259595194,0.371502044,1.028719171,-0.342100930,0.060692852,0.374311417,-0.158868613,-0.200271093,0.042225608,-0.338599111,0.278652187,-0.143602547,-0.718748589,0.499814405,-0.653061133,1.370184942,0.378688182,0.762216163,-0.031712684,-0.071601740,-0.177640379,1.011311531
0.075933172,-0.153128921,0.704520991,0.092462096,-0.000060253,-0.971250190,-0.219371433,-0.825595370,0.261293673,0.375482353,1.043708115,-0.376554887,0.058005401,0.378203620,-0.163670679,-0.199338113,0.038790489,-0.281447169,0.293814366,-0.143822665,-0.725073223,0.509248843,-0.649066172,1.371385582,0.381722339,0.766851876,-0.034663727,-0.072705892,-0.179268686,1.011295208
0.063282651,-0.153857255,0.706958985,0.094350614,0.001378161,-0.970624698,-0.221322745,-0.804175552,0.257119372,0.379403966,1.051410006,-0.409848009,0.056828853,0.385498508,-0.167339733,-0.201444945,0.033389901,-0.209163399,0.307214813,-0.147973855,-0.731308287,0.520350802,-0.647616379,1.370837424,0.388754513,0.767896010,-0.032962513,-0.076098997,-0.178083098,1.006307111
0.049345990,-0.154949086,0.710028627,0.095173906,0.002437180,-0.970354114,-0.222146083,-0.779068615,0.248679302,0.381879519,1.051296406,-0.437737993,0.056005799,0.383349071,-0.177428772,-0.205518069,0.056144982,-0.125521633,0.314827389,-0.155655115,-0.738460204,0.530856106,-0.648350692,1.368954941,0.396472752,0.764790194,-0.032876875,-0.079897493,-0.179274775,1.003448303
0.034118712,-0.156316599,0.714159259,0.094113929,0.002630583,-0.970694216,-0.221107186,-0.747243640,0.232816900,0.382987503,1.044204754,-0.462938234,0.056205225,0.345572806,-0.198195114,-0.202493998,0.161312019,-0.044523840,0.310368897,-0.169175933,-0.745152348,0.539812180,-0.648146772,1.367997519,0.401166613,0.761515840,-0.035820634,-0.083171843,-0.188722806,1.003671285
0.017847296,-0.157764742,0.718007109,0.090415978,0.001571769,-0.971896990,-0.217344707,-0.705437432,0.205788515,0.381943605,1.030749854,-0.488224819,0.058099843,0.268747379,-0.224742698,-0.185198322,0.347789747,0.044576021,0.292884154,-0.190770361,-0.750086866,0.547383380,-0.646754034,1.369233105,0.401975612,0.761681550,-0.036270637,-0.088552787,-0.203811162,1.001276493
0.000677091,-0.159094153,0.720642244,0.083799987,-0.000080539,-0.973792227,-0.211438534,-0.651616417,0.172467665,0.378434987,1.008473487,-0.511350853,0.059904761,0.175697227,-0.241452541,-0.148983970,0.553044599,0.167215025,0.272334970,-0.218361026,-0.753440028,0.553709101,-0.650172506,1.372819043,0.402904702,0.768508258,-0.037403541,-0.091961129,-0.217458699,0.996019721
-0.016697535,-0.160206387,0.724913309,0.075888081,-0.001941624,-0.975854347,-0.204806061,-0.594594112,0.138836316,0.371510988,0.976191185,-0.524862130,0.060766312,0.074389598,-0.240140800,-0.093582852,0.755483963,0.287563456,0.230263531,-0.247789382,-0.757332797,0.560539922,-0.660735408,1.376734807,0.407612387,0.781196541,-0.040718255,-0.091843355,-0.230682417,0.989176492
-0.033468348,-0.160732759,0.728809842,0.068043096,-0.003846611,-0.977719816,-0.198542948,-0.542004029,0.109941682,0.361603900,0.943576241,-0.533063402,0.059805136,-0.032726731,-0.212024623,-0.025616208,0.942801576,0.342947914,0.150123248,-0.276654979,-0.764720152,0.570692449,-0.672361567,1.380145452,0.413464423,0.798479077,-0.041928440,-0.091780347,-0.250173950,0.968196021
-0.049490945,-0.160842840,0.731779514,0.061079710,-0.005823170,-0.979167748,-0.193561053,-0.495025799,0.085272961,0.350382291,0.915599989,-0.541609866,0.057877823,-0.140424192,-0.168299936,0.027916235,1.099365944,0.308655385,0.068689037,-0.302592764,-0.776242928,0.583340360,-0.679102331,1.382581731,0.418467339,0.815366567,-0.039719389,-0.097204514,-0.273711012,0.935079833
-0.065288200,-0.161325661,0.734345680,0.055069067,-0.008182851,-0.980291593,-0.189549024,-0.448745629,0.058471265,0.339497035,0.885886743,-0.550649454,0.058699024,-0.250579742,-0.135537984,0.044456362,1.222783910,0.226841779,0.024984548,-0.324530869,-0.790248945,0.594446922,-0.680508127,1.383698062,0.424476711,0.829035652,-0.033141539,-0.110708396,-0.288584383,0.916962928
-0.081172367,-0.162603409,0.737093995,0.049296416,-0.011237002,-0.981377260,-0.185316666,-0.397969250,0.023133098,0.328669896,0.845455634,-0.555931286,0.066113421,-0.358268123,-0.128774514,0.020294285,1.302042155,0.141917004,0.017219308,-0.343812819,-0.805312145,0.601145638,-0.679614711,1.385139892,0.430745820,0.840791290,-0.024082492,-0.131074510,-0.293046804,0.918629837
-0.096645294,-0.163781262,0.739623263,0.043990093,-0.014502244,-0.982424926,-0.180819857,-0.349034078,-0.012554113,0.317986200,0.801787602,-0.557105128,0.075548068,-0.460320481,-0.126952252,-0.014869450,1.340792819,0.060023220,0.002623570,-0.360243890,-0.821850587,0.605698525,-0.681216208,1.386996204,0.434038724,0.855557140,-0.016932755,-0.152187064,-0.301266788,0.919699470
-0.111451174,-0.164041447,0.741685975,0.039438840,-0.017380190,-0.983504835,-0.175672268,-0.305955509,-0.039940927,0.306723123,0.762256649,-0.555845373,0.080992011,-0.553760469,-0.112926471,-0.043592211,1.341038057,-0.014814946,-0.034658169,-0.373883704,-0.839801626,0.609564846,-0.689349896,1.388011552,0.436581334,0.873491829,-0.013376355,-0.168007812,-0.314719315,0.916666684
-0.125840635,-0.163328643,0.743469548,0.035423442,-0.019729771,-0.984851575,-0.168592086,-0.266984534,-0.061145862,0.292551931,0.726217759,-0.553165791,0.083252554,-0.634114899,-0.083531562,-0.064116480,1.300735286,-0.065744689,-0.076216793,-0.386967073,-0.858568331,0.611720770,-0.702943969,1.387749627,0.440821893,0.891083184,-0.013827576,-0.180277566,-0.327192397,0.912131022
-0.140220826,-0.161913896,0.745101026,0.031807595,-0.021576619,-0.986621728,-0.158430716,-0.230023570,-0.079148312,0.273588476,0.691357310,-0.549164078,0.083918315,-0.697099052,-0.046221753,-0.078141412,1.216625657,-0.080333987,-0.103531095,-0.401319559,-0.877639206,0.610316566,-0.719105927,1.386297886,0.444990668,0.904111409,-0.016689136,-0.192161266,-0.333921634,0.906428977
-0.154958546,-0.159835328,0.746634854,0.028596849,-0.022699315,-0.988952789,-0.143663988,-0.194451885,-0.093299287,0.248395908,0.658134264,-0.544619080,0.083095878,-0.737217387,-0.008698238,-0.082777191,1.085547137,-0.056110162,-0.112981313,-0.417724167,-0.895745705,0.603206473,-0.736243058,1.382730621,0.450973917,0.903547138,-0.016134990,-0.206470998,-0.327526470,0.897296653
-0.170544227,-0.157003129,0.747996375,0.025214370,-0.022996497,-0.991663617,-0.124252438,-0.158452955,-0.103341103,0.214837961,0.627424813,-0.540908842,0.081012142,-0.752946167,0.024059455,-0.074049748,0.918237175,0.002156994,-0.113193725,-0.435347539,-0.910847989,0.590513204,-0.749837720,1.375726711,0.458927009,0.898246780,-0.012526932,-0.221768899,-0.316618421,0.885907170
-0.187527178,-0.153312458,0.748922175,0.021137984,-0.022641121,-0.994508515,-0.099966886,-0.120077119,-0.110343690,0.167022664,0.600113660,-0.539530144,0.078419630,-0.744868143,0.047480582,-0.045624063,0.723639421,0.105355901,-0.090524413,-0.452117703,-0.923074398,0.569882697,-0.760832907,1.364243673,0.470389756,0.911083909,-0.009977426,-0.231180265,-0.318739306,0.876884359
-0.206112054,-0.149288438,0.749611217,0.016132984,-0.022511629,-0.997254462,-0.068676724,-0.077731727,-0.115703868,0.103474576,0.572502578,-0.538051269,0.075289483,-0.715720935,0.047624889,0.001164328,0.511246472,0.250335285,-0.040020313,-0.470039830,-0.934849952,0.536849468,-0.772376564,1.350500644,0.482157006,0.942083682,-0.006401015,-0.236025112,-0.337096870,0.873179650
-0.226266130,-0.145499191,0.750460917,0.010269382,-0.022676817,-0.999274101,-0.028837018,-0.029948351,-0.115416717,0.034758828,0.539949905,-0.534337672,0.068968677,-0.669278310,0.020235837,0.050668646,0.294700212,0.402210081,0.018104878,-0.489918357,-0.945215502,0.486416759,-0.785326619,1.336614661,0.489335179,0.985038110,-0.001958464,-0.231571587,-0.368613783,0.868884895
-0.247751790,-0.142442890,0.751466697,0.003809021,-0.023086821,-0.999526582,0.019977511,0.022320563,-0.103139124,-0.018775309,0.501055709,-0.528605653,0.054862002,-0.614578961,-0.027468688,0.078294425,0.116116714,0.504866456,0.059685448,-0.507337222,-0.952091713,0.410570641,-0.799921283,1.321793680,0.489202937,1.041163828,-0.000394940,-0.215652502,-0.427625391,0.837015245
-0.269473347,-0.139949924,0.752554757,-0.002431134,-0.023258431,-0.996830055,0.076045888,0.071527094,-0.074009708,-0.040021783,0.460843658,-0.521574474,0.027537155,-0.565885544,-0.079570623,0.074460294,0.019982129,0.552743304,0.089804171,-0.519981386,-0.955646095,0.313165004,-0.816642008,1.304876197,0.477346366,1.100456325,-0.000300528,-0.220954626,-0.521890793,0.740124175
-0.290530191,-0.138024912,0.753709628,-0.007340027,-0.022849193,-0.990362604,0.136403632,0.110350876,-0.027049177,-0.021758035,0.424056179,-0.511879169,-0.015687912,-0.523397452,-0.128984883,0.038659082,0.000000000,0.581653974,0.121794777,-0.522489101,-0.948914142,0.201739763,-0.838473834,1.279267944,0.451532722,1.113121610,-0.000282588,-0.279237974,-0.622923739,0.550116264
-0.310225417,-0.136778965,0.754177122,-0.010097472,-0.023641105,-0.980504587,0.194807328,0.136418851,0.022697084,0.023043387,0.394286100,-0.498447616,-0.066163611,-0.480355385,-0.178395189,-0.022536433,0.009272751,0.616008389,0.157554525,-0.506567885,-0.934080659,0.091917745,-0.869057202,1.235849267,0.410821222,1.035632369,-0.004671709,-0.344575944,-0.674564542,0.313448913
-0.328380514,-0.135094913,0.753369773,-0.011456977,-0.027390942,-0.969401752,0.243677487,0.154501302,0.062179575,0.074314766,0.372816499,-0.482885885,-0.111589373,-0.443680434,-0.226865728,-0.095292279,0.047484937,0.607616341,0.185605767,-0.466919159,-0.909008819,0.014779929,-0.914935245,1.143341892,0.367300272,0.864812262,-0.024359788,-0.335290415,-0.638513204,0.118370467
-0.344688216,-0.131945969,0.752031713,-0.012806784,-0.034672875,-0.961052166,0.273884121,0.176164007,0.079777127,0.118710892,0.353378449,-0.467354493,-0.135515767,-0.428125527,-0.264616737,-0.160921131,0.120746599,0.480199156,0.179100328,-0.398348874,-0.847967719,0.003718801,-0.955796020,0.952457175,0.348398394,0.624773945,-0.072395139,-0.220950625,-0.495792993,0.025608811
-0.358403465,-0.128660607,0.749351624,-0.013331372,-0.040994422,-0.957850961,0.284012796,0.202620060,0.082045288,0.158888136,0.334815885,-0.460372330,-0.141791646,-0.446500141,-0.284361861,-0.205080079,0.225919546,0.329968437,0.142866186,-0.305831598,-0.730430115,0.047013574,-0.958261472,0.712484125,0.321598484,0.384737850,-0.173968833,-0.062916583,-0.276210756,0.026180335
-0.369988974,-0.125565168,0.744875195,-0.012300973,-0.043937744,-0.960684265,0.273868406,0.233821297,0.076463182,0.200368475,0.315279004,-0.465713727,-0.146432032,-0.499632228,-0.283894518,-0.224924296,0.348872275,0.226241906,0.094419603,-0.201988521,-0.537610650,0.152353698,-0.898901247,0.472509511,0.215395317,0.144703850,-0.315881797,0.051328645,-0.036239709,0.073603783
-0.381122338,-0.122685384,0.739544023,-0.009676811,-0.044347362,-0.967836692,0.247450620,0.271844914,0.065510687,0.245307770,0.283423597,-0.472587357,-0.162214244,-0.561332659,-0.263119492,-0.230921236,0.448562839,0.169941243,0.043415364,-0.102295534,-0.301544162,0.258729361,-0.751451020,0.242379431,0.015858804,-0.095328174,-0.451471456,0.173174029,0.203733021,0.064602761
-0.392593163,-0.120593887,0.734486755,-0.006070847,-0.042273622,-0.976258618,0.212356297,0.313833821,0.052594783,0.283624355,0.238578888,-0.472089735,-0.187461737,-0.611754066,-0.225280681,-0.229931096,0.508513893,0.143402253,-0.001897726,-0.018082751,-0.061514002,0.288915373,-0.530174677,0.083837812,-0.221841581,-0.335358334,-0.517586964,0.352366061,0.443707338,-0.025984712
-0.404569017,-0.119764836,0.730422517,-0.002260911,-0.037678686,-0.983444352,0.177235467,0.348719447,0.043252494,0.290021057,0.204164304,-0.469362215,-0.201610130,-0.646607918,-0.179698612,-0.222024851,0.544180777,0.129797686,-0.030710357,0.045731620,0.178514165,0.221325382,-0.316649325,0.031954910,-0.461841417,-0.575386501,-0.486088951,0.553149992,0.683683353,-0.192596653
-0.415601218,-0.119220582,0.726616154,0.001846849,-0.032631100,-0.988304192,0.148951752,0.369600225,0.039874136,0.271660645,0.193382913,-0.476537487,-0.202260537,-0.677268614,-0.142084528,-0.219177258,0.583516029,0.112798525,-0.049368945,0.095917048,0.418540698,0.140122865,-0.148578811,0.020038797,-0.701841263,-0.815413034,-0.417425885,0.675189887,0.923660759,-0.399709304
-0.424892306,-0.118597655,0.722027511,0.006531719,-0.028393804,-0.990688810,0.132991771,0.378741053,0.044097256,0.248365065,0.194487371,-0.498225172,-0.200461768,-0.709559429,-0.124748611,-0.233240778,0.636164561,0.084730719,-0.066382960,0.135080763,0.649471610,0.085978788,-0.009303982,-0.085211799,-0.941841115,-1.055438029,-0.362879554,0.703897088,1.160368150,-0.559470637
-0.432951940,-0.117090344,0.716769358,0.011749970,-0.025649396,-0.990799318,0.132366001,0.380402542,0.058123867,0.232095337,0.193811059,-0.525294000,-0.206423706,-0.741372139,-0.133237715,-0.265135939,0.698108877,0.045736475,-0.082806427,0.156748613,0.817973596,0.066715500,0.072382580,-0.211224892,-1.181840979,-1.242128129,-0.344984255,0.707592333,1.340472029,-0.625898737
-0.440181415,-0.114988979,0.712458736,0.017013436,-0.025301922,-0.989163308,0.143618615,0.379345263,0.074640694,0.228117125,0.183451866,-0.539224260,-0.220676021,-0.767916268,-0.160393277,-0.297976859,0.758726203,0.003896814,-0.093432242,0.158187668,0.893140787,0.071199605,0.095680975,-0.263221753,-1.360187484,-1.335483430,-0.352643188,0.715361383,1.427243641,-0.598993511
-0.446403424,-0.113577483,0.709535918,0.020746883,-0.025867237,-0.986856109,0.158162803,0.382143308,0.087795022,0.236822610,0.167590747,-0.538846962,-0.235955684,-0.784762296,-0.186928395,-0.317427955,0.808340288,-0.031132880,-0.094687726,0.151805719,0.881914843,0.071148450,0.098803179,-0.266602924,-1.432870118,-1.339764829,-0.366970709,0.710160862,1.419915321,-0.507579190
-0.451497437,-0.112378282,0.707469268,0.022953203,-0.025589269,-0.984834888,0.170054647,0.385083372,0.099089534,0.246721817,0.159451255,-0.538182146,-0.246674816,-0.794771884,-0.202058730,-0.324435577,0.844493869,-0.056255946,-0.089656261,0.149172391,0.848353918,0.067157411,0.098801447,-0.254441805,-1.422660093,-1.330454840,-0.377490286,0.704742286,1.413518000,-0.505054581
-0.455357502,-0.111075747,0.706384133,0.024560383,-0.025190252,-0.983221794,0.178989226,0.384291728,0.108710841,0.247449189,0.158083017,-0.537855355,-0.252796943,-0.801042939,-0.209085760,-0.322780503,0.867688333,-0.071577967,-0.080357648,0.150192987,0.796306813,0.060269897,0.099197002,-0.216067781,-1.391872631,-1.327198353,-0.384853542,0.689665709,1.414875633,-0.531811565
-0.458443823,-0.110159031,0.705801286,0.026131574,-0.025314397,-0.981927668,0.185726620,0.383056571,0.115483945,0.240583271,0.154528228,-0.535579309,-0.257033411,-0.806348833,-0.215159936,-0.320061959,0.884903207,-0.082637315,-0.070944827,0.150575288,0.757044209,0.047470712,0.106085784,-0.177704369,-1.392774058,-1.329023182,-0.394057261,0.696286430,1.410198193,-0.528823650
-0.461041776,-0.109806539,0.704921558,0.028144518,-0.026015783,-0.980916570,0.190614133,0.382645232,0.119483847,0.232191136,0.147493341,-0.532297707,-0.261902234,-0.813342837,-0.223809280,-0.321409342,0.901630863,-0.093322601,-0.066211189,0.150538167,0.742652773,0.041035317,0.113964231,-0.160825858,-1.412229999,-1.334609869,-0.402868887,0.720716605,1.405539240,-0.525096085
-0.462885201,-0.110127560,0.703805674,0.030864355,-0.027411458,-0.980330728,0.192996545,0.381195174,0.116967002,0.227407831,0.141892065,-0.530916338,-0.264085266,-0.822667544,-0.232743760,-0.323098807,0.916126893,-0.102561212,-0.067639649,0.153395596,0.745615174,0.040219986,0.115672833,-0.163532347,-1.425136206,-1.341116558,-0.406656239,0.724102130,1.405454378,-0.527637257
-0.464024556,-0.110766059,0.702870771,0.033672894,-0.028371742,-0.980110892,0.193504054,0.378298321,0.112226800,0.226534903,0.140406892,-0.532420320,-0.263546646,-0.831515957,-0.237089089,-0.322281802,0.925055876,-0.108916661,-0.071274758,0.158737857,0.752606936,0.037784675,0.116165696,-0.170407655,-1.426544274,-1.347719787,-0.409332906,0.721745057,1.405150837,-0.527003437
-0.464679716,-0.111402578,0.701985744,0.036347933,-0.028316838,-0.979925942,0.193964257,0.374583714,0.113068187,0.223811998,0.140298411,-0.534673566,-0.264582295,-0.839512264,-0.240375957,-0.322871734,0.931087390,-0.112315944,-0.074109311,0.162149158,0.756544754,0.032888175,0.119705632,-0.173477047,-1.420791692,-1.355690778,-0.412542300,0.727036696,1.404862496,-0.527626431
-0.465087223,-0.112127258,0.701112896,0.038919533,-0.028101889,-0.979712010,0.194576286,0.372348594,0.115123834,0.218739112,0.137020435,-0.535378700,-0.266370183,-0.847867707,-0.245356153,-0.323950874,0.937381521,-0.113889887,-0.075071580,0.163498562,0.755335142,0.028182748,0.122472951,-0.170157163,-1.416276710,-1.364272981,-0.414434923,0.731820118,1.406513099,-0.530191528
-0.465425420,-0.112968089,0.700422331,0.041038705,-0.027920169,-0.979635097,0.194554272,0.372308293,0.114941286,0.215574841,0.131909980,-0.535209510,-0.267425447,-0.854784517,-0.248195089,-0.323334186,0.942344980,-0.115228366,-0.075550599,0.165584265,0.748613855,0.025033224,0.121907348,-0.161507800,-1.413602631,-1.370692234,-0.415576794,0.733156191,1.409358381,-0.534615496
-0.465829791,-0.113764884,0.700017548,0.042555014,-0.027559806,-0.979589655,0.194508705,0.372028986,0.114366497,0.214379517,0.129360979,-0.535694010,-0.268086090,-0.859012832,-0.248712338,-0.321139815,0.945049625,-0.116751778,-0.075899415,0.167363019,0.738568274,0.024113749,0.121512393,-0.149372386,-1.415107094,-1.373248243,-0.417916286,0.737879417,1.409474640,-0.543025318
-0.466245371,-0.114473850,0.699944558,0.043686681,-0.026974727,-0.979537362,0.194603174,0.371014531,0.114238703,0.213784845,0.128282558,-0.536096304,-0.268206555,-0.860987323,-0.247540499,-0.318007587,0.945478859,-0.117930539,-0.075619495,0.168481630,0.726280232,0.021958013,0.123430025,-0.134460887,-1.416187349,-1.371673935,-0.421170498,0.743971044,1.405904890,-0.549515694
-0.466674614,-0.115148908,0.700002960,0.044614667,-0.026259233,-0.979526471,0.194545310,0.370000177,0.114236377,0.213379051,0.127435512,-0.536460482,-0.267699905,-0.862066992,-0.245564143,-0.314804483,0.944970798,-0.118769863,-0.075223478,0.170098524,0.714671612,0.017995034,0.126937166,-0.121234067,-1.409498029,-1.369029672,-0.424314603,0.743430204,1.402742288,-0.549362248
-0.467286692,-0.115792699,0.699920245,0.045446732,-0.025598910,-0.979549130,0.194326509,0.369268391,0.114124306,0.213699194,0.127095831,-0.537260952,-0.267329020,-0.863435928,-0.244154190,-0.312779780,0.945752289,-0.120102924,-0.075633291,0.172223783,0.707489578,0.015615299,0.130917792,-0.113080608,-1.405092409,-1.369990217,-0.427314265,0.741127516,1.403892293,-0.547219728
-0.468134335,-0.116366361,0.699764514,0.045888785,-0.024924175,-0.979579667,0.194156332,0.369304916,0.114629536,0.214657390,0.127626185,-0.538592978,-0.267701593,-0.864026504,-0.243095915,-0.312110092,0.947627066,-0.122112650,-0.077573246,0.173687414,0.705887261,0.015458935,0.133385818,-0.111872176,-1.407430327,-1.369765613,-0.429932709,0.741753463,1.404852395,-0.549131519
-0.469120939,-0.116853423,0.699568227,0.045868688,-0.024152167,-0.979592664,0.194193073,0.370317638,0.116198645,0.215792647,0.128670333,-0.540314276,-0.268745231,-0.863725101,-0.241896348,-0.312037647,0.950387971,-0.123952550,-0.080439480,0.173903275,0.708239936,0.016388580,0.133500034,-0.116404064,-1.412348929,-1.364560298,-0.432356492,0.741709489,1.400677596,-0.553633683
-0.470076576,-0.117284749,0.699274656,0.045925977,-0.023369554,-0.979561911,0.194430275,0.371088104,0.118176316,0.216638219,0.129856918,-0.542291049,-0.269900309,-0.864343709,-0.240962614,-0.311527465,0.954127458,-0.125307758,-0.082463462,0.173566206,0.709701406,0.017098009,0.132043166,-0.120403256,-1.415134422,-1.360939042,-0.434450870,0.739677547,1.396757583,-0.555355339
-0.470975947,-0.117635317,0.698897751,0.046132353,-0.022595058,-0.979489126,0.194839221,0.371379757,0.120464634,0.217136121,0.131168679,-0.544416432,-0.271027228,-0.865747040,-0.240186053,-0.310580540,0.958503649,-0.126773437,-0.082961729,0.172727675,0.709045078,0.017913411,0.129480203,-0.121139410,-1.415410905,-1.359972786,-0.435664609,0.738449641,1.395324815,-0.557706845
-0.471838509,-0.117899681,0.698461891,0.046407144,-0.021876809,-0.979394734,0.195329817,0.371680820,0.122678850,0.217467304,0.132019254,-0.546372427,-0.271931983,-0.867536143,-0.239467360,-0.309451987,0.963202018,-0.128592120,-0.082544758,0.171615124,0.707201208,0.019054639,0.125905569,-0.119501286,-1.413542867,-1.360138746,-0.436268587,0.738643303,1.394824195,-0.561025838
-0.472661430,-0.118095038,0.698016720,0.046701849,-0.021255597,-0.979287550,0.195864829,0.372051931,0.124685056,0.217726393,0.132520405,-0.548122331,-0.272642143,-0.869445759,-0.238911972,-0.308368364,0.968092691,-0.130715031,-0.081767677,0.170418698,0.704772490,0.019671288,0.122592105,-0.116403308,-1.409331763,-1.360216699,-0.436491871,0.737936260,1.394066419,-0.562036733
-0.473419126,-0.118237009,0.697636580,0.046924178,-0.020739417,-0.979177681,0.196415547,0.372426039,0.126465384,0.217972779,0.132940770,-0.549571395,-0.273274464,-0.870859471,-0.238681699,-0.307640963,0.972318901,-0.133007404,-0.080553274,0.169309795,0.701661830,0.019104275,0.120831227,-0.112011182,-1.404388225,-1.359494658,-0.436672167,0.735599016,1.393349515,-0.559962391
-0.474097213,-0.118346232,0.697325911,0.047064880,-0.020292574,-0.979072964,0.196949839,0.372755227,0.128127115,0.218214314,0.133415382,-0.550785386,-0.273933254,-0.871768627,-0.238725701,-0.307510033,0.975757192,-0.135188095,-0.079203033,0.168394410,0.698145776,0.018046827,0.120256860,-0.108107734,-1.401938034,-1.358246558,-0.437467860,0.734886655,1.392814475,-0.559949815
-0.474687458,-0.118423998,0.697073953,0.047137739,-0.019886248,-0.978987934,0.197396036,0.373005643,0.129757344,0.218568644,0.134142918,-0.551936409,-0.274643287,-0.872237906,-0.238600472,-0.307986692,0.978443688,-0.137175877,-0.078236938,0.167895255,0.694466215,0.016926856,0.120988187,-0.104737392,-1.403843885,-1.356706898,-0.438765291,0.736149173,1.392561114,-0.565420616
-0.475201748,-0.118440342,0.696891530,0.047090511,-0.019433500,-0.978972603,0.197528391,0.373336565,0.131303088,0.219386635,0.135118130,-0.553084671,-0.275338016,-0.872136963,-0.237333391,-0.308764377,0.980056204,-0.138934602,-0.078144211,0.168214948,0.691022256,0.015971019,0.123060746,-0.101936622,-1.409076192,-1.354770653,-0.440075179,0.735946733,1.392414638,-0.571549643
-0.475616633,-0.118429824,0.696813134,0.047004021,-0.019048222,-0.979001851,0.197441544,0.373754008,0.132519486,0.220490934,0.136105920,-0.554147439,-0.275851814,-0.871655812,-0.235314824,-0.309562944,0.980675493,-0.140405521,-0.078785820,0.169247913,0.689334616,0.015573855,0.125707849,-0.101367647,-1.415147278,-1.352619529,-0.441105694,0.732905946,1.392507630,-0.574384562
-0.475837170,-0.118522197,0.696586655,0.047187796,-0.019222700,-0.978916430,0.197804003,0.373289631,0.132383785,0.219534496,0.136714739,-0.554801415,-0.275792360,-0.872708086,-0.238015608,-0.310370755,0.982803454,-0.141256574,-0.078151512,0.168971120,0.688963964,0.015144339,0.127018988,-0.102359343,-1.420488715,-1.352050160,-0.441827382,0.731567796,1.392759728,-0.576731575
-0.475954703,-0.118613814,0.696426904,0.047390465,-0.019537932,-0.978837302,0.198116000,0.372816695,0.131837210,0.218399442,0.137116740,-0.555271838,-0.275423155,-0.873628289,-0.240512435,-0.310797776,0.984408308,-0.142203867,-0.077432476,0.168867730,0.688410746,0.014494270,0.127221158,-0.103465212,-1.423746301,-1.351590787,-0.442614781,0.731143509,1.392668923,-0.579222795
-0.476011831,-0.118659733,0.696306184,0.047517957,-0.019798939,-0.978812161,0.198183752,0.372517410,0.131231714,0.217749398,0.137448489,-0.555669308,-0.275037899,-0.874251516,-0.241760228,-0.310876682,0.985324395,-0.143124990,-0.077352808,0.169316925,0.687355244,0.014183313,0.126754950,-0.104491405,-1.425128213,-1.350745627,-0.443258759,0.729533948,1.392389108,-0.580800563
-0.476016132,-0.118687492,0.696220650,0.047612945,-0.020094788,-0.978794685,0.198217486,0.372293065,0.130574892,0.217361053,0.137700052,-0.555907363,-0.274762362,-0.874699270,-0.242638539,-0.310817046,0.985915434,-0.143973122,-0.077554521,0.169914961,0.685795830,0.014744689,0.125887790,-0.104699317,-1.425968581,-1.349845839,-0.443402042,0.726452546,1.392626129,-0.580721898
-0.475998313,-0.118694447,0.696175185,0.047627274,-0.020404694,-0.978782622,0.198241951,0.372266973,0.129962576,0.217348379,0.137858289,-0.555939552,-0.274666800,-0.874689189,-0.243025939,-0.310715607,0.986055353,-0.145000513,-0.077739589,0.170560438,0.684071948,0.016382137,0.124678380,-0.103944009,-1.426792620,-1.349117969,-0.443614202,0.724633697,1.393091570,-0.580606864
-0.475996134,-0.118649356,0.696202619,0.047422270,-0.020573893,-0.978829634,0.198041386,0.372775411,0.129588347,0.218148082,0.137915942,-0.555813286,-0.274813640,-0.873696131,-0.241773046,-0.310462378,0.985259197,-0.146590693,-0.078114323,0.171590239,0.683584255,0.019105957,0.123356046,-0.104120925,-1.426634080,-1.348126996,-0.444373648,0.724938137,1.393059432,-0.581359019
-0.475945750,-0.118658063,0.696207143,0.047326271,-0.020969858,-0.978811480,0.198112532,0.373169032,0.129020621,0.218261592,0.137799057,-0.555581846,-0.274984472,-0.873365970,-0.241986994,-0.310023848,0.985428677,-0.147957985,-0.077602120,0.171974221,0.684660174,0.021967402,0.122136434,-0.105885179,-1.425475252,-1.347469730,-0.445028965,0.724625152,1.392694307,-0.580388776
-0.475816819,-0.118769104,0.696031263,0.047483178,-0.021738363,-0.978666173,0.198709119,0.372753035,0.127822507,0.216482493,0.137732156,-0.555414143,-0.274815675,-0.874964893,-0.245922319,-0.309313631,0.988034040,-0.148362234,-0.075030302,0.170843919,0.685954961,0.023903602,0.120630466,-0.107478953,-1.424425253,-1.347700580,-0.445313555,0.723356442,1.392035741,-0.578127406
-0.475662269,-0.118900629,0.695900581,0.047649605,-0.022500402,-0.978546729,0.199172154,0.371512502,0.125817168,0.214686945,0.138906775,-0.555890060,-0.273795950,-0.876642099,-0.249023408,-0.307882369,0.990170330,-0.148424278,-0.072325784,0.170017004,0.686753907,0.024705550,0.119141988,-0.108078848,-1.423786369,-1.347796764,-0.445781953,0.722626720,1.391022420,-0.578619868
-0.475397042,-0.119123291,0.695978160,0.048239707,-0.023602836,-0.978492912,0.199166910,0.367859040,0.121023338,0.213206013,0.142958520,-0.557684063,-0.270683087,-0.878745053,-0.251247578,-0.305034590,0.990780610,-0.148170558,-0.070621139,0.170150823,0.687722133,0.024920245,0.118370255,-0.108276565,-1.424323773,-1.348562342,-0.446856566,0.725650900,1.389426378,-0.584020256
-0.475205409,-0.119312104,0.696028382,0.048515143,-0.024399194,-0.978457313,0.199178932,0.364704565,0.116917543,0.212125244,0.147077134,-0.559656999,-0.267744571,-0.880206167,-0.252855596,-0.302591403,0.991017543,-0.147948481,-0.069829955,0.170393828,0.689135150,0.024835940,0.118391140,-0.109257147,-1.426283783,-1.349442787,-0.447601473,0.728474286,1.388571845,-0.589283991
-0.475331387,-0.119274896,0.695814717,0.047449017,-0.023944904,-0.978406210,0.199741136,0.369186886,0.121797454,0.212062483,0.144020576,-0.558498685,-0.270859588,-0.877926107,-0.252523307,-0.304439909,0.992694988,-0.148593470,-0.069470130,0.169296440,0.691494606,0.024915327,0.119423043,-0.112908366,-1.427064723,-1.347056466,-0.447955514,0.725473872,1.389054093,-0.591344469
-0.475428890,-0.119264561,0.695715986,0.046479224,-0.023538439,-0.978375331,0.200168270,0.372860517,0.125353830,0.212239526,0.141350804,-0.557254815,-0.273519385,-0.875786677,-0.252227329,-0.306003827,0.993839720,-0.149125485,-0.069372541,0.168497810,0.693339093,0.025221041,0.120425168,-0.116343706,-1.428669263,-1.344705530,-0.448254249,0.722747200,1.389235910,-0.591672511
-0.475394465,-0.119328726,0.695717793,0.045971071,-0.023526882,-0.978374962,0.200288743,0.374028144,0.126024632,0.212260413,0.141296976,-0.557243711,-0.273996976,-0.874656790,-0.252315187,-0.306230188,0.994164326,-0.149239910,-0.069405470,0.168226827,0.694308070,0.026087439,0.121231276,-0.118586981,-1.432102977,-1.343505823,-0.448502107,0.722699715,1.389112642,-0.591682928
-0.475322573,-0.119389403,0.695705436,0.045566441,-0.023598866,-0.978388189,0.200308124,0.374324326,0.125748966,0.212246138,0.142208770,-0.557711383,-0.273701602,-0.873860544,-0.252491576,-0.305993740,0.994120751,-0.149190562,-0.069466463,0.168079965,0.694435950,0.027147136,0.122110288,-0.119425774,-1.436054274,-1.342732859,-0.448532266,0.723153242,1.389023780,-0.592512699
-0.475248663,-0.119415709,0.695725275,0.045177253,-0.023671217,-0.978407578,0.200293036,0.374704780,0.125570584,0.212351019,0.142913411,-0.558012786,-0.273558555,-0.873057272,-0.252607147,-0.305886763,0.993985126,-0.149053593,-0.069459891,0.167839199,0.693461315,0.027920425,0.122490323,-0.118571897,-1.438318229,-1.341885701,-0.448289600,0.722327013,1.388846657,-0.594309572
-0.475180941,-0.119406907,0.695750631,0.044823594,-0.023743115,-0.978432042,0.200244473,0.375162233,0.125542245,0.212574902,0.143397529,-0.558152400,-0.273612438,-0.872299039,-0.252651866,-0.305917835,0.993814534,-0.148866785,-0.069421313,0.167528374,0.692307533,0.028703472,0.121657443,-0.117573019,-1.438282538,-1.341310590,-0.447914539,0.721653078,1.388458061,-0.595306967
-0.475121822,-0.119368269,0.695777364,0.044527037,-0.023794718,-0.978465436,0.200141310,0.375596600,0.125608414,0.212905440,0.143803538,-0.558261697,-0.273760990,-0.871630793,-0.252416782,-0.305975211,0.993528717,-0.148680950,-0.069469978,0.167270776,0.691736504,0.029654414,0.119648371,-0.117580600,-1.435861607,-1.341282060,-0.447223921,0.720986504,1.388285262,-0.594307193
-0.475076180,-0.119298351,0.695812048,0.044273642,-0.023757165,-0.978521600,0.199927286,0.375942288,0.125787638,0.213408273,0.144285778,-0.558470309,-0.273912303,-0.870950419,-0.251551453,-0.305995356,0.992940185,-0.148569680,-0.069805883,0.167273687,0.692666994,0.031216625,0.116915190,-0.119415477,-1.432236671,-1.341424392,-0.446113602,0.719060286,1.388595563,-0.592197166
-0.475021838,-0.119224478,0.695862298,0.044139285,-0.023701596,-0.978587105,0.199642770,0.375827416,0.125744441,0.213961559,0.145187800,-0.558930881,-0.273816749,-0.870432015,-0.250366984,-0.305827466,0.992102179,-0.148521783,-0.070401289,0.167519255,0.694587264,0.033001693,0.114271276,-0.122102688,-1.429084608,-1.341653672,-0.445315995,0.717974808,1.388794649,-0.591923673
-0.474886959,-0.119213659,0.695879940,0.044387074,-0.023956545,-0.978607241,0.199458618,0.374254532,0.124415086,0.213743655,0.146983971,-0.559737274,-0.272926605,-0.871192551,-0.251137517,-0.305205270,0.991967214,-0.148144405,-0.070296552,0.167386633,0.695536438,0.034390378,0.112263500,-0.123417641,-1.428001378,-1.343080472,-0.445457118,0.721211720,1.388129019,-0.594936791
-0.474778980,-0.119179184,0.695910127,0.044565331,-0.024108741,-0.978621185,0.199332076,0.373008188,0.123516781,0.213702975,0.148398736,-0.560345052,-0.272251998,-0.871710430,-0.251466333,-0.304893317,0.991682568,-0.147874858,-0.070152348,0.167427812,0.696192229,0.036309251,0.110461175,-0.124558132,-1.428661656,-1.344414331,-0.446044054,0.724743803,1.387578748,-0.598136240
-0.474739327,-0.119100278,0.695963132,0.044545466,-0.023988570,-0.978689461,0.199015549,0.372800043,0.123622679,0.214525021,0.149016286,-0.560591544,-0.272275156,-0.871216186,-0.249935427,-0.305142273,0.990523950,-0.147957055,-0.070940606,0.168225943,0.698451317,0.039779584,0.107620255,-0.128266830,-1.430893802,-1.344532254,-0.446584487,0.724439980,1.387862003,-0.600027961
-0.474679073,-0.119049263,0.696106743,0.044653162,-0.023942228,-0.978796213,0.198471255,0.371560311,0.122470798,0.215852730,0.150960669,-0.561435239,-0.271443017,-0.870669964,-0.247427379,-0.304726231,0.988360329,-0.148182615,-0.072562348,0.169718055,0.701465952,0.043261727,0.104619661,-0.133592907,-1.434627128,-1.344245506,-0.447019556,0.722422257,1.388159686,-0.600885864
-0.474650174,-0.119008659,0.695999599,0.044623037,-0.023918818,-0.978752516,0.198696216,0.372199667,0.123644773,0.215630018,0.150131271,-0.561056735,-0.272397707,-0.871019944,-0.248722488,-0.305545678,0.989212305,-0.147849493,-0.072640313,0.168871969,0.703061572,0.045114035,0.103444105,-0.137520095,-1.438072553,-1.344480601,-0.447412336,0.721617519,1.388402261,-0.601487142
-0.474636771,-0.118954671,0.695850908,0.044538179,-0.023937019,-0.978644117,0.199246235,0.373274910,0.125149795,0.214863584,0.148206840,-0.559956281,-0.273932074,-0.871531564,-0.250912422,-0.306438239,0.990916211,-0.147602042,-0.071471179,0.167213210,0.702542657,0.045859157,0.103649734,-0.138755059,-1.440533429,-1.345238805,-0.447731830,0.722330614,1.388938461,-0.603074300
-0.474588683,-0.118902951,0.695829223,0.044574137,-0.024030385,-0.978608346,0.199402587,0.373318276,0.125528522,0.214605762,0.147754259,-0.559515696,-0.274517220,-0.871838361,-0.251616173,-0.306469984,0.991377537,-0.147493797,-0.070887889,0.166395934,0.701043394,0.046571879,0.104377814,-0.138315772,-1.442818229,-1.345687804,-0.447835842,0.721640471,1.389535845,-0.604736144
-0.474529633,-0.118865255,0.695842664,0.044635473,-0.024145974,-0.978602273,0.199404708,0.372914919,0.125372223,0.214587462,0.148067988,-0.559483894,-0.274584057,-0.872051909,-0.251642142,-0.306107277,0.991269662,-0.147335471,-0.070872634,0.166038283,0.699275709,0.047652150,0.105334629,-0.137172132,-1.445514720,-1.345668388,-0.447978166,0.720196231,1.389802844,-0.605505300
-0.474460378,-0.118862017,0.695862105,0.044697681,-0.024349316,-0.978618686,0.199285461,0.372661567,0.124299728,0.214752776,0.148208964,-0.559441795,-0.274117260,-0.872335237,-0.251695909,-0.305312126,0.991091981,-0.147141763,-0.070985592,0.166020831,0.697503444,0.049048884,0.106416864,-0.136002516,-1.448488732,-1.345441580,-0.448473071,0.720375615,1.389429307,-0.607074186
-0.474354662,-0.118958451,0.695921801,0.044819519,-0.024905943,-0.978696815,0.198805051,0.372871225,0.120943795,0.215417979,0.147571136,-0.559131849,-0.272437860,-0.872888813,-0.251975740,-0.303462077,0.990895007,-0.147015809,-0.071049429,0.166704742,0.696022360,0.050531185,0.107316479,-0.135262783,-1.450874111,-1.345459660,-0.449084880,0.722112496,1.388617809,-0.609129552
-0.474259605,-0.119027539,0.695972017,0.044892468,-0.025355944,-0.978776125,0.198340716,0.373251099,0.117763172,0.216116956,0.146739836,-0.558743779,-0.270747391,-0.873361896,-0.252127744,-0.301618493,0.990717933,-0.146968802,-0.070989329,0.167485843,0.695371662,0.051785406,0.107112706,-0.135650819,-1.451051106,-1.345239254,-0.449441690,0.722117966,1.387922043,-0.609974340
-0.474251627,-0.118905286,0.695934189,0.044785717,-0.025065402,-0.978753658,0.198512573,0.372956262,0.120658498,0.215461500,0.147421549,-0.558907571,-0.272282172,-0.873050013,-0.251821400,-0.302655021,0.990758410,-0.146736079,-0.070749690,0.166587856,0.695609899,0.052603332,0.106107755,-0.137707317,-1.447401435,-1.343803494,-0.449694563,0.718776046,1.387106059,-0.609017119
-0.474270359,-0.118819846,0.695887167,0.044676139,-0.024805897,-0.978734824,0.198662664,0.372738289,0.122862540,0.214969228,0.148212575,-0.559234502,-0.273659511,-0.872859702,-0.251668259,-0.303692431,0.990905131,-0.146519910,-0.070645049,0.165729440,0.696437081,0.053127177,0.104382824,-0.139301947,-1.442157999,-1.342520989,-0.449877244,0.716656420,1.386223267,-0.607156828
-0.474270093,-0.118832970,0.695854774,0.044638306,-0.024831600,-0.978765375,0.198517391,0.372485630,0.122727027,0.214951527,0.148958069,-0.559668497,-0.273607005,-0.872960916,-0.251620792,-0.303663254,0.990961141,-0.146449072,-0.070615733,0.165535530,0.697572671,0.053805340,0.102882819,-0.140020598,-1.438670662,-1.341963858,-0.449942601,0.717096781,1.385701331,-0.605975422
-0.474185165,-0.118904595,0.695919277,0.044794238,-0.025091325,-0.978823648,0.198161974,0.371328044,0.120799509,0.215069463,0.150629985,-0.560537668,-0.272277022,-0.873378133,-0.251592686,-0.302716345,0.990562881,-0.146269438,-0.070635549,0.165866863,0.697367482,0.054067189,0.102399504,-0.139261773,-1.438165650,-1.342078910,-0.449991143,0.718749940,1.385382779,-0.606025251
-0.474087458,-0.118937413,0.696018017,0.044757466,-0.025179805,-0.978906047,0.197751608,0.370453263,0.119339587,0.215423257,0.152329514,-0.561405900,-0.271045148,-0.873181606,-0.250763371,-0.301811673,0.989567597,-0.146012624,-0.070992307,0.166383464,0.694765462,0.053658978,0.103507050,-0.136363205,-1.438229181,-1.341795566,-0.450250892,0.720750174,1.384953200,-0.608440904
-0.474109028,-0.118887360,0.696033768,0.044200023,-0.024829028,-0.978973500,0.197587357,0.372438612,0.121172289,0.216081677,0.151340970,-0.561044661,-0.272078117,-0.871414663,-0.249212778,-0.302413745,0.988961815,-0.146178601,-0.071602348,0.166330925,0.692386486,0.053524070,0.105148651,-0.133954158,-1.437567549,-1.340058522,-0.450357770,0.720667919,1.384982240,-0.612312879
-0.474078563,-0.118898895,0.696111687,0.043892865,-0.024739874,-0.979021848,0.197427396,0.373063868,0.121379704,0.216434715,0.151396929,-0.561014039,-0.272232603,-0.870282269,-0.248677964,-0.302495024,0.988308332,-0.146297087,-0.072065468,0.166263363,0.690378613,0.053397425,0.106479944,-0.131747826,-1.437609521,-1.338806941,-0.450150765,0.720693730,1.385347491,-0.616681430
-0.473948659,-0.118974140,0.696152916,0.044038828,-0.025006337,-0.979051034,0.197216473,0.371529830,0.119421961,0.216345919,0.153329977,-0.561918759,-0.270852895,-0.870906093,-0.249368429,-0.301543660,0.987904711,-0.145658603,-0.072066498,0.166332461,0.688585634,0.053338361,0.107294772,-0.129551163,-1.438937134,-1.338916983,-0.449601560,0.721332764,1.386021031,-0.620559072
-0.473908787,-0.118978982,0.696077795,0.043840568,-0.024918014,-0.979064233,0.197206299,0.372287997,0.120240066,0.216408872,0.153085464,-0.561984183,-0.271254880,-0.870877063,-0.249643067,-0.301684582,0.988340894,-0.145054084,-0.071630296,0.166033491,0.687800577,0.053672389,0.107981759,-0.128623926,-1.439781479,-1.338425398,-0.448889953,0.720436555,1.387217631,-0.621531027
-0.473922878,-0.118951911,0.696030775,0.043385706,-0.024594650,-0.979100038,0.197169724,0.374063979,0.121959721,0.216855811,0.151808603,-0.561448017,-0.272501460,-0.869840114,-0.248988959,-0.302360029,0.988387221,-0.145008309,-0.071349449,0.165926904,0.687804145,0.054420390,0.108274043,-0.128567633,-1.439309221,-1.337040184,-0.448283574,0.719347882,1.388036612,-0.620215385
-0.473862971,-0.118958505,0.696073471,0.043176613,-0.024440679,-0.979142485,0.197023928,0.374796197,0.122613957,0.217130722,0.151467131,-0.561342504,-0.272848029,-0.869236769,-0.248272297,-0.302848082,0.988104032,-0.144678368,-0.071474224,0.165942500,0.687206305,0.055624291,0.107832739,-0.127283658,-1.438918022,-1.335792957,-0.447890103,0.719938909,1.388024028,-0.619387183
-0.473753189,-0.118988030,0.696101394,0.043109234,-0.024376822,-0.979196431,0.196778335,0.374949690,0.122063365,0.217445405,0.151477639,-0.561472595,-0.272287054,-0.869238160,-0.247418532,-0.302980391,0.988051290,-0.144048318,-0.071963185,0.166155058,0.684971418,0.057166090,0.106575006,-0.123284465,-1.438975262,-1.335436348,-0.447811559,0.722143446,1.387972626,-0.619594563
-0.473568970,-0.119124009,0.696132825,0.043236170,-0.024652617,-0.979287729,0.196261118,0.375020413,0.119288510,0.218167366,0.151053010,-0.561480009,-0.270590679,-0.869960800,-0.247064521,-0.302000918,0.988033737,-0.143364649,-0.072498902,0.167029773,0.681675716,0.058798476,0.105196846,-0.118190687,-1.440142664,-1.337464904,-0.448058258,0.725545389,1.389167384,-0.619191054
-0.473342344,-0.119318844,0.696171997,0.043510871,-0.025089347,-0.979385192,0.195657797,0.375081624,0.115196803,0.219119209,0.150228780,-0.561383389,-0.268291067,-0.871208338,-0.247297239,-0.300106160,0.987756586,-0.142762760,-0.072810179,0.168472286,0.678888857,0.060293098,0.104306187,-0.114666593,-1.442409071,-1.341899689,-0.448339562,0.728861696,1.392185921,-0.617452819
-0.473299865,-0.119227570,0.696214538,0.043248081,-0.024517486,-0.979420334,0.195612640,0.375061574,0.118482454,0.219046518,0.151156437,-0.561766485,-0.269628345,-0.869964024,-0.245595595,-0.301452361,0.986556685,-0.142212720,-0.073073167,0.168030626,0.677972601,0.061575718,0.104541467,-0.114166200,-1.442631428,-1.340229747,-0.447554092,0.726967885,1.392379343,-0.616987001
-0.473317248,-0.119107591,0.696411266,0.042819694,-0.023810297,-0.979520616,0.195291849,0.374928819,0.120991947,0.219782525,0.152980191,-0.562501677,-0.270561102,-0.867706720,-0.242367025,-0.302538013,0.984128505,-0.141860694,-0.073936077,0.168050454,0.677938393,0.062488724,0.104546168,-0.114183841,-1.441019599,-1.334555490,-0.446729526,0.722926963,1.388827107,-0.617987106
-0.473193664,-0.119198952,0.696517488,0.043000089,-0.023825772,-0.979584598,0.194929065,0.373294190,0.119773406,0.220025444,0.155158194,-0.563546263,-0.269459771,-0.867822108,-0.241900171,-0.302005254,0.982796522,-0.141160891,-0.074273423,0.168374371,0.677191355,0.063027777,0.103531749,-0.113014700,-1.439461058,-1.333430613,-0.446778443,0.722938574,1.386500479,-0.619030601
-0.473072613,-0.119343802,0.696396307,0.043203906,-0.023925202,-0.979553413,0.195028506,0.372956842,0.119433653,0.219379483,0.155109794,-0.563761440,-0.269182310,-0.869034199,-0.243857674,-0.301896706,0.983741396,-0.140504389,-0.073331666,0.167844338,0.675481756,0.063086705,0.102603229,-0.110712585,-1.437601977,-1.336647087,-0.446718924,0.725602589,1.388008496,-0.619235336
-0.473070975,-0.119420930,0.696280369,0.042992626,-0.023643003,-0.979562760,0.195062661,0.374502268,0.120799883,0.219382221,0.153496369,-0.563227192,-0.270125735,-0.868862429,-0.244183461,-0.302432318,0.984469323,-0.140353468,-0.072468089,0.167208648,0.674674590,0.062259976,0.102924614,-0.108941358,-1.434680876,-1.338184834,-0.445971269,0.727166832,1.389824823,-0.620016838
-0.473090708,-0.119605827,0.696189003,0.043007490,-0.023430910,-0.979619628,0.194799211,0.375039053,0.121114364,0.219800964,0.153257852,-0.563610488,-0.270286214,-0.869115110,-0.243674788,-0.302348561,0.984706367,-0.140484435,-0.072360350,0.166737901,0.680238745,0.059439431,0.104897493,-0.113423401,-1.431944457,-1.341299232,-0.445803837,0.729884446,1.391640768,-0.620627559
-0.473145521,-0.119852404,0.696087642,0.043074758,-0.023222762,-0.979687998,0.194465151,0.375177755,0.121038353,0.220320377,0.153959734,-0.564659288,-0.269981952,-0.869365692,-0.242994144,-0.302207122,0.984921681,-0.140865672,-0.072606875,0.165957327,0.691321997,0.055987083,0.107574378,-0.123867005,-1.430211063,-1.343636290,-0.445056905,0.732321111,1.393005775,-0.620248520
-0.473161388,-0.120049399,0.696054635,0.043107461,-0.022978265,-0.979756693,0.194140590,0.375203647,0.120996741,0.220851051,0.154594571,-0.565489093,-0.269647349,-0.869348000,-0.242306939,-0.302289253,0.984654165,-0.140994347,-0.072853987,0.165586569,0.698724587,0.055352794,0.108475096,-0.131821182,-1.430282873,-1.344564279,-0.444472323,0.733553967,1.393624393,-0.620410673
-0.473101447,-0.120187706,0.696111525,0.043209160,-0.022749381,-0.979812437,0.193863413,0.375053985,0.120906118,0.221279222,0.154751505,-0.565763337,-0.269317507,-0.869237175,-0.241728828,-0.302446549,0.983777417,-0.140641026,-0.072995347,0.165559725,0.700868656,0.056511068,0.108534533,-0.134805892,-1.431354830,-1.345205455,-0.444149576,0.733606239,1.394193669,-0.621349225
-0.472999345,-0.120278183,0.696234140,0.043419903,-0.022529497,-0.979846184,0.193671345,0.374662067,0.120844004,0.221507819,0.154547906,-0.565612173,-0.269005490,-0.869115791,-0.241187627,-0.302589546,0.982439143,-0.139981164,-0.073086687,0.165481578,0.700327856,0.057867554,0.108696780,-0.135081181,-1.431948849,-1.345730199,-0.443903305,0.732783377,1.394468628,-0.621989813
-0.472910531,-0.120290053,0.696439616,0.043711482,-0.022277982,-0.979850293,0.193614051,0.374043091,0.120975702,0.221535264,0.153955790,-0.564986171,-0.268807539,-0.868835748,-0.240470390,-0.302705175,0.980624696,-0.139256426,-0.073152684,0.165048033,0.698528033,0.058796171,0.108806485,-0.133935477,-1.430811047,-1.344468567,-0.443709006,0.731080020,1.392396663,-0.620762417
-0.472817516,-0.120247607,0.696678561,0.044315102,-0.022049472,-0.979803101,0.193741774,0.372710507,0.121180049,0.221366219,0.153143603,-0.564018157,-0.268774598,-0.869120319,-0.239885110,-0.302586056,0.978652446,-0.138589016,-0.073047123,0.164423193,0.696785439,0.060126365,0.108218719,-0.133111942,-1.428346658,-1.343312416,-0.444027018,0.729491714,1.389078005,-0.618537139
-0.472703086,-0.120194608,0.696784777,0.045530157,-0.021926744,-0.979673953,0.194126680,0.369833966,0.121200118,0.220903651,0.152572766,-0.563095551,-0.268926429,-0.871243292,-0.239935888,-0.301887626,0.977188595,-0.138095095,-0.072627735,0.163889345,0.697474049,0.062885602,0.106412836,-0.135385486,-1.425919809,-1.346446881,-0.445388493,0.729502466,1.387455199,-0.615453580
-0.472694358,-0.120095807,0.696883391,0.047042120,-0.021797329,-0.979476891,0.194774063,0.366026477,0.121557718,0.220458050,0.152476985,-0.562259901,-0.269493991,-0.873868491,-0.240013435,-0.301075365,0.975977119,-0.138180163,-0.072086634,0.163054104,0.703169876,0.067352657,0.103148915,-0.142964163,-1.425164044,-1.349230600,-0.446351001,0.728172264,1.385060279,-0.608235363
-0.472811420,-0.119898568,0.697080760,0.048723577,-0.021661636,-0.979215548,0.195687753,0.361271759,0.122278318,0.220130358,0.152966469,-0.561276391,-0.270628684,-0.876264834,-0.240003427,-0.300518269,0.974374270,-0.138918166,-0.072059226,0.161665439,0.710191322,0.071865066,0.099733412,-0.152935543,-1.425230875,-1.350390402,-0.447213003,0.723861673,1.380469412,-0.595270067
-0.473079951,-0.119549676,0.697439214,0.050665761,-0.021653020,-0.978857369,0.196983196,0.354880684,0.123348611,0.219615129,0.155049045,-0.559431293,-0.272851885,-0.878275338,-0.240450554,-0.300511259,0.972119920,-0.140190683,-0.073238995,0.159620594,0.714131849,0.075330280,0.095826649,-0.160684204,-1.420442811,-1.351912975,-0.447924830,0.717371763,1.374870780,-0.576942234
-0.473664960,-0.119005535,0.698045868,0.052762364,-0.021758396,-0.978392447,0.198723237,0.346855460,0.125519922,0.218558797,0.159636331,-0.554844478,-0.277015942,-0.879513148,-0.241540305,-0.301400457,0.969304273,-0.141752903,-0.074817327,0.156982267,0.713410454,0.077388044,0.089258660,-0.160756276,-1.406131348,-1.353546541,-0.447670168,0.709793610,1.368851175,-0.554171131
-0.474724580,-0.118131254,0.699032902,0.055297328,-0.022074176,-0.977765732,0.201069910,0.337176140,0.128727047,0.216694220,0.165749247,-0.544448251,-0.283285921,-0.880304785,-0.243296853,-0.302939987,0.965690087,-0.143482930,-0.076004028,0.154348001,0.701026105,0.077052416,0.079467500,-0.140658029,-1.379142779,-1.353515135,-0.446526582,0.699240158,1.360873031,-0.525562571
-0.476371908,-0.116871094,0.700399378,0.058450638,-0.022595952,-0.976953892,0.204044206,0.326145028,0.132779855,0.213648240,0.172385201,-0.527303019,-0.290751540,-0.881125163,-0.245424351,-0.305072567,0.961490288,-0.145743049,-0.077079111,0.152063134,0.675306282,0.072713133,0.067366125,-0.098661495,-1.338068162,-1.351145044,-0.444386985,0.683810341,1.349332406,-0.489994738
-0.478780090,-0.115344715,0.701891225,0.062103968,-0.023113665,-0.975976349,0.207554863,0.314077338,0.137821175,0.208884244,0.181032223,-0.506114315,-0.298929610,-0.882116949,-0.247369050,-0.308348845,0.958145880,-0.149899115,-0.079056962,0.149760724,0.651399787,0.065837021,0.052892905,-0.058354280,-1.291142106,-1.346751762,-0.440601132,0.666550832,1.333612982,-0.449196136
-0.482253635,-0.113479931,0.703351143,0.066375436,-0.023492481,-0.974720305,0.212044176,0.296783784,0.145061638,0.200577140,0.199014852,-0.485433258,-0.308368130,-0.884123477,-0.250231657,-0.313037062,0.957786037,-0.157341326,-0.081510155,0.146031153,0.637418511,0.063400852,0.038466508,-0.030068498,-1.261604767,-1.340886616,-0.434118052,0.654928590,1.313266138,-0.405960683
-0.486777088,-0.111171309,0.705064188,0.070892801,-0.023621746,-0.973232351,0.217336180,0.273507514,0.154880882,0.191098930,0.228056309,-0.462741774,-0.319880454,-0.885253240,-0.250991018,-0.315674205,0.957576471,-0.166762604,-0.082963676,0.143627571,0.623053344,0.069467654,0.027959235,0.011589065,-1.235352299,-1.331080693,-0.425931133,0.646181755,1.289673723,-0.360251754
-0.492100591,-0.108422507,0.707147237,0.075500341,-0.023299577,-0.971494137,0.223508321,0.247275755,0.167067043,0.181274561,0.260856568,-0.435169764,-0.333434861,-0.884790785,-0.248686613,-0.315093471,0.956032612,-0.177411008,-0.082659915,0.144545645,0.602399037,0.079052256,0.017623134,0.062649237,-1.185133385,-1.316683270,-0.417483040,0.634770233,1.265240224,-0.311407500
-0.497877744,-0.105192904,0.709558187,0.080212970,-0.022540342,-0.969420748,0.230827265,0.220063742,0.181301186,0.169832869,0.291038894,-0.400575977,-0.346553405,-0.882518392,-0.245300906,-0.314803754,0.952447716,-0.187954862,-0.081637961,0.149039037,0.560893387,0.084688823,0.009524105,0.128611759,-1.112891037,-1.300428449,-0.408577013,0.616290944,1.245464333,-0.257191391
-0.504142506,-0.101530575,0.711940096,0.084895525,-0.021465228,-0.966963131,0.239404045,0.193734269,0.197185838,0.156091433,0.316013583,-0.358842702,-0.353272417,-0.877985906,-0.241718038,-0.317223363,0.946872146,-0.197697605,-0.081053698,0.157457915,0.498122565,0.085482854,0.006215637,0.214628549,-1.031178704,-1.284366078,-0.398561060,0.592537724,1.234596039,-0.201214988
-0.511501914,-0.097348385,0.714890532,0.089251332,-0.020138825,-0.964026254,0.249563636,0.171165008,0.214332016,0.142521558,0.330868267,-0.308806245,-0.349843306,-0.869226924,-0.237370878,-0.324160343,0.938674642,-0.208302071,-0.082519100,0.167049899,0.439804749,0.084118468,0.011804890,0.300726904,-0.949018609,-1.267988552,-0.381054875,0.574418402,1.226247442,-0.148143938
-0.519987908,-0.092613251,0.718691785,0.092902366,-0.018485001,-0.960523006,0.261577923,0.154090203,0.233187995,0.131521720,0.331897499,-0.250912531,-0.339239274,-0.854555845,-0.231561625,-0.336006946,0.927029815,-0.220302077,-0.086081907,0.177027539,0.383811620,0.080709248,0.024985993,0.386758770,-0.861339867,-1.242800061,-0.357249831,0.558418476,1.212116747,-0.095918122
-0.529139492,-0.087494369,0.723084249,0.096336396,-0.017263319,-0.956012586,0.276516204,0.141574016,0.251649829,0.121854128,0.316318229,-0.183986723,-0.320254761,-0.836611329,-0.230261814,-0.352720274,0.914000054,-0.232336698,-0.088942087,0.187637134,0.308352656,0.070161315,0.046221886,0.498138327,-0.759955216,-1.211037473,-0.332906205,0.540451659,1.194159424,-0.043369981
-0.538730676,-0.082226895,0.727939103,0.099777926,-0.016807234,-0.950203454,0.294746126,0.132921921,0.267667720,0.115488634,0.284340256,-0.109505801,-0.285862442,-0.816313468,-0.234864091,-0.374100198,0.900088933,-0.244561393,-0.090121383,0.199400560,0.217257015,0.051343073,0.072949283,0.631261667,-0.645651327,-1.175397299,-0.307914621,0.520098287,1.178742322,0.007144312
-0.549090012,-0.077040587,0.733083783,0.102659117,-0.016275623,-0.943109493,0.315817502,0.127677930,0.282031485,0.119287368,0.241052240,-0.031089757,-0.234958500,-0.791344749,-0.239468533,-0.400062453,0.883625366,-0.258599266,-0.092293276,0.213945720,0.140473409,0.033517226,0.098177204,0.750573586,-0.531783887,-1.133310539,-0.282106650,0.496562716,1.165369109,0.053954735
-0.560437966,-0.072159238,0.738182518,0.104880817,-0.015330572,-0.934158088,0.340754536,0.122040045,0.293414395,0.144430647,0.193856390,0.045916070,-0.185998727,-0.761992030,-0.244004433,-0.432302115,0.866147028,-0.274944513,-0.095800360,0.228989626,0.103537165,0.028761473,0.115190976,0.820119929,-0.453502087,-1.082259902,-0.254830106,0.470235171,1.149543807,0.100319300
-0.571978489,-0.067527800,0.742814723,0.106932721,-0.014402434,-0.923015711,0.369323653,0.110118789,0.299830944,0.190605728,0.152239052,0.111937155,-0.147608909,-0.732279914,-0.252157211,-0.469493684,0.850739481,-0.292261494,-0.098484572,0.242207895,0.085568129,0.032705181,0.123568082,0.859407594,-0.410647663,-1.023232769,-0.228363020,0.446332460,1.124242802,0.145213351
-0.583170956,-0.063246140,0.746835224,0.108754374,-0.013754505,-0.909629656,0.400695880,0.090961487,0.299227731,0.246750086,0.119807667,0.154118532,-0.113591064,-0.703455615,-0.263073258,-0.509098233,0.838075832,-0.309907803,-0.100215286,0.253601229,0.074618785,0.039091433,0.123614837,0.882660393,-0.384098287,-0.951872806,-0.206786844,0.429807650,1.076718386,0.187981562
-0.593744902,-0.059501926,0.750202239,0.110210259,-0.013391103,-0.894057730,0.433975981,0.068882974,0.289102127,0.289395873,0.090168173,0.166387467,-0.088145880,-0.675626479,-0.276021674,-0.549421475,0.828136316,-0.327761716,-0.101289011,0.263542442,0.069382485,0.046306942,0.116090724,0.893531830,-0.359830373,-0.870291683,-0.195190589,0.427078772,1.007117082,0.230142534
-0.603732521,-0.056194398,0.753303994,0.110945127,-0.012926195,-0.876489801,0.468283804,0.048979300,0.270427017,0.300161583,0.059858177,0.151947686,-0.083834137,-0.646988555,-0.288218744,-0.590836246,0.818206861,-0.344583648,-0.101590482,0.272458665,0.059001964,0.056753204,0.105487239,0.907194195,-0.333625747,-0.789226131,-0.188777426,0.433364407,0.941043370,0.281503812
-0.613252599,-0.053201225,0.756576145,0.110497641,-0.012111578,-0.857359817,0.502571115,0.036111601,0.246533009,0.284732309,0.032131408,0.120463868,-0.093396622,-0.615427606,-0.295462835,-0.632191100,0.803386347,-0.357481426,-0.100668831,0.282350097,0.033752824,0.064108690,0.092508985,0.936008877,-0.296388443,-0.717772807,-0.179445777,0.438880471,0.904099191,0.342050365
-0.622636391,-0.050471228,0.760238871,0.108877296,-0.010896270,-0.837079682,0.536026690,0.030503975,0.221152046,0.269842128,0.011225166,0.089924115,-0.097395303,-0.580327098,-0.295619906,-0.673085702,0.781184452,-0.365631158,-0.099346711,0.292898117,0.001274209,0.069230273,0.078353814,0.972818224,-0.253040071,-0.656583811,-0.164794635,0.440603011,0.895440940,0.397652942
-0.631863754,-0.047946553,0.764202523,0.106192613,-0.009319322,-0.815698232,0.568570729,0.029036804,0.194800515,0.269418244,0.001431307,0.069823192,-0.100543134,-0.542563831,-0.288877716,-0.713297802,0.751320628,-0.368981594,-0.099560353,0.302283975,-0.034126196,0.073835885,0.065489726,1.012619517,-0.211299158,-0.608202504,-0.144298481,0.436786053,0.912085290,0.443747815
-0.640723465,-0.045517072,0.768088710,0.102791100,-0.007491611,-0.793223915,0.600144721,0.027583380,0.168335611,0.284392489,0.002350988,0.061833340,-0.110539768,-0.505409023,-0.277283933,-0.749846824,0.717971158,-0.368847686,-0.101646474,0.309450479,-0.070548934,0.079595094,0.052996609,1.052835211,-0.171964780,-0.579817657,-0.117832059,0.427995750,0.955007010,0.485404855
-0.649184827,-0.043134253,0.771403546,0.098875916,-0.005469506,-0.769788822,0.630570224,0.021754380,0.145086671,0.306118204,0.022375275,0.057988572,-0.123626288,-0.471890540,-0.262829581,-0.776471638,0.686468089,-0.366906180,-0.103390338,0.313797625,-0.105070635,0.087330062,0.041793432,1.089450861,-0.133546796,-0.580833168,-0.083246022,0.417735212,1.031437604,0.524399459
-0.657426233,-0.040842044,0.774071152,0.094573013,-0.003278603,-0.745392624,0.659875013,0.009651378,0.128883448,0.323780298,0.071415250,0.039557733,-0.134588954,-0.444053738,-0.245713321,-0.781620618,0.659746080,-0.362401015,-0.102648194,0.314080171,-0.133477246,0.094500664,0.033035913,1.116070288,-0.100173529,-0.603499947,-0.041826011,0.408614922,1.130683505,0.546373481
-0.665195910,-0.038797480,0.776499396,0.090247308,-0.001197305,-0.719591311,0.688507324,-0.002000669,0.116007839,0.332663829,0.128409713,0.007405878,-0.144140120,-0.420162068,-0.226717148,-0.762048600,0.637099688,-0.357005734,-0.097239931,0.310322709,-0.153132865,0.100816834,0.021041140,1.129208329,-0.071809547,-0.619066270,-0.009400912,0.405772308,1.207794344,0.556640434
-0.672185255,-0.037347514,0.778753306,0.085938576,0.000532518,-0.692090633,0.716676240,-0.009906787,0.103612931,0.331325194,0.180537301,-0.023621419,-0.151136668,-0.397332059,-0.207795181,-0.720527417,0.618600107,-0.352858051,-0.086468699,0.302861914,-0.169590608,0.106956006,0.006463022,1.137593071,-0.046603293,-0.597599553,-0.000410988,0.417831514,1.222362914,0.579022699
-0.678617947,-0.036269925,0.780742457,0.081705902,0.002285555,-0.662630526,0.744472772,-0.013696435,0.091646236,0.320004801,0.221352817,-0.045820714,-0.161060924,-0.375217548,-0.189671515,-0.665304551,0.604880305,-0.350658819,-0.071514352,0.289833773,-0.192636844,0.113434275,-0.002514333,1.154389733,-0.028314050,-0.554093625,-0.000162623,0.439639257,1.194306332,0.618610880
-0.684511852,-0.035097049,0.782376779,0.077854675,0.004273392,-0.631109488,0.771764992,-0.014592490,0.079650974,0.302904624,0.249768996,-0.059062384,-0.180987675,-0.354862739,-0.174904861,-0.606906342,0.597313835,-0.350955391,-0.053255270,0.271996230,-0.220866074,0.118037407,-0.009510806,1.177261156,-0.017203591,-0.514251909,-0.000167730,0.461157428,1.159246446,0.664503135
-0.689744888,-0.033734808,0.783779723,0.074211112,0.006142864,-0.597998274,0.798030727,-0.012262628,0.068554126,0.286304914,0.266240515,-0.064986169,-0.205739058,-0.333940499,-0.164675046,-0.555913993,0.593173255,-0.352886832,-0.034627845,0.252573340,-0.251998298,0.121225671,-0.019025055,1.201587304,-0.016707467,-0.483885472,-0.000046441,0.471680972,1.137092533,0.704066834
-0.694559031,-0.032213729,0.785284561,0.070645105,0.007825916,-0.563941768,0.822750088,-0.007194394,0.060167618,0.273134152,0.272873466,-0.068046275,-0.220942370,-0.311853330,-0.154189945,-0.515939754,0.585456898,-0.354706698,-0.019127429,0.233423796,-0.281180869,0.122411554,-0.028645987,1.218852586,-0.026762659,-0.458366875,-0.000002685,0.471169464,1.124124961,0.736349529
-0.699102983,-0.030491785,0.786755878,0.067323632,0.009547359,-0.529410657,0.845636289,-0.000601587,0.054170273,0.262796070,0.271024168,-0.070656593,-0.222846208,-0.290522130,-0.141111356,-0.483298625,0.571832300,-0.355399404,-0.008080236,0.214814440,-0.306969895,0.121088732,-0.036125415,1.229738135,-0.043155464,-0.441694036,-0.000019686,0.464129057,1.120108367,0.760538286
-0.703365115,-0.028709681,0.787730400,0.064256369,0.011288552,-0.494922101,0.866484738,0.007132380,0.050123550,0.254429477,0.263331201,-0.073372202,-0.219962675,-0.270107578,-0.126029729,-0.452878141,0.554101752,-0.355333827,-0.003335273,0.196545822,-0.327331377,0.118132906,-0.040652973,1.237727157,-0.063672370,-0.433075415,-0.000039144,0.455484425,1.123661456,0.775400561
-0.707250038,-0.026916954,0.788534492,0.061690884,0.012907765,-0.460736075,0.885296500,0.016277941,0.045616777,0.248631605,0.249446961,-0.074919538,-0.218500012,-0.250329487,-0.111155672,-0.423917475,0.533995865,-0.355051092,-0.003813076,0.178218927,-0.339007500,0.114280443,-0.043782355,1.241597583,-0.086627810,-0.429327271,-0.000000084,0.447015689,1.133070319,0.783704459
-0.710852624,-0.025025449,0.789186877,0.059459581,0.014674353,-0.427340987,0.902013804,0.026393681,0.041391538,0.244911281,0.228165020,-0.075617824,-0.220636915,-0.232170286,-0.097923920,-0.397842506,0.513870924,-0.353295145,-0.008590990,0.160966112,-0.350853474,0.110885807,-0.050975138,1.244528160,-0.112807970,-0.423312991,-0.000811081,0.439869053,1.136778869,0.790893368
-0.714185711,-0.023260846,0.789605167,0.056979476,0.016484912,-0.394644553,0.916917261,0.038560824,0.039370590,0.241305141,0.200920148,-0.075944670,-0.227232379,-0.214542216,-0.084785932,-0.376385752,0.493856152,-0.350598912,-0.012444122,0.144371893,-0.365493017,0.111376524,-0.060666433,1.250749535,-0.148844804,-0.405512678,-0.005969186,0.435715161,1.122557385,0.803598789
-0.717282239,-0.021494573,0.790019385,0.054520535,0.018242313,-0.362381559,0.930254984,0.051144983,0.037449032,0.237056223,0.169518671,-0.074222247,-0.235185748,-0.197555674,-0.072514129,-0.360802202,0.473376085,-0.346871476,-0.015950246,0.126891385,-0.380267575,0.116508025,-0.071859519,1.260205529,-0.195071235,-0.383136373,-0.014147342,0.434317975,1.101341379,0.819087304
-0.720223290,-0.019270251,0.790455926,0.052469085,0.019872633,-0.330306798,0.942204592,0.062969317,0.033960583,0.232958570,0.135142129,-0.069097874,-0.241506794,-0.181312606,-0.062019601,-0.349210164,0.451892378,-0.342637425,-0.021935687,0.109213288,-0.395707286,0.117686983,-0.083314394,1.272498654,-0.243956248,-0.372776410,-0.021739365,0.429308011,1.095359955,0.830154280
-0.723016235,-0.016603145,0.790874903,0.050657101,0.021314499,-0.298301657,0.952888069,0.073936554,0.029361901,0.228889743,0.098984709,-0.060007680,-0.244133296,-0.165556389,-0.052851839,-0.338436326,0.429887099,-0.338179734,-0.029364766,0.092059259,-0.409969047,0.113255185,-0.096080120,1.283852422,-0.289423879,-0.371588558,-0.029528353,0.419635044,1.100021188,0.836590478
-0.725962228,-0.013746318,0.791285892,0.048490015,0.023111764,-0.266578916,0.962315045,0.080258302,0.028139245,0.225141871,0.065966180,-0.049509476,-0.246331944,-0.151774228,-0.042521423,-0.327577861,0.406387632,-0.331344331,-0.037046491,0.074371837,-0.421680683,0.108182424,-0.109969760,1.291424326,-0.332575436,-0.378245824,-0.034948361,0.407233186,1.107331287,0.842628752
-0.729177946,-0.010814104,0.791679404,0.045894551,0.025044071,-0.235587210,0.970445852,0.084406658,0.028779339,0.222449193,0.035399672,-0.038841567,-0.249419295,-0.139008015,-0.030695092,-0.315106681,0.380848970,-0.321958588,-0.044887549,0.055760371,-0.431648136,0.102897523,-0.124673729,1.296969589,-0.373140504,-0.402488377,-0.030087141,0.389617905,1.136553856,0.840603691
-0.732519957,-0.007919264,0.791981597,0.042775450,0.026950079,-0.205657881,0.977317139,0.086735008,0.031319706,0.220665139,0.011286207,-0.031756163,-0.252962770,-0.128307077,-0.017228563,-0.300420017,0.355178438,-0.309881441,-0.054008670,0.035905239,-0.440811825,0.097645704,-0.138304604,1.301514666,-0.410663713,-0.445095813,-0.013946885,0.362952307,1.200792972,0.817784966
-0.735458122,-0.005070672,0.792286863,0.039527314,0.028357958,-0.177233067,0.982965848,0.086611315,0.034488284,0.219896740,0.000967116,-0.032133313,-0.256847591,-0.117424601,-0.003462463,-0.282926608,0.330244910,-0.296986352,-0.062043579,0.016955944,-0.447808611,0.092580385,-0.153079415,1.305043909,-0.445650234,-0.479225155,-0.002397986,0.336047228,1.259640316,0.787400241
-0.737631562,-0.002121498,0.792672218,0.036996674,0.028669911,-0.150467914,0.987506298,0.085234842,0.034665799,0.218195792,0.000000000,-0.034941185,-0.259903851,-0.104012251,0.003670574,-0.263252127,0.309125702,-0.287454898,-0.066011299,-0.001194431,-0.450911881,0.087394600,-0.168662366,1.308310363,-0.480026699,-0.489113940,-0.002060249,0.319147724,1.284259324,0.765782302
-0.739444416,0.000912220,0.793064834,0.034663145,0.028323136,-0.125743403,0.991052402,0.082561481,0.035449959,0.215845414,0.000142690,-0.037889615,-0.261059601,-0.091321119,0.007748889,-0.241549379,0.291513091,-0.278842518,-0.067409947,-0.018553694,-0.451165269,0.083341460,-0.183622492,1.310427438,-0.511732463,-0.491142216,-0.004375101,0.306342918,1.295505514,0.752430488
-0.741190615,0.004053729,0.793384296,0.031983507,0.027662081,-0.102913043,0.993791110,0.079691898,0.037518528,0.213449082,0.000072901,-0.041311146,-0.261022700,-0.078790941,0.010667566,-0.218253400,0.275835597,-0.270642453,-0.066807536,-0.035061397,-0.449385162,0.081404016,-0.197967107,1.310695354,-0.540889536,-0.497705403,-0.005758918,0.292775571,1.314341191,0.737350415
-0.742891669,0.007314146,0.793504281,0.028825945,0.027147420,-0.082223938,0.995826946,0.074636324,0.042220406,0.207819014,0.000011664,-0.048041233,-0.260905313,-0.070005491,0.014882627,-0.192826984,0.265976314,-0.263038036,-0.065487563,-0.049329933,-0.445975800,0.083149007,-0.214681566,1.307808414,-0.568799154,-0.497100251,-0.014957113,0.282324217,1.321856905,0.727297774
-0.744544317,0.010706475,0.793425442,0.025814639,0.026392475,-0.063983805,0.997267825,0.069454573,0.046338471,0.196020325,0.000000029,-0.058246038,-0.258271722,-0.062697889,0.017934067,-0.163814421,0.266568242,-0.259879017,-0.063466886,-0.061157915,-0.441959786,0.084623671,-0.231393967,1.304633328,-0.596293326,-0.487837179,-0.027444235,0.277362373,1.316201406,0.726153165
-0.746256217,0.014316126,0.793202166,0.023767579,0.025170684,-0.047863494,0.998253788,0.065107947,0.047051381,0.179375633,0.000000876,-0.067744656,-0.252426617,-0.053981623,0.013373951,-0.131317452,0.280064697,-0.265335052,-0.057409649,-0.072060954,-0.438612203,0.081454589,-0.243250862,1.304191513,-0.619406670,-0.478268342,-0.036722646,0.278245389,1.311083307,0.728053425
-0.747984636,0.017900901,0.792920605,0.021652434,0.024365843,-0.033582645,0.998904242,0.059305461,0.050522183,0.158552192,0.000000506,-0.076923155,-0.246062143,-0.049748870,0.009512100,-0.095076891,0.290043365,-0.269036375,-0.052008305,-0.082117473,-0.437164911,0.076967652,-0.250373310,1.305993201,-0.637296102,-0.471173328,-0.043780260,0.280375418,1.308811939,0.728128129
-0.749593360,0.021383211,0.792707790,0.019334478,0.023859045,-0.020964026,0.999308478,0.054252751,0.054488175,0.136361613,0.000000102,-0.086942766,-0.239289984,-0.047860279,0.007983863,-0.055714099,0.292034074,-0.268892887,-0.049610446,-0.090815298,-0.435651905,0.073588428,-0.258670375,1.307704072,-0.651353069,-0.464598742,-0.050172639,0.279920385,1.307137228,0.728081551
-0.751051671,0.024793571,0.792701304,0.017486763,0.023348023,-0.010082281,0.999523602,0.050739106,0.056999233,0.115100548,0.000000001,-0.093602445,-0.230449109,-0.045010017,0.005826487,-0.016369460,0.287041198,-0.266220926,-0.047281487,-0.097834434,-0.432830214,0.070826514,-0.265163332,1.309071784,-0.664975338,-0.458379214,-0.055917736,0.277849195,1.306828807,0.728331558
-0.752396624,0.028117579,0.792778811,0.016192113,0.022914765,-0.000957820,0.999605828,0.048516367,0.057790018,0.096415606,0.000000004,-0.095811249,-0.219381169,-0.040879979,0.002045059,0.019426293,0.276785164,-0.262347570,-0.041761499,-0.103194483,-0.428753807,0.068115432,-0.271317913,1.309674687,-0.676915555,-0.455067860,-0.060983455,0.277300587,1.311399191,0.728281734
-0.753659820,0.031275777,0.792842100,0.015164772,0.022586018,0.006268521,0.999610228,0.047423283,0.057582071,0.081711736,0.000000003,-0.096979975,-0.208591441,-0.035019571,-0.002863661,0.049313569,0.262767550,-0.258261912,-0.034031723,-0.106471433,-0.424079399,0.065962683,-0.277748652,1.309590167,-0.685206951,-0.454413057,-0.065115064,0.280558009,1.319504352,0.725499791
-0.754781239,0.034102544,0.792963734,0.014307891,0.022210094,0.011304396,0.999587018,0.047004210,0.056582823,0.071922382,0.000000001,-0.098215050,-0.197821397,-0.028730506,-0.008282466,0.071222363,0.249096565,-0.254696050,-0.026332628,-0.106904449,-0.418149526,0.064364490,-0.286306663,1.307802582,-0.686935144,-0.442932956,-0.067929349,0.282571193,1.313144499,0.721299455
-0.755927373,0.036673077,0.793168464,0.013570521,0.021879419,0.014692420,0.999560536,0.045853161,0.054761649,0.065257060,0.000000000,-0.098441749,-0.187055579,-0.023065148,-0.013606012,0.085962044,0.236100354,-0.250591911,-0.019220817,-0.105340630,-0.412634304,0.061945388,-0.288974188,1.306293030,-0.690805895,-0.430282415,-0.070533959,0.282970444,1.304081673,0.720654324
-0.757244943,0.038957929,0.793500016,0.012700700,0.021686334,0.016859152,0.999541977,0.043960603,0.053486026,0.059837153,0.000000000,-0.097538964,-0.176868394,-0.017103331,-0.016977990,0.094096187,0.221254101,-0.244071129,-0.013799426,-0.102782942,-0.410297364,0.059357962,-0.286815001,1.305961431,-0.697274659,-0.422314186,-0.071440476,0.282517741,1.300859694,0.720891723
-0.758735271,0.040907228,0.793925885,0.011622477,0.021527120,0.018047050,0.999537796,0.041197240,0.053147695,0.055716435,0.000000000,-0.095197143,-0.166880280,-0.010618438,-0.018024870,0.096107879,0.204536419,-0.235022396,-0.010332305,-0.099291465,-0.413789506,0.056038438,-0.282257552,1.308949176,-0.704942146,-0.417531063,-0.069506984,0.279579366,1.303095691,0.722524465
-0.760229466,0.042484419,0.794340044,0.010427771,0.021036745,0.018409437,0.999554806,0.038389959,0.053565846,0.053234506,0.000000000,-0.091126844,-0.156655779,-0.002972510,-0.017258342,0.093543893,0.186557888,-0.224032599,-0.008362768,-0.095186785,-0.418515011,0.052139795,-0.275830060,1.316464350,-0.713604273,-0.413736530,-0.064334487,0.274192360,1.307659736,0.724488055
-0.761714926,0.043870615,0.794741440,0.009538763,0.020721789,0.018120748,0.999575539,0.035105632,0.053005817,0.051882429,0.000000000,-0.086722610,-0.149186175,0.002426951,-0.018393433,0.089821074,0.170896819,-0.213459267,-0.005069863,-0.090499432,-0.418629389,0.049974713,-0.271066733,1.322446760,-0.720377158,-0.410636636,-0.060124482,0.267938908,1.311733005,0.723476413
-0.763207818,0.045163149,0.795123910,0.008927152,0.020720382,0.017479792,0.999592631,0.031595189,0.051737291,0.050961413,0.000000000,-0.083054595,-0.144611219,0.005781898,-0.021226124,0.086791453,0.157634202,-0.204098756,-0.000698033,-0.085275520,-0.415944867,0.049310918,-0.270307217,1.324230136,-0.723019654,-0.407795234,-0.057712092,0.262501627,1.315221349,0.721964831
-0.764626790,0.046227234,0.795456171,0.008245217,0.020498149,0.016823835,0.999614326,0.029317470,0.051213004,0.050369042,0.000000000,-0.080160601,-0.140703691,0.010413968,-0.022992244,0.084771739,0.143227212,-0.194264120,0.002607218,-0.080139738,-0.412126207,0.048918721,-0.268923686,1.323953301,-0.723966415,-0.403969736,-0.055903202,0.258571418,1.318026125,0.722895970
-0.765987883,0.047069987,0.795739859,0.007508803,0.020013689,0.016373232,0.999637428,0.028277996,0.051352747,0.050373206,0.000000000,-0.077930530,-0.137238476,0.016014760,-0.023705774,0.083224121,0.128246332,-0.184103977,0.004841863,-0.075723522,-0.407962839,0.048461849,-0.265512120,1.323875030,-0.725158118,-0.399226528,-0.054464393,0.255975611,1.319320623,0.724755698
-0.767317602,0.047750806,0.795988843,0.006858205,0.019401636,0.016032609,0.999659691,0.027756464,0.051602114,0.051206326,0.000000000,-0.075898975,-0.134275009,0.020982886,-0.024086936,0.080922553,0.115316477,-0.174954525,0.006577979,-0.071886532,-0.403959564,0.047759597,-0.259943284,1.324614982,-0.727637079,-0.394223049,-0.053086257,0.254108214,1.320090951,0.727071365
-0.768658737,0.048277439,0.796211744,0.006331535,0.018795349,0.015798907,0.999678469,0.026922177,0.051577901,0.051959299,0.000000000,-0.073685276,-0.131535471,0.025220404,-0.024425909,0.078756092,0.103927887,-0.166648264,0.008002586,-0.068691942,-0.400218509,0.047000247,-0.254738895,1.325494728,-0.732941670,-0.390174592,-0.051891050,0.252914646,1.320724838,0.727939159
-0.770015968,0.048691089,0.796439277,0.005944723,0.018276247,0.015702602,0.999691986,0.025616337,0.051141067,0.052298227,0.000000000,-0.071331871,-0.129416635,0.029020818,-0.024873944,0.077441741,0.093186253,-0.158758006,0.009181860,-0.066166325,-0.395888872,0.047128807,-0.254409568,1.324757221,-0.736940481,-0.386082683,-0.050337180,0.250787497,1.321002606,0.729156658
-0.771317909,0.048938963,0.796612299,0.005515129,0.017683365,0.015667401,0.999705664,0.024797296,0.051784907,0.052475248,0.000000000,-0.069236527,-0.128009484,0.031811563,-0.024665906,0.076312021,0.084845967,-0.152020349,0.009983158,-0.063791049,-0.391268571,0.047411964,-0.253254130,1.323155894,-0.741024889,-0.381487420,-0.048286547,0.247737953,1.321110162,0.733074575
-0.772578668,0.049069672,0.796735272,0.005038113,0.016999364,0.015607829,0.999720978,0.024623481,0.053348657,0.052568864,0.000000000,-0.067510047,-0.127005433,0.033313381,-0.023840717,0.075125656,0.079598066,-0.146781626,0.010416209,-0.061402198,-0.388096843,0.046104519,-0.244900676,1.323495994,-0.749431369,-0.377237178,-0.045939389,0.243962733,1.321173138,0.737962953
-0.773872121,0.049230623,0.796854211,0.004717123,0.016415949,0.015410192,0.999735361,0.024141001,0.054080267,0.052620205,0.000000000,-0.065710140,-0.125896387,0.033988577,-0.023561397,0.073773733,0.075961339,-0.142566835,0.011034323,-0.058712060,-0.386357733,0.043237812,-0.236570820,1.325471010,-0.758409871,-0.374254206,-0.043238920,0.239531291,1.321383570,0.742544910
-0.775206521,0.049412343,0.796986877,0.004505034,0.015986341,0.015167654,0.999747010,0.023189999,0.054121239,0.052688601,0.000000000,-0.063818900,-0.124885129,0.034250950,-0.023704655,0.072468456,0.072639804,-0.138618159,0.011809462,-0.055928004,-0.383691532,0.041684517,-0.233759412,1.324856223,-0.763842829,-0.371899847,-0.041562721,0.235077097,1.321537878,0.747603029
-0.776619990,0.049589996,0.797125616,0.004335643,0.015760772,0.014998696,0.999753889,0.021349443,0.053885408,0.052668991,0.000000000,-0.061588650,-0.123902636,0.033579835,-0.023864620,0.071451266,0.070051119,-0.134971907,0.012483674,-0.053444802,-0.379948621,0.041096037,-0.231214512,1.320648600,-0.768975458,-0.372150422,-0.040818538,0.231191009,1.324338440,0.752777117
-0.778097874,0.049782379,0.797273241,0.004307121,0.015797775,0.014883199,0.999755155,0.018314201,0.052809071,0.052621126,0.000000000,-0.058783077,-0.122721994,0.031887874,-0.024375136,0.070711305,0.068495575,-0.131949126,0.013159617,-0.051248472,-0.375965526,0.040275107,-0.225219108,1.315361406,-0.775779953,-0.373531009,-0.040625533,0.228694392,1.327200259,0.755278110
-0.779522894,0.049952675,0.797439120,0.004364021,0.015863332,0.014766985,0.999755593,0.015029512,0.051015527,0.052689890,0.000000000,-0.055824553,-0.121485351,0.029998732,-0.025202113,0.070253184,0.067601825,-0.129535698,0.013837010,-0.049159658,-0.371857244,0.038358832,-0.215950440,1.310239934,-0.783978742,-0.370630670,-0.039963180,0.227416314,1.323445481,0.758467637
-0.780771998,0.049953145,0.797495831,0.004073652,0.015374783,0.014521776,0.999768043,0.015262207,0.052392762,0.053100082,0.000000000,-0.054720578,-0.121440396,0.029539579,-0.024506600,0.070293618,0.066522957,-0.126725351,0.014113591,-0.046793042,-0.367198316,0.035749619,-0.205871377,1.306123374,-0.792436427,-0.363711066,-0.037684425,0.225646376,1.315827132,0.765178017
-0.782031234,0.049860377,0.797560776,0.003653867,0.014840497,0.014189769,0.999782506,0.015714423,0.054461859,0.053593126,0.000000000,-0.054036481,-0.121947293,0.028710669,-0.023339091,0.070731667,0.065645722,-0.123702928,0.014229932,-0.044730690,-0.363004048,0.035022111,-0.197835548,1.302190799,-0.801133159,-0.360390288,-0.034727335,0.221387996,1.311986988,0.772164100
-0.783504731,0.049727330,0.797649275,0.003310437,0.014795843,0.013878388,0.999788735,0.014166787,0.055675773,0.053916049,0.000000000,-0.052369958,-0.121286165,0.026061909,-0.022347814,0.071249392,0.065803469,-0.120959420,0.014519480,-0.043115670,-0.359509287,0.037637090,-0.193587424,1.297334255,-0.809333497,-0.369127983,-0.028875448,0.212080493,1.322406939,0.773499375
-0.785036117,0.049593201,0.797742384,0.002976145,0.014866720,0.013534803,0.999793445,0.011857128,0.056517318,0.054094658,0.000000000,-0.050186901,-0.119646107,0.022639748,-0.021459831,0.071822088,0.066744918,-0.118585403,0.015021485,-0.041333965,-0.357171534,0.040876386,-0.192125331,1.292335811,-0.815837505,-0.382710823,-0.021935217,0.202214653,1.339608652,0.770225085
-0.786416548,0.049502148,0.797829434,0.002745774,0.014796474,0.013115179,0.999800739,0.010097246,0.056959348,0.054285500,0.000000000,-0.048236309,-0.118502595,0.019912767,-0.020927183,0.072413723,0.067831356,-0.116782051,0.015580961,-0.039773468,-0.353803075,0.043383820,-0.186320906,1.284568028,-0.823764202,-0.386036116,-0.018138573,0.198261051,1.342084844,0.770195353
-0.787695931,0.049425485,0.797904434,0.002552867,0.014623846,0.012691898,0.999809253,0.008793799,0.057439585,0.054345281,0.000000000,-0.046508036,-0.117976483,0.017987043,-0.020317493,0.072852455,0.068456533,-0.114929481,0.016085485,-0.038582614,-0.351390834,0.045038585,-0.177283708,1.276754989,-0.833732831,-0.381289874,-0.016739561,0.197508006,1.331306730,0.776051205
-0.788837166,0.049392233,0.797989248,0.002260954,0.014162405,0.012389729,0.999820388,0.008347222,0.058228935,0.054084269,0.000000000,-0.044994844,-0.117466649,0.017545778,-0.019143241,0.073055878,0.068037410,-0.112507886,0.016342180,-0.037231890,-0.347808575,0.045788890,-0.171464327,1.268773196,-0.843301173,-0.375215808,-0.015764014,0.193999173,1.318203382,0.785496012
-0.789928491,0.049457579,0.798063272,0.002095245,0.013784839,0.012194703,0.999828424,0.007742901,0.058549881,0.053659426,0.000000000,-0.043597011,-0.117170592,0.016352752,-0.018705360,0.073121004,0.068765423,-0.110859868,0.016752321,-0.035801915,-0.341214909,0.046796199,-0.169563770,1.256974068,-0.851774514,-0.369963347,-0.014280761,0.189727571,1.306149538,0.794485054
-0.791046000,0.049621106,0.798124081,0.002134789,0.013682542,0.012121650,0.999830634,0.006325930,0.058044259,0.053210333,0.000000000,-0.042194695,-0.117331322,0.013111533,-0.019584786,0.073077273,0.072134063,-0.110985461,0.017751287,-0.034495723,-0.334077104,0.047066747,-0.165237238,1.243765201,-0.861976024,-0.365288910,-0.012361984,0.188402346,1.293974374,0.801719144
-0.792177581,0.049686582,0.798197410,0.001965795,0.013356690,0.012261843,0.999833677,0.005378471,0.058405307,0.052639055,0.000000000,-0.040634230,-0.117061343,0.011455536,-0.018950006,0.072979906,0.074038893,-0.110020989,0.018318480,-0.034234235,-0.329354138,0.045613939,-0.156567868,1.233645291,-0.871429961,-0.360752749,-0.009064718,0.189047388,1.279462773,0.807805847
-0.793465733,0.049632635,0.798291767,0.001554944,0.012771856,0.012613420,0.999837669,0.004933028,0.059762439,0.051927349,0.000000000,-0.038837265,-0.116538280,0.011908687,-0.016637267,0.072841053,0.072898810,-0.106713193,0.017989653,-0.035314585,-0.328123524,0.041987860,-0.145135495,1.227838099,-0.876639703,-0.356900454,-0.003253317,0.188466799,1.258973510,0.816543091
-0.795002747,0.049844508,0.798396597,0.001550727,0.012593138,0.013075212,0.999834010,0.003175411,0.059356456,0.051192642,0.000000000,-0.037044334,-0.117615410,0.009323807,-0.017080442,0.072578953,0.074179687,-0.104850247,0.018604516,-0.035700263,-0.323251431,0.037952829,-0.141078623,1.210867690,-0.885256054,-0.352522657,-0.000405302,0.184993916,1.230561270,0.830858605
-0.796509576,0.050236141,0.798511029,0.001773303,0.012618004,0.013594559,0.999826400,0.000954261,0.057909861,0.050393604,0.000000000,-0.035509264,-0.120150156,0.004905155,-0.019391503,0.072276388,0.078034574,-0.104684788,0.020796514,-0.034962400,-0.308929926,0.034593535,-0.144496415,1.173044212,-0.905514873,-0.341635415,-0.000000003,0.184384550,1.192648585,0.846792357
-0.797877372,0.050533298,0.798663854,0.001720885,0.012452936,0.014176005,0.999820486,-0.000665721,0.057439971,0.049428734,0.000000000,-0.034106093,-0.122550274,0.002443718,-0.020323786,0.072021645,0.079636409,-0.102844489,0.023116512,-0.034025924,-0.287957605,0.033581927,-0.147031497,1.121432572,-0.936678615,-0.326893742,-0.000389550,0.187211371,1.149650962,0.866133649
-0.799110255,0.050791743,0.798826691,0.001406269,0.012093781,0.014775451,0.999816708,-0.001533144,0.057875674,0.048327652,0.000000000,-0.032818719,-0.124255895,0.002105799,-0.019763736,0.071690804,0.078429888,-0.098864884,0.024869875,-0.033063999,-0.263184349,0.033920683,-0.152444602,1.063889672,-0.967253987,-0.310347478,-0.002793077,0.192982609,1.104964388,0.887170130
-0.800142992,0.051081778,0.799019039,0.000817859,0.011424146,0.015414354,0.999815592,-0.001386119,0.059148451,0.047004980,0.000000000,-0.031778925,-0.125499012,0.003586117,-0.017716021,0.071043648,0.075331007,-0.093198835,0.025929894,-0.031977439,-0.239560794,0.032049912,-0.158320484,1.009027308,-0.987533869,-0.291442024,-0.008223950,0.200983847,1.060569479,0.906600853
-0.801115114,0.051426980,0.799193644,0.000342866,0.010860752,0.016007944,0.999812819,-0.001172709,0.060322241,0.045541924,0.000000000,-0.030904054,-0.127116121,0.004789874,-0.015758699,0.069924380,0.072287965,-0.087555083,0.026528402,-0.031530718,-0.221342839,0.030122890,-0.167178376,0.961289393,-1.000667925,-0.271478238,-0.016148494,0.213409233,1.019256341,0.921942431
-0.802256947,0.051772523,0.799299139,0.000391718,0.010971378,0.016412279,0.999805037,-0.003106648,0.059493662,0.044496500,0.000000000,-0.029778322,-0.129564336,0.002448962,-0.017121027,0.068782109,0.072077782,-0.085192594,0.027932198,-0.031117693,-0.205903711,0.033416533,-0.182232552,0.913600318,-1.016306712,-0.254593777,-0.024845542,0.228748410,0.973199920,0.938516175
-0.803442932,0.052054653,0.799383967,0.000578121,0.011404220,0.016719764,0.999795009,-0.006051905,0.058432415,0.043902955,0.000000000,-0.028282370,-0.131832676,-0.000954251,-0.018685845,0.067928008,0.072923441,-0.083883405,0.029482870,-0.030317645,-0.192519216,0.041113050,-0.200678008,0.866829621,-1.039958705,-0.236746396,-0.035636801,0.245078193,0.919581814,0.961628890
-0.804463954,0.052321167,0.799475292,0.000692063,0.011945192,0.016954101,0.999784673,-0.009344597,0.057543237,0.043900987,0.000000000,-0.026536352,-0.134022506,-0.005423502,-0.019632888,0.067565675,0.075685205,-0.083222740,0.030769249,-0.028908853,-0.176341458,0.049022451,-0.217863943,0.817965827,-1.068447832,-0.215538255,-0.048519336,0.261434848,0.859528758,0.993553005
-0.805071879,0.052696102,0.799536579,0.000775545,0.012179781,0.017130151,0.999778780,-0.011466086,0.057102354,0.044243555,0.000000000,-0.025116390,-0.136078439,-0.008411424,-0.019540994,0.067675788,0.078198478,-0.082500733,0.031375105,-0.026884738,-0.155062480,0.052246663,-0.230032950,0.764860410,-1.092797624,-0.186999911,-0.065648332,0.280124527,0.790541790,1.029933007
-0.805157272,0.053329154,0.799520517,0.001339095,0.011661360,0.017297346,0.999781487,-0.010485139,0.054523141,0.044206866,0.000000000,-0.024878622,-0.138424941,-0.005318607,-0.022759021,0.067606778,0.075286909,-0.082629588,0.032310721,-0.024686102,-0.131635128,0.053094995,-0.246533989,0.707401742,-1.101620065,-0.144347281,-0.089308973,0.302908472,0.705732496,1.067602496
-0.805156274,0.053744896,0.799506774,0.001871577,0.011248932,0.017371293,0.999784075,-0.009872277,0.052107022,0.043938359,0.000000000,-0.024631961,-0.140127948,-0.002691369,-0.025327949,0.067558362,0.072267640,-0.082510013,0.033051738,-0.023198819,-0.108749488,0.061406892,-0.265913325,0.649254206,-1.108502324,-0.098626137,-0.111278346,0.323208810,0.618659210,1.101426175
-0.805334283,0.053886332,0.799503061,0.002259214,0.011273818,0.017320310,0.999783879,-0.010976670,0.049945141,0.043594802,0.000000000,-0.023653892,-0.140807999,-0.002517630,-0.026867515,0.067686075,0.071041993,-0.082582629,0.033125394,-0.022057145,-0.086763218,0.075796294,-0.285884054,0.590479110,-1.115482269,-0.064091126,-0.125245641,0.336095799,0.547317788,1.128076552
-0.805590307,0.053826451,0.799507432,0.002210025,0.011037584,0.017097776,0.999790455,-0.010476360,0.050652748,0.043456868,0.000000000,-0.023613313,-0.141798357,-0.002261669,-0.026532910,0.068219027,0.070322153,-0.081379113,0.033325632,-0.020959947,-0.064674579,0.090725722,-0.301670029,0.533057099,-1.123890076,-0.043595320,-0.132268733,0.344502090,0.495039675,1.147072105
-0.805891225,0.053687956,0.799539058,0.001847382,0.010532667,0.016761889,0.999802325,-0.008833326,0.052925972,0.043551693,0.000000000,-0.024292698,-0.143347351,-0.001059992,-0.025112902,0.069041455,0.068582418,-0.078623284,0.033798841,-0.020132137,-0.043266691,0.104098050,-0.313312861,0.478192851,-1.134660335,-0.032742277,-0.136956016,0.352709459,0.455787097,1.158594339
-0.806243585,0.053681882,0.799588048,0.001676684,0.010124829,0.016417484,0.999812554,-0.008211669,0.053610346,0.043837068,0.000000000,-0.024069727,-0.144268526,0.000713693,-0.024142341,0.069767734,0.065573798,-0.075869931,0.033654086,-0.019598382,-0.022069934,0.114226568,-0.323809055,0.422960783,-1.144439612,-0.026173362,-0.142023198,0.361790108,0.424239549,1.171122319
-0.806465372,0.053932916,0.799603814,0.001896164,0.009937388,0.015984086,0.999821065,-0.008765532,0.052133511,0.044502088,0.000000000,-0.023001424,-0.144727902,0.001359650,-0.024823511,0.070327464,0.063840253,-0.074687835,0.033389175,-0.018356940,0.000973871,0.120773146,-0.338357287,0.363590506,-1.152217448,-0.015878352,-0.147277042,0.370057124,0.394989506,1.177753173
-0.806591586,0.054255371,0.799586203,0.002398504,0.010038233,0.015441383,0.999827508,-0.010056699,0.049536216,0.045430418,0.000000000,-0.021848835,-0.145466498,-0.000176854,-0.027206687,0.070786968,0.064835184,-0.075712529,0.033699873,-0.016476629,0.023636428,0.129279902,-0.355496424,0.302264283,-1.159827259,-0.000782142,-0.152115962,0.376170099,0.362929673,1.168990647
-0.806793802,0.054350935,0.799557092,0.002700551,0.010060601,0.014873768,0.999835118,-0.010569853,0.048392018,0.046209731,0.000000000,-0.021324748,-0.146286726,-0.001121863,-0.028551281,0.071246424,0.065284038,-0.076236222,0.033996036,-0.015436362,0.042382617,0.143453963,-0.370083555,0.247456312,-1.165121275,0.009377339,-0.157538304,0.383594736,0.330909075,1.160118027
-0.807006481,0.054305936,0.799543328,0.002825114,0.009822974,0.014306644,0.999845412,-0.010131742,0.048279224,0.046853998,0.000000000,-0.021232941,-0.147411661,-0.000884636,-0.029029733,0.071731596,0.064533423,-0.075644422,0.034129934,-0.015171999,0.059409062,0.158841944,-0.381065983,0.201447771,-1.167712929,0.014054333,-0.163364153,0.392100948,0.301885647,1.160211868
-0.807142595,0.054241011,0.799545020,0.002942156,0.009377689,0.013770949,0.999856872,-0.009065918,0.048136869,0.047423270,0.000000000,-0.021201296,-0.148719382,0.000564180,-0.029217557,0.072147424,0.063059853,-0.074759774,0.034011893,-0.015260756,0.078399862,0.172734254,-0.389558024,0.160606173,-1.166079808,0.017187622,-0.169212660,0.399759647,0.276022217,1.165002356
-0.807365662,0.054190172,0.799544665,0.003034900,0.009103110,0.013373583,0.999864526,-0.009246593,0.047364400,0.047795342,0.000000000,-0.020418772,-0.148376151,0.002656427,-0.028652191,0.072371155,0.059866227,-0.073363043,0.032830254,-0.015469999,0.091694494,0.184638525,-0.397171149,0.121795825,-1.158397854,0.019433580,-0.174354440,0.406409227,0.252293622,1.166128545
-0.807725385,0.054122200,0.799561613,0.003038617,0.008909167,0.013133247,0.999869447,-0.010464425,0.046135285,0.047960263,0.000000000,-0.018709956,-0.146147288,0.005602824,-0.027155260,0.072429675,0.054755620,-0.070866936,0.030588556,-0.016068324,0.096704652,0.193680835,-0.404165524,0.089338293,-1.148224807,0.021637522,-0.175986388,0.411983077,0.232621797,1.158293175
-0.808170233,0.054037828,0.799550962,0.003108110,0.008768016,0.012757010,0.999875352,-0.010311263,0.046320862,0.048537293,0.000000000,-0.018401596,-0.146651654,0.004701702,-0.027797539,0.072591817,0.054718730,-0.070034583,0.030471440,-0.016394824,0.095904654,0.199430127,-0.410519121,0.063804842,-1.138825316,0.024850516,-0.171959018,0.416679684,0.217276809,1.137302850
-0.808453141,0.053972808,0.799503066,0.003344321,0.008724167,0.012301383,0.999880683,-0.009255412,0.047037160,0.049335121,0.000000000,-0.019460507,-0.149999281,0.001639343,-0.029677076,0.072831201,0.059085679,-0.072211500,0.031931434,-0.016532364,0.100134895,0.205118081,-0.415706308,0.028769183,-1.136693169,0.030469946,-0.169292562,0.421991375,0.200552974,1.116401704
-0.808431424,0.053743977,0.799472001,0.003350187,0.008548655,0.012051586,0.999885221,-0.008433563,0.047800086,0.049681507,0.000000000,-0.020027566,-0.151125333,0.001591696,-0.029329329,0.072971609,0.060315949,-0.073436827,0.031668352,-0.016995800,0.116748190,0.222184738,-0.420123595,-0.017619778,-1.143784685,0.033916438,-0.173175583,0.429515270,0.179252088,1.105882859
-0.808294436,0.053391546,0.799460539,0.003229860,0.008413585,0.011847590,0.999889201,-0.007858030,0.048682251,0.049827025,0.000000000,-0.020200676,-0.150554640,0.002363799,-0.028257172,0.073024984,0.059886928,-0.073217326,0.030917478,-0.017815071,0.142123983,0.251979216,-0.425020166,-0.068098435,-1.157785351,0.034072597,-0.178597318,0.438952593,0.156937142,1.091617304
-0.808277247,0.053168195,0.799449399,0.003218042,0.008519527,0.011653141,0.999890627,-0.008326316,0.048650316,0.049949192,0.000000000,-0.019981949,-0.149603032,0.001539505,-0.028332456,0.072969766,0.060579005,-0.073595453,0.030838400,-0.018496548,0.166075255,0.282452769,-0.434580645,-0.117117663,-1.171039839,0.030791505,-0.181194685,0.448026064,0.136031803,1.064871794
-0.808437886,0.053251855,0.799433727,0.003250286,0.008857472,0.011578308,0.999888456,-0.009872611,0.047862333,0.049860758,0.000000000,-0.019120978,-0.146952229,0.001168576,-0.028127768,0.072841166,0.059921969,-0.073560237,0.030341113,-0.018398909,0.182174981,0.298602954,-0.447791123,-0.163690961,-1.167270120,0.026012055,-0.181187144,0.452205492,0.120610378,1.027386075
-0.808604095,0.053514646,0.799414915,0.003410736,0.009376620,0.011572219,0.999883258,-0.012587865,0.045794700,0.049711080,0.000000000,-0.017840550,-0.143018827,0.000069001,-0.028862186,0.072827086,0.059081004,-0.074605529,0.028954558,-0.018041218,0.198105948,0.307106859,-0.456736272,-0.214649089,-1.150772182,0.024440836,-0.183309473,0.452983153,0.102511586,0.993814323
-0.808722744,0.053494348,0.799309040,0.003385042,0.009157465,0.011487087,0.999886358,-0.011180676,0.047147157,0.049718957,0.000000000,-0.018441386,-0.141651333,0.000872657,-0.027974050,0.073219962,0.059096159,-0.075169136,0.027698023,-0.018436547,0.210628492,0.319706942,-0.459855260,-0.251971857,-1.130989853,0.027581705,-0.187909692,0.454359414,0.083821987,0.968623915
-0.809020060,0.053397259,0.799266002,0.003629812,0.008921593,0.011387203,0.999888774,-0.010483288,0.047138281,0.049779903,0.000000000,-0.018798991,-0.143472607,-0.000863060,-0.029330948,0.073619947,0.062055877,-0.077041979,0.027831861,-0.019984365,0.215758334,0.329961461,-0.459209874,-0.271335766,-1.105536699,0.030505092,-0.187631207,0.456604638,0.072862652,0.938694407
-0.809327574,0.053236046,0.799258369,0.003702894,0.008575058,0.011376988,0.999891655,-0.009893958,0.047444910,0.049637781,0.000000000,-0.018644982,-0.145184681,-0.000901223,-0.029190886,0.073847875,0.063227899,-0.077273492,0.028089251,-0.022177826,0.221073182,0.335403002,-0.454285574,-0.280232760,-1.087914763,0.032524393,-0.181833564,0.457166439,0.068838747,0.904158355
-0.809661992,0.053224377,0.799273219,0.003836473,0.008189801,0.011338425,0.999894819,-0.009554776,0.046974087,0.049640587,0.000000000,-0.018202589,-0.146902082,-0.000978303,-0.029823392,0.073861253,0.063861276,-0.076973172,0.028685224,-0.023483494,0.225381639,0.338660897,-0.449958270,-0.280380789,-1.076370781,0.033403590,-0.179641392,0.455938677,0.065825836,0.872142984
-0.809954985,0.053381162,0.799256529,0.004234213,0.007851066,0.011223267,0.999897230,-0.009178545,0.045610466,0.049850326,0.000000000,-0.017824580,-0.149135267,-0.001365934,-0.031583440,0.073700504,0.065274740,-0.077938429,0.029394204,-0.023662464,0.227241887,0.342309776,-0.449777642,-0.279237091,-1.057088564,0.034709320,-0.182864567,0.454697284,0.060837924,0.848525456
-0.810155100,0.053515688,0.799249815,0.004455665,0.007396821,0.011069785,0.999901442,-0.008415171,0.044819828,0.050050500,0.000000000,-0.017640338,-0.150654147,-0.000788261,-0.032523591,0.073591996,0.065696139,-0.078328580,0.029779250,-0.023317637,0.229304312,0.346544385,-0.452273421,-0.279688839,-1.027621876,0.034296828,-0.187197089,0.453744042,0.057522820,0.830840510
-0.810330444,0.053603780,0.799248430,0.004541092,0.006962934,0.010865924,0.999906409,-0.007640814,0.044544626,0.050199034,0.000000000,-0.017505927,-0.151426191,-0.000001131,-0.032874864,0.073690575,0.065509951,-0.078047756,0.030014912,-0.022828404,0.231894803,0.351921283,-0.456228875,-0.281868789,-1.001078231,0.031521540,-0.190042614,0.454003422,0.057710311,0.812721893
-0.810427345,0.053618376,0.799238191,0.004593568,0.006668744,0.010614473,0.999910876,-0.007114316,0.044498048,0.050343751,0.000000000,-0.017435375,-0.151841572,0.000303212,-0.033043015,0.074059009,0.065635923,-0.077930949,0.030112364,-0.022175757,0.234533769,0.360054525,-0.461272125,-0.288366574,-0.982313336,0.029022774,-0.190913412,0.456419586,0.059269441,0.794055857
-0.810357009,0.053588962,0.799225750,0.004658478,0.006462408,0.010329679,0.999914913,-0.006626919,0.044436017,0.050565277,0.000000000,-0.017524629,-0.152236486,0.000210638,-0.033279360,0.074735226,0.066395294,-0.078344113,0.030148652,-0.021571784,0.238668997,0.367840670,-0.464312250,-0.295820050,-0.968546875,0.031185796,-0.191759293,0.459513436,0.057811199,0.773435894
-0.810228272,0.053587522,0.799217405,0.004774693,0.006145129,0.010032317,0.999919393,-0.005785171,0.044123904,0.050894454,0.000000000,-0.017685637,-0.153127096,0.000272524,-0.033793005,0.075621967,0.067441541,-0.078968301,0.030290029,-0.021017990,0.243668134,0.372875170,-0.465451291,-0.297441435,-0.952641581,0.035695075,-0.194620975,0.461915228,0.055924892,0.754196462
-0.810155502,0.053641122,0.799222238,0.004841691,0.005737000,0.009735231,0.999924432,-0.004718776,0.043946565,0.051269325,0.000000000,-0.017837802,-0.154177135,0.000923767,-0.034140127,0.076402798,0.067739921,-0.078914429,0.030657063,-0.020406361,0.248341462,0.376662486,-0.467728069,-0.293458667,-0.931540235,0.036243349,-0.199184770,0.465349442,0.059357502,0.735133335
-0.810064523,0.053678159,0.799246150,0.004751592,0.005301073,0.009460669,0.999929906,-0.003539625,0.044302592,0.051573493,0.000000000,-0.018022231,-0.154781381,0.002643989,-0.033683306,0.076807788,0.066454601,-0.077787455,0.030923615,-0.019847790,0.252677891,0.379844846,-0.469183749,-0.287492324,-0.906767859,0.034165685,-0.204284638,0.471417855,0.066168480,0.712696172
-0.809998776,0.053676298,0.799279344,0.004609143,0.004859110,0.009236055,0.999934918,-0.002517704,0.044689356,0.051822594,0.000000000,-0.018037125,-0.155009673,0.005179458,-0.032744353,0.076821188,0.063799730,-0.076046818,0.030646830,-0.019242672,0.254643385,0.383282237,-0.469941938,-0.280121161,-0.875409121,0.032373771,-0.209853298,0.479893231,0.074540996,0.689967500
-0.810167858,0.053970352,0.799289070,0.004847592,0.004900293,0.009032114,0.999935452,-0.003269544,0.043103271,0.052121942,0.000000000,-0.017385153,-0.155117422,0.005169581,-0.033997415,0.076736174,0.062908054,-0.075825412,0.030671567,-0.017964027,0.247334523,0.381918430,-0.474208895,-0.268483043,-0.830738611,0.030442853,-0.216508809,0.485811463,0.084434662,0.668471123
-0.810618704,0.054714057,0.799292633,0.005273401,0.005311575,0.008831867,0.999932986,-0.005485117,0.040054120,0.052436339,0.000000000,-0.016172511,-0.154723188,0.002910545,-0.036852151,0.076802662,0.063892203,-0.076637521,0.031666749,-0.015430987,0.224242031,0.365781029,-0.483026590,-0.245374022,-0.772007559,0.030096944,-0.225861486,0.483909391,0.095387135,0.648677855
-0.811023709,0.055181273,0.799344143,0.005078126,0.005184174,0.008587217,0.999936796,-0.004869157,0.040768968,0.052867938,0.000000000,-0.016380402,-0.155096349,0.002770885,-0.036966492,0.077039194,0.063408075,-0.074746630,0.033323251,-0.013335883,0.196796355,0.347970444,-0.487114568,-0.209015734,-0.718987859,0.031012120,-0.232974045,0.480590270,0.107983254,0.630205611
-0.811292422,0.055326173,0.799421005,0.004707884,0.005071116,0.008365775,0.999941065,-0.004475281,0.041954031,0.053220229,0.000000000,-0.016599240,-0.155483770,0.003268320,-0.036140075,0.076923286,0.061718578,-0.071922014,0.034616368,-0.011689132,0.182998608,0.342531674,-0.494587854,-0.179117284,-0.675028672,0.021697132,-0.234005568,0.481211219,0.126157826,0.605649995
-0.811476652,0.055480793,0.799460105,0.004619940,0.005439438,0.008203785,0.999940882,-0.005956317,0.041453174,0.053404532,0.000000000,-0.015992193,-0.154462072,0.002779351,-0.036078596,0.076452461,0.060350273,-0.070586896,0.035043546,-0.010641023,0.180002070,0.341947451,-0.503728689,-0.161080377,-0.633921841,0.005501497,-0.233748536,0.485479159,0.144368923,0.578401626
-0.811605711,0.055643675,0.799444523,0.004802467,0.005963039,0.008060825,0.999938199,-0.008369024,0.039529101,0.053469060,0.000000000,-0.014839289,-0.152298907,0.001471535,-0.036958058,0.075948738,0.060145240,-0.071435731,0.034535670,-0.010721991,0.176960794,0.340807606,-0.508663986,-0.150821544,-0.590308687,-0.007780167,-0.235395368,0.493278547,0.160222457,0.553163125
-0.811548965,0.055290888,0.799430493,0.004523306,0.005777393,0.007829999,0.999942425,-0.007316960,0.041291160,0.053671392,0.000000000,-0.015297912,-0.151408733,0.001738958,-0.035685040,0.075815673,0.060653750,-0.071412071,0.034198796,-0.012097612,0.171803053,0.349319316,-0.510904044,-0.139345930,-0.548065244,-0.020066515,-0.233902150,0.507231615,0.181014366,0.524864035
-0.811471167,0.054460375,0.799496629,0.003816261,0.005152333,0.007576898,0.999950739,-0.004962759,0.045110823,0.053966459,0.000000000,-0.016256485,-0.151972669,0.003453385,-0.032544231,0.075961346,0.060046461,-0.069069898,0.034326010,-0.015312154,0.168594919,0.370309295,-0.512942857,-0.118711532,-0.520021234,-0.040208930,-0.227796459,0.529074633,0.209199266,0.486715157
-0.811674241,0.054053730,0.799557711,0.003342559,0.004783477,0.007385242,0.999955701,-0.004121110,0.047108886,0.054222509,0.000000000,-0.016333102,-0.151626548,0.005173279,-0.030543319,0.076154262,0.057746469,-0.066384403,0.034259257,-0.017044729,0.154386263,0.380528445,-0.521044731,-0.094595725,-0.497021285,-0.061619309,-0.224333760,0.545498376,0.242898180,0.451326080
-0.811988486,0.054076621,0.799581210,0.003224371,0.004734054,0.007207464,0.999957621,-0.004507610,0.047208961,0.054554956,0.000000000,-0.015940249,-0.150635290,0.005213298,-0.030661396,0.076340264,0.056530661,-0.065147968,0.034530531,-0.016834939,0.134299387,0.383159658,-0.532481710,-0.070384476,-0.473263101,-0.077338347,-0.223666271,0.554689444,0.274171506,0.419796084
-0.812227132,0.054209804,0.799571211,0.003319489,0.004827144,0.007086166,0.999957732,-0.005186474,0.046523632,0.054887741,0.000000000,-0.015597931,-0.149694651,0.003544233,-0.031906347,0.076405980,0.058026806,-0.066028115,0.035204278,-0.016195062,0.117623387,0.386615357,-0.544447624,-0.051404069,-0.437379878,-0.088582448,-0.224721839,0.561667140,0.300603343,0.385628638
-0.812408741,0.054290961,0.799553660,0.003343154,0.004675011,0.007063145,0.999958539,-0.004883733,0.046145452,0.055107352,0.000000000,-0.015589437,-0.148188597,0.002794890,-0.032469010,0.076411828,0.059759526,-0.067265342,0.035493991,-0.016034401,0.102095269,0.393175038,-0.556980272,-0.031807310,-0.385746201,-0.100174426,-0.227534675,0.570513427,0.323897670,0.343815024
-0.812672622,0.054367021,0.799562536,0.003297851,0.004047427,0.007081510,0.999961297,-0.003311640,0.045493534,0.055274782,0.000000000,-0.015802321,-0.146263689,0.004092902,-0.032541079,0.076443927,0.059749119,-0.067059879,0.035871059,-0.016340160,0.080547728,0.394545445,-0.569683011,0.011461640,-0.334029543,-0.115337763,-0.231952160,0.582580976,0.345924470,0.292148373
-0.813015793,0.054433169,0.799634384,0.003118790,0.003629257,0.007242526,0.999962323,-0.003284600,0.044728678,0.055116411,0.000000000,-0.014857902,-0.144478719,0.006393660,-0.031874584,0.076187057,0.056899432,-0.064776784,0.036139671,-0.016731484,0.055153830,0.390218794,-0.582733805,0.070396303,-0.294695509,-0.130535370,-0.235434967,0.595281058,0.369847891,0.241160416
-0.813284737,0.054521842,0.799701306,0.002942936,0.004036829,0.007592101,0.999958701,-0.007039306,0.043768487,0.054431715,0.000000000,-0.012005688,-0.141678066,0.008007346,-0.030520225,0.075443711,0.051621633,-0.061586318,0.035164036,-0.016579751,0.034417614,0.390532090,-0.598021644,0.109976500,-0.265448032,-0.142648550,-0.236912015,0.605564350,0.396357218,0.198053852
-0.813354587,0.054563724,0.799703235,0.002796727,0.004429852,0.007788887,0.999955943,-0.009306081,0.043531549,0.054030879,0.000000000,-0.010579761,-0.139025137,0.007789489,-0.030377918,0.074864559,0.049186527,-0.060230415,0.034585059,-0.015756604,0.018407051,0.397015101,-0.613549017,0.130880993,-0.234872632,-0.153769081,-0.234748446,0.614391194,0.425214175,0.155354225
-0.813345027,0.054583098,0.799693326,0.002422410,0.004235983,0.007843199,0.999957335,-0.007746866,0.045899676,0.053891603,0.000000000,-0.011608176,-0.137681841,0.007880315,-0.029651889,0.074614662,0.049585395,-0.059567955,0.035495660,-0.014831153,0.001909915,0.401264155,-0.627834713,0.153333468,-0.198126788,-0.166803189,-0.233558061,0.625446001,0.454294913,0.102329917
-0.813425842,0.054808235,0.799713036,0.002256444,0.004169864,0.008007937,0.999956696,-0.007395421,0.046300888,0.053554171,0.000000000,-0.012169406,-0.136743925,0.006515814,-0.030610183,0.074308643,0.051313049,-0.060105758,0.036923939,-0.014153505,-0.015931737,0.399044111,-0.642524716,0.184367852,-0.160225359,-0.180443130,-0.236507014,0.638845439,0.479838393,0.042814995
-0.813377704,0.055002486,0.799730722,0.001901207,0.003956819,0.008235701,0.999956450,-0.005795660,0.048333335,0.053153447,0.000000000,-0.013318326,-0.136551696,0.006520323,-0.030185993,0.074035357,0.052247883,-0.059534668,0.038534625,-0.013313706,-0.031040323,0.392724426,-0.655739683,0.218057266,-0.129375871,-0.190858004,-0.236315147,0.649722613,0.506565219,-0.008407303
-0.813298875,0.055196106,0.799773627,0.001627684,0.003726108,0.008572160,0.999954991,-0.004965739,0.049341341,0.052718899,0.000000000,-0.013836771,-0.136245694,0.007280583,-0.029832965,0.073608025,0.051868629,-0.058799250,0.039481448,-0.012377792,-0.046416833,0.387932051,-0.669441140,0.249582885,-0.103617949,-0.199839699,-0.233785398,0.657630641,0.535612860,-0.048158261
-0.813353646,0.055656681,0.799789290,0.001612310,0.003476105,0.009082043,0.999951416,-0.005020808,0.048548089,0.052139834,0.000000000,-0.013337116,-0.134552159,0.009122110,-0.029960063,0.072874884,0.049755757,-0.058061642,0.039337591,-0.010680885,-0.066719226,0.384600203,-0.688567751,0.279252923,-0.073516207,-0.211564887,-0.237140401,0.665770009,0.565615512,-0.084530919
-0.813609489,0.056552094,0.799811007,0.001690891,0.003114513,0.009806725,0.999945633,-0.005898605,0.045879817,0.051299780,0.000000000,-0.011728481,-0.130557221,0.013012009,-0.030117052,0.071904578,0.044575631,-0.056398999,0.037948970,-0.007297319,-0.093247359,0.374709637,-0.713557242,0.313230337,-0.034645212,-0.228989097,-0.251106661,0.675761174,0.598832018,-0.124244524
-0.813966280,0.057308130,0.799810188,0.001705594,0.003028350,0.010475962,0.999939085,-0.007382311,0.043853101,0.050550715,0.000000000,-0.010045143,-0.126041052,0.015813529,-0.030017408,0.071064945,0.039522085,-0.054329965,0.036521650,-0.004625212,-0.118676776,0.360495734,-0.734524975,0.354001097,-0.000210465,-0.251183819,-0.258752331,0.685536500,0.635789105,-0.159212775
-0.814170901,0.057592949,0.799788875,0.001657018,0.003208140,0.010907298,0.999933994,-0.007171223,0.044822902,0.050310004,0.000000000,-0.010697494,-0.126208074,0.013270679,-0.031477647,0.070522637,0.041955795,-0.054858899,0.038111705,-0.003494826,-0.138747309,0.349603283,-0.746808363,0.392962625,0.015202589,-0.268180598,-0.253980050,0.693129626,0.672893845,-0.184764612
-0.814284670,0.057447848,0.799796350,0.001438226,0.003336918,0.011402615,0.999928386,-0.007110147,0.046637563,0.049792996,0.000000000,-0.011248439,-0.126947613,0.011512292,-0.030984289,0.069956088,0.044561553,-0.055573384,0.039336205,-0.004015736,-0.158005720,0.348079548,-0.754426858,0.425177086,0.014196806,-0.282235063,-0.243968511,0.701089190,0.710544697,-0.206707214
-0.814293597,0.057172519,0.799787309,0.001337020,0.003308899,0.011916151,0.999922631,-0.007239532,0.047422701,0.049097687,0.000000000,-0.011144480,-0.126570173,0.010484441,-0.030623912,0.069391780,0.046771235,-0.056646507,0.039513752,-0.005309968,-0.176805794,0.354966660,-0.764360141,0.451390858,0.015057392,-0.293775811,-0.237343599,0.713683877,0.744126309,-0.235138480
-0.814070922,0.057015379,0.799743412,0.001454015,0.003120769,0.012361396,0.999917668,-0.007009059,0.046965114,0.048412181,0.000000000,-0.010899578,-0.125595751,0.009992498,-0.031197460,0.068853798,0.049502328,-0.058962922,0.039492013,-0.006483465,-0.193690968,0.358569218,-0.781301631,0.473722705,0.033935672,-0.299780275,-0.232000650,0.732125919,0.768847369,-0.278258299
-0.813891729,0.057042103,0.799705527,0.001665781,0.003234847,0.012777309,0.999911747,-0.007983175,0.045490986,0.047762684,0.000000000,-0.010171170,-0.123921558,0.009363331,-0.032147049,0.068291266,0.051171944,-0.061248419,0.039245846,-0.006682916,-0.209635274,0.353417256,-0.799760316,0.499025767,0.062076132,-0.308351324,-0.223701408,0.746156121,0.795986541,-0.318292182
-0.813816018,0.056992663,0.799690861,0.001635777,0.003355275,0.013116814,0.999907003,-0.008733730,0.045257589,0.047286717,0.000000000,-0.009599542,-0.122366119,0.009065468,-0.032108034,0.067779024,0.051636174,-0.062008666,0.039058471,-0.006660833,-0.224344928,0.344778361,-0.812312305,0.530450053,0.081745318,-0.321721177,-0.212048710,0.755027919,0.830644168,-0.341062571
-0.813727619,0.056645054,0.799706365,0.001131578,0.003049066,0.013417341,0.999904694,-0.007523486,0.047905334,0.046942603,0.000000000,-0.009849365,-0.121648261,0.010741535,-0.029715769,0.067339873,0.050170262,-0.060175754,0.038882041,-0.007402140,-0.237535934,0.339039225,-0.820624875,0.564742774,0.092389914,-0.337054992,-0.199405132,0.765431031,0.867116917,-0.353689191
-0.813672985,0.056286304,0.799742736,0.000559927,0.002661521,0.013775272,0.999901417,-0.006478844,0.050579355,0.046496102,0.000000000,-0.009773793,-0.120621234,0.013607855,-0.026594748,0.066844175,0.046836078,-0.057239565,0.038042937,-0.008512788,-0.252711341,0.331773637,-0.831877043,0.600980272,0.104192264,-0.353884431,-0.187741739,0.782232190,0.901322627,-0.367830501
-0.813711171,0.056206155,0.799729606,0.000428356,0.002688895,0.014076442,0.999897215,-0.006831563,0.051167491,0.046199521,0.000000000,-0.009327972,-0.119443886,0.014081346,-0.025858503,0.066435452,0.045614680,-0.056415990,0.037243024,-0.008705204,-0.272949115,0.319427568,-0.850664504,0.639144459,0.125752148,-0.371193310,-0.175307201,0.799226301,0.936238348,-0.382012439
-0.813803198,0.056348642,0.799678396,0.000766682,0.003136551,0.014242171,0.999893362,-0.008047118,0.049430691,0.046284992,0.000000000,-0.009225820,-0.118623037,0.010726376,-0.027884284,0.066250216,0.049293354,-0.059218574,0.037481201,-0.007835104,-0.292856572,0.303871104,-0.868030611,0.678194829,0.148303660,-0.386887516,-0.162097062,0.810746529,0.974217263,-0.391729283
-0.813744517,0.056549480,0.799644577,0.001095858,0.003319794,0.014392201,0.999890315,-0.007920620,0.047331522,0.046451668,0.000000000,-0.009836704,-0.117283699,0.008517955,-0.029144822,0.066196461,0.053120625,-0.062371158,0.037357319,-0.006556845,-0.308623972,0.287288846,-0.879505450,0.718302742,0.160935754,-0.397697219,-0.153515596,0.821019376,1.007899090,-0.398535872
-0.813605257,0.056699895,0.799605657,0.001193200,0.003378431,0.014671416,0.999885950,-0.007906214,0.046914110,0.046214821,0.000000000,-0.009863677,-0.116348503,0.008928885,-0.029420651,0.065866872,0.053208040,-0.063335638,0.037078933,-0.005717366,-0.321819697,0.271669814,-0.887441142,0.757157384,0.165812633,-0.403844338,-0.151377961,0.833710780,1.030535460,-0.404888117
-0.813464635,0.056671947,0.799594345,0.000929835,0.003288702,0.015060152,0.999880749,-0.008294779,0.048686351,0.045594144,0.000000000,-0.009015049,-0.116315564,0.011900534,-0.028273031,0.065385702,0.048865597,-0.061210677,0.036791821,-0.005923463,-0.333349231,0.259567813,-0.896357025,0.792075198,0.169369595,-0.406846572,-0.153574276,0.848154215,1.039363951,-0.413068541
-0.813455163,0.056546159,0.799596182,0.000656316,0.003230580,0.015354258,0.999876682,-0.008523996,0.050420140,0.045069803,0.000000000,-0.008291232,-0.115906971,0.014943012,-0.026222890,0.065311592,0.043943337,-0.058349906,0.035689238,-0.006636106,-0.347838398,0.250799989,-0.914294076,0.825556618,0.175370666,-0.408570485,-0.155296136,0.859818359,1.040691884,-0.418969964
-0.813821743,0.056580942,0.799528443,0.001068284,0.004058867,0.015459021,0.999871693,-0.011420433,0.048976118,0.044986562,0.000000000,-0.007516479,-0.116378315,0.011051424,-0.028558576,0.065472765,0.045507144,-0.059942435,0.035519419,-0.006995644,-0.369890348,0.242280472,-0.944183010,0.861816062,0.181721470,-0.412662850,-0.154030642,0.867094022,1.043901712,-0.419896816
-0.814132667,0.056634083,0.799469392,0.001471047,0.004707651,0.015550224,0.999866923,-0.013521030,0.047679818,0.044907488,0.000000000,-0.006952156,-0.116929124,0.007678550,-0.030429314,0.065572292,0.048279962,-0.062291759,0.035778016,-0.007170417,-0.388251006,0.232475087,-0.973333591,0.898330412,0.187934852,-0.416901077,-0.152536792,0.874452090,1.049134709,-0.422809630
-0.814325423,0.056657063,0.799451133,0.001597790,0.004845008,0.015647126,0.999864561,-0.014236974,0.047253005,0.044813952,0.000000000,-0.006600917,-0.117057832,0.006547262,-0.030959889,0.065581327,0.049473876,-0.063152834,0.035912040,-0.007424858,-0.398528807,0.223182887,-0.990403431,0.926856029,0.189911799,-0.420641371,-0.152037025,0.883350611,1.054280638,-0.431238578
-0.814493462,0.056703433,0.799433211,0.001704148,0.004727824,0.015698353,0.999864143,-0.014017378,0.046814040,0.044790083,0.000000000,-0.006517910,-0.117048473,0.006524470,-0.031307200,0.065544039,0.049917955,-0.063535177,0.035834838,-0.007810588,-0.402827740,0.218346882,-0.998716183,0.941286454,0.190783353,-0.423369058,-0.152031470,0.890812365,1.058962533,-0.443072670
-0.814589159,0.056800661,0.799399133,0.001990687,0.004393090,0.015675899,0.999865493,-0.012862335,0.045580039,0.044886165,0.000000000,-0.006985818,-0.116947372,0.006931990,-0.032196833,0.065573866,0.050745367,-0.064742098,0.035509446,-0.008040461,-0.404421143,0.218530940,-1.007693500,0.945308519,0.196537677,-0.425368118,-0.152359154,0.895835253,1.063759146,-0.451443398
-0.814645672,0.056846325,0.799373111,0.002156443,0.004017969,0.015648752,0.999867152,-0.011641720,0.044630493,0.044975332,0.000000000,-0.007324008,-0.116407115,0.007846155,-0.032411723,0.065661168,0.051353172,-0.065849427,0.034823051,-0.008200687,-0.405720575,0.220545022,-1.020326906,0.946832453,0.207304207,-0.427144127,-0.153228218,0.902263427,1.067524892,-0.457176517
-0.814773266,0.056753434,0.799386313,0.001909116,0.003907632,0.015748983,0.999866519,-0.012991756,0.045411768,0.044671335,0.000000000,-0.005698701,-0.115184463,0.009046942,-0.030302416,0.065542178,0.049633182,-0.064524744,0.033498866,-0.008760438,-0.408330120,0.218657870,-1.031669301,0.953033200,0.216260071,-0.428982879,-0.151870252,0.908481386,1.071091808,-0.466263260
-0.814987759,0.056775940,0.799391073,0.001976410,0.004107111,0.015860536,0.999863825,-0.015978282,0.043654783,0.044340888,0.000000000,-0.003104760,-0.112910385,0.009676560,-0.029406545,0.065364138,0.047479522,-0.063680764,0.031419493,-0.009448545,-0.410649170,0.215381969,-1.039790651,0.961090644,0.220623212,-0.431308836,-0.150660584,0.913014954,1.074514333,-0.475863944
-0.815179685,0.056893919,0.799351247,0.002366637,0.004322320,0.015683070,0.999864870,-0.017454941,0.041715094,0.044610948,0.000000000,-0.002231580,-0.112654505,0.006847029,-0.031393272,0.065398205,0.050672667,-0.065703501,0.031088396,-0.009595227,-0.412750458,0.213005275,-1.046427407,0.967583744,0.222172569,-0.433502213,-0.150232742,0.917562994,1.077604053,-0.482753308
-0.815114532,0.056783115,0.799325919,0.002245169,0.003678622,0.015256203,0.999874330,-0.014096653,0.044209329,0.045327714,0.000000000,-0.004151228,-0.114967096,0.005619948,-0.031402765,0.065806480,0.055503139,-0.067559536,0.032560021,-0.009201535,-0.414631293,0.212209777,-1.054380433,0.972730525,0.224666807,-0.434312707,-0.150061274,0.923157007,1.080634195,-0.490725735
-0.814914854,0.056698618,0.799331220,0.002034875,0.002780378,0.014862576,0.999883610,-0.010550453,0.046416058,0.045911358,0.000000000,-0.005786529,-0.116654493,0.006793163,-0.030282790,0.066250973,0.057593158,-0.068095695,0.033222880,-0.008679614,-0.414494288,0.209597502,-1.062186215,0.977569236,0.231416816,-0.434083059,-0.149842271,0.927611440,1.083870671,-0.499134940
-0.814662995,0.056955758,0.799312070,0.002318498,0.002121409,0.014488062,0.999890104,-0.008428469,0.045619594,0.046460038,0.000000000,-0.006664878,-0.117935500,0.006540592,-0.031719307,0.066598902,0.061163298,-0.070456750,0.033810623,-0.007549426,-0.408966677,0.200671800,-1.066924871,0.983272197,0.242940988,-0.433809562,-0.149794986,0.929912168,1.086726314,-0.506610481
-0.814379707,0.057241217,0.799294669,0.002632514,0.001433802,0.014133736,0.999895620,-0.006460468,0.044350593,0.046960872,0.000000000,-0.007319285,-0.118904829,0.006621822,-0.033194442,0.066957309,0.064738089,-0.073162504,0.034292740,-0.006361901,-0.401814885,0.189725677,-1.068726439,0.990323622,0.256833878,-0.433330572,-0.149741096,0.931497547,1.089332210,-0.513224477
-0.814260243,0.057304208,0.799288663,0.002747863,0.000962728,0.013811221,0.999900381,-0.005306692,0.043921074,0.047432273,0.000000000,-0.007617545,-0.119276107,0.006543934,-0.033639853,0.067367884,0.067036475,-0.074699085,0.034393730,-0.005951912,-0.399260583,0.183820952,-1.068816762,0.997245602,0.265803850,-0.433695335,-0.149453017,0.934417206,1.091889766,-0.519443430
-0.814240013,0.057238978,0.799279986,0.002738067,0.000644733,0.013536103,0.999904426,-0.004559360,0.044147725,0.047849220,0.000000000,-0.007699772,-0.119154079,0.006729117,-0.033252540,0.067753122,0.067966382,-0.075157282,0.034105604,-0.006115209,-0.399733261,0.181888774,-1.070169495,1.002703017,0.269461028,-0.434095032,-0.148401348,0.936193998,1.094727936,-0.524824479
-0.814167461,0.057071440,0.799296533,0.002498099,0.000171766,0.013354658,0.999907687,-0.003397978,0.045152317,0.048118343,0.000000000,-0.007753392,-0.118487267,0.008659382,-0.031557063,0.068049169,0.066627444,-0.074138759,0.033278415,-0.006495604,-0.400447092,0.181557795,-1.073443467,1.007193775,0.271095369,-0.432845852,-0.145931931,0.934558405,1.098341930,-0.526939575
-0.814093958,0.056902451,0.799314048,0.002228948,-0.000293095,0.013227129,0.999909990,-0.002168394,0.046260257,0.048265722,0.000000000,-0.007802209,-0.117684937,0.011070736,-0.029697708,0.068264341,0.064380141,-0.072478643,0.032329867,-0.006888097,-0.400326717,0.180664843,-1.076218442,1.011790523,0.272956904,-0.431442803,-0.143605752,0.934441053,1.101633412,-0.527806506
-0.814107022,0.056877430,0.799306708,0.002267232,-0.000426747,0.013093335,0.999911617,-0.001883804,0.046124415,0.048418696,0.000000000,-0.007843805,-0.117624661,0.010887823,-0.029989864,0.068433900,0.064795503,-0.072612922,0.032252523,-0.007134164,-0.399837522,0.178938183,-1.077425062,1.016594808,0.274530975,-0.431050003,-0.142519446,0.935852242,1.104066142,-0.531906303
-0.814119420,0.056914692,0.799288330,0.002406648,-0.000464263,0.012996643,0.999912536,-0.001810674,0.045700420,0.048454261,0.000000000,-0.007890623,-0.117912232,0.010140370,-0.030725238,0.068589509,0.066279217,-0.073611023,0.032606039,-0.007269396,-0.398882925,0.177043341,-1.078617753,1.021959949,0.274548834,-0.430404178,-0.141591951,0.937441887,1.106759231,-0.537027855
-0.814135261,0.056987765,0.799269265,0.002631660,-0.000391892,0.012926313,0.999912912,-0.002085427,0.044862390,0.048424603,0.000000000,-0.007978183,-0.118495835,0.008573869,-0.032256972,0.068786731,0.068386049,-0.075092578,0.033233640,-0.007340213,-0.398926212,0.175226086,-1.081393715,1.026475176,0.274958834,-0.429804439,-0.140688761,0.939012262,1.109986035,-0.539960113
-0.814140339,0.057056457,0.799239071,0.002857660,-0.000312096,0.012883552,0.999912871,-0.002247967,0.044203993,0.048316019,0.000000000,-0.008077710,-0.119076770,0.007479227,-0.033453310,0.069058504,0.070063388,-0.076439210,0.033756342,-0.007459777,-0.399293679,0.173780208,-1.084755491,1.030180465,0.276267925,-0.428866752,-0.139887560,0.940256029,1.113367831,-0.541670295
-0.814085090,0.057092783,0.799222962,0.002955916,-0.000393497,0.012857621,0.999912891,-0.002002750,0.043962760,0.048194795,0.000000000,-0.008182562,-0.119324435,0.007467763,-0.033893384,0.069299151,0.070567671,-0.077047210,0.033866470,-0.007606337,-0.399085386,0.172583162,-1.089682513,1.033449197,0.277828776,-0.427349339,-0.139333566,0.941966653,1.116610939,-0.544997456
-0.813992286,0.057123837,0.799211448,0.003010921,-0.000503655,0.012817638,0.999913191,-0.001625620,0.043856327,0.048162541,0.000000000,-0.008320835,-0.119434277,0.007961182,-0.034004831,0.069289652,0.070336590,-0.077221411,0.033724161,-0.007711862,-0.398742447,0.171212341,-1.094732459,1.036775549,0.278024096,-0.425397418,-0.138766344,0.943435468,1.119585817,-0.549827773
-0.813890599,0.057148127,0.799204942,0.003044272,-0.000585589,0.012747625,0.999913940,-0.001271307,0.043760350,0.048281777,0.000000000,-0.008494098,-0.119466935,0.008592346,-0.033994135,0.068961856,0.069810182,-0.077228539,0.033533553,-0.007761292,-0.398117903,0.169715554,-1.097047250,1.039833873,0.277693570,-0.423272948,-0.138049181,0.943830853,1.121960063,-0.554690839
-0.813783400,0.057164345,0.799201643,0.003053513,-0.000651054,0.012645025,0.999915174,-0.000891873,0.043713388,0.048553728,0.000000000,-0.008709823,-0.119348505,0.009180285,-0.033907966,0.068518651,0.069386708,-0.077258511,0.033420533,-0.007785464,-0.396786528,0.168592361,-1.096100727,1.041421140,0.279066231,-0.421077856,-0.137263202,0.944169137,1.123204180,-0.557438073
-0.813670937,0.057177809,0.799198809,0.003068648,-0.000694981,0.012545602,0.999916351,-0.000513731,0.043666210,0.048884479,0.000000000,-0.008960308,-0.119292346,0.009722789,-0.033825758,0.068202279,0.068984216,-0.077303107,0.033332805,-0.007881775,-0.395048109,0.168044219,-1.094251801,1.041619126,0.281423707,-0.418513702,-0.136623544,0.945203825,1.123221379,-0.556563046
-0.813578101,0.057194727,0.799197542,0.003107940,-0.000711429,0.012471920,0.999917139,-0.000356157,0.043424302,0.049181450,0.000000000,-0.009102018,-0.119298582,0.010088841,-0.033886691,0.068074962,0.068652026,-0.077376411,0.033165122,-0.008065921,-0.393375230,0.167788003,-1.092225592,1.041928391,0.282341135,-0.416514278,-0.136152804,0.945595982,1.122311794,-0.553602854
-0.813546095,0.057247617,0.799200610,0.003227221,-0.000615534,0.012443901,0.999917174,-0.000880723,0.042539387,0.049396788,0.000000000,-0.008854199,-0.119131733,0.009986883,-0.034340531,0.068074849,0.068655585,-0.077660883,0.032809500,-0.008368368,-0.392005483,0.167561470,-1.088958740,1.042301242,0.281458327,-0.415156696,-0.135469056,0.943390143,1.121111752,-0.550594712
-0.813559055,0.057328775,0.799210548,0.003388568,-0.000469920,0.012462049,0.999916494,-0.001951059,0.041142567,0.049501993,0.000000000,-0.008258827,-0.118774679,0.009551417,-0.035113944,0.068101459,0.068888739,-0.078098931,0.032313337,-0.008718056,-0.390860145,0.167418758,-1.085539633,1.042323410,0.279353859,-0.413965715,-0.134481858,0.939627317,1.120266877,-0.548265259
-0.813504879,0.057320662,0.799197309,0.003319470,-0.000701757,0.012452354,0.999916710,-0.000890724,0.041924515,0.049619574,0.000000000,-0.008649987,-0.118929463,0.010314707,-0.034858035,0.068229416,0.068570340,-0.077919384,0.032509256,-0.008807089,-0.389578891,0.167673325,-1.084220441,1.042217359,0.277626292,-0.412537030,-0.133509855,0.937106119,1.119886469,-0.547531465
-0.813422789,0.057278521,0.799198523,0.003115730,-0.001101098,0.012455816,0.999916963,0.000670509,0.043281982,0.049644677,0.000000000,-0.009294411,-0.119195868,0.011890061,-0.033987161,0.068330563,0.067393144,-0.077105909,0.032909427,-0.008875761,-0.388837217,0.168202908,-1.084778930,1.041833895,0.277135350,-0.411497403,-0.132930932,0.936699384,1.119384069,-0.547959659
-0.813369392,0.057258222,0.799216136,0.002924344,-0.001414831,0.012532992,0.999916182,0.001582524,0.044095849,0.049528469,0.000000000,-0.009441884,-0.118859097,0.013688283,-0.032892170,0.068295177,0.065649771,-0.075956434,0.032741643,-0.009107920,-0.388245666,0.168552323,-1.084686105,1.041655868,0.276401149,-0.410748555,-0.132505208,0.936975331,1.119046818,-0.548704320
-0.813390321,0.057305547,0.799220879,0.002918962,-0.001475781,0.012611817,0.999915118,0.001592020,0.043965130,0.049451811,0.000000000,-0.009346073,-0.118647268,0.013923524,-0.032978007,0.068139622,0.065190972,-0.075595120,0.032658658,-0.009407553,-0.388289226,0.168651511,-1.083525470,1.041779492,0.274905160,-0.410730883,-0.132145615,0.937158215,1.119057654,-0.549707975
-0.813472826,0.057409780,0.799210584,0.003093111,-0.001312973,0.012667714,0.999914115,0.000981841,0.043175368,0.049464636,0.000000000,-0.009230678,-0.119016587,0.012576927,-0.034209390,0.067902424,0.066547458,-0.076469670,0.033112757,-0.009656059,-0.388954429,0.168738883,-1.082617795,1.041756384,0.273295526,-0.411018444,-0.131419769,0.936509729,1.119411003,-0.548129946
-0.813540583,0.057474385,0.799211848,0.003167414,-0.001253032,0.012744952,0.999912978,0.000634556,0.042795272,0.049432848,0.000000000,-0.009098618,-0.119233129,0.012148733,-0.034785289,0.067627403,0.066972333,-0.076858569,0.033485961,-0.009869141,-0.389586112,0.168975674,-1.082437858,1.041679040,0.271917101,-0.410974973,-0.130487297,0.935495160,1.119892810,-0.543887992
-0.813611262,0.057512533,0.799218036,0.003137886,-0.001269148,0.012843586,0.999911789,0.000506447,0.042762767,0.049326617,0.000000000,-0.008905953,-0.118981141,0.012788609,-0.034766195,0.067359093,0.065708837,-0.076175553,0.033657808,-0.010082463,-0.389773609,0.169004139,-1.081408638,1.041689969,0.270537047,-0.411078826,-0.130430672,0.936200819,1.119746535,-0.542594531
-0.813683061,0.057543368,0.799226646,0.003088587,-0.001267537,0.012941049,0.999910688,0.000389586,0.042814187,0.049195324,0.000000000,-0.008760302,-0.118698724,0.013608848,-0.034705375,0.067157102,0.063885175,-0.075158480,0.033750053,-0.010338784,-0.389651831,0.168839509,-1.080056970,1.042130141,0.267820363,-0.411765905,-0.130976960,0.938210584,1.119016166,-0.543962872
-0.813742582,0.057555370,0.799232330,0.003037290,-0.001266680,0.013019334,0.999909830,0.000353875,0.042962547,0.049119154,0.000000000,-0.008715908,-0.118599432,0.014206840,-0.034697397,0.067164604,0.062444730,-0.074346713,0.033807073,-0.010596125,-0.389487185,0.169027149,-1.079260507,1.042440058,0.264969088,-0.412268774,-0.131306862,0.939539881,1.118120775,-0.545451811
-0.813789601,0.057546124,0.799237896,0.002972190,-0.001292658,0.013090332,0.999909065,0.000363045,0.043233059,0.049071993,0.000000000,-0.008630503,-0.118539610,0.014634265,-0.034507034,0.067484021,0.061471704,-0.073654255,0.033790122,-0.010833325,-0.389886044,0.169631048,-1.079693345,1.042357706,0.263849493,-0.412269367,-0.131129408,0.939619146,1.117565623,-0.545594040
-0.813808026,0.057482773,0.799260519,0.002757821,-0.001416317,0.013165676,0.999908523,0.000494722,0.044028331,0.049024713,0.000000000,-0.008434457,-0.118070114,0.015173058,-0.033403664,0.068172554,0.060576993,-0.072512682,0.033551997,-0.010993853,-0.390533556,0.170431461,-1.081098471,1.042116300,0.264552401,-0.411873529,-0.130456489,0.938351650,1.117437340,-0.543991010
-0.813865887,0.057386300,0.799285990,0.002439050,-0.001353367,0.013183661,0.999909201,0.000236617,0.045221036,0.049055660,0.000000000,-0.008105980,-0.117162073,0.014508063,-0.031622843,0.069098190,0.060917272,-0.071275332,0.033154665,-0.010965125,-0.391012410,0.171049965,-1.081785497,1.041934259,0.265607577,-0.411622035,-0.129436886,0.936103102,1.117610530,-0.540454445
-0.813975966,0.057415614,0.799282749,0.002485376,-0.001066559,0.013135466,0.999910068,-0.000677611,0.044987731,0.049221590,0.000000000,-0.007880419,-0.117089260,0.011921494,-0.032252582,0.069752811,0.063464197,-0.071992314,0.033644769,-0.010862344,-0.391164616,0.171190818,-1.080891711,1.041553663,0.265985390,-0.412259564,-0.129029305,0.934730711,1.117807975,-0.537122470
-0.814026907,0.057506886,0.799258480,0.002738957,-0.000982370,0.013094332,0.999910032,-0.000828494,0.043994388,0.049332170,0.000000000,-0.007937319,-0.117634750,0.011318832,-0.033970384,0.069833606,0.064452933,-0.073251909,0.034542620,-0.010959124,-0.390832719,0.170871200,-1.079008029,1.041202165,0.265641965,-0.412987148,-0.129162260,0.934480542,1.118095014,-0.535733152
-0.814044917,0.057529948,0.799250575,0.002832812,-0.000950609,0.013021409,0.999910753,-0.000766186,0.043651733,0.049507528,0.000000000,-0.008076716,-0.117959000,0.011300123,-0.034477287,0.069574754,0.064751370,-0.073820015,0.034897959,-0.011041913,-0.390669081,0.170521571,-1.077222177,1.040764285,0.265438400,-0.413280213,-0.129232013,0.934054888,1.118174090,-0.535777957
-0.814077823,0.057527005,0.799255566,0.002863023,-0.000789495,0.012920161,0.999912121,-0.001294068,0.043277120,0.049725579,0.000000012,-0.007938330,-0.117803224,0.010848271,-0.034405126,0.069176933,0.065220553,-0.074175241,0.034639733,-0.011024436,-0.390592319,0.170387901,-1.075815058,1.040276149,0.265744578,-0.413399634,-0.129231058,0.933218834,1.118083820,-0.535735255
-0.814185982,0.057601229,0.799256394,0.003072456,-0.000347200,0.012860342,0.999912522,-0.003214263,0.041612877,0.049871731,0.000000043,-0.007040009,-0.117130631,0.009512516,-0.034987726,0.068954511,0.066062446,-0.074875060,0.033961405,-0.011070659,-0.390604043,0.170411960,-1.074315477,1.039773905,0.265652031,-0.413925196,-0.129338574,0.931879210,1.117969538,-0.535650426
-0.814236447,0.057604786,0.799255438,0.003130367,-0.000167075,0.012757979,0.999913700,-0.004070998,0.040970148,0.050044920,0.000000033,-0.006569269,-0.116617186,0.008505151,-0.035278378,0.069256969,0.066979295,-0.075323342,0.033697701,-0.011039662,-0.390074789,0.170636573,-1.072395173,1.039429830,0.265604346,-0.414066978,-0.129182475,0.930299178,1.118146635,-0.535085329
-0.814161834,0.057473282,0.799245010,0.002887649,-0.000454502,0.012575815,0.999916648,-0.002351834,0.042892204,0.050328386,0.000000053,-0.007425139,-0.116966798,0.008772470,-0.034437359,0.070081977,0.067420737,-0.074877917,0.034392374,-0.010806594,-0.389006942,0.170892410,-1.070527727,1.039766191,0.265590732,-0.413409818,-0.128618996,0.928921898,1.118770569,-0.532883070
-0.814117005,0.057377732,0.799245321,0.002725809,-0.000613955,0.012440097,0.999918715,-0.001371004,0.044132481,0.050496018,0.000002020,-0.007999682,-0.117436338,0.008905493,-0.033953639,0.070855937,0.067433843,-0.074327080,0.035006497,-0.010695699,-0.388596187,0.170998366,-1.069191476,1.040137298,0.265283818,-0.413145880,-0.128252493,0.928407788,1.119318301,-0.529518857
-0.814123730,0.057339479,0.799244809,0.002688624,-0.000602512,0.012380146,0.999919567,-0.001305691,0.044663704,0.050515859,0.000008299,-0.008071847,-0.117950721,0.008878916,-0.033929428,0.071247016,0.067117627,-0.073963298,0.035207720,-0.010700511,-0.388505763,0.170671855,-1.068125057,1.039936429,0.264814148,-0.413147922,-0.128051597,0.928085539,1.119124979,-0.528055592
-0.814147406,0.057342811,0.799256058,0.002729014,-0.000507241,0.012404298,0.999919211,-0.001665172,0.045197130,0.050372134,0.000009455,-0.007968065,-0.119170286,0.008885323,-0.034243543,0.071214791,0.066515102,-0.073795854,0.035142123,-0.010905232,-0.388265391,0.169029898,-1.066152177,1.039290477,0.262228880,-0.413006168,-0.127039880,0.926445713,1.118347771,-0.528042674
-0.814186146,0.057397815,0.799279529,0.002883375,-0.000308592,0.012513059,0.999917504,-0.002637248,0.043710226,0.050276087,0.000004979,-0.007501871,-0.118759143,0.008791656,-0.034835535,0.070969677,0.065891023,-0.073766406,0.034895725,-0.011344307,-0.388287248,0.168554395,-1.064028633,1.039126466,0.259984113,-0.413188795,-0.127506136,0.925480689,1.118547471,-0.527950773
-0.814128589,0.057447645,0.799403718,0.002930257,-0.000228729,0.012597414,0.999916330,-0.004468828,0.034491910,0.050979592,0.000291603,-0.006019088,-0.107444706,0.009000593,-0.034710086,0.070742526,0.065206509,-0.073077482,0.034845841,-0.011862578,-0.390403927,0.178628445,-1.067624872,1.039492281,0.278275096,-0.414531117,-0.137359618,0.928788822,1.124248786,-0.526628896
-0.813927212,0.057573512,0.799525379,0.002861093,-0.000218267,0.012576200,0.999916799,-0.008623553,0.010611173,0.053151751,0.001461450,-0.002377065,-0.074526341,0.009368355,-0.034014915,0.070646064,0.064673080,-0.072086727,0.034826771,-0.012313364,-0.395689283,0.206892434,-1.079580283,1.038661998,0.341444293,-0.418198094,-0.163505318,0.938846743,1.139227963,-0.523771778
-0.813819701,0.057902273,0.799236476,0.003016703,0.000166939,0.012648608,0.999915439,-0.013594775,-0.009744637,0.054779617,0.003163941,0.001300763,-0.042325853,0.008930812,-0.034588111,0.070181215,0.064879466,-0.073454323,0.033713933,-0.012726677,-0.397596866,0.227834963,-1.085226754,1.034507424,0.411194677,-0.422126590,-0.183323472,0.946491559,1.150635634,-0.519638451
-0.813860106,0.058200198,0.799092897,0.003403455,0.000728308,0.012880499,0.999910985,-0.017104140,-0.016658763,0.054864416,0.005078653,0.001979836,-0.033997550,0.008081896,-0.036291689,0.069031608,0.065755398,-0.076017462,0.032212070,-0.013442160,-0.396128529,0.229643908,-1.081587524,1.031596017,0.437404918,-0.423999173,-0.186691650,0.946986468,1.152425755,-0.515744067
-0.813871407,0.058194586,0.799050580,0.003497496,0.000975372,0.013058730,0.999908139,-0.017893553,-0.016204872,0.054494288,0.005544029,0.001649916,-0.035922472,0.007926856,-0.036362400,0.067797682,0.065806926,-0.076594969,0.031856497,-0.014026264,-0.395783113,0.227166383,-1.078886081,1.031421019,0.437637766,-0.424460367,-0.185388997,0.944749119,1.151934667,-0.511825502
-0.813910654,0.058152419,0.799051335,0.003569902,0.001320101,0.013208373,0.999905522,-0.019451685,-0.016013920,0.054148928,0.006647923,0.001141528,-0.038454819,0.007328742,-0.036391280,0.066805557,0.065905859,-0.076774717,0.031757102,-0.014507332,-0.396802238,0.225595282,-1.079192714,1.031770950,0.433369113,-0.424826812,-0.184397990,0.942627090,1.151432197,-0.508857335
-0.813905848,0.057984727,0.799050753,0.003516056,0.001583846,0.013290079,0.999904247,-0.020792060,-0.014860881,0.053857607,0.008016838,0.000588522,-0.039060265,0.006376490,-0.035755096,0.066253637,0.066469661,-0.076871154,0.031237871,-0.014822726,-0.397474381,0.225394874,-1.080594238,1.031451829,0.432700949,-0.425253194,-0.184030188,0.941463299,1.151030249,-0.507511347
-0.813745950,0.057692063,0.799054639,0.003311272,0.001345140,0.013265491,0.999905622,-0.018262421,-0.012318781,0.053702974,0.005985469,0.000987155,-0.038741461,0.006531376,-0.034403912,0.066261169,0.067288355,-0.076810662,0.031073565,-0.014928310,-0.396904717,0.225597224,-1.081769901,1.030617549,0.435262767,-0.424964460,-0.183542536,0.940802199,1.150940520,-0.507125078
-0.813560931,0.057503894,0.799054720,0.003314191,0.001176442,0.013271416,0.999905746,-0.016492191,-0.012004463,0.053639341,0.004002921,0.001588148,-0.038862037,0.006281815,-0.034128441,0.066459955,0.068954680,-0.077919964,0.030904728,-0.015217307,-0.396543589,0.225545418,-1.082662872,1.030140281,0.436964139,-0.424723196,-0.183098295,0.940199610,1.151039004,-0.506736140
-0.813368958,0.057179548,0.799060329,0.003133540,0.001045788,0.013285490,0.999906287,-0.014530486,-0.009355744,0.053520581,0.002247551,0.002017317,-0.039228276,0.006119202,-0.032722083,0.066701670,0.070067951,-0.078114472,0.030994230,-0.015506402,-0.396660376,0.225729859,-1.084357133,1.030786466,0.435270399,-0.424266721,-0.182269183,0.939124737,1.151286344,-0.506914484
-0.813195332,0.056900821,0.799071414,0.003049013,0.001052119,0.013323772,0.999906032,-0.013848427,-0.008134106,0.053410558,0.001438585,0.002200562,-0.039748135,0.005721459,-0.031943729,0.066932957,0.071053481,-0.078556505,0.030791514,-0.015989148,-0.396344382,0.225133789,-1.082605269,1.031580037,0.431265465,-0.424063808,-0.181777587,0.938043383,1.151265596,-0.509253011
-0.813059324,0.056786147,0.799057092,0.003271649,0.001308195,0.013413841,0.999903822,-0.014725366,-0.009400947,0.053342505,0.001842582,0.001972922,-0.040430157,0.004859864,-0.032378768,0.067139292,0.072637506,-0.080102300,0.030121449,-0.016775641,-0.395530788,0.223905610,-1.077421586,1.031835148,0.427302531,-0.424495426,-0.181874241,0.937858017,1.150747591,-0.512534206
-0.812925065,0.056696398,0.799048078,0.003586993,0.001656558,0.013524713,0.999900731,-0.016390767,-0.011769268,0.053316518,0.003035970,0.001346483,-0.041295180,0.003669533,-0.033373275,0.067354876,0.074719994,-0.082299148,0.029192223,-0.017688269,-0.394667912,0.222639987,-1.071763373,1.032160411,0.423511798,-0.425017810,-0.181786694,0.937233960,1.150152881,-0.513860010
-0.812693253,0.056313579,0.799037292,0.003481642,0.001673795,0.013543392,0.999900822,-0.015102053,-0.009281589,0.053270187,0.002045170,0.001314656,-0.042015456,0.003399063,-0.032074088,0.067710723,0.075631070,-0.082684321,0.028663122,-0.018209568,-0.394048589,0.222095925,-1.068604337,1.032790898,0.419741428,-0.424055701,-0.179808838,0.933348745,1.150659248,-0.509350378
-0.812453769,0.055927859,0.799035828,0.003382167,0.001703773,0.013515646,0.999901488,-0.013998000,-0.007282843,0.053245331,0.000877547,0.001503252,-0.042836586,0.003014661,-0.030961870,0.068127689,0.076527534,-0.083050916,0.028075248,-0.018538814,-0.394816275,0.222445940,-1.070947185,1.032363916,0.420087365,-0.423161695,-0.177229104,0.927864909,1.151980584,-0.500225754
-0.812245126,0.055619886,0.799026925,0.003440403,0.001883417,0.013470074,0.999901582,-0.013843218,-0.006648925,0.053204301,0.000477168,0.001410103,-0.043743270,0.002184731,-0.030450400,0.068572474,0.078025071,-0.084060260,0.027238538,-0.018784201,-0.395696403,0.222836446,-1.074293017,1.031214820,0.423941482,-0.423609255,-0.175839466,0.925601170,1.152836087,-0.493009618
-0.812024593,0.055284982,0.799019101,0.003517820,0.002072638,0.013390907,0.999902002,-0.013898599,-0.006353390,0.053111965,0.000414323,0.001123870,-0.044575410,0.001437122,-0.029876393,0.069079912,0.079554470,-0.085213359,0.026204523,-0.019104846,-0.395552901,0.222925516,-1.075018916,1.030563961,0.427463756,-0.424510358,-0.175282968,0.925727231,1.153046734,-0.489862219
-0.811751630,0.054855146,0.799020328,0.003498862,0.002101476,0.013288593,0.999903373,-0.013492632,-0.005661005,0.052980329,0.000278081,0.000843531,-0.045022505,0.001534572,-0.028609109,0.069618219,0.080317995,-0.085982154,0.024958165,-0.019505290,-0.394872369,0.222806713,-1.073601067,1.030712881,0.428747775,-0.424738590,-0.174604808,0.925310022,1.152960530,-0.489448479
-0.811482261,0.054383028,0.799003450,0.003517922,0.002186846,0.013159929,0.999904825,-0.012992952,-0.004850821,0.052948871,0.000089132,0.000575316,-0.045578661,0.001468878,-0.027414324,0.069984825,0.081217394,-0.086764544,0.023826429,-0.019786150,-0.394586056,0.222510963,-1.071982328,1.031506107,0.427841117,-0.424455991,-0.173738630,0.923770910,1.153026134,-0.490093250
-0.811280497,0.053948096,0.798983010,0.003759574,0.002564867,0.013004903,0.999905075,-0.013334587,-0.004814252,0.053159730,0.000000000,0.000151650,-0.047561650,-0.001227475,-0.027972259,0.070035757,0.085155484,-0.089077669,0.023350648,-0.019802065,-0.394635971,0.222224920,-1.071357575,1.031982918,0.426371573,-0.424482150,-0.172980295,0.921806107,1.153124770,-0.489160939
-0.811073195,0.053449158,0.798964869,0.003984364,0.002864626,0.012902259,0.999904721,-0.013812354,-0.004706844,0.053425496,0.000313965,-0.000467383,-0.049484643,-0.003266330,-0.027918562,0.069871161,0.088839975,-0.091504796,0.022520148,-0.019789803,-0.394138034,0.222137564,-1.072136346,1.032125226,0.425146046,-0.424649834,-0.172549254,0.921157810,1.152816447,-0.487960237
-0.810873596,0.052875996,0.798955706,0.004095566,0.003092818,0.012932575,0.999903200,-0.015247378,-0.004754232,0.053606939,0.001892986,-0.001214415,-0.050331733,-0.003588987,-0.026576314,0.069668860,0.090102869,-0.092946095,0.020664608,-0.020032135,-0.393929916,0.221696905,-1.073339226,1.032003686,0.424128750,-0.424926863,-0.172279581,0.921481206,1.152321383,-0.488297057
-0.810694725,0.052255949,0.798953493,0.004161714,0.003294936,0.013031489,0.999900997,-0.017239016,-0.004869749,0.053723744,0.004175970,-0.001985475,-0.050592221,-0.003109933,-0.024599418,0.069620594,0.089928656,-0.093682485,0.018232464,-0.020508395,-0.394213701,0.221444267,-1.073310657,1.031648610,0.424313157,-0.424948393,-0.171770714,0.921053111,1.151790339,-0.490240266
-0.810484418,0.051646795,0.798936767,0.004313639,0.003246836,0.012950665,0.999901561,-0.014462055,-0.003164072,0.054158598,0.001890708,-0.002355500,-0.053414509,-0.005290102,-0.024746033,0.069942172,0.094365249,-0.095751267,0.018196848,-0.020470882,-0.393763361,0.221859500,-1.071483779,1.031469024,0.426398886,-0.424477312,-0.171059378,0.919674938,1.151490826,-0.491673144
