-1.980270980,-1.865610360,0.791611314,0.055086652,0.003379713,0.996263120,0.066436699,0.158171013,-0.082885742,0.205376118,0.026153036,-0.105597295,0.034317281,0.161283463,-0.017825339,-0.235896632,0.239208013,-0.231122345,0.056282632,0.032866239,-0.053774469,0.173173547,0.148236722,1.584738370,0.905935705,0.001608677,-0.286643177,0.047916118,1.512598160,-0.505680799
-1.981422127,-1.867639850,0.791512214,0.055423349,0.002645382,0.995992421,0.070145216,0.164299502,-0.085964828,0.207278718,0.020080052,-0.105278462,0.035313466,0.153872249,-0.022240242,-0.233724862,0.255460198,-0.232712633,0.055147003,0.032434306,-0.051311405,0.163654829,0.082607958,1.539801623,0.923589645,-0.003164686,-0.278263694,0.049171369,1.511051189,-0.502838238
-1.982494400,-1.869703769,0.791381152,0.055669951,0.001914037,0.995670445,0.074414770,0.170586638,-0.089334041,0.209300266,0.013410475,-0.104827251,0.036947408,0.144750601,-0.027061433,-0.230659815,0.274388435,-0.234586997,0.053904601,0.032485376,-0.048510802,0.159025582,0.022318748,1.492620746,0.931377650,-0.008751718,-0.268911738,0.047957833,1.510794734,-0.499660344
-1.983408935,-1.871836538,0.791186172,0.055736609,0.001188686,0.995250185,0.079806564,0.177191044,-0.093283463,0.211559691,0.005547797,-0.104111304,0.039856768,0.132208341,-0.032695140,-0.225808347,0.298668372,-0.237029467,0.052448672,0.033502381,-0.045035170,0.164174544,-0.027292151,1.440951945,0.919435263,-0.015965963,-0.257614984,0.041807096,1.513119122,-0.495811836
-1.984150700,-1.873971215,0.790938664,0.055737374,0.000387769,0.994852674,0.084624771,0.181853856,-0.096979014,0.214240148,0.001756230,-0.105680021,0.043513794,0.116910948,-0.038402931,-0.220007190,0.326887007,-0.238741708,0.050761045,0.034679147,-0.044075089,0.173181303,-0.052346974,1.395785876,0.887214948,-0.023131235,-0.244665222,0.032704715,1.514681147,-0.491554785
-1.984806083,-1.876106840,0.790664897,0.055704726,-0.000450910,0.994458688,0.089155471,0.185545891,-0.100547637,0.217131140,0.000000000,-0.108390935,0.047544586,0.100235998,-0.044147763,-0.213731239,0.357074903,-0.240088763,0.048957631,0.035935650,-0.044372906,0.184116675,-0.065124836,1.353872002,0.844857026,-0.030272005,-0.230889038,0.022127146,1.515861710,-0.487093479
-1.985276368,-1.878119303,0.790378184,0.055034235,-0.001036049,0.994189400,0.092507282,0.186732012,-0.103899096,0.221062127,0.000000000,-0.111831658,0.051397180,0.079630786,-0.049967173,-0.207065982,0.391438385,-0.238940105,0.048067885,0.034570198,-0.050889427,0.195127619,-0.062669714,1.338292499,0.799257730,-0.037024484,-0.216286965,0.019788907,1.510244820,-0.482328666
-1.985677282,-1.880079232,0.790083518,0.054175742,-0.001536357,0.993946974,0.095561713,0.187311081,-0.107277829,0.224914371,0.000000000,-0.114923740,0.055212802,0.057431593,-0.055823547,-0.199500037,0.427471654,-0.236637616,0.048097128,0.032440449,-0.058913973,0.205877807,-0.061535113,1.329079394,0.758427829,-0.043182611,-0.202044719,0.020948133,1.501457587,-0.476027108
-1.985939497,-1.881934126,0.789772951,0.052942185,-0.001867066,0.993773184,0.098022943,0.186676410,-0.110711095,0.228609177,0.000000000,-0.117318748,0.058954506,0.032045395,-0.061753825,-0.190133258,0.466843495,-0.232028158,0.049963804,0.028782564,-0.069953664,0.216106639,-0.063040764,1.332595273,0.727133862,-0.048152387,-0.188521915,0.029100191,1.486331568,-0.466652980
-1.986054828,-1.883649430,0.789456708,0.051362909,-0.002105497,0.993608735,0.100494281,0.185267895,-0.114109824,0.231548888,0.000006986,-0.119290286,0.062992494,0.004063835,-0.066895247,-0.176699614,0.508280535,-0.224158858,0.053631293,0.024821875,-0.082260985,0.225694693,-0.066273138,1.340939107,0.704550523,-0.051680314,-0.177213101,0.041697374,1.465430319,-0.452066665
-1.986096737,-1.885294925,0.789137642,0.049610605,-0.002297800,0.993443854,0.102969985,0.183472580,-0.117491163,0.234110842,0.000017462,-0.121050088,0.067178543,-0.025214719,-0.071642041,-0.161232799,0.550749329,-0.214659922,0.058198660,0.020709714,-0.095201841,0.234962497,-0.070368816,1.351695911,0.686322236,-0.054487481,-0.167011341,0.056516646,1.441642241,-0.434874911
-1.986062830,-1.886542055,0.788947883,0.048126992,-0.002542082,0.993428607,0.103812011,0.181450586,-0.119574907,0.233161500,0.000011142,-0.122001597,0.071090289,-0.052492226,-0.072912786,-0.140775395,0.588637412,-0.201901340,0.060837682,0.015339533,-0.107725647,0.244406443,-0.077132713,1.361417838,0.681780531,-0.056233592,-0.161538507,0.074933315,1.414908572,-0.414457874
-1.986032145,-1.887606324,0.788838738,0.046751378,-0.002963774,0.993459200,0.104136178,0.179517398,-0.120884585,0.231360638,0.000005587,-0.122669029,0.074640832,-0.078063838,-0.072832360,-0.119245702,0.623676669,-0.190162447,0.060371836,0.009568653,-0.119535763,0.254175433,-0.084389217,1.369931669,0.680720035,-0.058045626,-0.157795917,0.094055487,1.388775745,-0.394647295
-1.986007899,-1.888305061,0.788890738,0.045591810,-0.003740110,0.993584703,0.103425512,0.177761732,-0.120646943,0.227857629,0.000001560,-0.122768603,0.077469348,-0.100225445,-0.070051007,-0.095572552,0.653021258,-0.180461864,0.053699507,0.002996794,-0.129919248,0.264594167,-0.092630417,1.376030574,0.686618306,-0.059989438,-0.157512002,0.114587926,1.363843972,-0.376048994
-1.986077084,-1.888612856,0.789041058,0.044649998,-0.004654673,0.993746866,0.102234424,0.176519369,-0.119217865,0.224143957,0.000000131,-0.122542876,0.079629815,-0.117437854,-0.065265519,-0.069810126,0.672419967,-0.174018422,0.044469915,-0.003076511,-0.138487465,0.275282763,-0.098966156,1.379723422,0.696015223,-0.061928272,-0.161045582,0.133068507,1.341501442,-0.360079404
-1.986192983,-1.888725222,0.789240518,0.043816990,-0.005638302,0.993925071,0.100802951,0.175533676,-0.117193265,0.220325180,0.000000000,-0.122154541,0.081456312,-0.132175745,-0.059478470,-0.043003521,0.686845686,-0.169203469,0.033963945,-0.008900497,-0.146148200,0.286106270,-0.104348481,1.382213498,0.707160625,-0.063864762,-0.166487653,0.150521699,1.320453943,-0.345424465
-1.986480518,-1.888339412,0.789503664,0.043611690,-0.006647663,0.994128104,0.098808612,0.175696301,-0.114093543,0.217594414,0.000000000,-0.121406466,0.082310506,-0.137561085,-0.053068175,-0.015085442,0.681049625,-0.170361096,0.033392088,-0.013453229,-0.151190124,0.297327779,-0.101361395,1.381602020,0.719724612,-0.066764281,-0.177860664,0.154130057,1.307320856,-0.338004739
-1.986842000,-1.887822738,0.789763875,0.043652350,-0.007611583,0.994320026,0.096768908,0.176420308,-0.110884858,0.215022500,0.000000002,-0.120960075,0.082927782,-0.140146007,-0.047250226,0.011339452,0.668642846,-0.172357387,0.034524898,-0.017083559,-0.155345305,0.309077302,-0.094299782,1.379464029,0.731906660,-0.070070052,-0.191837359,0.151888849,1.297114681,-0.334167890
-1.987351268,-1.887044530,0.790018223,0.044184767,-0.008484719,0.994494431,0.094639012,0.178266240,-0.107458409,0.212768054,0.000000007,-0.121116601,0.083071577,-0.137134285,-0.042616085,0.034780212,0.643024526,-0.176029752,0.039064493,-0.018870464,-0.157728328,0.321882064,-0.079095211,1.374275298,0.743325402,-0.074187718,-0.211017526,0.137957263,1.292757947,-0.337491430
-1.987971574,-1.886040286,0.790243809,0.044963235,-0.009229594,0.994625920,0.092803021,0.180969227,-0.104004997,0.210456461,0.000000010,-0.121770249,0.082539587,-0.130423412,-0.039657363,0.052662173,0.607682304,-0.178698507,0.043567128,-0.018029438,-0.158510959,0.337841297,-0.058845864,1.363963641,0.751508003,-0.079825624,-0.236719355,0.115125710,1.294827225,-0.346066084
-1.988647372,-1.884923049,0.790455009,0.045864598,-0.009910284,0.994734379,0.091113888,0.184100538,-0.100538192,0.208116428,0.000000012,-0.122672371,0.081669734,-0.121864150,-0.037536141,0.067764460,0.567482102,-0.180865217,0.048050175,-0.015874773,-0.158493844,0.355378126,-0.036077414,1.351091159,0.758072884,-0.086223487,-0.265681517,0.087846797,1.300108486,-0.357264620
-1.989409632,-1.883464698,0.790579071,0.046981985,-0.010133746,0.994755718,0.090283230,0.187975841,-0.097465999,0.206330622,0.000000006,-0.124157735,0.079550008,-0.111619141,-0.037817007,0.070035827,0.527126792,-0.179764776,0.046903385,-0.009939248,-0.157436176,0.381225795,-0.019361588,1.330852369,0.759718239,-0.094938545,-0.305593597,0.055364633,1.313512296,-0.370907151
-1.990151634,-1.881889733,0.790690942,0.048047207,-0.010253925,0.994772872,0.089516789,0.191672293,-0.094393174,0.204671920,0.000000002,-0.125559378,0.077201771,-0.102199120,-0.038402071,0.068213440,0.493738059,-0.177429855,0.045382992,-0.003367411,-0.156850515,0.410692729,-0.006848146,1.309301269,0.761437910,-0.104631987,-0.349036305,0.022705455,1.328970052,-0.383790325
-1.990853161,-1.880081765,0.790778454,0.049008315,-0.010167766,0.994784071,0.088878873,0.195011390,-0.091319086,0.203267180,0.000000000,-0.126793743,0.074396957,-0.094427472,-0.039594939,0.058211513,0.474268925,-0.172628376,0.043116121,0.004475815,-0.157207949,0.447391151,-0.002731298,1.285128101,0.763306069,-0.116280294,-0.399533399,-0.010307410,1.348531706,-0.395156263
-1.991438634,-1.878100547,0.790909661,0.049635216,-0.010102045,0.994837549,0.087934894,0.196748061,-0.087775154,0.201283310,0.000000000,-0.126824096,0.071518067,-0.088021340,-0.040627786,0.045006555,0.462237833,-0.169231037,0.042468645,0.011485099,-0.159674227,0.491434478,-0.001184319,1.261115924,0.765899067,-0.131407134,-0.455861446,-0.043518049,1.371881572,-0.405167211
-1.991966107,-1.876032736,0.791062708,0.050094745,-0.010046418,0.994911444,0.086837802,0.197683803,-0.083996439,0.199010182,0.000000000,-0.126252866,0.068602034,-0.082296868,-0.041580694,0.030201170,0.453921169,-0.166535412,0.042629690,0.018076468,-0.163194669,0.539148379,-0.000917797,1.237186540,0.768853142,-0.148273674,-0.515103656,-0.076826836,1.397124894,-0.414501056
-1.992352918,-1.873733309,0.791282651,0.048924975,-0.009565763,0.995130859,0.085025974,0.196398691,-0.079791837,0.196753026,0.000000000,-0.124846722,0.065112695,-0.075030467,-0.042485173,0.013024944,0.442815533,-0.165361102,0.041467928,0.019144593,-0.170108533,0.594747515,0.011891101,1.222801672,0.767955022,-0.174174318,-0.581326985,-0.107587364,1.427710961,-0.422563964
-1.992872566,-1.871365519,0.791493921,0.048795864,-0.009129034,0.995349710,0.082550464,0.196564917,-0.075402436,0.194368384,0.000000000,-0.123699910,0.061252224,-0.064938082,-0.043056874,-0.003850850,0.429962504,-0.164649475,0.039781127,0.018298472,-0.177120781,0.652054655,0.028678372,1.213738531,0.764848244,-0.202313562,-0.649460804,-0.137047772,1.459022194,-0.430139085
-1.993657565,-1.868861166,0.791687865,0.050745393,-0.008780018,0.995563376,0.078748850,0.199630345,-0.070643877,0.191729073,0.000000000,-0.123071140,0.056650374,-0.049200493,-0.042963816,-0.020126502,0.413618871,-0.164862105,0.037045504,0.013628444,-0.184329557,0.712773714,0.053412863,1.215306100,0.757329436,-0.234924650,-0.721411028,-0.163911053,1.491782023,-0.436739800
-1.994777691,-1.866329005,0.791854784,0.053281107,-0.008623965,0.995792600,0.074053017,0.204866451,-0.065563192,0.188764919,0.000000000,-0.122982659,0.051660679,-0.029103607,-0.041790879,-0.034083329,0.394012841,-0.165566293,0.034978860,0.008322573,-0.194075894,0.776512034,0.074354324,1.227328380,0.751152292,-0.271836404,-0.796690830,-0.187327140,1.524568232,-0.440179034
-1.996065266,-1.863782986,0.792008181,0.056108347,-0.008564013,0.996007070,0.068908829,0.211186823,-0.060321727,0.185638152,0.000000000,-0.123164181,0.046477345,-0.006828790,-0.040078509,-0.046881483,0.372776295,-0.166516018,0.033247136,0.002699324,-0.205091836,0.841758882,0.093397883,1.244574722,0.745647591,-0.310898100,-0.873634220,-0.209017957,1.557366673,-0.442037845
-1.997686842,-1.861330707,0.792072376,0.059018487,-0.008293406,0.996218051,0.063226837,0.218539699,-0.055336268,0.181183539,0.000000000,-0.124021777,0.041420055,0.018967698,-0.037763389,-0.057219488,0.346891236,-0.167702845,0.034366956,-0.002459673,-0.224254176,0.909739719,0.099759186,1.273028524,0.748371705,-0.357783064,-0.953642452,-0.217806901,1.587025119,-0.438237939
-1.999405569,-1.858919284,0.792111441,0.061905140,-0.007988243,0.996386603,0.057599302,0.225936330,-0.050481602,0.176250845,0.000000000,-0.125123780,0.036470390,0.045542165,-0.035453541,-0.067868977,0.319397856,-0.168892270,0.036297798,-0.006922528,-0.247130493,0.977793546,0.102371715,1.302626185,0.752454604,-0.406453477,-1.033584913,-0.219850280,1.614055344,-0.433191962
-2.001318322,-1.856589454,0.792100319,0.064747328,-0.007614424,0.996512486,0.052083295,0.233420349,-0.045888148,0.170363346,0.000000000,-0.126713903,0.031735672,0.073670376,-0.033154223,-0.079140550,0.288692408,-0.170086885,0.039848381,-0.009995077,-0.277424210,1.045993145,0.097497355,1.334508314,0.759251211,-0.458689715,-1.113396018,-0.208421703,1.635836600,-0.425657383
-2.003387371,-1.854319023,0.792056254,0.067257244,-0.007293715,0.996605441,0.046913314,0.240685979,-0.041422383,0.164322735,0.000000000,-0.128900057,0.027200004,0.102837004,-0.030313589,-0.090726000,0.254404482,-0.170133054,0.044077516,-0.011448969,-0.315767416,1.113355901,0.086755776,1.364726863,0.763910619,-0.512693999,-1.190743100,-0.186245761,1.649453016,-0.417358093
-2.005534531,-1.852078257,0.791995726,0.069600201,-0.006999475,0.996669401,0.041915687,0.247842352,-0.037020426,0.158206157,0.000000000,-0.131383929,0.022763980,0.132522199,-0.027202182,-0.102467331,0.218326295,-0.169604170,0.048645450,-0.012094131,-0.358132788,1.180299913,0.073081888,1.394112485,0.767502197,-0.567580609,-1.266857920,-0.158702599,1.658988559,-0.408676599
-2.007913777,-1.849867097,0.791887042,0.071361211,-0.006828032,0.996727817,0.037344541,0.254352263,-0.032787391,0.153448997,0.000000000,-0.134295586,0.019094545,0.162597966,-0.022601938,-0.111856739,0.177370825,-0.164237168,0.053299366,-0.010986334,-0.410355222,1.244530374,0.050563126,1.416678242,0.768720898,-0.621397561,-1.336974356,-0.126638607,1.655465030,-0.398793865
-2.010258178,-1.847670734,0.791791294,0.072840713,-0.006644516,0.996768421,0.033208365,0.260242679,-0.028756543,0.149217025,0.000000000,-0.136922972,0.016164232,0.190742998,-0.017720168,-0.119798610,0.137692977,-0.157311358,0.057010467,-0.009277997,-0.463894086,1.307111872,0.026065572,1.435596592,0.769808789,-0.673719844,-1.404322930,-0.096545110,1.648487713,-0.387993819
-2.012533005,-1.845503914,0.791721377,0.073760419,-0.006437116,0.996805621,0.029941927,0.264896144,-0.025129405,0.146033703,0.000000000,-0.138982750,0.014709730,0.215032914,-0.012276269,-0.124850172,0.100566167,-0.147273064,0.058839041,-0.006370559,-0.520061480,1.366400870,-0.002383051,1.447232130,0.770635489,-0.723057712,-1.466144889,-0.070386121,1.634614189,-0.375362170
-2.014437395,-1.843434475,0.791813131,0.073808859,-0.006210971,0.996859239,0.028023825,0.267361246,-0.022087444,0.143520615,0.000000000,-0.139371860,0.013884743,0.230667726,-0.007394173,-0.127072599,0.074282865,-0.137448536,0.057765006,-0.002332277,-0.571505370,1.421090187,-0.031310306,1.451431156,0.771404244,-0.765760405,-1.520620937,-0.050838885,1.617398277,-0.362109280
-2.016156637,-1.841413743,0.791985675,0.073422234,-0.005975451,0.996923438,0.026779246,0.268732893,-0.019337952,0.141342444,0.000000000,-0.138926232,0.013374057,0.241978189,-0.002793227,-0.127882055,0.053418105,-0.127732617,0.055241408,0.002270605,-0.620586144,1.473480385,-0.060474264,1.451916148,0.772143408,-0.805143846,-1.571425828,-0.034594802,1.598514552,-0.348548124
-2.017250418,-1.839644326,0.792393625,0.072140513,-0.005658146,0.997022349,0.026648975,0.267211101,-0.017547256,0.140104860,0.000000000,-0.136374299,0.013080267,0.242664564,-0.000026168,-0.126593071,0.047869931,-0.122798850,0.050823835,0.007251804,-0.656077666,1.517765669,-0.084127745,1.446952076,0.771209704,-0.826071007,-1.610912919,-0.025773369,1.580890834,-0.339543018
-2.018212902,-1.837965097,0.792800525,0.070741248,-0.005267324,0.997128520,0.026507453,0.265232687,-0.016038117,0.139167489,0.000000000,-0.133666504,0.012591781,0.242185101,0.002251657,-0.125380294,0.044210645,-0.119034168,0.046577792,0.011934444,-0.687098553,1.559320206,-0.105732385,1.442440665,0.770768428,-0.841021480,-1.647552812,-0.018302387,1.565262491,-0.333061417
-2.018913283,-1.836465910,0.793205328,0.069107406,-0.004729746,0.997250127,0.026343497,0.262342738,-0.015091039,0.138829420,0.000000000,-0.130647567,0.011714631,0.239378320,0.003552844,-0.124319643,0.044322072,-0.117603284,0.042674169,0.016021083,-0.709194883,1.595423460,-0.123247000,1.438832883,0.771310168,-0.844040927,-1.678508957,-0.013527260,1.553617437,-0.331617391
-2.019567481,-1.835133197,0.793520713,0.067646440,-0.003981154,0.997371704,0.025647468,0.259580177,-0.014601190,0.138807804,0.000000000,-0.128008270,0.010499394,0.237303120,0.004214446,-0.124493235,0.044304711,-0.117152902,0.039710055,0.018863097,-0.726684579,1.626193495,-0.137865348,1.439527474,0.774552537,-0.841313682,-1.705518203,-0.009967105,1.546261115,-0.333474274
-2.020198688,-1.833883672,0.793791408,0.066271805,-0.003127138,0.997491302,0.024685429,0.256881551,-0.014339770,0.138943868,0.000000000,-0.125558728,0.009115445,0.235594066,0.004556619,-0.125283301,0.044222268,-0.117191992,0.037215187,0.021083143,-0.741877121,1.654299233,-0.151036394,1.442372091,0.779143556,-0.835719387,-1.730555827,-0.007013772,1.541046933,-0.336978758
-2.020951858,-1.832886240,0.793910606,0.065326128,-0.002019622,0.997602811,0.022738729,0.254993525,-0.014652911,0.138550339,0.000000000,-0.123787258,0.007739063,0.236262846,0.004325569,-0.127306189,0.042328679,-0.117621029,0.035620291,0.021374204,-0.760811453,1.676009466,-0.159787215,1.451944814,0.785875504,-0.831694674,-1.751117421,-0.005214509,1.540162728,-0.341278507
-2.021717014,-1.831947565,0.794014620,0.064451137,-0.000910197,0.997706110,0.020681895,0.253313926,-0.015057768,0.137733168,0.000000000,-0.122201238,0.006648064,0.237303119,0.004072845,-0.129024410,0.040125745,-0.117993755,0.034033321,0.021134511,-0.780738070,1.696391580,-0.167308321,1.463346561,0.792108765,-0.828309942,-1.769863239,-0.003394199,1.540229003,-0.345249038
-2.022506094,-1.831126156,0.794088327,0.063717566,0.000203022,0.997798212,0.018405377,0.252050307,-0.015645677,0.136070486,0.000000000,-0.120985341,0.006126637,0.239084820,0.003776866,-0.130134569,0.037305419,-0.118254092,0.032462168,0.019835533,-0.802645106,1.714123017,-0.172375145,1.478398695,0.797346742,-0.826202492,-1.784985112,-0.001531881,1.542192259,-0.348562511
-2.023253752,-1.830410970,0.794160699,0.063043269,0.001263850,0.997875442,0.016387521,0.251138732,-0.016369189,0.134400193,0.000000000,-0.120161116,0.005782148,0.241087561,0.003461811,-0.130978978,0.034150961,-0.118204589,0.030759243,0.017949168,-0.822561891,1.730147939,-0.177580985,1.494811671,0.802900187,-0.823921965,-1.796252935,0.001145627,1.545720066,-0.352050038
-2.023980722,-1.829748847,0.794232382,0.062398563,0.002298509,0.997943349,0.014498549,0.250403070,-0.017160367,0.132726465,0.000000000,-0.119532598,0.005525913,0.243201027,0.003137220,-0.131690948,0.030829259,-0.118000369,0.028990814,0.015769309,-0.841484965,1.745320125,-0.182856662,1.511902935,0.808611802,-0.821555030,-1.805595589,0.004230412,1.550029448,-0.355624833
-2.024665803,-1.829222126,0.794260743,0.062026076,0.003284056,0.997992954,0.012330605,0.250211057,-0.017973776,0.131778106,0.000000000,-0.119498404,0.005223259,0.246206732,0.002777133,-0.132702821,0.026423622,-0.117529489,0.027703291,0.012715035,-0.858919175,1.757831792,-0.189091779,1.527678844,0.815879481,-0.819071101,-1.810280922,0.008451294,1.556335349,-0.360060733
-2.025290946,-1.828729934,0.794272053,0.061632427,0.004251542,0.998037554,0.010218108,0.249909148,-0.018773940,0.130948128,0.000000000,-0.119526747,0.004841118,0.248981043,0.002389892,-0.133821114,0.022263905,-0.117161813,0.026580054,0.009622092,-0.875970642,1.769523072,-0.194728667,1.542166555,0.822036440,-0.816919604,-1.813765044,0.012556473,1.563108847,-0.363993436
-2.025796493,-1.828306642,0.794249344,0.061196944,0.005183010,0.998078435,0.008216330,0.249387954,-0.019547673,0.130354361,0.000000000,-0.119679876,0.004300375,0.251293640,0.001948469,-0.135151753,0.018594889,-0.117000065,0.025784629,0.006451990,-0.892258393,1.779577378,-0.199171871,1.554083838,0.825977110,-0.815431427,-1.814852315,0.016430781,1.570815372,-0.366922081
-2.026178249,-1.827951829,0.794210957,0.060741176,0.005998969,0.998115448,0.006330407,0.248487338,-0.020231093,0.129392030,0.000000000,-0.119582353,0.003900580,0.252836208,0.001548690,-0.136118421,0.015920348,-0.117458244,0.024935424,0.003617036,-0.907527584,1.787853600,-0.202498988,1.563097935,0.827312787,-0.815354113,-1.814112346,0.020184853,1.579478397,-0.369355331
-2.026498170,-1.827631231,0.794164755,0.060275102,0.006757286,0.998148776,0.004502414,0.247397204,-0.020869511,0.128245505,0.000000000,-0.119359610,0.003571280,0.253994098,0.001169628,-0.136903184,0.013742583,-0.118225976,0.024059249,0.000949787,-0.922286453,1.795240981,-0.205269171,1.570662363,0.827347989,-0.815981215,-1.812460005,0.023878980,1.588619246,-0.371541656
-2.026662392,-1.827413650,0.794124951,0.059659509,0.007489597,0.998186342,0.002945538,0.245831216,-0.021594247,0.126458393,0.000000000,-0.118786332,0.003588498,0.254085795,0.000689105,-0.137042660,0.012892092,-0.119595065,0.022919049,-0.000749957,-0.932927883,1.799121357,-0.207627080,1.575403413,0.825385451,-0.817836893,-1.809100062,0.027623319,1.599066521,-0.374051639
-2.026786062,-1.827219212,0.794085337,0.059108553,0.008179863,0.998216955,0.001476344,0.244326827,-0.022310045,0.124770061,0.000000000,-0.118206458,0.003576995,0.254049911,0.000186190,-0.137259880,0.012356278,-0.121037929,0.021760737,-0.002218052,-0.941920450,1.801752173,-0.209869030,1.579541951,0.823354250,-0.819231566,-1.805208873,0.031487192,1.609718586,-0.376853270
-2.026828837,-1.827070938,0.794046105,0.058686786,0.008786280,0.998237762,0.000182082,0.242945324,-0.023008015,0.123278782,0.000000000,-0.117613430,0.003508196,0.253759514,-0.000361398,-0.137632192,0.012448220,-0.122627967,0.020566290,-0.003224025,-0.947623670,1.801890216,-0.211879652,1.582478530,0.821186074,-0.819706572,-1.800257893,0.035589526,1.620779192,-0.380236713
-2.026830851,-1.826952255,0.794008687,0.058390911,0.009364093,0.998249154,-0.001200343,0.241792296,-0.023670894,0.122329971,0.000000000,-0.117165195,0.003305558,0.253478090,-0.000928631,-0.138281284,0.012910031,-0.124323820,0.019667943,-0.004255836,-0.951002999,1.799888663,-0.213409245,1.585673165,0.819636568,-0.819610562,-1.794698505,0.039295549,1.630940173,-0.383490581
-2.026812494,-1.826848364,0.793972179,0.058157722,0.009927590,0.998254588,-0.002626656,0.240753219,-0.024316268,0.121652041,0.000000000,-0.116789286,0.003036149,0.253200911,-0.001505670,-0.139068394,0.013556654,-0.126072503,0.018917480,-0.005300518,-0.953222002,1.796818781,-0.214698474,1.588997290,0.818396057,-0.819230264,-1.788835681,0.042803054,1.640650693,-0.386679608
-2.026719655,-1.826805590,0.793946644,0.057888477,0.010424428,0.998260907,-0.003926488,0.239734748,-0.024950967,0.121571337,0.000000000,-0.116610412,0.002720901,0.252542011,-0.002097821,-0.139837686,0.014806506,-0.127925561,0.018537819,-0.006323775,-0.953064644,1.791527694,-0.215186971,1.593655010,0.817939898,-0.819637893,-1.782927182,0.044838153,1.647316369,-0.389495777
-2.026602499,-1.826771009,0.793919150,0.057630197,0.010881504,0.998265232,-0.005184543,0.238681952,-0.025515236,0.121511871,0.000000000,-0.116443389,0.002424616,0.251743479,-0.002635672,-0.140455681,0.016218995,-0.129771403,0.018104359,-0.007361897,-0.952054540,1.785743693,-0.215800871,1.598522548,0.818072222,-0.820486220,-1.777113104,0.046538220,1.652796458,-0.392092086
-2.026436844,-1.826752769,0.793887751,0.057393918,0.011259301,0.998267863,-0.006359284,0.237560697,-0.025939036,0.121494762,0.000000000,-0.116300001,0.002166155,0.250666453,-0.003065223,-0.140771916,0.017955857,-0.131602852,0.017563600,-0.008429666,-0.949343657,1.778976592,-0.216664882,1.603808559,0.819378256,-0.822213508,-1.771487346,0.047570077,1.655911929,-0.394249890
-2.026212388,-1.826726032,0.793858427,0.057068456,0.011492911,0.998276298,-0.007452340,0.236252348,-0.026146359,0.121419272,0.000000000,-0.116156604,0.001902323,0.249289485,-0.003286752,-0.140893899,0.019769643,-0.133259116,0.017207229,-0.009433844,-0.943230145,1.771086083,-0.219285740,1.609599401,0.823294970,-0.824159731,-1.766211731,0.048139466,1.657157790,-0.395602297
-2.025958555,-1.826695059,0.793830150,0.056698507,0.011654600,0.998287094,-0.008504589,0.234850588,-0.026245652,0.121314652,0.000000000,-0.116013102,0.001635822,0.247762765,-0.003404500,-0.140919058,0.021621794,-0.134827817,0.016942804,-0.010406217,-0.935418301,1.762634354,-0.222783060,1.615643103,0.828514385,-0.826214893,-1.761111002,0.048478073,1.657470123,-0.396552878
-2.025611938,-1.826663091,0.793820136,0.056339400,0.011777414,0.998297604,-0.009437111,0.233246486,-0.026191745,0.121176727,0.000000000,-0.115713487,0.001380798,0.245917601,-0.003421098,-0.140985739,0.023490891,-0.136059383,0.016700174,-0.011226881,-0.924752336,1.752469683,-0.227102193,1.623476662,0.835385093,-0.827934993,-1.756491046,0.048498677,1.655656503,-0.397085195
-2.025250126,-1.826631048,0.793813443,0.055935291,0.011867899,0.998311105,-0.010263255,0.231559316,-0.026101067,0.121111666,0.000000000,-0.115432478,0.001229146,0.243837007,-0.003420268,-0.141050926,0.025525499,-0.137273931,0.016503859,-0.012008053,-0.915767813,1.742451240,-0.230237561,1.631907534,0.841296080,-0.829209610,-1.751880146,0.048377133,1.653644884,-0.397358881
-2.024858016,-1.826598858,0.793813372,0.055441517,0.011893936,0.998331837,-0.010877290,0.229706508,-0.025937067,0.121191895,0.000000000,-0.115188569,0.001283619,0.241286961,-0.003384684,-0.141113136,0.027890140,-0.138454545,0.016399894,-0.012710476,-0.910136119,1.732724381,-0.231012477,1.641529464,0.845293362,-0.829595923,-1.747287304,0.047972142,1.651238452,-0.397116854
-2.024463808,-1.826557747,0.793811462,0.054887057,0.011767388,0.998360912,-0.011154743,0.227828711,-0.025538694,0.121428314,0.000000000,-0.115088246,0.001321378,0.238308004,-0.003143958,-0.140922295,0.030565416,-0.139485198,0.016212178,-0.013233064,-0.908051201,1.724788510,-0.230209001,1.650895021,0.848336725,-0.828626382,-1.742571355,0.047332851,1.649467540,-0.396697714
-2.024068576,-1.826512168,0.793808634,0.054302345,0.011564595,0.998394028,-0.011264137,0.225938609,-0.025023195,0.121742667,0.000000000,-0.115059553,0.001350552,0.235115300,-0.002800677,-0.140604993,0.033395300,-0.140440714,0.015982729,-0.013665644,-0.907735039,1.717747202,-0.228618982,1.660130353,0.850904828,-0.826980535,-1.737794523,0.046576861,1.648014253,-0.396190870
-2.023705369,-1.826438422,0.793801195,0.053726534,0.011099216,0.998433725,-0.010971015,0.224262283,-0.024081741,0.122170184,0.000000000,-0.115111463,0.001015239,0.231996075,-0.002028468,-0.139824392,0.035893087,-0.140841637,0.015775402,-0.013576902,-0.908571467,1.713300198,-0.227363579,1.665886642,0.853812085,-0.824682252,-1.733706725,0.045953313,1.647760618,-0.396516333
-2.023355349,-1.826359778,0.793795787,0.053200164,0.010649126,0.998471017,-0.010581438,0.222725691,-0.023152814,0.122618161,0.000000000,-0.115156218,0.000676026,0.229144481,-0.001242109,-0.139046098,0.037999906,-0.141033697,0.015647643,-0.013243920,-0.909259745,1.709438126,-0.226096914,1.669558364,0.856312572,-0.822588687,-1.730214323,0.045343395,1.647595055,-0.397064355
-2.023031622,-1.826271374,0.793794428,0.052772390,0.010229523,0.998504101,-0.009999579,0.221467669,-0.022248863,0.123106927,0.000000000,-0.115186706,0.000329040,0.226826430,-0.000427541,-0.138272408,0.039327300,-0.140809373,0.015678506,-0.012424028,-0.909652674,1.706742161,-0.224807795,1.669074345,0.858002130,-0.820903241,-1.727908890,0.044760650,1.647605069,-0.398056067
-2.022750094,-1.826183113,0.793792568,0.052437984,0.009832925,0.998530946,-0.009461605,0.220438096,-0.021386957,0.123468197,0.000000000,-0.115232347,0.000053889,0.225058113,0.000348705,-0.137757968,0.039964396,-0.140325218,0.015782445,-0.011416352,-0.909653687,1.705129956,-0.223094729,1.665265955,0.858494646,-0.819679814,-1.726805984,0.044032454,1.647394968,-0.398864328
-2.022489615,-1.826094923,0.793790478,0.052150065,0.009447861,0.998554499,-0.008945465,0.219522376,-0.020546115,0.123765771,0.000000000,-0.115285452,-0.000185327,0.223563972,0.001105757,-0.137372910,0.040257024,-0.139711333,0.015922887,-0.010315117,-0.909457844,1.704058751,-0.221170779,1.659799727,0.858390780,-0.818687101,-1.726302981,0.043231698,1.647074601,-0.399580837
-2.022256009,-1.826005438,0.793814797,0.051818885,0.009158641,0.998579334,-0.008380714,0.218612946,-0.019853004,0.123851585,0.000000000,-0.115219366,-0.000242195,0.222353899,0.001734440,-0.137232227,0.039941182,-0.138772577,0.016176498,-0.009247415,-0.907204122,1.704194005,-0.219772726,1.652836855,0.858511659,-0.818315987,-1.726624422,0.042333392,1.645993768,-0.399860326
-2.022026035,-1.825919898,0.793849081,0.051475329,0.008886528,0.998604319,-0.007793243,0.217694735,-0.019217286,0.123894769,0.000000000,-0.115087689,-0.000278691,0.221091265,0.002291077,-0.137002104,0.039696279,-0.137828489,0.016384862,-0.008206742,-0.904061366,1.704447047,-0.218907761,1.646253060,0.859364941,-0.818255544,-1.727013681,0.041392034,1.644537778,-0.400073639
-2.021803301,-1.825842222,0.793903226,0.051107134,0.008648517,0.998630057,-0.007160489,0.216759019,-0.018695961,0.123852989,0.000000000,-0.114825281,-0.000274584,0.219723871,0.002704117,-0.136593715,0.039592767,-0.136873775,0.016503042,-0.007219943,-0.899146652,1.704934858,-0.219105308,1.640424812,0.861677993,-0.818814308,-1.727538110,0.040364865,1.642334052,-0.400155053
-2.021593077,-1.825767648,0.793976348,0.050810819,0.008517437,0.998650927,-0.006483786,0.215876509,-0.018376707,0.123916413,0.000000000,-0.114455963,-0.000365345,0.218156421,0.002926990,-0.136063142,0.040078948,-0.136167625,0.016398017,-0.006344608,-0.894955344,1.705255099,-0.219572461,1.636354116,0.864794369,-0.819548444,-1.727975272,0.039539498,1.639412318,-0.400527110
-2.021389091,-1.825694619,0.794058926,0.050550225,0.008439675,0.998669102,-0.005785432,0.215020358,-0.018158236,0.124032390,0.000000000,-0.114033305,-0.000503393,0.216489104,0.003055040,-0.135471811,0.040859336,-0.135585606,0.016181846,-0.005525290,-0.891127474,1.705491982,-0.220172498,1.633159655,0.868309296,-0.820369656,-1.728368557,0.038815093,1.636132722,-0.401044251
-2.021189673,-1.825618442,0.794143220,0.050190344,0.008416433,0.998689620,-0.005397789,0.213974536,-0.018069488,0.124317851,0.000000000,-0.113520608,-0.000667585,0.214583895,0.003089006,-0.135029420,0.042135215,-0.135361523,0.016047652,-0.005305023,-0.891061348,1.705894892,-0.218964813,1.630649512,0.869697907,-0.820812047,-1.728264059,0.038610425,1.632704468,-0.401903925
-2.020996995,-1.825538587,0.794216675,0.049820405,0.008375318,0.998710128,-0.005085405,0.212920388,-0.017921422,0.124535141,0.000000000,-0.113069469,-0.000762158,0.212755223,0.003172044,-0.134644490,0.043307155,-0.135173371,0.015982223,-0.005234175,-0.891276673,1.706314292,-0.217658948,1.627693316,0.870695878,-0.821296609,-1.727912980,0.038311283,1.629423727,-0.402538548
-2.020817749,-1.825451400,0.794268532,0.049430445,0.008298592,0.998730959,-0.004922991,0.211849648,-0.017655154,0.124616588,0.000000000,-0.112740994,-0.000718006,0.211079067,0.003352865,-0.134374058,0.044271975,-0.135056820,0.016053825,-0.005461073,-0.892052840,1.706766553,-0.216157441,1.623848280,0.870915428,-0.821865207,-1.727070542,0.037823885,1.626436933,-0.402724713
-2.020647863,-1.825343010,0.794303750,0.049109437,0.008193884,0.998748302,-0.004790874,0.210900745,-0.017241674,0.124619164,0.000000000,-0.112514430,-0.000721141,0.209581610,0.003663277,-0.134253314,0.045206207,-0.135000574,0.016032450,-0.005785611,-0.892570285,1.706742090,-0.214815070,1.619108047,0.871139180,-0.822658941,-1.725881869,0.037186552,1.623866843,-0.402710462
-2.020482665,-1.825224042,0.794330668,0.048822865,0.008075259,0.998763872,-0.004673975,0.210012729,-0.016754852,0.124582540,0.000000000,-0.112338667,-0.000747981,0.208173498,0.004038296,-0.134207270,0.046125086,-0.134974406,0.015964628,-0.006158776,-0.892958526,1.706479207,-0.213551856,1.613921406,0.871364805,-0.823564184,-1.724520592,0.036474892,1.621505336,-0.402596792
-2.020346763,-1.825085141,0.794343542,0.048642614,0.007980722,0.998773280,-0.004705207,0.209357405,-0.016255818,0.124648134,0.000000000,-0.112204345,-0.000951847,0.207154069,0.004478323,-0.134319915,0.046908133,-0.134993728,0.015739734,-0.006518004,-0.892962960,1.705097105,-0.212155019,1.608166401,0.871332510,-0.823718931,-1.723002943,0.036186109,1.620333668,-0.402972073
-2.020226687,-1.824944683,0.794352724,0.048482925,0.007894631,0.998781433,-0.004767532,0.208768600,-0.015766019,0.124726989,0.000000000,-0.112106658,-0.001176869,0.206256174,0.004911848,-0.134479734,0.047612276,-0.135014913,0.015446000,-0.006816944,-0.892907026,1.703317218,-0.210677960,1.602443475,0.871325112,-0.824086161,-1.721575031,0.035980495,1.619431515,-0.403528575
-2.020138138,-1.824801126,0.794354548,0.048364201,0.007825367,0.998787133,-0.004891802,0.208312316,-0.015294622,0.124832262,0.000000000,-0.112081955,-0.001444038,0.205600404,0.005332420,-0.134733536,0.048159224,-0.135039813,0.015015120,-0.006995776,-0.892730821,1.700744848,-0.209041081,1.596784458,0.871367312,-0.824876705,-1.720325897,0.035940572,1.619066297,-0.404446115
-2.020071935,-1.824664734,0.794351812,0.048265050,0.007788600,0.998791587,-0.005018721,0.207895848,-0.014914143,0.124879856,0.000000000,-0.112065001,-0.001667763,0.205134888,0.005669732,-0.134971325,0.048473188,-0.135116811,0.014718919,-0.006961769,-0.892560250,1.697327113,-0.207512761,1.591578040,0.872102827,-0.827585400,-1.719384492,0.035565768,1.619013255,-0.405054467
-2.020016887,-1.824531942,0.794346799,0.048175580,0.007768111,0.998795414,-0.005147021,0.207499108,-0.014579172,0.124898477,0.000000000,-0.112051896,-0.001869829,0.204764051,0.005965352,-0.135201030,0.048671215,-0.135220039,0.014489884,-0.006821551,-0.892392829,1.693486980,-0.206038336,1.586598260,0.873183469,-0.831252741,-1.718596932,0.035022460,1.619116754,-0.405506906
-2.019991279,-1.824433595,0.794335605,0.048012532,0.007853036,0.998801579,-0.005341659,0.206991879,-0.014498578,0.124639882,0.000000000,-0.112025891,-0.002045346,0.204312880,0.006007586,-0.135308873,0.048972698,-0.135638361,0.014362640,-0.006444193,-0.892608838,1.688099904,-0.204373963,1.582991900,0.874090243,-0.838668802,-1.718465471,0.032560133,1.620412239,-0.403811947
-2.019974088,-1.824346340,0.794319953,0.047837863,0.007946750,0.998807937,-0.005576147,0.206437209,-0.014439234,0.124334150,0.000000000,-0.111993821,-0.002164189,0.203825108,0.006012568,-0.135428742,0.049359132,-0.136160507,0.014218213,-0.006099252,-0.892914788,1.682005906,-0.202422518,1.579976203,0.874334886,-0.847413345,-1.718274526,0.029458655,1.622255421,-0.401165480
-2.019973662,-1.824281180,0.794295419,0.047640049,0.008057974,0.998814699,-0.005890008,0.205788045,-0.014422216,0.123934528,0.000000000,-0.111949667,-0.002170148,0.203264431,0.005943350,-0.135572564,0.049914771,-0.136889449,0.014039561,-0.005818882,-0.893399880,1.674503869,-0.199899286,1.578136980,0.873260705,-0.858803942,-1.717965103,0.025084122,1.625189498,-0.396623812
-2.019977053,-1.824224663,0.794240874,0.047442345,0.008181252,0.998820198,-0.006364126,0.205048006,-0.014386911,0.123485141,0.000000000,-0.111994586,-0.002184163,0.202653884,0.005890061,-0.135800923,0.050644217,-0.137960115,0.013787280,-0.005652641,-0.892713906,1.664545579,-0.197210662,1.577191122,0.870862965,-0.875096974,-1.717110649,0.020117198,1.629205280,-0.390739114
-2.019982342,-1.824172489,0.794171296,0.047244566,0.008310504,0.998824821,-0.006918338,0.204262513,-0.014342425,0.123010876,0.000000000,-0.112084275,-0.002202515,0.202018406,0.005844732,-0.136071415,0.051460567,-0.139201913,0.013498233,-0.005543428,-0.891438939,1.653358911,-0.194440833,1.576691894,0.867806290,-0.893841148,-1.715983439,0.014855004,1.633761767,-0.384182778
-2.019984772,-1.824161113,0.794005855,0.046921741,0.008413259,0.998832761,-0.007789937,0.203259786,-0.014218768,0.122432282,0.000000000,-0.112617263,-0.002563522,0.201276518,0.005829483,-0.136386363,0.052661151,-0.141483494,0.013098905,-0.005647024,-0.883936797,1.636490007,-0.192876133,1.578109403,0.864825253,-0.923316737,-1.713399051,0.009263757,1.640549323,-0.374533185
-2.019958222,-1.824161551,0.793798427,0.046641718,0.008566605,0.998836347,-0.008781496,0.202243836,-0.014160284,0.121846144,0.000000000,-0.113319684,-0.002979346,0.200558338,0.005731075,-0.136614008,0.054039811,-0.144341049,0.012746101,-0.005898254,-0.874170571,1.617049152,-0.190581835,1.580261055,0.860913631,-0.953510557,-1.709834404,0.004298095,1.648899854,-0.363387741
-2.019873964,-1.824185515,0.793507387,0.046446948,0.008820699,0.998831636,-0.010011939,0.201201555,-0.014231580,0.121244984,0.000000000,-0.114359506,-0.003504328,0.199887367,0.005467070,-0.136667805,0.055773081,-0.148345565,0.012485941,-0.006443473,-0.859895783,1.592486671,-0.186834663,1.583874639,0.855148898,-0.985134618,-1.704317727,0.000578188,1.660362801,-0.349263552
-2.019670893,-1.824244624,0.793145813,0.046249669,0.009287061,0.998821319,-0.011432003,0.200121345,-0.014688169,0.120445150,0.000000000,-0.115596008,-0.004102778,0.199198596,0.004816600,-0.137018443,0.058016198,-0.153551683,0.011931900,-0.007193792,-0.839472735,1.561749016,-0.177551721,1.589008049,0.845154438,-1.007289983,-1.695022957,0.001706757,1.678007318,-0.335423514
-2.019408454,-1.824321281,0.792749152,0.046051377,0.009859397,0.998806512,-0.012946618,0.199022626,-0.015337234,0.119545508,0.000000000,-0.116929907,-0.004738167,0.198501425,0.003972962,-0.137517715,0.060514171,-0.159356552,0.011229563,-0.008046862,-0.815972050,1.527926740,-0.165500641,1.594899709,0.833050212,-1.024709955,-1.683836963,0.005256494,1.698739569,-0.321729702
-2.018921933,-1.824452388,0.792376930,0.046168133,0.010756121,0.998768500,-0.014638730,0.198296089,-0.016666543,0.117735889,0.000000000,-0.117753791,-0.005740738,0.198265362,0.002340529,-0.138885253,0.064070601,-0.165762277,0.008522484,-0.009553384,-0.775393220,1.483442326,-0.140977800,1.602481283,0.816711533,-1.020187848,-1.662133600,0.016433946,1.730061286,-0.312815828
-2.018363524,-1.824613581,0.792064972,0.046493894,0.011852393,0.998712850,-0.016446334,0.197776494,-0.018411872,0.115704593,0.000000000,-0.118192129,-0.006785096,0.198332561,0.000312303,-0.140549462,0.068001147,-0.172067799,0.005252931,-0.011654397,-0.728663101,1.434890045,-0.110450640,1.609372989,0.798809707,-1.009618493,-1.635421567,0.027818129,1.764045331,-0.306933135
-2.017661991,-1.824834671,0.791872995,0.047235830,0.013345961,0.998623557,-0.018483885,0.197668901,-0.020985451,0.113231965,0.000000000,-0.117862884,-0.007912650,0.199003522,-0.002503906,-0.142804310,0.072676516,-0.178173828,0.000863552,-0.014938976,-0.669686422,1.378239075,-0.067969524,1.614891244,0.777795820,-0.987009713,-1.598737807,0.039613890,1.803329787,-0.307085200
-2.016899234,-1.825173913,0.791881507,0.048058427,0.015153799,0.998520005,-0.020458467,0.197612832,-0.024535282,0.110424121,0.000000002,-0.116475254,-0.008835929,0.199782548,-0.006311982,-0.145356219,0.078069458,-0.183407038,-0.002679628,-0.020172982,-0.598340403,1.312783542,-0.017263625,1.615993605,0.758913849,-0.956687972,-1.551424458,0.040959112,1.846684749,-0.311654030
-2.016106059,-1.825572105,0.791990025,0.048920814,0.017118615,0.998404672,-0.022401273,0.197582233,-0.028572183,0.107449565,0.000000004,-0.114559710,-0.009657123,0.200614917,-0.010615041,-0.148055716,0.083819968,-0.188205634,-0.005798285,-0.026380760,-0.520833212,1.242932091,0.037531947,1.614887273,0.741108930,-0.922506054,-1.498802190,0.037078709,1.892062864,-0.318428524
-2.015361332,-1.826111343,0.792314969,0.049659889,0.019697774,0.998283000,-0.024019671,0.197386153,-0.033759213,0.104588513,0.000000008,-0.111525324,-0.010077127,0.201030306,-0.016203755,-0.150514424,0.089994368,-0.192787134,-0.005691787,-0.035997062,-0.438401526,1.159698666,0.088843728,1.603318540,0.738584159,-0.867766628,-1.428303166,0.009779149,1.934900388,-0.332366780
-2.014697685,-1.826628718,0.792609644,0.050329528,0.021965718,0.998170451,-0.025302102,0.197205765,-0.038336122,0.102263438,0.000000009,-0.108867226,-0.010590273,0.201062334,-0.021273174,-0.152480445,0.095837024,-0.196887907,-0.005350939,-0.046496047,-0.360004696,1.074260325,0.134537727,1.589646315,0.742307676,-0.805408111,-1.350695632,-0.025035891,1.971541718,-0.347382625
-2.014195426,-1.827102579,0.792844071,0.050861653,0.023614478,0.998090077,-0.025916142,0.197056615,-0.041698620,0.101005197,0.000000002,-0.106958109,-0.011288809,0.200331299,-0.025308965,-0.153465800,0.101019363,-0.200031818,-0.004543629,-0.058751967,-0.289639029,0.984433216,0.169049832,1.571787202,0.758468075,-0.727884201,-1.258938990,-0.074810095,1.995849857,-0.364543355
-2.013921756,-1.827299997,0.792905841,0.050987280,0.023794812,0.998086645,-0.025634983,0.196715129,-0.041880639,0.101622611,0.000000000,-0.106795712,-0.012533653,0.198373259,-0.026284965,-0.152666694,0.104462286,-0.201312432,-0.003356237,-0.069825097,-0.236030198,0.896320243,0.187674362,1.558722299,0.785482382,-0.637986372,-1.152464199,-0.128341026,1.996745089,-0.385279957
-2.013762316,-1.827359273,0.792881519,0.050909834,0.023241883,0.998122059,-0.024907013,0.196277380,-0.040474941,0.103176076,0.000000000,-0.107505213,-0.014050774,0.195802884,-0.025733280,-0.150977046,0.107036873,-0.201663614,-0.001975404,-0.080303065,-0.190786586,0.809069738,0.198376949,1.548061246,0.817901303,-0.541938497,-1.038656569,-0.183724564,1.985956223,-0.407797852
-2.014050277,-1.826879328,0.792692333,0.050075502,0.020297957,0.998276391,-0.022905994,0.195327537,-0.034335844,0.107257366,0.000000000,-0.110744590,-0.015977585,0.191583986,-0.020430434,-0.146879824,0.107015786,-0.199913133,0.003338611,-0.084740154,-0.170568840,0.730517709,0.193840161,1.554131609,0.853985850,-0.452122866,-0.916187185,-0.223980846,1.943760723,-0.432175530
-2.014449955,-1.826336375,0.792497285,0.049037906,0.017303380,0.998430429,-0.020797985,0.194089084,-0.027889718,0.111473686,0.000000274,-0.114105000,-0.017944551,0.187045514,-0.014759792,-0.142708836,0.106818805,-0.197887192,0.008888710,-0.087182914,-0.155449002,0.654841706,0.185724703,1.564102905,0.888112802,-0.371265429,-0.797541252,-0.255768416,1.900229547,-0.455152215
-2.015071952,-1.825668034,0.792290574,0.047596360,0.014208248,0.998594663,-0.018477330,0.192276295,-0.020832601,0.115958715,0.000001095,-0.117706268,-0.019991424,0.181871087,-0.008357236,-0.138391053,0.106271794,-0.195313086,0.014908614,-0.085656958,-0.150473999,0.584888997,0.170487691,1.581837060,0.918344139,-0.308234802,-0.686503985,-0.270703248,1.854040371,-0.475340921
-2.015628889,-1.825122927,0.792195967,0.045629319,0.011639613,0.998757686,-0.016296296,0.189201468,-0.015006331,0.119567385,0.000004166,-0.120303412,-0.021538593,0.175845092,-0.002954620,-0.134754126,0.106235760,-0.191858950,0.019391407,-0.082373265,-0.149138072,0.520204863,0.147385677,1.596060051,0.944392684,-0.263942812,-0.590422910,-0.276251279,1.817020094,-0.489880160
-2.016153023,-1.824639365,0.792157254,0.043399529,0.009333854,0.998913486,-0.014184791,0.185495848,-0.009795204,0.122738651,0.000008349,-0.122398999,-0.022836562,0.169393291,0.001948126,-0.131456544,0.106454299,-0.187967811,0.023107132,-0.078214177,-0.149615038,0.458151086,0.120357994,1.608518426,0.968356531,-0.228992616,-0.501802672,-0.277114466,1.784567514,-0.501606845
-2.016294930,-1.824364988,0.792227457,0.040262448,0.007926410,0.999082919,-0.012224084,0.179196546,-0.007060939,0.124646146,0.000007504,-0.122714658,-0.023597539,0.161039513,0.004726796,-0.128722130,0.107006150,-0.184751649,0.024718484,-0.073192285,-0.152356998,0.404325534,0.081883775,1.605352740,0.988899490,-0.211526638,-0.431238019,-0.264667873,1.757813181,-0.511439027
-2.016262565,-1.824151526,0.792338668,0.036800985,0.006841795,0.999246255,-0.010285835,0.171759842,-0.005094694,0.126235996,0.000005549,-0.122338903,-0.024218863,0.151638720,0.006788648,-0.126091166,0.107778786,-0.181932389,0.026003251,-0.067847510,-0.155599615,0.353586281,0.039541582,1.595321398,1.007469811,-0.196714395,-0.365072985,-0.245995226,1.729150484,-0.522043821
-2.015883475,-1.824059257,0.792531467,0.032694665,0.006399578,0.999409661,-0.008392435,0.162060216,-0.004656469,0.127193876,0.000001383,-0.120587542,-0.024562338,0.140154834,0.007424354,-0.123666022,0.108990683,-0.179902786,0.026638258,-0.061860342,-0.159838317,0.308987388,-0.010496156,1.571630461,1.022115459,-0.187181898,-0.307661230,-0.214935508,1.696690994,-0.534185766
-2.015115073,-1.823994646,0.792780180,0.027330894,0.006327980,0.999584560,-0.006609501,0.149152361,-0.005039542,0.127776629,0.000000000,-0.117477206,-0.024900331,0.124716272,0.006999835,-0.121403481,0.112643357,-0.179160274,0.027015286,-0.055256169,-0.164032295,0.272052557,-0.075045121,1.531643284,1.025790981,-0.180149287,-0.257730691,-0.166903156,1.657734583,-0.543392826
-2.014152235,-1.823943942,0.793056750,0.021339569,0.006441183,0.999739616,-0.004882013,0.134643543,-0.005832161,0.128172384,0.000000100,-0.113688900,-0.025235757,0.107305208,0.006046793,-0.119222351,0.117512670,-0.179058845,0.027263503,-0.048345005,-0.168203649,0.238945755,-0.146835942,1.483523841,1.023979125,-0.174364943,-0.211535936,-0.110397211,1.615538559,-0.551130331
-2.012511848,-1.824020905,0.793374935,0.014102545,0.007085694,0.999868558,-0.003711831,0.115665022,-0.007521385,0.128210382,0.000083410,-0.108158590,-0.025703871,0.085178332,0.004072669,-0.117493265,0.124656022,-0.179751873,0.027090751,-0.041328113,-0.172056922,0.219456513,-0.239257464,1.412572412,0.995970149,-0.172714000,-0.177869719,-0.026953051,1.566347428,-0.550613733
-2.010716404,-1.824166664,0.793684995,0.006522798,0.007734367,0.999944986,-0.002767355,0.095208331,-0.009267694,0.128058139,0.001128449,-0.102929507,-0.025991483,0.062075676,0.002084120,-0.115712774,0.131642534,-0.180174487,0.026834755,-0.034486837,-0.176597282,0.204761502,-0.334076218,1.337154664,0.959942333,-0.171953592,-0.149113039,0.062021226,1.514550360,-0.547088556
-2.008612531,-1.824449267,0.793978897,-0.001737824,0.008391608,0.999960699,-0.002272035,0.071811403,-0.011127553,0.127527485,0.004086469,-0.098299597,-0.025920056,0.037032090,0.000066882,-0.113830032,0.138317073,-0.180059223,0.026413180,-0.027994881,-0.182504335,0.199602731,-0.433663323,1.252852922,0.907964180,-0.172964554,-0.130121956,0.161995502,1.457569801,-0.537578993
-2.006276103,-1.824839449,0.794218314,-0.010969394,0.008914824,0.999897929,-0.002080757,0.044383686,-0.012790279,0.126597289,0.010008563,-0.094945275,-0.025788117,0.008820828,-0.001827424,-0.111547141,0.145821815,-0.179527020,0.025796370,-0.021752620,-0.192210136,0.201077245,-0.525179042,1.170355585,0.846552582,-0.175616534,-0.121667842,0.263910419,1.394889770,-0.518457890
-2.003823359,-1.825283086,0.794430481,-0.020686052,0.009370957,0.999740019,-0.002041180,0.014939962,-0.014354876,0.125468731,0.017413510,-0.092228406,-0.025624822,-0.020976373,-0.003660933,-0.109064137,0.153746480,-0.178787965,0.025081513,-0.015635391,-0.203812577,0.205852306,-0.612650328,1.088778304,0.780448062,-0.179090042,-0.118469015,0.366772154,1.329372672,-0.494531011
-2.000825333,-1.825696580,0.794515418,-0.032851135,0.009878735,0.999408279,-0.002511107,-0.023914018,-0.015832754,0.124584701,0.032031052,-0.092062148,-0.024448236,-0.059465314,-0.005758671,-0.105664989,0.167367142,-0.178419765,0.023590032,-0.010219672,-0.221634308,0.212425197,-0.675263296,1.025483370,0.712514683,-0.187010112,-0.128028571,0.455118063,1.261380785,-0.449327381
-1.997725355,-1.826074200,0.794506074,-0.045644612,0.010461815,0.998898371,-0.003027151,-0.065440116,-0.017339136,0.124074112,0.048705761,-0.092571336,-0.022877269,-0.100482104,-0.007986274,-0.101771041,0.182628559,-0.178385254,0.021875422,-0.005111030,-0.240370131,0.217470781,-0.727417312,0.970824770,0.649221728,-0.196657519,-0.139040038,0.531883313,1.196479189,-0.401811634
-1.994422628,-1.826380479,0.794309233,-0.059690408,0.011195719,0.998147533,-0.003635150,-0.112280152,-0.018902202,0.124306171,0.069471480,-0.094423760,-0.020522011,-0.146525931,-0.010472134,-0.096893105,0.201152884,-0.179014337,0.019717081,-0.000613062,-0.260923773,0.219479070,-0.758772004,0.933340918,0.595157010,-0.209740017,-0.152938866,0.585618545,1.137723134,-0.349697866
-1.990884555,-1.826618054,0.793836870,-0.075116340,0.011981718,0.997094342,-0.004104628,-0.164106658,-0.020273242,0.125458075,0.094090741,-0.097171870,-0.017337104,-0.197164644,-0.012812529,-0.090616818,0.221853106,-0.179881271,0.017514601,0.003419602,-0.282755102,0.218627061,-0.776916441,0.911916816,0.551638137,-0.226111332,-0.164622304,0.618472682,1.091415833,-0.297869810
-1.987229145,-1.826821283,0.793226823,-0.091218026,0.012791428,0.995738605,-0.004503564,-0.218418285,-0.021547246,0.127067991,0.120629922,-0.100366584,-0.013737997,-0.250094535,-0.015078917,-0.083642732,0.243637867,-0.180865574,0.015291137,0.007220779,-0.305224448,0.216350717,-0.788482910,0.898498084,0.513381416,-0.244124565,-0.175197480,0.640924665,1.051323101,-0.246191194
-1.983311154,-1.826877431,0.792067275,-0.108700504,0.013348596,0.993976447,-0.004103518,-0.277525168,-0.021609980,0.129244017,0.150430129,-0.104590971,-0.008782972,-0.308376246,-0.016041762,-0.074632293,0.267617359,-0.181177885,0.013805232,0.010887867,-0.329886229,0.212215210,-0.791701915,0.901778673,0.490184100,-0.267503415,-0.180431559,0.646690328,1.031244459,-0.200211333
-1.979312688,-1.826896311,0.790693738,-0.126483515,0.013691473,0.991868196,-0.003456194,-0.337887384,-0.020922444,0.131105607,0.181242700,-0.109195492,-0.003831199,-0.368427967,-0.016213557,-0.065106979,0.292843432,-0.180747374,0.012678605,0.014413293,-0.355277714,0.208000618,-0.793895796,0.908454875,0.471965148,-0.292939352,-0.184236167,0.650317645,1.016651806,-0.158189606
-1.975154220,-1.826841093,0.788894744,-0.144891874,0.013611954,0.989351143,-0.002318441,-0.400745473,-0.018743209,0.132342028,0.214068072,-0.114555802,0.001114109,-0.431998851,-0.014812570,-0.054557982,0.320547977,-0.178839973,0.012266302,0.017657061,-0.382120010,0.203628788,-0.794051508,0.921882290,0.463644263,-0.322465225,-0.185198679,0.649693471,1.012966485,-0.124037502
-1.970791400,-1.826746026,0.786507729,-0.163871504,0.013159264,0.986393805,-0.000475578,-0.467060317,-0.014751577,0.132237987,0.251283218,-0.121460196,0.005204806,-0.500516419,-0.011449607,-0.043153166,0.353674159,-0.176127705,0.012632144,0.020746803,-0.410381522,0.199958061,-0.794331591,0.939194625,0.464874181,-0.355858697,-0.184493857,0.648756772,1.016369620,-0.101624744
-1.966326652,-1.826631179,0.783826832,-0.183100083,0.012517449,0.983013081,0.001719182,-0.535102413,-0.009855368,0.131463283,0.290695605,-0.129138030,0.008869423,-0.571504225,-0.007107168,-0.031322822,0.389511805,-0.173012683,0.013381191,0.023760141,-0.439350041,0.196638608,-0.794675801,0.958438099,0.470865407,-0.391179280,-0.182957337,0.647663793,1.023305044,-0.085067311
-1.961594615,-1.826534044,0.779938234,-0.203131977,0.011131555,0.979074821,0.005097388,-0.609965938,-0.002146644,0.127400800,0.341574792,-0.141272590,0.011549108,-0.651147138,0.000460066,-0.019362372,0.437835966,-0.167878508,0.011506080,0.026882966,-0.469534938,0.195407158,-0.796735150,0.977897863,0.487566437,-0.430109482,-0.179187679,0.645866159,1.037094310,-0.083879930
-1.956831937,-1.826456061,0.775411991,-0.222964719,0.009649136,0.974741512,0.008521303,-0.687034572,0.006109110,0.122173207,0.397656642,-0.155819346,0.014035698,-0.732892924,0.008594153,-0.008540495,0.490589316,-0.163174051,0.009385566,0.029651738,-0.499044833,0.195317822,-0.797712557,0.994756424,0.504438505,-0.469478679,-0.174617704,0.643096513,1.052385768,-0.085214254
-1.952008351,-1.826416149,0.769618254,-0.242481199,0.007980291,0.970048606,0.012036841,-0.768486456,0.015452233,0.114629642,0.464080191,-0.175160993,0.016138458,-0.818818740,0.017855014,0.000018161,0.552146878,-0.159323773,0.006777245,0.031716734,-0.527212976,0.197498748,-0.796539312,1.006444392,0.521650555,-0.509720495,-0.168456885,0.638394733,1.070663241,-0.091561148
-1.947167032,-1.826374136,0.762166687,-0.261218433,0.006250958,0.965140747,0.015139134,-0.852341751,0.024793079,0.105657113,0.539306498,-0.199966718,0.017331294,-0.906470096,0.026519119,0.004636046,0.620741390,-0.158980018,0.004681591,0.032580462,-0.552116550,0.203094419,-0.786777411,1.007607060,0.529096674,-0.549520784,-0.161095358,0.630663034,1.089428098,-0.099220586
-1.942317195,-1.826331035,0.753887633,-0.279516790,0.004491569,0.959960984,0.018030503,-0.937390992,0.034130926,0.095977910,0.618918967,-0.227496003,0.018071193,-0.994977690,0.034881273,0.007287270,0.692843864,-0.160387865,0.002841104,0.032844179,-0.575394213,0.210394673,-0.772737253,1.003520492,0.531668548,-0.589097421,-0.153136795,0.621413747,1.108431731,-0.107535823
-1.937677433,-1.826255716,0.742956128,-0.295816674,0.003251440,0.955045160,0.019252679,-1.022220313,0.042134340,0.088712453,0.707162021,-0.261073045,0.018241929,-1.082642313,0.039368314,0.003868777,0.773025011,-0.168377852,0.001303322,0.030890856,-0.595992103,0.223268582,-0.751149654,0.985699040,0.518834944,-0.625631655,-0.144888625,0.603572909,1.125002654,-0.118420640
-1.933234984,-1.826198787,0.731225001,-0.311240371,0.002260447,0.950114103,0.020186944,-1.105740800,0.049912767,0.083096851,0.796588136,-0.294987851,0.018601076,-1.169016250,0.042095518,-0.000900938,0.854759465,-0.178123036,-0.000018920,0.028560890,-0.616731988,0.237611530,-0.731033439,0.965177231,0.506923119,-0.660279854,-0.137415644,0.582025703,1.140067403,-0.128436173
-1.929184662,-1.826178405,0.717904768,-0.325022827,0.001765798,0.945481102,0.020555534,-1.186660205,0.057244070,0.080760047,0.888365375,-0.329573904,0.019334659,-1.252825176,0.041325354,-0.008355969,0.939580845,-0.191356364,-0.000912814,0.025482410,-0.637754065,0.254873935,-0.713841344,0.939288935,0.496843169,-0.691179889,-0.131483218,0.553112739,1.152138893,-0.136724156
-1.925774633,-1.826226690,0.703452591,-0.337308537,0.001583749,0.941162883,0.020805547,-1.263569458,0.064536492,0.080327943,0.979718510,-0.362634265,0.020232338,-1.333257217,0.038339687,-0.015530663,1.025352317,-0.205831689,-0.001531458,0.022765022,-0.657910704,0.272710949,-0.698073337,0.912597896,0.493137969,-0.716823979,-0.129365867,0.520984852,1.158752732,-0.143346253
-1.922684307,-1.826309206,0.688436298,-0.348828427,0.001557494,0.936950112,0.020995029,-1.338477190,0.071806754,0.080838776,1.070857992,-0.394933504,0.021211633,-1.412005191,0.034253467,-0.022558876,1.111596824,-0.220919461,-0.002012590,0.020229222,-0.677631982,0.290828729,-0.683001989,0.885516594,0.492591431,-0.739845052,-0.129153048,0.487262931,1.162644957,-0.149133945
-1.920706681,-1.826472137,0.672190961,-0.358241152,0.001935246,0.933393915,0.020864604,-1.406950522,0.077115462,0.079077996,1.159953350,-0.425041297,0.022256115,-1.486288891,0.030223814,-0.024611672,1.198558554,-0.232861016,-0.001962147,0.019210941,-0.693612849,0.305709487,-0.660474534,0.864318420,0.486367393,-0.754637655,-0.135322960,0.455679426,1.159417117,-0.150221368
-1.919044601,-1.826646184,0.655542252,-0.366900861,0.002426432,0.930024737,0.020781234,-1.473473241,0.081183514,0.075750364,1.248675282,-0.455039312,0.023098274,-1.559063172,0.027140294,-0.024256445,1.285420499,-0.243982572,-0.000724656,0.018759770,-0.709135842,0.320043017,-0.638382516,0.845467058,0.477471038,-0.767919236,-0.143239606,0.427321618,1.155327984,-0.150856568
-1.918009471,-1.826842314,0.638092090,-0.374109736,0.003143233,0.927145962,0.020794010,-1.536120329,0.082786529,0.069309587,1.336655265,-0.484819210,0.023538443,-1.628838421,0.025936627,-0.019116770,1.372084182,-0.253474888,0.002871356,0.019435380,-0.723749092,0.333289275,-0.617155660,0.831278532,0.463265113,-0.778198600,-0.154626806,0.405372883,1.149527564,-0.150593253
-1.917512266,-1.827058416,0.619816355,-0.379956454,0.003898357,0.924751230,0.021285178,-1.594928197,0.082651479,0.061287743,1.424520215,-0.515171347,0.023869682,-1.695302297,0.026910858,-0.011783950,1.458509727,-0.261844250,0.008979817,0.021149052,-0.739146243,0.347795901,-0.607106767,0.818293073,0.453414073,-0.787577647,-0.168071919,0.391713008,1.145085143,-0.154140303
-1.917283661,-1.827284575,0.601128477,-0.385118388,0.004672379,0.922592732,0.022014696,-1.651823784,0.081653146,0.052480008,1.512334769,-0.545799614,0.024147636,-1.760115021,0.028969860,-0.003361171,1.544820789,-0.269646568,0.016341058,0.023380988,-0.754931307,0.362931208,-0.602636242,0.805900926,0.445747527,-0.796506213,-0.182540132,0.382179192,1.141327591,-0.159585035
-1.918005720,-1.827602081,0.581040319,-0.386604749,0.005381298,0.921934237,0.023346791,-1.705095706,0.080637030,0.043262576,1.604641947,-0.571035232,0.024971347,-1.820610169,0.033070699,0.005514367,1.633661804,-0.271246950,0.026974288,0.027402940,-0.769761782,0.379857939,-0.615867068,0.790693079,0.452436093,-0.803224213,-0.197664061,0.378770410,1.144493342,-0.168474966
-1.919003568,-1.827934100,0.560714657,-0.387320299,0.005861733,0.921582731,0.025177281,-1.757611825,0.080736316,0.033863530,1.697245439,-0.592421699,0.025515915,-1.879125551,0.038437032,0.014474543,1.721730440,-0.271233687,0.038798560,0.032314971,-0.783681363,0.396763307,-0.631428854,0.775013013,0.462615328,-0.809567855,-0.212189314,0.375735578,1.150558817,-0.178025521
-1.920549249,-1.828294949,0.539917209,-0.386505582,0.005888308,0.921843199,0.027997851,-1.808626590,0.083051273,0.024103722,1.790437542,-0.606162078,0.025505984,-1.933708258,0.046317188,0.023602846,1.808264798,-0.268015022,0.052988758,0.038995082,-0.795791515,0.413626238,-0.651620939,0.758394918,0.479728546,-0.815167862,-0.225525337,0.373443571,1.162384401,-0.188888361
-1.922709561,-1.828667029,0.518911894,-0.383343189,0.005591335,0.923035907,0.031960160,-1.856996406,0.088167379,0.013665779,1.883271861,-0.612378417,0.024820934,-1.983111091,0.056978514,0.032505157,1.893715246,-0.265532153,0.067976257,0.046822159,-0.804419323,0.430684573,-0.671307177,0.741507146,0.498924267,-0.819236728,-0.236452977,0.369710801,1.179020898,-0.199937399
-1.925176674,-1.829044721,0.497803832,-0.378999320,0.005134130,0.924663028,0.036488910,-1.904040123,0.094677083,0.002894850,1.975921493,-0.614853510,0.023802496,-2.029924744,0.069021953,0.041294189,1.978622768,-0.263422281,0.083357782,0.055216459,-0.811309485,0.447840920,-0.690735410,0.724487384,0.519151612,-0.822541999,-0.246179642,0.365261067,1.198052752,-0.211078336
-1.928675669,-1.829445987,0.477000304,-0.372490210,0.005070555,0.927100020,0.041362858,-1.942881397,0.102896008,-0.005456738,2.064038373,-0.614050449,0.023979062,-2.065742102,0.081765291,0.049398522,2.060500486,-0.266234695,0.097523886,0.062114848,-0.812753207,0.465630634,-0.705764370,0.708707183,0.537784567,-0.823727654,-0.252642338,0.359823103,1.221234637,-0.221857500
-1.932562741,-1.829839010,0.456606083,-0.364944506,0.005311186,0.929882667,0.045885995,-1.977399030,0.110517642,-0.011600987,2.149630769,-0.613919584,0.025212365,-2.096869658,0.093185465,0.058008854,2.141171976,-0.270125678,0.110730123,0.067115868,-0.811952084,0.483341360,-0.718310394,0.694702139,0.554832800,-0.824114541,-0.258257305,0.354962297,1.244578021,-0.234249221
-1.937220527,-1.830215664,0.437024743,-0.355355133,0.006156171,0.933388113,0.049713794,-2.003329956,0.116953063,-0.013361482,2.230209570,-0.615123694,0.028544337,-2.118683320,0.101977852,0.067624095,2.219447911,-0.276158688,0.122030079,0.068348736,-0.806692721,0.500895217,-0.725925334,0.684222536,0.568733791,-0.822915081,-0.262188693,0.351247722,1.268242137,-0.249843462
-1.942272169,-1.830690639,0.420772457,-0.343745174,0.008596312,0.937639961,0.050957463,-2.018383999,0.120380600,-0.010711700,2.292593579,-0.611873242,0.031165329,-2.129981487,0.105013164,0.080298519,2.284573297,-0.277849246,0.127772546,0.065385073,-0.799200365,0.515937435,-0.730090697,0.681494668,0.581868641,-0.820588610,-0.265408703,0.348071966,1.290820346,-0.266607691
-1.947518662,-1.831214634,0.406189977,-0.331097025,0.011826001,0.942147906,0.050913937,-2.028017301,0.122317188,-0.005872663,2.345869440,-0.606398187,0.033419830,-2.136039010,0.105184469,0.094493679,2.343089048,-0.277357579,0.130740435,0.060342108,-0.790605758,0.529720862,-0.732537019,0.682641223,0.594623789,-0.817705867,-0.268274651,0.345159465,1.312855689,-0.283951375
-1.952340460,-1.831868527,0.402289398,-0.321990703,0.014269002,0.945206709,0.051987118,-2.024593481,0.125703962,-0.001180532,2.352073772,-0.592716924,0.027221771,-2.129465314,0.101669864,0.109936897,2.350963232,-0.260361297,0.123987527,0.057844846,-0.785962915,0.536076258,-0.730924745,0.700076614,0.607786235,-0.816845835,-0.270579693,0.339595649,1.332537649,-0.300428529
-1.957239379,-1.832519019,0.399712592,-0.312003770,0.016243141,0.948420586,0.053741974,-2.017053468,0.130498262,0.002326458,2.356199980,-0.579996180,0.019005740,-2.119639047,0.099490742,0.125533243,2.356199980,-0.244415904,0.122867859,0.057035417,-0.780817934,0.540666032,-0.727564038,0.720444623,0.620734536,-0.814565312,-0.272728532,0.331494917,1.350910281,-0.315589497
-1.962291423,-1.833162760,0.399764199,-0.300287340,0.017286973,0.951996001,0.056853212,-2.001340571,0.138087263,0.003480296,2.356199980,-0.569182585,0.006782934,-2.103354657,0.099963281,0.141433631,2.356199980,-0.230557095,0.132933240,0.059577255,-0.774675936,0.541750085,-0.720731739,0.746635475,0.633257645,-0.809464343,-0.274567222,0.318357022,1.366683185,-0.328137122
-1.967598869,-1.833858503,0.400460244,-0.287120853,0.018272933,0.955839158,0.059993497,-1.977739966,0.145808858,0.002597298,2.356199980,-0.563094915,-0.007338734,-2.079820986,0.101411252,0.161843790,2.356199980,-0.221408102,0.154017741,0.063031090,-0.764649644,0.540439675,-0.707452114,0.774229401,0.644611641,-0.799066422,-0.276176493,0.299101697,1.378428918,-0.336398721
-1.973033755,-1.834580224,0.401477797,-0.273195831,0.019227528,0.959691544,0.063138582,-1.950201222,0.153592119,0.000702870,2.356199843,-0.559371936,-0.022394023,-2.052665013,0.103336473,0.184507642,2.356199832,-0.214612542,0.180590249,0.066936579,-0.752682522,0.537937265,-0.690953874,0.802514218,0.655379887,-0.786025121,-0.277671696,0.276800831,1.388167776,-0.342524654
-1.978876811,-1.835402202,0.403493873,-0.257994932,0.020035982,0.963733247,0.065233457,-1.908630143,0.158862874,-0.001474537,2.356116586,-0.567180032,-0.032078805,-2.010845309,0.101082577,0.216452078,2.356110137,-0.217370533,0.218542678,0.070231571,-0.732898458,0.533294458,-0.663214048,0.827459190,0.662831317,-0.764322937,-0.279047594,0.248914663,1.393040293,-0.343596100
-1.984896651,-1.836279892,0.405863573,-0.241996133,0.020755293,0.967769958,0.066546200,-1.862017815,0.162717482,-0.002611463,2.356082018,-0.578395241,-0.040925708,-1.963956968,0.096275362,0.251023253,2.356072246,-0.223098917,0.258984951,0.073037718,-0.709796212,0.528204668,-0.632630086,0.850092682,0.668430577,-0.739223008,-0.280617360,0.220918207,1.396515612,-0.343743840
-1.991267425,-1.837268174,0.408935251,-0.224467224,0.021301538,0.971988935,0.066319084,-1.805398106,0.163760898,-0.001682929,2.356144100,-0.596373910,-0.048109341,-1.907006878,0.086399553,0.290808767,2.356137191,-0.234723825,0.304369811,0.074873458,-0.680107045,0.522227574,-0.596400234,0.868137656,0.670353096,-0.707378217,-0.282571978,0.192702821,1.397217355,-0.342057929
-1.998002514,-1.838475781,0.412528248,-0.206919563,0.022949233,0.975907455,0.065286032,-1.742194969,0.161946233,0.002900975,2.356178842,-0.616180762,-0.053985716,-1.844601255,0.071575870,0.332280032,2.356175272,-0.249077659,0.348136218,0.072236509,-0.643640792,0.517348833,-0.554138470,0.883615892,0.667395910,-0.671978739,-0.283015892,0.171233627,1.395709817,-0.339483024
-2.004919423,-1.839792609,0.416380961,-0.189332555,0.025140224,0.979512917,0.063840409,-1.675718651,0.158705969,0.009304068,2.356199980,-0.636887512,-0.059210100,-1.779485662,0.054285852,0.374576346,2.356199980,-0.264785647,0.391070637,0.067373347,-0.603802858,0.513016581,-0.508879997,0.897817837,0.662005975,-0.634816521,-0.282710254,0.153141100,1.393106971,-0.336470492
-2.012445562,-1.841335644,0.420834921,-0.173624040,0.027748463,0.982510726,0.061297551,-1.605537270,0.151148859,0.018818949,2.356199980,-0.653301185,-0.062498413,-1.712733825,0.030490654,0.410127629,2.356199980,-0.280484308,0.417026651,0.058547302,-0.558847477,0.509539617,-0.461559743,0.910488684,0.649968316,-0.598358142,-0.282464400,0.152115806,1.391092433,-0.335526542
-2.020178662,-1.842874677,0.425387825,-0.158220513,0.030523780,0.985176188,0.058842554,-1.534454794,0.142986261,0.028454629,2.356199980,-0.667645989,-0.065592068,-1.645585350,0.006194749,0.441968833,2.356199980,-0.297302953,0.439435863,0.049553298,-0.513543632,0.506743262,-0.417290132,0.922779450,0.637988639,-0.563050415,-0.282478623,0.155795087,1.390011128,-0.335833505
-2.028322507,-1.844405766,0.430137099,-0.143473582,0.033638353,0.987462671,0.056579724,-1.461583952,0.133621977,0.038330056,2.356199980,-0.677884798,-0.068299392,-1.577649684,-0.019094883,0.466446809,2.356199980,-0.316344377,0.454805896,0.040225953,-0.467548206,0.505297679,-0.379074995,0.934315889,0.626124037,-0.530026334,-0.283009009,0.168811325,1.390781967,-0.338623103
-2.037011453,-1.845835649,0.434910480,-0.129142059,0.036208397,0.989377648,0.056063810,-1.385939105,0.126033477,0.047288893,2.356199884,-0.684883733,-0.071766692,-1.508192098,-0.041561603,0.484750316,2.356199884,-0.334953869,0.461911021,0.032553966,-0.421959553,0.507164161,-0.352192390,0.941548201,0.619043005,-0.499007463,-0.283858201,0.182823576,1.391947653,-0.343033760
-2.045972544,-1.847215187,0.439694698,-0.115005597,0.038502982,0.991014004,0.056413450,-1.308908663,0.119330382,0.055793164,2.356199740,-0.690274232,-0.075612868,-1.437970372,-0.062619129,0.499984899,2.356199740,-0.353348904,0.464903854,0.025707213,-0.376573468,0.510683214,-0.330953326,0.946626495,0.614344095,-0.468985004,-0.284866338,0.197306571,1.393304698,-0.348243355
-2.055911698,-1.848518754,0.443837125,-0.101129179,0.039790199,0.992315016,0.059165349,-1.226527043,0.115145696,0.064393632,2.356199884,-0.695047003,-0.080510219,-1.362553909,-0.078706415,0.511982182,2.356199884,-0.371648654,0.461078593,0.021136653,-0.331621664,0.519573610,-0.321875728,0.941037145,0.614738920,-0.439873411,-0.286318768,0.198422981,1.392072946,-0.350426427
-2.066209126,-1.849787807,0.447464966,-0.087238877,0.040613259,0.993416267,0.062161573,-1.142449119,0.110905820,0.072870152,2.356199980,-0.702985200,-0.085025105,-1.284879160,-0.094300604,0.524064804,2.356199980,-0.389747407,0.456375015,0.016638286,-0.287205523,0.530074120,-0.313690414,0.932528114,0.613019242,-0.410778261,-0.287996392,0.193938200,1.389827241,-0.351094508
-2.077217448,-1.850988377,0.450071759,-0.073342368,0.040523114,0.994318016,0.065654080,-1.055005374,0.106556436,0.081100731,2.356199980,-0.717204268,-0.088781098,-1.202723495,-0.108916384,0.536316757,2.356199980,-0.407447338,0.449928672,0.012283165,-0.243852251,0.543769438,-0.307275579,0.918225825,0.607103947,-0.381715735,-0.290120848,0.178339478,1.385569640,-0.348756528
-2.088801136,-1.852005874,0.451530454,-0.059790641,0.039254683,0.995125975,0.067885506,-0.968775297,0.100609436,0.088078962,2.356199980,-0.735476966,-0.081338276,-1.115687227,-0.125922149,0.544590694,2.356199980,-0.422171443,0.436393469,0.005084658,-0.203972947,0.560890834,-0.302764300,0.901660783,0.595436398,-0.353866200,-0.292907267,0.163257917,1.379814628,-0.347372938
-2.100671051,-1.852932152,0.452416298,-0.046407851,0.037400307,0.995801480,0.069476191,-0.883163073,0.093855669,0.094425693,2.356199980,-0.755750980,-0.068324314,-1.026225269,-0.144127765,0.550875333,2.356199980,-0.435378534,0.419313357,-0.003538675,-0.165835235,0.579714048,-0.299211521,0.883976309,0.580915061,-0.326631584,-0.296029948,0.148467627,1.373317074,-0.346472598
-2.113008764,-1.853628602,0.451419489,-0.034407868,0.036545714,0.996562782,0.065902440,-0.806364619,0.079135662,0.095035110,2.356199980,-0.770857583,-0.046159674,-0.934048305,-0.170335837,0.548170352,2.356199980,-0.425815612,0.386235703,-0.020212405,-0.137967190,0.599907457,-0.303617434,0.867904889,0.566037414,-0.306768073,-0.303555497,0.152985326,1.366919474,-0.351053516
-2.125149765,-1.854272124,0.449788249,-0.023560232,0.037042353,0.997156459,0.061251735,-0.734857428,0.062071795,0.094121943,2.356199980,-0.781805901,-0.024427060,-0.846476854,-0.196631415,0.542019398,2.356199980,-0.401569040,0.346605245,-0.037956400,-0.115609250,0.618018853,-0.310196104,0.854195999,0.552081832,-0.291365519,-0.313314314,0.163496420,1.361351876,-0.355978868
-2.136900534,-1.854810648,0.446898444,-0.015005278,0.040225948,0.997591622,0.054476322,-0.673846863,0.040358261,0.090188323,2.356199980,-0.784505160,-0.003551486,-0.768041663,-0.223100585,0.529032441,2.356199980,-0.348193550,0.293975558,-0.057823548,-0.104182067,0.632000026,-0.321085015,0.845173815,0.539955409,-0.284812459,-0.327503413,0.185897005,1.357430806,-0.361587495
-2.147520187,-1.855184924,0.443105818,-0.010032111,0.046845440,0.997628722,0.049414519,-0.624182942,0.021015619,0.088397726,2.356199980,-0.785399973,0.008986226,-0.714347538,-0.240922107,0.514887881,2.356199980,-0.273523136,0.240370181,-0.071183642,-0.107302143,0.638966626,-0.330889122,0.844962498,0.527721736,-0.288438028,-0.342956672,0.214007299,1.354947869,-0.365818844
-2.157573460,-1.855477298,0.438867370,-0.006852138,0.055153431,0.997429924,0.045218287,-0.580191900,0.002882657,0.087676717,2.356199980,-0.785399553,0.017356382,-0.673030031,-0.254412026,0.500186737,2.356199980,-0.188272428,0.186307387,-0.081283662,-0.117680165,0.642446188,-0.340143619,0.849144398,0.515435908,-0.297134468,-0.359017963,0.244948294,1.353175501,-0.369367224
-2.164671729,-1.855524722,0.435645487,-0.013025143,0.056267662,0.997051634,0.050520632,-0.561145236,0.003108229,0.090673155,2.356199980,-0.785171956,0.007964448,-0.689915278,-0.244504660,0.494923904,2.356199980,-0.092057302,0.146524184,-0.073402578,-0.151870226,0.641299264,-0.343095581,0.866280487,0.503706669,-0.318455721,-0.364888948,0.275508795,1.350003312,-0.372923350
-2.171255245,-1.855659559,0.432818483,-0.021894236,0.057695547,0.996565024,0.055226974,-0.552284169,0.003634198,0.093801386,2.356199980,-0.780713566,0.001231843,-0.714850956,-0.234394445,0.492331037,2.356199980,-0.006586440,0.113655819,-0.064710090,-0.192184149,0.636868539,-0.344989215,0.886876585,0.493482786,-0.342859257,-0.369270042,0.305782951,1.344952338,-0.375342011
-2.176817840,-1.855967764,0.430774655,-0.036109480,0.059743444,0.995828993,0.058748980,-0.563624411,0.004755951,0.097191008,2.356199980,-0.767864155,-0.000226457,-0.755753228,-0.223881914,0.495033568,2.356199980,0.057575098,0.094501799,-0.054408326,-0.244643656,0.625924981,-0.344783845,0.914334990,0.486244504,-0.373375948,-0.370696205,0.335489196,1.336175132,-0.375504716
-2.182077938,-1.856783185,0.429319511,-0.054096537,0.062607356,0.995046813,0.055097404,-0.589900076,-0.000610393,0.100510507,2.356199980,-0.742200773,0.007652160,-0.800393988,-0.223040685,0.496269310,2.356199980,0.094865094,0.083248542,-0.051243854,-0.304683045,0.608380246,-0.346916820,0.943889049,0.485706396,-0.407037505,-0.372049325,0.366411684,1.322431049,-0.372368111
-2.187187683,-1.857851067,0.428156915,-0.073940318,0.065852072,0.993933937,0.047871324,-0.623599574,-0.009206699,0.103790251,2.356199980,-0.710149929,0.020150651,-0.846887223,-0.227002321,0.496772783,2.356199980,0.118785064,0.075931100,-0.051623237,-0.368484831,0.587553527,-0.350213383,0.974478618,0.488500914,-0.442270032,-0.373361324,0.397952591,1.306222016,-0.367589963
-2.192097538,-1.859441881,0.427357341,-0.096512871,0.066907792,0.992282985,0.039788077,-0.667364435,-0.024792654,0.104445169,2.356199980,-0.659927711,0.027810379,-0.892855738,-0.235178911,0.494613189,2.356199980,0.117651721,0.078487074,-0.054801009,-0.434618681,0.561862643,-0.355762035,1.003239375,0.496980552,-0.483712828,-0.372091447,0.437611468,1.288717105,-0.359756368
-2.197043598,-1.861021306,0.426474326,-0.119064682,0.067239371,0.990058762,0.032956285,-0.712403251,-0.039483484,0.103469466,2.356199980,-0.605612272,0.027768394,-0.938193462,-0.241423747,0.492813580,2.356199980,0.113760122,0.082712150,-0.055759826,-0.499646884,0.535913698,-0.363961968,1.030583251,0.505572442,-0.527707968,-0.369724916,0.479034854,1.273505899,-0.352686114
-2.202061448,-1.862578148,0.425425858,-0.141620723,0.066174875,0.987291540,0.028633388,-0.759968160,-0.052399393,0.099260443,2.356199980,-0.543180480,0.012454860,-0.982280406,-0.243838152,0.491727775,2.356199980,0.104399240,0.090246850,-0.052318730,-0.562482728,0.509453049,-0.377419067,1.055117628,0.514386912,-0.576764093,-0.365183854,0.523957047,1.262842827,-0.347129469
-2.207171983,-1.863978753,0.424043363,-0.163797362,0.064277294,0.984057647,0.025872769,-0.809850919,-0.062167816,0.091413221,2.356199980,-0.476385805,-0.010115554,-1.025595238,-0.241852666,0.492098421,2.356199980,0.094924902,0.098182375,-0.044120244,-0.621873553,0.482624730,-0.398034474,1.074958678,0.522724858,-0.629932693,-0.359033814,0.563710970,1.257544125,-0.346882671
-2.212328880,-1.865301887,0.422494403,-0.185739602,0.061951551,0.980353116,0.023886670,-0.860885838,-0.070366760,0.081763479,2.356199980,-0.407440365,-0.036276758,-1.068527574,-0.237679527,0.493197246,2.356199980,0.085395145,0.106317836,-0.033554576,-0.679546688,0.455614619,-0.422218785,1.092456779,0.530827839,-0.685146366,-0.352082881,0.600862142,1.254915759,-0.349276945
-2.217702078,-1.866610176,0.420484228,-0.207315546,0.059581463,0.976142704,0.024814006,-0.913599139,-0.073764129,0.072537639,2.356199980,-0.344536643,-0.059245711,-1.111570804,-0.230040456,0.497505918,2.356199980,0.076283863,0.115099382,-0.018329685,-0.732042871,0.428835337,-0.457039034,1.101440483,0.539563667,-0.743766415,-0.343404149,0.616995826,1.258120493,-0.356357475
-2.223205884,-1.867898246,0.418434350,-0.228711499,0.057431784,0.971440428,0.026384367,-0.965644645,-0.075925715,0.064865006,2.356199980,-0.287941660,-0.079415260,-1.154350323,-0.222187165,0.501786446,2.356199980,0.067294858,0.123787966,-0.002090738,-0.783732257,0.402138388,-0.496306585,1.108866832,0.551492540,-0.802412389,-0.335377455,0.628260997,1.262378227,-0.363238213
-2.228968611,-1.869146235,0.416305763,-0.249840718,0.055748959,0.966238402,0.029240713,-1.016366294,-0.075637441,0.060271502,2.356199980,-0.243853329,-0.094035180,-1.196607052,-0.213909196,0.506011183,2.356199980,0.058548262,0.132292259,0.016158510,-0.833822224,0.375604657,-0.544390614,1.113205829,0.569751413,-0.861109757,-0.328643380,0.629874666,1.268723465,-0.369722876
-2.235010452,-1.870355199,0.414245185,-0.270313108,0.054850745,0.960692430,0.031500391,-1.063872662,-0.075695534,0.059148152,2.356199980,-0.214409127,-0.104382392,-1.237833517,-0.207206249,0.509815004,2.356199980,0.049359711,0.140479386,0.036143917,-0.883041665,0.345613107,-0.592969940,1.117979325,0.592743487,-0.918462240,-0.326765814,0.634199317,1.275505452,-0.376619630
-2.241191052,-1.871544314,0.412218573,-0.290397646,0.054331120,0.954776468,0.033454925,-1.109777309,-0.075928317,0.059755106,2.356199980,-0.192258117,-0.112595430,-1.278547354,-0.201286207,0.513411336,2.356199980,0.039950982,0.148513593,0.056995654,-0.931825615,0.313897523,-0.641764734,1.122972180,0.618061706,-0.975142552,-0.327312098,0.639885878,1.282498494,-0.383729926
-2.247592660,-1.872477803,0.410323949,-0.309902062,0.054302282,0.948598934,0.034235017,-1.151501455,-0.077682704,0.065680958,2.356199980,-0.188189129,-0.112411746,-1.318225774,-0.196559705,0.517557322,2.356199980,0.029959731,0.158674761,0.080827625,-0.978562609,0.276941857,-0.675574173,1.129983688,0.633666990,-1.028973025,-0.336440033,0.654800003,1.286802583,-0.395501865
-2.253953392,-1.873445617,0.408404810,-0.329424445,0.054609278,0.941950840,0.035013946,-1.192686106,-0.080154986,0.073413641,2.356199980,-0.188661253,-0.110122438,-1.358408407,-0.191550668,0.523346703,2.356199980,0.019686987,0.170068817,0.105423686,-1.025099007,0.240025435,-0.704921838,1.136810982,0.644702010,-1.082137760,-0.347856031,0.669443182,1.290163518,-0.408076895
-2.260233109,-1.874481461,0.406437087,-0.349097074,0.055603326,0.934750014,0.035803837,-1.232801480,-0.084050124,0.084727441,2.356199980,-0.198133810,-0.103659805,-1.399590382,-0.185981649,0.532393276,2.356199980,0.008856324,0.183906444,0.131534165,-1.071237823,0.203186796,-0.725426314,1.143273166,0.646678818,-1.133983012,-0.363806948,0.683549346,1.291655133,-0.422243642
-2.266473899,-1.875424038,0.404428301,-0.369184105,0.056845010,0.926892851,0.036624913,-1.272910399,-0.088139441,0.097344667,2.356199025,-0.215475042,-0.095519431,-1.441556140,-0.178499221,0.543218242,2.356199980,-0.003489899,0.199016608,0.157880954,-1.118851363,0.169812809,-0.744993502,1.146809628,0.648495636,-1.184602928,-0.381476637,0.694377021,1.292959393,-0.434436410
-2.272695420,-1.876319742,0.402399073,-0.389379110,0.058194063,0.918474094,0.037452603,-1.313017890,-0.092320706,0.110608085,2.356197572,-0.236729166,-0.086541261,-1.483909689,-0.170061518,0.554921998,2.356199980,-0.016591986,0.214758780,0.184342280,-1.167201802,0.138168297,-0.764094880,1.148888517,0.650241844,-1.234613481,-0.399996726,0.703583142,1.294172096,-0.445645457
-2.278925499,-1.876892171,0.400321646,-0.410200843,0.059276469,0.909247142,0.038616113,-1.353989005,-0.094426449,0.124073897,2.356183838,-0.264996864,-0.074361554,-1.526004051,-0.158071647,0.565500808,2.356199980,-0.032125538,0.231248656,0.209563746,-1.218600955,0.112826663,-0.782496626,1.147049648,0.656208388,-1.283515289,-0.417950968,0.714136489,1.296002528,-0.454064834
-2.285220446,-1.877330016,0.398227180,-0.430865754,0.060164544,0.899529247,0.039775155,-1.395385218,-0.095379326,0.137103914,2.356170824,-0.293635722,-0.062485852,-1.567507597,-0.145299994,0.574464273,2.356196525,-0.047337130,0.246732804,0.233567805,-1.270754006,0.090290626,-0.798988184,1.144711123,0.661770274,-1.331627285,-0.434082530,0.724120272,1.297761325,-0.461158830
-2.291643937,-1.877501173,0.396098951,-0.451416863,0.060697121,0.889304357,0.040944298,-1.437623779,-0.094047748,0.149270383,2.356159238,-0.323010048,-0.051212547,-1.607840414,-0.130979207,0.580226860,2.356186223,-0.061910741,0.260224057,0.255159516,-1.324400937,0.073314004,-0.811694615,1.141382506,0.666530313,-1.378174232,-0.446602367,0.732975441,1.299378173,-0.465626523
-2.298300373,-1.877423603,0.394066830,-0.471930280,0.060467454,0.878498789,0.043189995,-1.481033246,-0.089162023,0.159330169,2.356173288,-0.350234654,-0.041393333,-1.645564419,-0.115412690,0.582537271,2.356163582,-0.074529550,0.271366412,0.274747625,-1.379231016,0.063102051,-0.820499670,1.137964775,0.669686345,-1.422742714,-0.453626124,0.738336628,1.301756429,-0.467684666
-2.305073624,-1.877221954,0.392083637,-0.492286694,0.059840441,0.867156668,0.045959182,-1.525017100,-0.082506757,0.168335095,2.356199980,-0.376385930,-0.032299669,-1.681978717,-0.099228109,0.583125153,2.356134972,-0.086181092,0.281334728,0.293333587,-1.434642872,0.056261224,-0.827359201,1.134506669,0.672044730,-1.466322262,-0.457911013,0.741967981,1.304506325,-0.468547133
-2.312526239,-1.876603900,0.390729430,-0.513208384,0.057954927,0.854832534,0.050196806,-1.566333758,-0.071544736,0.171938715,2.356199980,-0.398492005,-0.025722369,-1.710076391,-0.082561643,0.577741763,2.356174026,-0.098314999,0.286281593,0.307305836,-1.488018865,0.059106627,-0.828013738,1.132841611,0.672914955,-1.505650993,-0.454356711,0.746007463,1.304632716,-0.468389525
-2.320167006,-1.875751310,0.389971311,-0.531383471,0.055621213,0.843574052,0.054043550,-1.601550448,-0.060906943,0.173209442,2.356199980,-0.419787673,-0.020147273,-1.732153369,-0.067181456,0.570180506,2.356199980,-0.112123388,0.290224527,0.316074893,-1.537635670,0.066570367,-0.828388946,1.132006764,0.673356949,-1.543558651,-0.448054601,0.753022336,1.297407506,-0.469895974
-2.328180524,-1.874434081,0.390394103,-0.544539161,0.052448191,0.835140349,0.057156684,-1.624682479,-0.050911477,0.169858471,2.356199980,-0.439477841,-0.016557645,-1.742302734,-0.054349517,0.558304675,2.356199980,-0.129249097,0.292178572,0.314535898,-1.579805141,0.083183503,-0.828210773,1.132816652,0.672950572,-1.578651022,-0.436308805,0.765931758,1.275618024,-0.474699089
-2.336504787,-1.872857961,0.391351707,-0.556938883,0.051229546,0.826894487,0.058652540,-1.639116011,-0.045453837,0.165147071,2.351089796,-0.453535712,-0.016476982,-1.749701356,-0.045461018,0.545747029,2.356199980,-0.145433318,0.292454045,0.299115723,-1.617571876,0.109300586,-0.824807511,1.129698067,0.670970398,-1.609374243,-0.420540004,0.774821573,1.243328039,-0.487173413
-2.344986186,-1.871154123,0.392574775,-0.568916487,0.050981684,0.818665907,0.059338283,-1.649223646,-0.042257000,0.159761311,2.343409444,-0.464776621,-0.018142530,-1.755740603,-0.038537457,0.532856193,2.356193187,-0.161130044,0.291907697,0.276777418,-1.653153522,0.140161297,-0.819800354,1.124608538,0.668212713,-1.637909171,-0.402755404,0.781655415,1.205829214,-0.503434845
-2.354977840,-1.869678823,0.394082298,-0.582075107,0.054210837,0.809236262,0.058193019,-1.650870968,-0.045367274,0.154075820,2.317372442,-0.463131445,-0.023755067,-1.763107596,-0.037218094,0.522038665,2.353028576,-0.166948841,0.295753290,0.234054954,-1.686526617,0.188247160,-0.811653474,1.107677191,0.666325063,-1.655012750,-0.374039191,0.758099305,1.164263859,-0.514185569
-2.365337939,-1.868104847,0.395706806,-0.594709640,0.056915815,0.799829025,0.057918598,-1.650372183,-0.047623717,0.147297164,2.288416758,-0.460385835,-0.030872396,-1.767892221,-0.035297268,0.511945720,2.342440360,-0.166488759,0.301379596,0.185710375,-1.718854002,0.244850574,-0.806100746,1.083984720,0.664181403,-1.669098371,-0.336501756,0.742518078,1.126896314,-0.524998407
-2.376427801,-1.866335429,0.397563021,-0.606479442,0.058598525,0.790709891,0.059386593,-1.645622691,-0.048189014,0.138353320,2.253680161,-0.455460642,-0.040970202,-1.767562055,-0.032185148,0.503287928,2.317148524,-0.153592363,0.310532886,0.126230308,-1.749110192,0.318324343,-0.805686144,1.046900774,0.661530674,-1.677206450,-0.281492498,0.742732371,1.097843196,-0.535934275
-2.387755718,-1.864848748,0.399268731,-0.617200600,0.060463908,0.782005403,0.062250189,-1.638046428,-0.047963796,0.129951821,2.218639875,-0.451921687,-0.051745493,-1.762349089,-0.028398233,0.497806527,2.284602310,-0.136824634,0.315803571,0.068015505,-1.775863869,0.392132419,-0.810059307,1.005976222,0.659544421,-1.688772123,-0.219239327,0.750021258,1.083462632,-0.536103204
-2.399201517,-1.863502745,0.400899473,-0.627343068,0.062412355,0.773443819,0.065802969,-1.629060122,-0.047348113,0.121820243,2.183456343,-0.449069625,-0.062857674,-1.754699405,-0.024280043,0.493901771,2.248455867,-0.118137577,0.319129722,0.010451322,-1.800864410,0.466062068,-0.816770994,0.963175425,0.657895817,-1.702044834,-0.153416398,0.760799114,1.076371210,-0.530931591
-2.410655878,-1.862471617,0.402325403,-0.634746132,0.063409432,0.766830422,0.071047132,-1.615315275,-0.047153510,0.114324302,2.151504116,-0.446466926,-0.074633110,-1.738333618,-0.021444651,0.491803636,2.208446778,-0.098276166,0.312366179,-0.036131186,-1.817232699,0.520026346,-0.808965616,0.931861860,0.660181404,-1.713110667,-0.095219364,0.765333237,1.080450711,-0.521351396
-2.421993022,-1.861370627,0.403683351,-0.641477356,0.064256478,0.760714110,0.075445011,-1.600062363,-0.046339666,0.105805949,2.121138891,-0.444314397,-0.086832591,-1.719932864,-0.020158260,0.488704290,2.168358872,-0.078370043,0.303548190,-0.079430512,-1.830365521,0.565897173,-0.792898815,0.905775086,0.659551700,-1.719988360,-0.046011402,0.768303627,1.079910116,-0.510439624
-2.433098053,-1.860131297,0.404906683,-0.646984111,0.064817001,0.755710521,0.078178800,-1.581823159,-0.044299594,0.095263001,2.093916271,-0.443053299,-0.099871775,-1.697502438,-0.021939221,0.483622329,2.128114892,-0.058375379,0.290661961,-0.116228436,-1.837091420,0.595741230,-0.760472623,0.890038480,0.653149096,-1.718572640,-0.014603731,0.768177490,1.070220739,-0.496891043
-2.443811912,-1.858772688,0.405962108,-0.651014879,0.064053816,0.752190810,0.079282539,-1.562229884,-0.040973491,0.083422096,2.067989736,-0.439340369,-0.111907151,-1.672118333,-0.026479594,0.475059359,2.088549336,-0.040099945,0.279254220,-0.146002574,-1.838846175,0.609698128,-0.720837850,0.890050335,0.639431937,-1.708554388,-0.002517079,0.770525757,1.049745579,-0.480390364
-2.454329924,-1.857355408,0.406934150,-0.654314863,0.062635321,0.749410542,0.079578368,-1.541969843,-0.037011376,0.070947963,2.042700503,-0.434396099,-0.123437959,-1.645269006,-0.032388811,0.464772162,2.049328203,-0.022692916,0.268586850,-0.172285815,-1.838132055,0.615772595,-0.677654400,0.897876940,0.622083521,-1.694262018,0.000000000,0.774095588,1.023932240,-0.462444018
-2.463863378,-1.856103628,0.407786474,-0.656539329,0.061074903,0.747622027,0.079292311,-1.523264501,-0.033304142,0.062587430,2.015518798,-0.421597937,-0.131555821,-1.617020196,-0.039601900,0.453984532,2.013927981,-0.013007787,0.261703500,-0.192295795,-1.833793916,0.613725227,-0.643164674,0.914259035,0.600048560,-1.672923435,0.000000000,0.776215198,0.998467307,-0.451436731
-2.473260391,-1.855060512,0.408700735,-0.657921390,0.059988758,0.746526179,0.078990236,-1.501557873,-0.031807966,0.056448736,1.987124126,-0.410244506,-0.138148147,-1.587223037,-0.047930063,0.444110990,1.979614492,-0.007204037,0.255496998,-0.209971360,-1.826706171,0.612191459,-0.613292168,0.922317184,0.584831130,-1.650101457,-0.000014272,0.778839683,0.976250853,-0.442597174
-2.482387287,-1.854430506,0.409737617,-0.657647087,0.059842625,0.746814646,0.078657826,-1.473909387,-0.034689182,0.054708776,1.956328056,-0.401751314,-0.141720260,-1.554360499,-0.058465821,0.436047134,1.947452485,-0.009084530,0.250630501,-0.223025319,-1.814174836,0.611674503,-0.592560703,0.913895822,0.583110852,-1.624342696,-0.000056800,0.782463706,0.960465645,-0.438049229
-2.491564710,-1.853963854,0.410700561,-0.656524064,0.059243252,0.747917282,0.078013659,-1.439620852,-0.039290710,0.054537847,1.922720386,-0.398202116,-0.142116428,-1.519261389,-0.068348471,0.427330881,1.914336116,-0.012848866,0.245650828,-0.231937215,-1.791473428,0.609063919,-0.570046258,0.897544211,0.597169970,-1.597519429,-0.000042430,0.787056946,0.950024974,-0.433675040
-2.500767357,-1.853576824,0.411626032,-0.654975864,0.058415184,0.749421340,0.077213598,-1.402031474,-0.044734258,0.055142980,1.887716142,-0.397107787,-0.140930126,-1.483051994,-0.077895903,0.418282979,1.880747102,-0.017535445,0.240609744,-0.238785324,-1.763714368,0.605412021,-0.546624839,0.877275791,0.619012689,-1.570158946,0.000000000,0.792122673,0.942236288,-0.429390513
-2.510064204,-1.852659637,0.412167253,-0.652572281,0.055803745,0.751849596,0.075878488,-1.358029435,-0.046118185,0.055559736,1.850476620,-0.399551090,-0.135080616,-1.445351632,-0.082227923,0.405417384,1.847008939,-0.017856046,0.233221812,-0.239582503,-1.725266770,0.599499944,-0.512515312,0.860388148,0.629800641,-1.538277820,0.000000000,0.794074375,0.937505075,-0.426701000
-2.519567995,-1.851454074,0.412575149,-0.649517092,0.053115356,0.754774542,0.074977982,-1.311567584,-0.045359087,0.056378426,1.812567748,-0.402498640,-0.128244896,-1.406031770,-0.084786858,0.391959368,1.813940490,-0.017196115,0.226608059,-0.237682493,-1.686956639,0.593189475,-0.485097226,0.846545475,0.637838892,-1.503448930,0.000000000,0.794630928,0.933052697,-0.425811450
-2.529481396,-1.849677720,0.412719149,-0.645175599,0.050274996,0.758686463,0.074938117,-1.260236958,-0.040358242,0.057992674,1.773334010,-0.406444263,-0.119457140,-1.363506387,-0.083836274,0.377328755,1.782197623,-0.014595390,0.221526661,-0.230443863,-1.648918599,0.586090455,-0.470923702,0.838729798,0.640434581,-1.462785450,0.000000000,0.792426023,0.929152225,-0.428484620
-2.539749656,-1.847170635,0.412447685,-0.640389387,0.045726896,0.763080027,0.074292378,-1.206392774,-0.029555980,0.058874354,1.734176157,-0.409101275,-0.110541692,-1.317437415,-0.077971654,0.361455373,1.751555945,-0.011745836,0.221347047,-0.218524449,-1.617121360,0.574029833,-0.471186372,0.838607597,0.639496918,-1.413305697,-0.004701327,0.786528663,0.918597597,-0.432297991
-2.550193824,-1.844304228,0.411968508,-0.635350269,0.040331889,0.767674326,0.073345101,-1.151305609,-0.015883499,0.059403741,1.695060158,-0.411107251,-0.101570652,-1.269616436,-0.069678422,0.344972458,1.721459897,-0.008771254,0.223588460,-0.204268966,-1.588425206,0.559490586,-0.478616923,0.842304258,0.636807701,-1.359431173,-0.011779775,0.778796783,0.904697478,-0.436655487
-2.560778997,-1.842385108,0.410574657,-0.629861865,0.035050715,0.772453871,0.073215404,-1.096502814,-0.002290776,0.064255197,1.657775726,-0.407389279,-0.095826202,-1.222340062,-0.062550340,0.330769090,1.691698310,-0.004982755,0.224017618,-0.181455809,-1.565376432,0.534857075,-0.496756866,0.851233778,0.632700805,-1.291659729,-0.040551498,0.767842747,0.868188959,-0.432499488
-2.571426649,-1.840760173,0.408853223,-0.624656690,0.029571295,0.776902522,0.073157574,-1.042706766,0.010355517,0.069539800,1.620849897,-0.401515015,-0.090368895,-1.175806447,-0.055417734,0.317970094,1.661269742,-0.000600604,0.224109687,-0.157527668,-1.543719629,0.508304833,-0.513613578,0.859355614,0.628810428,-1.219660148,-0.072599596,0.753841487,0.826653189,-0.428258081
-2.582197939,-1.839717392,0.406483539,-0.620066426,0.023702751,0.780762767,0.073248273,-0.990902957,0.021128934,0.075681553,1.584633704,-0.391373696,-0.085479814,-1.130742667,-0.048276177,0.307950191,1.629521295,0.004956317,0.223534696,-0.131393102,-1.524817376,0.477955639,-0.527930924,0.865879133,0.625348520,-1.139293569,-0.111131268,0.733810120,0.775169068,-0.423847663
-2.592911611,-1.838982169,0.403431536,-0.616097459,0.017622483,0.784031705,0.073536751,-0.940876867,0.030987019,0.082476278,1.547794685,-0.377975504,-0.080953798,-1.086609466,-0.039341621,0.302774838,1.596472551,0.010607082,0.223812877,-0.103318301,-1.509149076,0.445512636,-0.538928347,0.870487257,0.624634315,-1.053772357,-0.151683495,0.705580773,0.720522801,-0.421692789
-2.603595581,-1.838399894,0.400039789,-0.612420501,0.011438428,0.786985215,0.073922687,-0.891737109,0.040388798,0.089599831,1.510648883,-0.362964542,-0.076600602,-1.042938594,-0.029514782,0.300018274,1.562779179,0.016299862,0.224518441,-0.074277054,-1.495091638,0.412031967,-0.548287148,0.874141893,0.625280873,-0.965715146,-0.193235563,0.673269041,0.664315769,-0.420646924
-2.613779777,-1.838155422,0.395722373,-0.609346743,0.005808859,0.789328306,0.074990866,-0.845493504,0.048323439,0.099148564,1.474047456,-0.347242993,-0.069426230,-1.000102108,-0.017460970,0.306570458,1.528496270,0.020157956,0.227450732,-0.042454728,-1.485670908,0.377746825,-0.559155960,0.875294968,0.626580899,-0.883412565,-0.234929729,0.629663434,0.609540616,-0.416798344
-2.623631226,-1.837989859,0.391186880,-0.606389910,0.000362270,0.791532888,0.075939664,-0.800342014,0.055560025,0.109008714,1.438038732,-0.332189051,-0.061659016,-0.957605886,-0.005662936,0.314616671,1.494711547,0.022991768,0.230151424,-0.011589407,-1.477054286,0.344777968,-0.570931230,0.874928228,0.627010057,-0.808512023,-0.275140392,0.583595663,0.555378515,-0.411031336
-2.632824356,-1.837980415,0.386219933,-0.603697119,-0.004721899,0.793505707,0.076656276,-0.757351211,0.061415549,0.119484986,1.403202636,-0.318455932,-0.052718901,-0.915782856,0.005629057,0.325618738,1.461912453,0.023799095,0.232393907,0.017382536,-1.470028546,0.314413306,-0.584499874,0.871554619,0.625716254,-0.748255989,-0.312416031,0.532656643,0.502429303,-0.401468826
-2.641027975,-1.837901052,0.381158061,-0.600597124,-0.009538261,0.795801783,0.076757007,-0.715893297,0.066210597,0.128308062,1.369642533,-0.309701045,-0.045337750,-0.874681595,0.014988576,0.335028091,1.431610973,0.022805702,0.232880189,0.040543042,-1.461242734,0.289212385,-0.594837987,0.865595652,0.626303722,-0.701529158,-0.341091645,0.478218370,0.457160538,-0.394368511
-2.648739502,-1.837785912,0.376049679,-0.597281672,-0.014221931,0.798243274,0.076550738,-0.675193046,0.070476126,0.136299044,1.336714299,-0.303433999,-0.038738713,-0.833939209,0.023386626,0.343636845,1.402554554,0.020920183,0.232491990,0.060809941,-1.451571786,0.266588584,-0.603565476,0.858350914,0.627835528,-0.661549723,-0.365483893,0.422092152,0.415746060,-0.388495509
-2.655339094,-1.837181514,0.371119264,-0.593120453,-0.018898344,0.801297094,0.075986497,-0.634315916,0.072680097,0.138376211,1.304120630,-0.307704225,-0.036675039,-0.793979725,0.029437084,0.346977033,1.377518560,0.018393816,0.229679550,0.073109278,-1.435911173,0.253496367,-0.607010540,0.848181235,0.635055213,-0.644603536,-0.377564111,0.383350153,0.397126927,-0.386547795
-2.661725641,-1.836425369,0.366263264,-0.588227382,-0.023817691,0.804777617,0.075856782,-0.592226370,0.074181449,0.138689141,1.271820437,-0.314198000,-0.034557916,-0.753742650,0.035251309,0.349532426,1.353469454,0.015983836,0.227800479,0.083775007,-1.418175868,0.243521618,-0.609677582,0.838023313,0.643524134,-0.634185505,-0.386032172,0.353591158,0.386544997,-0.385543282
-2.667690787,-1.835369071,0.361554456,-0.581899449,-0.029217781,0.809119028,0.076588189,-0.547738664,0.074293021,0.135512408,1.240100743,-0.325089951,-0.032335074,-0.712956502,0.040598265,0.350535492,1.331372409,0.013804067,0.227767613,0.091209463,-1.396336820,0.239713219,-0.610805694,0.827888646,0.654464043,-0.636680163,-0.387355391,0.341600545,0.391860652,-0.386404423
-2.672992480,-1.834090165,0.357403677,-0.575260134,-0.034675582,0.813512169,0.077918755,-0.505287741,0.073439854,0.130007521,1.212907937,-0.336296712,-0.026042012,-0.675531045,0.046937961,0.351862522,1.312621174,0.012776654,0.228017847,0.097626748,-1.373141184,0.239546991,-0.611034872,0.819163907,0.665821569,-0.647477933,-0.385997574,0.345317640,0.406085669,-0.388684131
-2.677962126,-1.832700161,0.353531722,-0.568438922,-0.040160891,0.817885922,0.079541901,-0.463863561,0.072106251,0.123333893,1.187974942,-0.347651444,-0.017736497,-0.639788809,0.053779460,0.353355749,1.295541312,0.012323764,0.228404874,0.103545153,-1.349286993,0.241185025,-0.610830042,0.811148988,0.677373353,-0.662394389,-0.383322090,0.356849484,0.424720680,-0.391669826
-2.681330158,-1.830897485,0.350822861,-0.562530240,-0.046009221,0.821476911,0.081354560,-0.430301424,0.069402038,0.109625424,1.171644489,-0.355935315,-0.009445345,-0.612660462,0.064997880,0.357253950,1.285281006,0.013769127,0.227518860,0.111083228,-1.330308492,0.244188441,-0.614807583,0.808206612,0.684037564,-0.682616337,-0.383823776,0.387642123,0.445285150,-0.396488552
-2.684267670,-1.829027164,0.348387025,-0.556809847,-0.051659697,0.824839999,0.083264911,-0.399304827,0.065565296,0.093590300,1.156670499,-0.360460686,-0.003158393,-0.587954713,0.076799832,0.361711120,1.276748012,0.015260172,0.226253466,0.119272318,-1.312724170,0.247202204,-0.619049977,0.806011878,0.688969611,-0.701479276,-0.384110682,0.418497087,0.464531279,-0.401223928
-2.686353807,-1.827023072,0.346491114,-0.551514965,-0.056923059,0.827829655,0.085376062,-0.373381734,0.059488913,0.072954086,1.144378992,-0.357553411,-0.000834862,-0.568039792,0.089755750,0.367273683,1.271630879,0.016841559,0.224237829,0.128748827,-1.297896918,0.250236429,-0.623816131,0.805295649,0.690476205,-0.717654696,-0.383972851,0.449475301,0.481170314,-0.405794476
-2.687686738,-1.824964935,0.344797360,-0.547614325,-0.061830236,0.829750942,0.088368250,-0.352275232,0.052655535,0.052382217,1.132342368,-0.341920400,-0.005671906,-0.553588480,0.101986764,0.372240554,1.269394747,0.017320729,0.222419383,0.137234211,-1.284939892,0.257006735,-0.626068650,0.799276926,0.690082771,-0.726528368,-0.379821520,0.472321285,0.492679073,-0.408923519
-2.688644813,-1.822880363,0.343204189,-0.544396918,-0.066562204,0.831128724,0.091796039,-0.333561460,0.045455585,0.031859973,1.120426859,-0.319930221,-0.014060388,-0.541855134,0.113860014,0.376909615,1.268592784,0.017253492,0.220700450,0.145224448,-1.272910009,0.265638572,-0.627069938,0.790616843,0.688754928,-0.731790066,-0.373679437,0.491136868,0.501648168,-0.411324878
-2.688614627,-1.820905527,0.341865002,-0.542216799,-0.072044213,0.831642114,0.095822587,-0.319446981,0.041246374,0.018318835,1.106599541,-0.271907033,-0.027050181,-0.536835741,0.125960358,0.380269938,1.271709540,0.016580401,0.219778467,0.151175434,-1.261910699,0.280019201,-0.624677098,0.774053143,0.689321273,-0.736074741,-0.364890519,0.505882888,0.509202953,-0.407808645
-2.688209406,-1.819061603,0.340737629,-0.540348374,-0.077356216,0.831846297,0.100356310,-0.307188991,0.037258177,0.007739423,1.092361341,-0.219051373,-0.038950698,-0.534098530,0.137687311,0.383667662,1.275842594,0.016191410,0.219670317,0.156576760,-1.251681233,0.295533292,-0.621594296,0.757010413,0.690296650,-0.742772320,-0.355392210,0.520982231,0.517981063,-0.403548785
-2.687062698,-1.817476507,0.340029036,-0.539121311,-0.082335288,0.831477550,0.105897098,-0.298601491,0.033706948,0.003015681,1.077310778,-0.156641360,-0.048697590,-0.535873455,0.148676029,0.387139334,1.281984987,0.016364118,0.221171206,0.160891341,-1.242973838,0.313288370,-0.617147364,0.739020587,0.692080730,-0.754240487,-0.344491353,0.536780135,0.529177823,-0.397818690
-2.685286133,-1.816144541,0.339829454,-0.538577644,-0.086560968,0.830727486,0.111054778,-0.294067078,0.030211797,0.001846622,1.062485679,-0.108071844,-0.051864400,-0.540932026,0.159274821,0.391281585,1.288477156,0.017861607,0.224762580,0.164302085,-1.238333316,0.329537260,-0.613593039,0.725086552,0.693369561,-0.768715070,-0.333653444,0.551164932,0.541240217,-0.393154090
-2.683196045,-1.814938470,0.339883411,-0.538366594,-0.090408667,0.829775639,0.116017552,-0.291549152,0.026750445,0.002446813,1.047765421,-0.066422187,-0.051763912,-0.547626404,0.169675734,0.395749661,1.295151884,0.020007653,0.229381364,0.167262487,-1.235717923,0.345031187,-0.610483207,0.713174783,0.694409996,-0.784682412,-0.322854986,0.564844984,0.553728160,-0.389019532
-2.680247016,-1.814036883,0.340696451,-0.539266317,-0.092602338,0.828454075,0.119501011,-0.294169267,0.025627380,0.007833730,1.030513923,-0.055365562,-0.045786930,-0.559302606,0.178090211,0.398069974,1.305551734,0.019780240,0.231791013,0.168821188,-1.238943687,0.356460998,-0.608660717,0.708108684,0.694054082,-0.803312900,-0.315261916,0.576081049,0.565346604,-0.386211499
-2.677002141,-1.813198177,0.341667757,-0.540513449,-0.094449587,0.826985312,0.122555215,-0.298462470,0.025679475,0.015666817,1.014369655,-0.049052421,-0.037936054,-0.572454341,0.186286903,0.399924077,1.316970292,0.018963334,0.233695877,0.169891032,-1.243669218,0.367059738,-0.606686245,0.704185665,0.693446956,-0.822547295,-0.308101199,0.586021725,0.576221329,-0.384207493
-2.673172477,-1.812483768,0.342951904,-0.542459884,-0.095614223,0.825244942,0.124763695,-0.306062818,0.028054476,0.028335180,1.000414017,-0.052115592,-0.026381105,-0.588522722,0.194053102,0.400856637,1.330402500,0.016981196,0.234602946,0.169994567,-1.251359297,0.376015723,-0.604411351,0.702522142,0.692343270,-0.842975418,-0.301795102,0.593401843,0.585625963,-0.383792784
-2.668862947,-1.812011023,0.344303635,-0.544997023,-0.096633357,0.823098538,0.127078858,-0.316588565,0.032122578,0.047732347,0.995712106,-0.062037674,-0.005093479,-0.607203298,0.201214956,0.401232981,1.344902545,0.014569177,0.236883446,0.169865747,-1.261370315,0.384574920,-0.601214534,0.700785638,0.690656452,-0.865400602,-0.295970767,0.600263433,0.591932019,-0.383533863
-2.664314750,-1.811658636,0.345689014,-0.547822206,-0.097577489,0.820739649,0.129444560,-0.328564583,0.037033623,0.070472308,0.995600161,-0.075380911,0.020990170,-0.627185993,0.208073748,0.401329708,1.359934177,0.011943676,0.239845929,0.169619747,-1.272536717,0.392940143,-0.597562446,0.699008879,0.688677350,-0.888822971,-0.290383572,0.606870552,0.596696075,-0.383350719
-2.659177732,-1.811664504,0.347170270,-0.551745105,-0.097800901,0.817739390,0.131585005,-0.342352437,0.044345230,0.100011931,1.002132691,-0.100830371,0.042182878,-0.651470420,0.213255023,0.399621839,1.376458822,0.008912526,0.244074992,0.168479538,-1.286940610,0.402090984,-0.594007732,0.695650827,0.685132615,-0.916173694,-0.284456242,0.614132902,0.597325471,-0.382715583
-2.653902912,-1.811785703,0.348709269,-0.555961460,-0.097860378,0.814521646,0.133733651,-0.356285364,0.051753072,0.129890783,1.007741160,-0.126713414,0.060057881,-0.677337387,0.218019680,0.397335369,1.393677697,0.005924922,0.247660299,0.166946755,-1.302167449,0.411646328,-0.590634404,0.691715070,0.681159067,-0.944781869,-0.277819064,0.621551908,0.597824610,-0.382407602
-2.648355760,-1.812134822,0.350362385,-0.560768873,-0.097597860,0.810890751,0.135901137,-0.370504987,0.059351098,0.160440027,1.011523472,-0.153453316,0.071376335,-0.706331819,0.221961001,0.393905451,1.412268528,0.003023378,0.249973397,0.164638154,-1.319020615,0.422001064,-0.587619535,0.686637633,0.676338088,-0.975875062,-0.269779063,0.629280503,0.598066333,-0.382746154
-2.642658567,-1.812630630,0.352020013,-0.565803780,-0.097486469,0.806983000,0.138350670,-0.383394548,0.066465335,0.189846530,1.011559119,-0.181422096,0.080535449,-0.737453397,0.226255078,0.390517724,1.431948337,0.000788824,0.251932758,0.161849659,-1.336165966,0.433589715,-0.584120929,0.680127849,0.671917375,-1.009906128,-0.260124426,0.639448776,0.600669913,-0.383589856
-2.636887013,-1.813199107,0.353679288,-0.570933713,-0.097449465,0.802916274,0.140938832,-0.395612876,0.073338157,0.218681447,1.009730676,-0.210016017,0.088626276,-0.769628062,0.230728508,0.387154532,1.452170023,-0.001113350,0.253718306,0.158826528,-1.353452608,0.445793621,-0.580380053,0.672908572,0.667698074,-1.045401659,-0.249666853,0.650841890,0.604458627,-0.384680002
-2.631026436,-1.813843562,0.355123708,-0.575464628,-0.098312751,0.798898168,0.144695481,-0.402582487,0.079313750,0.244898934,1.002999514,-0.245298683,0.096131846,-0.802647816,0.237086167,0.385157696,1.473844279,-0.001946034,0.255848323,0.156703056,-1.369612041,0.460108659,-0.575415663,0.664980205,0.664841565,-1.085768736,-0.237244265,0.669504421,0.615049488,-0.384624336
-2.625113989,-1.814473017,0.356456504,-0.579677372,-0.099614449,0.794898209,0.148956179,-0.407828104,0.084858853,0.269645765,0.995118286,-0.282407532,0.102737338,-0.835572699,0.244360526,0.383574299,1.495793411,-0.002492842,0.257817521,0.155217339,-1.385071520,0.475273566,-0.570334759,0.656825730,0.661999550,-1.127305577,-0.224067927,0.690131831,0.628034464,-0.383492966
-2.619099055,-1.815072837,0.357568756,-0.583286702,-0.101786665,0.790969396,0.154219045,-0.409667474,0.089553400,0.291486889,0.984964772,-0.323124533,0.107564464,-0.868310137,0.253446090,0.382807770,1.518285637,-0.002474821,0.259468973,0.154991691,-1.399148039,0.492117631,-0.565023645,0.648224515,0.659186170,-1.171153625,-0.209402339,0.714641422,0.645749702,-0.380236231
-2.613032988,-1.815669926,0.358436524,-0.586520453,-0.104108899,0.787150707,0.159840109,-0.410556498,0.092988047,0.307805175,0.974223180,-0.363760870,0.108965950,-0.900639500,0.263654671,0.382825278,1.540981351,-0.002298126,0.261578919,0.155554096,-1.411819106,0.509853833,-0.559312046,0.638956341,0.657054904,-1.215646464,-0.192609236,0.739186300,0.666762512,-0.376464757
-2.606941222,-1.816265660,0.359182260,-0.589549472,-0.106503015,0.783360484,0.165634779,-0.410980896,0.095799600,0.321377820,0.963198437,-0.404349358,0.108666999,-0.932767991,0.274422776,0.383231129,1.563780418,-0.002043979,0.263910985,0.156509295,-1.423792283,0.528029401,-0.553392848,0.629355414,0.655270041,-1.260454296,-0.174756514,0.763731846,0.689409399,-0.372438947
-2.600687966,-1.816859258,0.359461392,-0.592473690,-0.109325439,0.779355057,0.172129515,-0.413125236,0.098303453,0.328414416,0.954823103,-0.442028871,0.105257645,-0.965139787,0.286964732,0.384043595,1.587615980,-0.002122215,0.264672901,0.158767363,-1.434400203,0.545751933,-0.543912503,0.618537421,0.656942147,-1.304005653,-0.153681803,0.782189204,0.714037974,-0.368371784
-2.594376244,-1.817439754,0.359550579,-0.595297632,-0.112374447,0.775250078,0.178829609,-0.416360659,0.101240693,0.334489954,0.948707207,-0.477620358,0.103927163,-0.997418225,0.300334403,0.384948116,1.611496714,-0.002305689,0.265777748,0.161588297,-1.445044157,0.562974995,-0.533250285,0.607705665,0.660093725,-1.346580830,-0.131942197,0.797707042,0.738648375,-0.365253850
-2.587949034,-1.817994369,0.359264564,-0.597961292,-0.115877922,0.770998471,0.185946116,-0.421751345,0.105034018,0.338667071,0.947054484,-0.509087275,0.106703175,-1.029512251,0.315339098,0.386034476,1.635466677,-0.002697044,0.267560004,0.165521089,-1.455759292,0.579211426,-0.520253458,0.596846722,0.666167773,-1.387227713,-0.108889194,0.807418309,0.763222876,-0.364010974
-2.581499989,-1.818444839,0.358648826,-0.600586042,-0.119700649,0.766654304,0.192897223,-0.429654652,0.110054990,0.341179537,0.952032855,-0.537879260,0.114431644,-1.061068045,0.331985448,0.386575568,1.658922951,-0.003217551,0.269744956,0.170075450,-1.466961735,0.594282172,-0.505817617,0.586135714,0.674673437,-1.426217085,-0.086425738,0.813190582,0.786658506,-0.363932622
-2.575040155,-1.818843453,0.357869326,-0.603164389,-0.123676336,0.762230090,0.199755286,-0.438809111,0.115687684,0.342862533,0.960313104,-0.565357110,0.124607442,-1.092356459,0.349444559,0.386839447,1.682122046,-0.003801719,0.272123465,0.174935427,-1.478408984,0.608772593,-0.490668489,0.575499798,0.684386473,-1.464383432,-0.064262710,0.817012961,0.809523973,-0.364422710
-2.568577472,-1.819087643,0.356749636,-0.605742948,-0.127940455,0.757884519,0.205712852,-0.451704014,0.123297370,0.341866100,0.978445518,-0.595216581,0.135473362,-1.123068276,0.367672443,0.384258403,1.704060947,-0.004346325,0.272617301,0.179332031,-1.491349805,0.621572652,-0.474542387,0.565593442,0.696491332,-1.500912906,-0.045426260,0.819079606,0.829600722,-0.362568033
-2.562185522,-1.819287787,0.355576750,-0.608412929,-0.132310405,0.753487647,0.211149308,-0.466045356,0.131721931,0.340177859,0.999107953,-0.623572052,0.145928487,-1.153726330,0.385535971,0.380215351,1.725375205,-0.004855220,0.272810879,0.182458670,-1.504560898,0.634362889,-0.458170936,0.555018722,0.709275135,-1.536558914,-0.028119947,0.820783931,0.847947141,-0.358861836
-2.555933262,-1.819400942,0.354298808,-0.611314404,-0.136900008,0.749053428,0.215573767,-0.483243280,0.141755790,0.337123365,1.024766935,-0.648957268,0.155572332,-1.184278209,0.402679928,0.373284972,1.745455851,-0.005293589,0.272411476,0.183077247,-1.518305751,0.647133728,-0.441314943,0.543124044,0.723399789,-1.570460158,-0.013835509,0.821772711,0.862876323,-0.351499063
-2.550176536,-1.819475594,0.353218840,-0.614660731,-0.140816024,0.745033321,0.217458924,-0.500921206,0.151582337,0.331524983,1.046513350,-0.665821654,0.164231055,-1.214941954,0.416324686,0.362104091,1.763241491,-0.005210879,0.271730416,0.177927888,-1.532769043,0.658600786,-0.421888463,0.530195926,0.740380442,-1.599869504,-0.005462875,0.819575816,0.870836317,-0.342494358
-2.544664050,-1.819531400,0.352238114,-0.618227885,-0.144390835,0.741208404,0.218072627,-0.518842241,0.161303363,0.324651993,1.066301152,-0.678460650,0.172399299,-1.245675560,0.428224700,0.348805670,1.779887706,-0.004867784,0.270913891,0.169893557,-1.547603526,0.669427448,-0.401191344,0.516744671,0.758789145,-1.627050940,-0.000024155,0.815791336,0.875323825,-0.332679843
-2.539016188,-1.819643769,0.351786122,-0.624626912,-0.145489214,0.737016675,0.213261649,-0.538918561,0.169910300,0.311194626,1.076582056,-0.684449403,0.179108697,-1.281538986,0.434054324,0.328769315,1.794268205,-0.003421548,0.271351239,0.148696205,-1.568229704,0.681387037,-0.379903852,0.498748460,0.783558985,-1.650577937,-0.000009637,0.806771907,0.868575534,-0.323128884
-2.533489859,-1.819660190,0.351265253,-0.631274654,-0.147050504,0.732554846,0.207922720,-0.559185188,0.179709339,0.297367004,1.085599927,-0.690999060,0.185763482,-1.317597983,0.439564355,0.307790782,1.807416405,-0.001949627,0.272779128,0.124988776,-1.590064860,0.694066719,-0.359562799,0.477825333,0.809497210,-1.672428345,0.000000000,0.794907345,0.858414666,-0.314724026
-2.528203495,-1.819487167,0.350608391,-0.638446935,-0.149533611,0.727599840,0.201553178,-0.579827567,0.191862137,0.282808329,1.092123984,-0.698656199,0.192310435,-1.354043127,0.444443360,0.284951955,1.818131474,-0.000426990,0.276162805,0.096325296,-1.614287095,0.708168198,-0.341090455,0.451123122,0.837742369,-1.690968392,0.000000000,0.777425176,0.841515794,-0.308582099
-2.523746207,-1.819279570,0.349716473,-0.645800951,-0.152374361,0.722329830,0.194840455,-0.600188712,0.206056113,0.270060091,1.097484499,-0.704592600,0.194980291,-1.387364980,0.448829373,0.263384156,1.825282947,0.000495780,0.280199582,0.064909631,-1.639425704,0.726573846,-0.330313533,0.418886313,0.867060433,-1.705442089,-0.000007582,0.756810086,0.819956738,-0.303208868
-2.519702127,-1.819055934,0.348707886,-0.653193221,-0.155381220,0.716848502,0.187945517,-0.620407493,0.221257992,0.258212213,1.102269366,-0.709664175,0.195729068,-1.419126476,0.452969886,0.242457984,1.830661093,0.001118136,0.284552892,0.032131424,-1.665011720,0.747122295,-0.323370151,0.383898609,0.896889513,-1.717890420,-0.000018840,0.734647178,0.796088506,-0.298213687
-2.517041635,-1.819185109,0.347473110,-0.660124275,-0.158887036,0.711306590,0.181751993,-0.639400011,0.236624011,0.248712547,1.106578687,-0.709379286,0.193883574,-1.444394997,0.456358945,0.226460540,1.831042109,0.000242926,0.286906679,-0.002092478,-1.688920669,0.774032988,-0.328637937,0.342267842,0.920340909,-1.723997263,-0.000007516,0.711946916,0.769073850,-0.292756589
-2.514788700,-1.819534274,0.346236422,-0.666822611,-0.162312623,0.705724188,0.175942003,-0.658116251,0.251082378,0.239213721,1.110946737,-0.707222750,0.190900052,-1.467610722,0.459317213,0.212470606,1.829993309,-0.001027914,0.288140483,-0.035636248,-1.712172922,0.801158343,-0.336529275,0.300457689,0.941995526,-1.727826849,0.000000000,0.688736353,0.741602609,-0.288329910
-2.513340291,-1.820317702,0.344995959,-0.673154265,-0.165602061,0.700162372,0.170915022,-0.676287111,0.263749023,0.229716550,1.115430720,-0.701371542,0.185670041,-1.486774187,0.461425092,0.202443541,1.826122022,-0.003079736,0.287163416,-0.067837421,-1.734128845,0.828707443,-0.349599560,0.258293425,0.960103264,-1.727161083,0.000000000,0.664518446,0.713230063,-0.285937302
-2.512533178,-1.821467994,0.343972132,-0.678857187,-0.168548520,0.695171587,0.165773282,-0.693658961,0.274192204,0.219456259,1.120177876,-0.693629876,0.180246504,-1.501863434,0.462103275,0.195235832,1.820533697,-0.004431059,0.284856414,-0.093243645,-1.753533666,0.843131121,-0.357785877,0.222981713,0.963441030,-1.719955341,-0.001672752,0.637933012,0.681749098,-0.288607149
-2.512044864,-1.822800808,0.343056631,-0.684220200,-0.171317377,0.690442260,0.160569487,-0.710632404,0.283525391,0.208816919,1.125057969,-0.684959481,0.174731402,-1.514926340,0.462066855,0.189427966,1.814095062,-0.005430995,0.281889855,-0.115229067,-1.771662677,0.850993210,-0.363567622,0.191102738,0.959468440,-1.709484407,-0.004243808,0.610184749,0.648689380,-0.293786596
-2.512355145,-1.824640390,0.342625417,-0.687952527,-0.173355751,0.687371210,0.155531105,-0.726202854,0.288508753,0.197332677,1.130979561,-0.677676746,0.170546345,-1.522586737,0.458938671,0.186551804,1.806622215,-0.004489895,0.277801269,-0.114225950,-1.784038299,0.830084324,-0.371167629,0.176630341,0.947958180,-1.686112194,-0.031495522,0.584265482,0.600416897,-0.302887422
-2.512837701,-1.826694631,0.342303576,-0.691681204,-0.175011948,0.684364768,0.150308998,-0.743066540,0.291877633,0.185384064,1.137799902,-0.669920857,0.167426309,-1.530065044,0.454359445,0.184361303,1.799184797,-0.003472220,0.275226885,-0.107479844,-1.798410855,0.801075358,-0.381457066,0.168476902,0.940398213,-1.657088795,-0.065504096,0.556725485,0.544031730,-0.313419132
-2.513660255,-1.829172518,0.342197591,-0.695437458,-0.175922624,0.681520750,0.144732300,-0.762482530,0.292060203,0.172518979,1.146393998,-0.661231164,0.166408177,-1.537183983,0.446916473,0.183524007,1.791817300,-0.002303416,0.275640897,-0.089399492,-1.816724520,0.756080245,-0.397054303,0.172794426,0.940634465,-1.616912334,-0.112847871,0.525986848,0.471635540,-0.326774806
-2.514719038,-1.832014616,0.342069431,-0.700822349,-0.175943051,0.677297759,0.138419011,-0.787929810,0.289623394,0.159529242,1.156922906,-0.647727729,0.167813639,-1.547285292,0.436164785,0.182186269,1.784304868,-0.000960489,0.278387384,-0.067667580,-1.842571842,0.702145953,-0.413717576,0.183161608,0.941499104,-1.567096605,-0.162126474,0.484646939,0.384896993,-0.345743305
-2.515894599,-1.835037536,0.341929200,-0.706964630,-0.175510475,0.672341199,0.131736086,-0.816366910,0.285886750,0.146494645,1.168407733,-0.631838473,0.170415597,-1.558871270,0.423773213,0.180595458,1.776722668,0.000469024,0.282277552,-0.044123853,-1.872148659,0.643789587,-0.430878562,0.196520606,0.942668319,-1.512520531,-0.212320851,0.438027145,0.291082121,-0.367494896
-2.517149595,-1.838441826,0.341412637,-0.714427532,-0.174651073,0.665699902,0.126229730,-0.849602280,0.279612911,0.138997724,1.180365493,-0.612266127,0.173306761,-1.574911398,0.408851667,0.176943656,1.769717028,0.002126369,0.283839311,-0.017119414,-1.906028369,0.581397599,-0.438654221,0.212325197,0.942031700,-1.456273546,-0.249621792,0.374770744,0.196990318,-0.393948840
-2.518379285,-1.842005018,0.340734041,-0.722007238,-0.173824435,0.658583047,0.121486562,-0.882662787,0.272915179,0.134742754,1.191186369,-0.592862124,0.176390890,-1.591796232,0.393710212,0.172862474,1.762695173,0.004364794,0.284623357,0.011832850,-1.939155586,0.519593252,-0.443368796,0.227180263,0.940246214,-1.406556152,-0.279682759,0.307691230,0.109442792,-0.415515916
-2.519559041,-1.845881747,0.339735731,-0.729905079,-0.173084036,0.650610360,0.118265171,-0.915378267,0.265381047,0.136884600,1.199764019,-0.573790283,0.179855767,-1.610347787,0.378134844,0.167934062,1.755641323,0.007749774,0.283872867,0.044628440,-1.970798030,0.458948402,-0.442043432,0.240161783,0.936193856,-1.369722547,-0.295458258,0.233068185,0.034808031,-0.427440528
-2.520766100,-1.849810347,0.338492731,-0.737291311,-0.172257591,0.642775983,0.116481245,-0.944438103,0.257730360,0.144460180,1.204394260,-0.557866410,0.183820991,-1.627468836,0.364544114,0.164426514,1.749148965,0.013852661,0.287541884,0.078893596,-1.997742460,0.406361459,-0.438263547,0.248422692,0.934316243,-1.353560577,-0.292900746,0.157406788,-0.020819036,-0.421371196
-2.521985918,-1.853764106,0.337128704,-0.744383569,-0.171382010,0.634982434,0.115406312,-0.971671522,0.250024761,0.154723621,1.207066230,-0.543513686,0.188034037,-1.643875233,0.351944130,0.161619604,1.742932244,0.021320623,0.293386601,0.113887536,-2.022340382,0.357780025,-0.433255676,0.254338359,0.933521580,-1.347692483,-0.281271285,0.081276355,-0.066982886,-0.406448166
-2.522973696,-1.857578962,0.335652617,-0.749800810,-0.171082887,0.628511194,0.116202713,-0.991246941,0.243162064,0.167557243,1.206025166,-0.535223861,0.192588071,-1.657301861,0.343236770,0.158761753,1.736289595,0.036828650,0.297896513,0.150180707,-2.037323419,0.319417401,-0.422559045,0.254702285,0.936109115,-1.373999854,-0.259887294,0.019256602,-0.084237789,-0.398474379
-2.523858588,-1.861313718,0.334174947,-0.754635457,-0.171232705,0.622484608,0.117122163,-1.009118825,0.236770347,0.179003912,1.204523186,-0.528153343,0.197609449,-1.670010893,0.335073268,0.155092247,1.728660203,0.055800010,0.301705122,0.187684831,-2.050005114,0.280582232,-0.409076135,0.254763835,0.937294839,-1.406742863,-0.242065155,-0.036521373,-0.096362071,-0.405772952
-2.524540519,-1.864890462,0.332694156,-0.758387949,-0.172283494,0.617391664,0.118294756,-1.023630150,0.231307733,0.187714545,1.202111960,-0.523488148,0.203552755,-1.681304326,0.327982635,0.149821591,1.719084263,0.081603476,0.304130275,0.227577795,-2.058146955,0.240814877,-0.390096742,0.254228890,0.935715217,-1.452181437,-0.231269469,-0.079986210,-0.098365191,-0.443199261
-2.525089276,-1.868406703,0.331176538,-0.762842170,-0.173044763,0.611444452,0.119427868,-1.037823920,0.225380260,0.191764867,1.199621887,-0.520303078,0.208238495,-1.691930927,0.320097065,0.144423641,1.707523120,0.109600578,0.305148452,0.263672069,-2.066912509,0.205655676,-0.373651849,0.251432997,0.935963817,-1.499760666,-0.236315378,-0.103580419,-0.098121169,-0.522143874
-2.525573583,-1.871891287,0.329641344,-0.767602964,-0.173651852,0.605062171,0.120542492,-1.051837002,0.219217431,0.193506489,1.197086613,-0.517846407,0.212290975,-1.702200456,0.311817160,0.138973901,1.694975453,0.138659766,0.305459814,0.297841507,-2.075965760,0.172831882,-0.358477162,0.247509459,0.937116286,-1.548321034,-0.249165653,-0.117301269,-0.096779228,-0.621449123
-2.526450065,-1.874788746,0.328293950,-0.769591471,-0.172833889,0.602161000,0.123529530,-1.058086893,0.211079430,0.191810037,1.192515582,-0.514919480,0.212108833,-1.703368763,0.302781441,0.137060653,1.679977103,0.161402237,0.301574452,0.315363713,-2.078621957,0.160333978,-0.349882992,0.239476315,0.939029901,-1.572905265,-0.259690639,-0.106852422,-0.098710331,-0.684584984
-2.527387623,-1.877498741,0.326981931,-0.771254395,-0.171790199,0.599730093,0.126406492,-1.062497237,0.202327004,0.188447052,1.187594964,-0.511510213,0.210982825,-1.701764103,0.293282633,0.135887210,1.664520396,0.180472125,0.295662715,0.328529117,-2.079138470,0.152065364,-0.342403767,0.230343569,0.939895139,-1.590828689,-0.270482417,-0.093425083,-0.102382331,-0.732718739
-2.528445638,-1.879839011,0.325739681,-0.772296427,-0.170306097,0.598243314,0.129069747,-1.063279524,0.192362775,0.181797235,1.181984872,-0.507149648,0.207995270,-1.694690440,0.282870498,0.136172850,1.648159691,0.192298738,0.285754446,0.333101793,-2.075434981,0.152137990,-0.337123500,0.219042130,0.938692710,-1.595615297,-0.281800380,-0.074123392,-0.109487829,-0.751264504
-2.529621894,-1.882018833,0.324430335,-0.772673650,-0.167778894,0.597808758,0.132099815,-1.061526856,0.180097079,0.172907399,1.175866429,-0.502064237,0.204391560,-1.682593677,0.269785124,0.136754657,1.631720747,0.196998937,0.271312351,0.333708326,-2.067550858,0.156699685,-0.332962518,0.206080231,0.938285937,-1.599466889,-0.290825289,-0.055623287,-0.113237911,-0.750741235
-2.530857627,-1.884118167,0.323087240,-0.772713021,-0.164733175,0.597888037,0.135305079,-1.058518146,0.166696713,0.162920954,1.169496270,-0.496618111,0.200494320,-1.667996494,0.255375039,0.137481297,1.615237491,0.198163741,0.254638310,0.332354412,-2.057594136,0.163476246,-0.329354137,0.192294563,0.938281626,-1.602855034,-0.298704691,-0.037528996,-0.115331602,-0.740836569
-2.532468967,-1.885777148,0.321531275,-0.772524875,-0.160975971,0.598714394,0.137233847,-1.053505294,0.153277855,0.155378257,1.162776946,-0.490104123,0.199840399,-1.645773352,0.238803506,0.137835102,1.596934200,0.192319015,0.238981161,0.329364811,-2.043970238,0.170816649,-0.325999447,0.176869562,0.941513363,-1.605454230,-0.301815351,-0.022806678,-0.116730768,-0.737124212
-2.534180722,-1.887215231,0.319908515,-0.772330878,-0.157195608,0.599569087,0.138965699,-1.047803395,0.140594268,0.149778302,1.155641556,-0.482295066,0.199718435,-1.619924668,0.223050038,0.139155065,1.575726189,0.186189186,0.225952108,0.326372952,-2.029725718,0.177655657,-0.321865699,0.161334990,0.944203312,-1.606234036,-0.304011756,-0.009936081,-0.119401706,-0.735960666
-2.536090475,-1.888217745,0.318154046,-0.772139916,-0.153372643,0.600490940,0.140311843,-1.040742825,0.129360501,0.148009072,1.147685759,-0.471932373,0.200645388,-1.586927087,0.208909640,0.142380114,1.548790606,0.179497186,0.218105173,0.323376644,-2.014257443,0.183506006,-0.316195793,0.145584365,0.945824956,-1.603426344,-0.304405419,-0.000716735,-0.124580343,-0.739822907
-2.538348833,-1.888554815,0.315785029,-0.771364692,-0.149055741,0.602490563,0.140655677,-1.029411610,0.117986919,0.149488985,1.137145185,-0.460384661,0.202959632,-1.541684714,0.194650624,0.148938624,1.518078589,0.166301188,0.210334424,0.319184106,-1.996249378,0.188587442,-0.310170347,0.128976151,0.945707484,-1.595646967,-0.306784127,0.007138001,-0.133608310,-0.741767753
-2.540779666,-1.888559650,0.313108362,-0.770286698,-0.144486144,0.605015856,0.140491892,-1.015955270,0.106528554,0.152566363,1.125322327,-0.448275488,0.205961050,-1.490357063,0.180325129,0.157153762,1.485473473,0.149886929,0.202594291,0.314384578,-1.976980232,0.193283599,-0.303972561,0.111941491,0.944724939,-1.585398607,-0.310157463,0.014316566,-0.144553867,-0.742756572
-2.543413974,-1.887238773,0.308949841,-0.768881729,-0.137856759,0.609166246,0.136868134,-0.996197099,0.090118099,0.154400860,1.110912997,-0.443222549,0.210024109,-1.423421265,0.163498722,0.169619095,1.442959749,0.129557226,0.192690628,0.304159573,-1.954822101,0.196015617,-0.298679759,0.093735521,0.941280162,-1.569371001,-0.318595186,0.020378662,-0.161839366,-0.740320673
-2.546042844,-1.885564379,0.304218785,-0.767309225,-0.129697835,0.614042330,0.131784073,-0.974590672,0.070653863,0.154277737,1.096030560,-0.440521670,0.213508245,-1.352616984,0.144707875,0.182741600,1.396801943,0.107578336,0.183296600,0.290938618,-1.931551783,0.197992593,-0.293583034,0.075286850,0.937658409,-1.551075228,-0.328193224,0.025772028,-0.181249453,-0.738502455
-2.548660994,-1.883193071,0.298359048,-0.765383737,-0.118520209,0.620330491,0.123817518,-0.949340640,0.045169480,0.150295413,1.080215453,-0.442457583,0.215851107,-1.274186475,0.122044382,0.197159637,1.343460288,0.082348279,0.174907254,0.271811523,-1.906088926,0.198481099,-0.288872849,0.056359724,0.933687769,-1.528308049,-0.340078676,0.029847079,-0.204847898,-0.737901921
-2.551046469,-1.880413573,0.291679040,-0.762989162,-0.105090400,0.627619536,0.113566126,-0.921153965,0.016141122,0.142952181,1.064095320,-0.442509331,0.217139573,-1.195257270,0.095313225,0.207226937,1.287097297,0.057581015,0.169350666,0.247279284,-1.879688756,0.198549678,-0.284686567,0.038126978,0.929559945,-1.503713968,-0.353354228,0.034408948,-0.229557427,-0.739695894
-2.553315670,-1.877431951,0.284594115,-0.760160163,-0.090522131,0.635237187,0.102156674,-0.891513803,-0.014628090,0.133941417,1.047825511,-0.441628514,0.217909304,-1.116100888,0.066577158,0.215118619,1.229242188,0.033056855,0.165211386,0.220076058,-1.852829347,0.198411364,-0.280760396,0.020245195,0.925350973,-1.478218919,-0.367311048,0.039214067,-0.254811675,-0.742676441
-2.555087806,-1.874149750,0.277290924,-0.756590225,-0.075274828,0.643310166,0.089760585,-0.859909949,-0.043702289,0.121437214,1.031749761,-0.439487750,0.218937584,-1.042648432,0.037693656,0.213273206,1.170376980,0.013156905,0.167647527,0.190574156,-1.826781761,0.198283850,-0.277431705,0.005064225,0.920007959,-1.452501786,-0.380120691,0.045051323,-0.279208094,-0.747692758
-2.556766238,-1.870833844,0.270250924,-0.752830988,-0.060633097,0.650808173,0.077574821,-0.828576412,-0.070450275,0.107813050,1.016156783,-0.439662770,0.220241350,-0.971837476,0.011191479,0.209023885,1.109946538,-0.005187114,0.168079018,0.162297352,-1.801621254,0.198590403,-0.274635050,-0.009032476,0.915141060,-1.427313228,-0.392054268,0.050936764,-0.302729524,-0.753129034
-2.558259989,-1.867451508,0.263729658,-0.749085638,-0.047228990,0.657497808,0.065854098,-0.797775655,-0.092613450,0.091981520,1.001515319,-0.444402049,0.222088078,-0.906232742,-0.010617265,0.200036625,1.046431122,-0.020464496,0.164559478,0.136435136,-1.778209123,0.199752473,-0.272887001,-0.020992156,0.911212550,-1.403166455,-0.402261176,0.056917176,-0.324526409,-0.759393020
-2.559794283,-1.864093134,0.257237790,-0.744644300,-0.036241660,0.664122624,0.055969174,-0.763575118,-0.109064514,0.076442816,0.984695543,-0.455731902,0.224209806,-0.844605160,-0.026865696,0.188438607,0.987711981,-0.037925391,0.151926224,0.115404935,-1.755133239,0.201482199,-0.272048041,-0.031669073,0.908630554,-1.378690191,-0.410968530,0.062118079,-0.344503500,-0.767126527
-2.561348433,-1.860746763,0.250759801,-0.739798812,-0.026453792,0.670663525,0.046993086,-0.727679877,-0.122677707,0.061050347,0.966788676,-0.470331021,0.226465413,-0.784948223,-0.040349154,0.175553783,0.931422005,-0.056462310,0.134767131,0.096773962,-1.732221428,0.203495401,-0.271662724,-0.041706046,0.906718643,-1.354046266,-0.418922688,0.066926098,-0.363569910,-0.775587322
-2.562866934,-1.857460416,0.244099014,-0.734018309,-0.019676821,0.677651848,0.040223345,-0.685805170,-0.129109695,0.046253997,0.944669743,-0.491691328,0.228236645,-0.728697376,-0.046080367,0.162491170,0.895168084,-0.075088270,0.106755997,0.083795754,-1.708830261,0.206662603,-0.273023279,-0.049330145,0.906836697,-1.327789038,-0.422512484,0.069056017,-0.378358936,-0.785050215
-2.564376624,-1.854242285,0.237301928,-0.727719288,-0.013656639,0.684899435,0.033924887,-0.641327904,-0.133408945,0.032300668,0.920795216,-0.514731158,0.229210892,-0.672183646,-0.050152279,0.149708805,0.862602187,-0.093200465,0.080417744,0.071923011,-1.684644801,0.210099742,-0.274425069,-0.056159397,0.906638643,-1.300498631,-0.424396121,0.070127879,-0.391419347,-0.794617489
-2.565868953,-1.851158572,0.230236266,-0.720528316,-0.009131660,0.692776827,0.028562663,-0.591722313,-0.133505648,0.020008506,0.893461302,-0.541080476,0.228614685,-0.615151911,-0.050954547,0.137478668,0.837303518,-0.110300290,0.057375893,0.062228580,-1.658894194,0.214068789,-0.275908113,-0.061422411,0.905817700,-1.271172355,-0.422917780,0.069114847,-0.401073537,-0.804390447
-2.567586993,-1.848315859,0.222053956,-0.712117157,-0.006146066,0.701603762,0.024567090,-0.533057244,-0.129322194,0.011004113,0.858894608,-0.571550554,0.223037442,-0.553332098,-0.049356741,0.127104005,0.810840794,-0.125471102,0.038107958,0.054555547,-1.630163351,0.219558145,-0.276861437,-0.067683041,0.903450283,-1.238516487,-0.419514248,0.067439324,-0.410054874,-0.813082520
-2.569417313,-1.845592940,0.213316963,-0.703028257,-0.003925921,0.710833551,0.021249003,-0.469893511,-0.123014702,0.003628736,0.820735239,-0.604047002,0.214989709,-0.489132848,-0.046566834,0.117664527,0.783791848,-0.139675046,0.020726920,0.047893142,-1.599950250,0.225800483,-0.277549955,-0.074435361,0.900314360,-1.204207837,-0.415158919,0.065436851,-0.418698318,-0.821233793
-2.571577119,-1.843194878,0.203185452,-0.692030796,-0.004017728,0.721581990,0.019916485,-0.395876750,-0.111984602,-0.000877411,0.773584574,-0.635557408,0.201851091,-0.418653902,-0.040812732,0.114564399,0.752908371,-0.148892380,0.011706284,0.045697122,-1.565462631,0.233280961,-0.277078310,-0.081281545,0.895154668,-1.166086402,-0.409747526,0.063243600,-0.425410398,-0.826878899
-2.573814663,-1.840911474,0.192964695,-0.680573094,-0.004941353,0.732403489,0.019518622,-0.320777311,-0.101178503,-0.006248809,0.725970067,-0.663926793,0.188892257,-0.347616248,-0.034900535,0.113685038,0.720721596,-0.154615120,0.004142971,0.045148485,-1.530526382,0.240836285,-0.276311222,-0.087262584,0.889837610,-1.128090219,-0.404323310,0.061367632,-0.430804269,-0.831478282
-2.576205357,-1.838853951,0.182568117,-0.668350023,-0.007504500,0.743513513,0.020966270,-0.243544943,-0.090813695,-0.013324794,0.677441770,-0.686108204,0.176287608,-0.275477910,-0.028676884,0.117180706,0.685967259,-0.153453328,-0.000549338,0.047845278,-1.494706306,0.248539058,-0.274962093,-0.091539244,0.884210529,-1.090340788,-0.398873829,0.060116727,-0.433601197,-0.834017537
-2.578543526,-1.837143264,0.172520492,-0.656037744,-0.009254179,0.754345474,0.022175315,-0.168945598,-0.083964490,-0.023767977,0.632711136,-0.700781274,0.166936623,-0.204464395,-0.024822474,0.120303611,0.653021402,-0.148815155,-0.004788552,0.050530837,-1.460175957,0.255473150,-0.273904808,-0.093312886,0.879527970,-1.054779650,-0.395109515,0.059132507,-0.433917990,-0.834205121
-2.580854915,-1.835604205,0.162648549,-0.643596165,-0.010599350,0.764938323,0.023259249,-0.095668672,-0.078851418,-0.035859485,0.589877277,-0.711736999,0.159206530,-0.134022671,-0.022141898,0.123231836,0.620981383,-0.142459391,-0.008796391,0.053200970,-1.426292528,0.262027302,-0.272995924,-0.093842901,0.875306894,-1.020303308,-0.392179306,0.058279609,-0.433006696,-0.833223896
-2.582897989,-1.834309506,0.153905005,-0.631378165,-0.011175680,0.775053669,0.022989722,-0.029971533,-0.075181829,-0.045069994,0.554870988,-0.716835786,0.156956036,-0.068831756,-0.021554165,0.122895872,0.593425845,-0.134433990,-0.010381055,0.052966714,-1.395876262,0.268167065,-0.273462973,-0.091129663,0.870018240,-0.987939773,-0.390500977,0.057425111,-0.430106877,-0.829084490
-2.584870300,-1.833128880,0.145337859,-0.619626732,-0.011421264,0.784491798,0.022469675,0.033035558,-0.071786273,-0.052850060,0.521221059,-0.720936423,0.154806911,-0.005513671,-0.021765741,0.122023576,0.565443887,-0.128389459,-0.010941635,0.051837939,-1.366873245,0.273830809,-0.273784819,-0.088866348,0.864836131,-0.956690290,-0.389170343,0.056376102,-0.428121992,-0.825337832
-2.586703234,-1.832172933,0.137118148,-0.608978258,-0.011018598,0.792819914,0.021462885,0.090744296,-0.068930457,-0.057812706,0.490242630,-0.723071088,0.152857444,0.054115666,-0.023551643,0.120094915,0.536622047,-0.126246479,-0.009485166,0.048947307,-1.340653782,0.278556980,-0.273820672,-0.087489208,0.859863874,-0.927635061,-0.388524533,0.054943980,-0.427939171,-0.822364735
-2.588589562,-1.831398684,0.128997542,-0.599031973,-0.009442721,0.800438084,0.019245888,0.143674582,-0.066395452,-0.062007463,0.461598541,-0.722861122,0.149796154,0.111757461,-0.025989480,0.115486717,0.505063597,-0.126722357,-0.007603413,0.043735341,-1.316354177,0.281814476,-0.273418546,-0.088458868,0.856163710,-0.899872750,-0.388632327,0.052566006,-0.431246385,-0.820549587
-2.590500816,-1.830715178,0.120931848,-0.589397440,-0.007284054,0.807643377,0.016424893,0.194204215,-0.064011309,-0.065801772,0.434134903,-0.721492044,0.146175556,0.168379855,-0.028742328,0.109543117,0.472173633,-0.128479547,-0.005505758,0.037375542,-1.293020478,0.284337216,-0.272803531,-0.090582516,0.853095765,-0.872763195,-0.389119797,0.049716191,-0.436277973,-0.819306783
-2.592018027,-1.830403895,0.114636753,-0.582112275,-0.003793563,0.813016829,0.011599316,0.230819747,-0.059577819,-0.063115676,0.415696409,-0.718738283,0.139103930,0.213174319,-0.029771805,0.098913725,0.443853676,-0.127914838,-0.001520372,0.029575631,-1.275677929,0.283478812,-0.272981149,-0.092298959,0.851744598,-0.850345926,-0.392111760,0.045081015,-0.443084057,-0.818716190
-2.593427318,-1.830135107,0.109156890,-0.575962397,-0.000691461,0.817443760,0.007248354,0.261960736,-0.055121187,-0.060348527,0.400244959,-0.715382665,0.131590465,0.251953025,-0.029898253,0.089727506,0.418854795,-0.126629054,0.002947859,0.022643978,-1.260625871,0.282160403,-0.273490421,-0.094290102,0.851134898,-0.829715518,-0.395272236,0.039907714,-0.450507046,-0.818296695
-2.594624096,-1.829949999,0.105282359,-0.572144983,0.001645145,0.820141885,0.003833999,0.282321409,-0.050618983,-0.057421772,0.390675510,-0.710841890,0.123206940,0.278885667,-0.028246479,0.083383142,0.400395684,-0.123923349,0.008366897,0.017422071,-1.250084186,0.279936168,-0.274652776,-0.096822178,0.851985274,-0.812603748,-0.398764542,0.033674753,-0.459144829,-0.818214118
-2.595801702,-1.829608389,0.102450311,-0.569816282,0.003554034,0.821764358,0.000337695,0.294930466,-0.045696477,-0.053345094,0.383846387,-0.706442470,0.116949103,0.297350269,-0.025565246,0.079491410,0.386755965,-0.120350734,0.013842135,0.013680466,-1.242497754,0.276974940,-0.276034329,-0.100928858,0.852159076,-0.796688383,-0.402404818,0.025716922,-0.470485933,-0.817912199
-2.596968935,-1.829189218,0.100135466,-0.568225164,0.005252812,0.822850123,-0.003200866,0.303690759,-0.040563949,-0.048691769,0.378378982,-0.702122794,0.111741366,0.311615544,-0.022375775,0.076811011,0.375502704,-0.116352591,0.019336915,0.010667917,-1.236379711,0.273649675,-0.277525026,-0.105814855,0.852001469,-0.781371285,-0.406118663,0.016903673,-0.483165248,-0.817503373
-2.597868878,-1.828619152,0.098983454,-0.568516257,0.007078440,0.822609224,-0.007295659,0.302956792,-0.034535047,-0.041004961,0.376586193,-0.700702961,0.107618220,0.316976761,-0.018752447,0.075302290,0.368320678,-0.112690177,0.022515840,0.007777222,-1.234187643,0.269960189,-0.279372729,-0.111918484,0.852303132,-0.768728263,-0.410042720,0.006262528,-0.498010010,-0.817395547
-2.598700251,-1.828040533,0.098136033,-0.569333189,0.009250806,0.821972282,-0.011649454,0.299708199,-0.028543161,-0.033404959,0.376217488,-0.699736707,0.102697142,0.320310583,-0.015312544,0.074115176,0.361882716,-0.109176981,0.025061377,0.004581569,-1.232912782,0.266248271,-0.281134534,-0.118181707,0.852335203,-0.756988098,-0.414090081,-0.004500394,-0.513230729,-0.817196215
-2.599396630,-1.827445076,0.097888266,-0.571190044,0.012105831,0.820562428,-0.016513149,0.291508980,-0.022624146,-0.025975852,0.378652422,-0.699663429,0.096205147,0.319653006,-0.012233756,0.073561223,0.356909619,-0.105957556,0.026359946,0.000785536,-1.233443655,0.262492194,-0.282727227,-0.124759131,0.851836521,-0.747025416,-0.418380192,-0.015503063,-0.529191606,-0.816816733
-2.599966269,-1.826858344,0.098184314,-0.573044745,0.014941257,0.819114648,-0.021158282,0.281321427,-0.017241270,-0.020056612,0.383050199,-0.699636601,0.088688112,0.316897896,-0.009464155,0.074507877,0.353911972,-0.102807214,0.026823303,-0.003968899,-1.234170007,0.260090358,-0.283714771,-0.130482709,0.850927719,-0.738339427,-0.422019421,-0.024990847,-0.543053703,-0.816064640
-2.600472875,-1.826275942,0.098749015,-0.574888278,0.017764702,0.817635479,-0.025692555,0.270158539,-0.012125078,-0.014889652,0.388414154,-0.699630533,0.080670375,0.313107899,-0.006849819,0.076206393,0.351893050,-0.099692069,0.026877116,-0.009197146,-1.234989703,0.258363797,-0.284400293,-0.135784033,0.849813379,-0.730289308,-0.425331707,-0.033723270,-0.555868558,-0.815127424
-2.600793164,-1.825703807,0.099605488,-0.576510500,0.020006542,0.816315366,-0.029404164,0.259876903,-0.007809152,-0.012328270,0.393849097,-0.699034684,0.073700098,0.308564531,-0.005110600,0.081674328,0.351728253,-0.096914985,0.027343643,-0.015038003,-1.235007373,0.259124533,-0.283898465,-0.140502444,0.847654215,-0.724377052,-0.426776555,-0.039678197,-0.564628561,-0.813695432
-2.601086420,-1.825143092,0.100391078,-0.577961580,0.022005573,0.815109371,-0.032754854,0.250497032,-0.003786491,-0.011038219,0.398942673,-0.698356700,0.067807536,0.304407489,-0.003702564,0.088420092,0.351554992,-0.094201804,0.028391248,-0.020413813,-1.234852605,0.260208985,-0.283407252,-0.144996745,0.845675078,-0.718915900,-0.428091486,-0.045137320,-0.572537334,-0.812557950
-2.601326464,-1.824604856,0.101037148,-0.579093239,0.023527282,0.814152694,-0.035396020,0.242892098,-0.000341061,-0.012250520,0.403364338,-0.697517053,0.064036232,0.301010849,-0.002946390,0.097680998,0.351365072,-0.091614403,0.030582584,-0.024874275,-1.234358428,0.261930604,-0.282936930,-0.149049934,0.844050287,-0.714342653,-0.429150701,-0.049620555,-0.578770636,-0.812000153
-2.601576767,-1.824090879,0.101502146,-0.579991059,0.024703706,0.813371477,-0.037774842,0.236878960,0.002876063,-0.015437735,0.407195071,-0.696526802,0.062369197,0.298572818,-0.002600560,0.108017664,0.350565558,-0.088932066,0.033407725,-0.028430319,-1.233927340,0.263227392,-0.282611556,-0.152327836,0.842376285,-0.710082238,-0.430273365,-0.053819904,-0.584117237,-0.811502017
-2.601831993,-1.823588912,0.101877268,-0.580771137,0.025709190,0.812675903,-0.040022499,0.231656699,0.005980287,-0.019599293,0.410730532,-0.695462943,0.061739646,0.296611646,-0.002459493,0.118881147,0.349462804,-0.086203966,0.036545305,-0.031539340,-1.233527037,0.264316242,-0.282357569,-0.155220918,0.840677375,-0.705980965,-0.431424850,-0.057875095,-0.589020365,-0.811031023
-2.602052724,-1.823108181,0.102033548,-0.581160295,0.026435657,0.812289207,-0.041714638,0.228575641,0.008925250,-0.024508407,0.413008573,-0.694534389,0.061718874,0.296100036,-0.003115940,0.129065136,0.347438646,-0.083738039,0.039852394,-0.034079078,-1.233056111,0.265704246,-0.282124215,-0.157175911,0.838785219,-0.703329987,-0.431912212,-0.060685649,-0.591920792,-0.809947328
-2.602222216,-1.822649624,0.102120665,-0.581428817,0.027084090,0.811994143,-0.043272332,0.226164709,0.011825969,-0.029087315,0.414842975,-0.693916729,0.061424907,0.296071192,-0.003869852,0.139371382,0.345295227,-0.081575093,0.043063801,-0.036541260,-1.232657726,0.267313087,-0.281916148,-0.158757854,0.836876638,-0.701081749,-0.432167554,-0.063028038,-0.594244726,-0.808905026
-2.602290881,-1.822234702,0.102071678,-0.581462705,0.027579089,0.811883255,-0.044565657,0.225072485,0.014639621,-0.033016427,0.415804360,-0.693910864,0.060593331,0.296992362,-0.004815559,0.149918210,0.342917121,-0.080008368,0.046086917,-0.038850824,-1.232402094,0.269356503,-0.281757842,-0.159605691,0.834935736,-0.699626046,-0.431966315,-0.064449150,-0.595434208,-0.807944178
-2.602291368,-1.821915616,0.101933187,-0.581288952,0.028064029,0.811928208,-0.045696273,0.224837265,0.017095083,-0.036105896,0.416288813,-0.694215529,0.059397559,0.298607803,-0.005849185,0.160202235,0.340301682,-0.078875173,0.048108487,-0.041223259,-1.232254141,0.271451687,-0.281511716,-0.159863767,0.833082811,-0.698720880,-0.431675924,-0.065210101,-0.595843383,-0.807223743
-2.602258208,-1.821644183,0.101750977,-0.581013171,0.028544793,0.812049022,-0.046746935,0.225021605,0.019371243,-0.038780968,0.416540202,-0.694673155,0.058023275,0.300562905,-0.006926228,0.170351260,0.337570777,-0.077956010,0.049635654,-0.043627157,-1.232159807,0.273570858,-0.281221590,-0.159831478,0.831274116,-0.698088079,-0.431343006,-0.065644903,-0.595868452,-0.806623919
-2.602194409,-1.821513364,0.101652650,-0.580854241,0.029240837,0.812075116,-0.047826036,0.224662990,0.020795680,-0.041075898,0.417209795,-0.695189503,0.056821217,0.302015193,-0.008050049,0.178933101,0.335188237,-0.077251601,0.050682015,-0.046177769,-1.232243921,0.275286362,-0.280712180,-0.159724725,0.829726537,-0.697883227,-0.431372171,-0.065689424,-0.595814986,-0.806668265
-2.602131621,-1.821413107,0.101628514,-0.580826953,0.029931758,0.812011357,-0.048802630,0.223840221,0.021913884,-0.043322616,0.418111292,-0.695686749,0.055770307,0.302899339,-0.009194995,0.186684107,0.333173293,-0.076542245,0.051968079,-0.048549571,-1.232402637,0.276795838,-0.280177756,-0.159755617,0.828336140,-0.697822770,-0.431532015,-0.065722277,-0.595861564,-0.806989433
-2.602070823,-1.821372979,0.101750342,-0.581059794,0.030612657,0.811772406,-0.049577644,0.222104269,0.022429602,-0.045474482,0.419469040,-0.696146413,0.055016767,0.302665716,-0.010381500,0.192800516,0.331881564,-0.075823155,0.053725742,-0.050569581,-1.232708124,0.277899972,-0.279594119,-0.160057315,0.827254985,-0.698046397,-0.431948960,-0.065732174,-0.596104967,-0.807855222
-2.602016065,-1.821399979,0.101973044,-0.581358914,0.031068978,0.811509883,-0.050082345,0.219976906,0.022536568,-0.047190279,0.420962526,-0.696695954,0.054660488,0.301616224,-0.011491818,0.197224707,0.331408509,-0.075303436,0.055877921,-0.052056512,-1.233067266,0.278503117,-0.278961133,-0.160460811,0.826235177,-0.698891348,-0.432403399,-0.065702791,-0.596022091,-0.808287665
-2.601964248,-1.821460318,0.102245771,-0.581691201,0.031414642,0.811235431,-0.050453375,0.217655301,0.022440862,-0.048689384,0.422524421,-0.697288921,0.054500100,0.300162278,-0.012564586,0.200810423,0.331341087,-0.074883232,0.058222061,-0.053279423,-1.233453549,0.278857621,-0.278303817,-0.160914253,0.825246252,-0.700043900,-0.432875703,-0.065654281,-0.595777733,-0.808506556
-2.601904025,-1.821608736,0.102631406,-0.582175063,0.031701812,0.810866415,-0.050624577,0.214859642,0.021897233,-0.049582879,0.424532843,-0.697673553,0.054482192,0.297836475,-0.013614949,0.202699817,0.332091237,-0.074859539,0.060012751,-0.053998700,-1.234043565,0.278600270,-0.277630165,-0.161336670,0.824449413,-0.701749659,-0.433193101,-0.065657232,-0.595256771,-0.808605477
-2.601838836,-1.821766241,0.103033110,-0.582684058,0.031913472,0.810484227,-0.050755658,0.212006192,0.021288161,-0.050296477,0.426612593,-0.697942651,0.054579067,0.295346483,-0.014511871,0.203986695,0.333038887,-0.074872334,0.061640581,-0.054546570,-1.234794500,0.278086210,-0.277033198,-0.161621284,0.823811563,-0.703396547,-0.433467877,-0.065761825,-0.594803890,-0.808815907
-2.601763877,-1.821941623,0.103466426,-0.583242760,0.031976621,0.810076504,-0.050807846,0.209039067,0.020550365,-0.050656220,0.428832644,-0.697984493,0.054901717,0.292533533,-0.015106980,0.204088441,0.334375016,-0.074956900,0.062948070,-0.054757287,-1.235861959,0.277067210,-0.276587071,-0.161634848,0.823486441,-0.704927639,-0.433658816,-0.066066349,-0.594484918,-0.809245673
-2.601641253,-1.822137290,0.103920525,-0.583806431,0.032032792,0.809663358,-0.050884170,0.206022822,0.019762119,-0.050812888,0.431210129,-0.698044582,0.055466307,0.289594208,-0.015398450,0.203244562,0.336061270,-0.075150318,0.064107753,-0.054914986,-1.237454526,0.275563429,-0.276326033,-0.161089898,0.823317062,-0.706739506,-0.433890454,-0.066317616,-0.593924155,-0.809472990
-2.601494788,-1.822342974,0.104385126,-0.584372505,0.032085132,0.809247291,-0.050971968,0.202981788,0.018948874,-0.050869042,0.433666107,-0.698115036,0.056150692,0.286591188,-0.015539584,0.201932097,0.337922425,-0.075398558,0.065194361,-0.055046784,-1.239308569,0.273820484,-0.276156428,-0.160266989,0.823223774,-0.708695042,-0.434140414,-0.066540391,-0.593239751,-0.809599470
-2.601240439,-1.822560272,0.104925122,-0.584968269,0.032033129,0.808819621,-0.050959043,0.199770535,0.018083918,-0.050747213,0.436411679,-0.698556961,0.057059874,0.283172428,-0.015401681,0.199645830,0.340517774,-0.075993799,0.066173439,-0.055222394,-1.242040876,0.271860610,-0.276101460,-0.158549831,0.823002186,-0.712146578,-0.433941500,-0.066148471,-0.591288370,-0.809379384
-2.600941535,-1.822770624,0.105513833,-0.585601750,0.031901736,0.808370887,-0.050885942,0.196364021,0.017180041,-0.050610350,0.439335034,-0.699099791,0.058013820,0.279432889,-0.015203965,0.197076328,0.343441009,-0.076700351,0.067113625,-0.055378380,-1.245179599,0.269940839,-0.276172183,-0.156516682,0.823027133,-0.716223797,-0.433483669,-0.065487149,-0.588874612,-0.809144095
-2.600555011,-1.822967318,0.106198344,-0.586309584,0.031614232,0.807880980,-0.050694516,0.192573521,0.016199623,-0.050443921,0.442608006,-0.699841054,0.059055794,0.275062526,-0.014888627,0.193949834,0.347009044,-0.077625799,0.067977328,-0.055495772,-1.249117553,0.268099931,-0.276490082,-0.153862127,0.823536901,-0.721531441,-0.432516669,-0.064296035,-0.585551573,-0.808878911
-2.600093866,-1.823176772,0.107056084,-0.587211366,0.031342493,0.807251186,-0.050457737,0.187643003,0.014987715,-0.050098647,0.446637745,-0.700754833,0.060030648,0.269527243,-0.014574664,0.190389449,0.351286720,-0.078815792,0.068577880,-0.055681978,-1.253975172,0.265976560,-0.276918047,-0.150777835,0.824313439,-0.727674809,-0.431446447,-0.062804075,-0.582007008,-0.808824391
-2.599595508,-1.823392479,0.108000676,-0.588210440,0.031079213,0.806549734,-0.050200481,0.182138745,0.013661906,-0.049663617,0.451046699,-0.701754431,0.060966764,0.263408002,-0.014259258,0.186618884,0.355919578,-0.080138252,0.069048196,-0.055904783,-1.259291593,0.263710788,-0.277399295,-0.147480904,0.825220447,-0.734232123,-0.430326168,-0.061165518,-0.578355907,-0.808874753
-2.598957066,-1.823603195,0.109391853,-0.589887017,0.031011141,0.805312358,-0.050434331,0.173125262,0.012306844,-0.048744227,0.457353351,-0.703021769,0.060394409,0.254310136,-0.013387870,0.183662345,0.362222260,-0.082098623,0.069285690,-0.056856356,-1.266377843,0.260511274,-0.277664676,-0.143815897,0.825954164,-0.741615424,-0.429384488,-0.059863978,-0.575323157,-0.809274656
-2.598285488,-1.823788976,0.110975226,-0.591815595,0.031109489,0.803864709,-0.050872691,0.162578031,0.010943344,-0.047780683,0.464601799,-0.704306603,0.059516013,0.243995768,-0.012293773,0.180895534,0.369198892,-0.084141891,0.069427640,-0.058299134,-1.273943976,0.257346950,-0.277892534,-0.140321522,0.826870899,-0.749487553,-0.428389612,-0.058550669,-0.572461198,-0.809758310
-2.597548765,-1.823925729,0.112936472,-0.594239832,0.031535046,0.802003936,-0.051713153,0.149015305,0.009563254,-0.046730326,0.473701910,-0.705625834,0.058035916,0.231289641,-0.010761810,0.178501746,0.377500573,-0.086348146,0.069381743,-0.060707670,-1.282453603,0.254251811,-0.278046619,-0.137162626,0.828147464,-0.758320763,-0.427290146,-0.057214221,-0.569935033,-0.810406624
-2.596757852,-1.823921874,0.115465309,-0.597178849,0.032259120,0.799710412,-0.052915295,0.131460422,0.008045506,-0.046104611,0.485497963,-0.706289624,0.056041548,0.215108328,-0.008934141,0.176456839,0.387864456,-0.088217428,0.069441328,-0.063992686,-1.292007702,0.251831284,-0.278324616,-0.134530201,0.829724918,-0.769537722,-0.425558930,-0.055152508,-0.566847784,-0.811463636
-2.595939567,-1.823847425,0.118278377,-0.600369817,0.033129582,0.797189267,-0.054293520,0.111910669,0.006457538,-0.045690564,0.498643393,-0.706622083,0.053791063,0.197186773,-0.006960355,0.174586791,0.399263536,-0.089919265,0.069553344,-0.067708212,-1.302086710,0.249747058,-0.278664597,-0.132155257,0.831446246,-0.781951390,-0.423514026,-0.052724284,-0.563475302,-0.812726893
-2.594929331,-1.823385510,0.122463577,-0.605233365,0.034023155,0.793387859,-0.055413933,0.083816109,0.004203730,-0.046049462,0.518135236,-0.704564379,0.050662784,0.170867701,-0.004780483,0.173598995,0.416300079,-0.091143200,0.069818424,-0.071364801,-1.315176165,0.248899283,-0.279286876,-0.129457383,0.832132612,-0.800907537,-0.420634145,-0.047681688,-0.557642047,-0.815388386
-2.593833909,-1.822788099,0.126933908,-0.610278110,0.035073071,0.789380155,-0.056652267,0.053848230,0.002311430,-0.044442767,0.538668287,-0.702469593,0.047678498,0.142752429,-0.002473117,0.172951616,0.434321813,-0.092647011,0.070510150,-0.075128654,-1.329165711,0.248447072,-0.280013158,-0.126488145,0.832509096,-0.821283921,-0.417243773,-0.041821314,-0.551315189,-0.818733691
-2.592571040,-1.821924348,0.131964710,-0.615697330,0.036431321,0.784991179,-0.058124052,0.020198050,0.001129729,-0.038972390,0.561247992,-0.700301917,0.044977249,0.111106445,0.000084859,0.172973377,0.454280098,-0.094700960,0.072040513,-0.079103352,-1.344924526,0.248772400,-0.280943876,-0.122985499,0.832276456,-0.844452001,-0.412849949,-0.034353471,-0.544018077,-0.823423133
-2.591061744,-1.820697096,0.137389431,-0.621533323,0.037332933,0.780241111,-0.059383411,-0.015734237,0.001514121,-0.029754449,0.584826662,-0.698800690,0.040318345,0.076319018,0.003610324,0.173823620,0.477146970,-0.096632352,0.072340622,-0.082339117,-1.362564536,0.250223331,-0.281905697,-0.118658814,0.831008353,-0.869953071,-0.407252075,-0.025999977,-0.535580944,-0.829528062
-2.589429931,-1.819289283,0.143009304,-0.627554128,0.038005691,0.775285272,-0.060532067,-0.052791413,0.002671303,-0.018698113,0.608893382,-0.697622056,0.034695809,0.039975770,0.007613900,0.175070366,0.501460259,-0.098510368,0.072027886,-0.085210443,-1.381136916,0.252237696,-0.282881143,-0.113922672,0.829225826,-0.896613816,-0.401052378,-0.017205862,-0.526572740,-0.836341607
-2.587429487,-1.817379170,0.149040570,-0.634020814,0.037862342,0.770008170,-0.060592652,-0.090776573,0.004678943,-0.008379872,0.632251400,-0.695202215,0.028617636,0.000474177,0.012322773,0.173617497,0.530211359,-0.102138025,0.069569322,-0.087728888,-1.401777968,0.256911635,-0.283432735,-0.108013917,0.825992588,-0.926705569,-0.392232507,-0.007010475,-0.514763428,-0.846518940
-2.585273264,-1.815232520,0.155173217,-0.640314418,0.038165674,0.764712407,-0.061284271,-0.129047424,0.007310277,0.001386875,0.655840914,-0.692527840,0.022441395,-0.039007215,0.017532535,0.169895907,0.560405073,-0.107401796,0.066294027,-0.091923205,-1.422891737,0.263382224,-0.284013148,-0.101642108,0.822186554,-0.957566083,-0.381448623,0.004767957,-0.501872140,-0.856890875
-2.582810899,-1.812621024,0.161505099,-0.646310631,0.039349399,0.759432295,-0.063220111,-0.167879720,0.011167306,0.010069818,0.679885370,-0.689353254,0.016072428,-0.078448906,0.023726654,0.161715785,0.593433839,-0.115880889,0.061413679,-0.099410975,-1.444934499,0.273383620,-0.284650197,-0.094360298,0.817254852,-0.989937382,-0.366805028,0.019657418,-0.486854534,-0.867645246
-2.580054796,-1.809346270,0.168300049,-0.652321047,0.040202105,0.754108144,-0.064667991,-0.208350452,0.016799093,0.019435938,0.705558647,-0.685683667,0.008658031,-0.119144594,0.031327371,0.155601020,0.625973504,-0.123276238,0.055827390,-0.108606340,-1.468118632,0.287706655,-0.285700980,-0.085634593,0.811141459,-1.022694026,-0.347702482,0.039085217,-0.470423985,-0.875106311
-2.577152504,-1.805741497,0.175321845,-0.658316764,0.040887978,0.748737534,-0.065873486,-0.249626253,0.023316377,0.029134738,0.732033849,-0.681772540,0.000722749,-0.160457562,0.039633687,0.150513838,0.658271270,-0.130138015,0.049884858,-0.118638967,-1.491874073,0.304167818,-0.286963309,-0.076192056,0.804446184,-1.055660906,-0.326408156,0.060744177,-0.453274677,-0.880958677
-2.573770745,-1.801072190,0.182187224,-0.664288666,0.040842249,0.743351378,-0.066941828,-0.290963307,0.033295819,0.038099199,0.758969076,-0.678268575,-0.009069233,-0.202098280,0.051641538,0.148721451,0.690153040,-0.136691763,0.041549587,-0.128283339,-1.518318917,0.324485217,-0.290325026,-0.064838118,0.797393406,-1.093918674,-0.304742843,0.082871473,-0.429886726,-0.889090715
-2.570220637,-1.796163849,0.188772719,-0.670007830,0.040791350,0.738114952,-0.067910907,-0.331240555,0.043815448,0.045828334,0.785282846,-0.675191158,-0.018993899,-0.242708939,0.064456862,0.146641811,0.721785028,-0.143985382,0.032807872,-0.137662851,-1.545581825,0.345243116,-0.294173744,-0.052417901,0.790515235,-1.132655280,-0.282511864,0.103808097,-0.405312434,-0.898345945
-2.566339762,-1.790785857,0.194808304,-0.675278477,0.040733259,0.733226768,-0.068689786,-0.369435522,0.055396421,0.051130332,0.810375590,-0.672951813,-0.029179257,-0.281295762,0.078858689,0.143997779,0.752926250,-0.152732680,0.023267584,-0.146521972,-1.574452049,0.366866497,-0.298979309,-0.037902680,0.783980129,-1.172332698,-0.259169474,0.122405311,-0.378407249,-0.909807997
-2.562186715,-1.785158670,0.200226520,-0.679986223,0.040625737,0.728772185,-0.069709305,-0.404899262,0.067390576,0.052846650,0.833802888,-0.671131066,-0.039931634,-0.316701629,0.094188445,0.139497979,0.782281409,-0.162685670,0.016154343,-0.154565116,-1.604434287,0.386859183,-0.304715358,-0.020593688,0.777715757,-1.210742214,-0.235967123,0.138585048,-0.350923850,-0.921330609
-2.557899142,-1.779408935,0.205338724,-0.684402539,0.040495081,0.724522934,-0.070850774,-0.439005909,0.079590117,0.052787125,0.856403123,-0.669510707,-0.050955066,-0.350523303,0.109974748,0.134073248,0.810739983,-0.173230448,0.010241668,-0.162199134,-1.634957419,0.406014605,-0.310901426,-0.001905749,0.771559022,-1.248513010,-0.212850710,0.153558747,-0.323157226,-0.932874839
-2.553397135,-1.773617953,0.209747632,-0.687692765,0.040803772,0.721148503,-0.073202113,-0.469178379,0.092405532,0.049012566,0.876720380,-0.666596369,-0.060130317,-0.378855652,0.125969546,0.125268407,0.834350095,-0.183692070,0.006481100,-0.167739185,-1.664178406,0.416085703,-0.315355225,0.018505935,0.759086303,-1.282282074,-0.194015353,0.163843101,-0.295575206,-0.942392663
-2.548829303,-1.767900273,0.214005166,-0.690585467,0.041035313,0.718093604,-0.075824748,-0.498048353,0.105675411,0.044586697,0.896537059,-0.664131190,-0.069193450,-0.405442794,0.141389665,0.114467434,0.856228511,-0.193719593,0.001117745,-0.171717483,-1.690107248,0.421728374,-0.316838170,0.036406086,0.740987760,-1.314217604,-0.177661630,0.172406553,-0.268410269,-0.951059617
-2.544132168,-1.762326584,0.217965353,-0.692719187,0.041116601,0.715689388,-0.078982614,-0.524359780,0.119838013,0.038881432,0.915370431,-0.662548313,-0.078036343,-0.428601754,0.155680922,0.099745379,0.874705289,-0.202894395,-0.007394024,-0.172627968,-1.709569199,0.418672109,-0.312485348,0.049372731,0.711838188,-1.342551453,-0.166182681,0.177589571,-0.242064624,-0.958055174
-2.539298029,-1.757082371,0.221716489,-0.694037189,0.040679184,0.714042131,-0.082470718,-0.547863959,0.134252905,0.030980173,0.933302357,-0.661774247,-0.086450020,-0.448629785,0.169069773,0.083788181,0.890341968,-0.211313491,-0.016890302,-0.168378407,-1.710087595,0.408897841,-0.300003854,0.043010823,0.679180144,-1.366706444,-0.160590747,0.179530353,-0.217463075,-0.964171784
-2.534396899,-1.752002783,0.225364630,-0.694946994,0.039982758,0.712765059,-0.086116351,-0.569974374,0.148787897,0.021992692,0.950783231,-0.661395854,-0.094642968,-0.467111297,0.182011912,0.067230761,0.904575629,-0.219357723,-0.026857969,-0.161559220,-1.701129597,0.395861448,-0.283557792,0.026987629,0.644925378,-1.388789594,-0.157922356,0.179867512,-0.193730638,-0.969855904
-2.529563869,-1.747625799,0.228925969,-0.695146331,0.038288989,0.712338098,-0.088769177,-0.588286570,0.162393717,0.011034348,0.966183019,-0.660660278,-0.100376028,-0.483314451,0.194058441,0.052207011,0.916704128,-0.226461759,-0.033869774,-0.145854345,-1.649012111,0.391785594,-0.273655961,-0.031174886,0.641687526,-1.405935305,-0.163394895,0.177322177,-0.173143960,-0.975310105
-2.524928288,-1.743674949,0.232486792,-0.695344083,0.036296187,0.712013666,-0.090640677,-0.605453934,0.175027562,0.000127544,0.980808083,-0.660034516,-0.104869578,-0.499431175,0.205637747,0.038837830,0.928755559,-0.232715227,-0.040590761,-0.128468920,-1.583554235,0.393296048,-0.268907989,-0.098204636,0.646849262,-1.421921620,-0.170116359,0.174830845,-0.153548647,-0.980714220
-2.520680480,-1.740560984,0.236046601,-0.695547046,0.033716577,0.711899122,-0.090978788,-0.620372958,0.185752544,-0.010678039,0.993911663,-0.659624420,-0.106928850,-0.515378157,0.216299474,0.028718061,0.940655638,-0.237298265,-0.046740612,-0.107783061,-1.491897158,0.405777457,-0.274281688,-0.182648755,0.668506957,-1.435630995,-0.179290589,0.172445569,-0.135900278,-0.986019968
-2.516779732,-1.738215107,0.239716905,-0.695710742,0.030749095,0.711955603,-0.090334244,-0.634049482,0.194692343,-0.019603382,1.006763515,-0.660669189,-0.107674376,-0.531841779,0.226472735,0.021693971,0.953022857,-0.239792947,-0.053487276,-0.086317821,-1.385125173,0.427702128,-0.288127811,-0.263949654,0.699570997,-1.448242442,-0.189193984,0.170354072,-0.118903344,-0.989975102
-2.513050479,-1.736250083,0.243442779,-0.695851534,0.027592914,0.712089451,-0.089206994,-0.647120981,0.202743070,-0.027591703,1.019500349,-0.662425687,-0.107776783,-0.548563929,0.236396937,0.016192289,0.965620825,-0.241257632,-0.060517219,-0.064470062,-1.270935535,0.454299584,-0.306166490,-0.343619941,0.735314873,-1.460313482,-0.199467164,0.168406048,-0.102229989,-0.993253429
-2.509595620,-1.735212384,0.247492204,-0.696321249,0.024902865,0.711860469,-0.088154627,-0.661384182,0.207690748,-0.032163677,1.034317659,-0.663588347,-0.108311782,-0.566482981,0.244063330,0.011369476,0.978568692,-0.241540206,-0.065190029,-0.042638420,-1.157234556,0.489958389,-0.332375814,-0.401962306,0.786244808,-1.472031203,-0.212623271,0.166278257,-0.086480893,-0.993170924
-2.506154807,-1.734475106,0.251768435,-0.696694841,0.022610157,0.711671943,-0.087339138,-0.676578695,0.211271032,-0.035672406,1.050343850,-0.664043543,-0.108362661,-0.584658635,0.250214129,0.005760091,0.991565821,-0.241597246,-0.069483383,-0.020874146,-1.049983396,0.524647944,-0.358277162,-0.455759437,0.835435813,-1.483689889,-0.227125510,0.164235334,-0.070301064,-0.992675837
-2.502741571,-1.734327690,0.256489993,-0.696888349,0.021097926,0.711571692,-0.086989847,-0.693601809,0.212166488,-0.037093495,1.068743634,-0.663109660,-0.107462990,-0.603338119,0.253389119,-0.001393700,1.004659673,-0.241211460,-0.073031691,0.000757853,-0.955396211,0.557434414,-0.383573811,-0.500632169,0.881212494,-1.495232660,-0.244270826,0.162359047,-0.053275508,-0.991370661
-2.499253296,-1.734759576,0.261515703,-0.697152404,0.020428643,0.711380460,-0.086596979,-0.712404260,0.209895457,-0.036530088,1.089120979,-0.660750143,-0.103664326,-0.622502026,0.252749613,-0.009885578,1.018218519,-0.240719483,-0.076412364,0.021820162,-0.883586042,0.580360003,-0.408360055,-0.526797900,0.914681419,-1.507796189,-0.263047680,0.161682215,-0.035299284,-0.990040248
-2.495728009,-1.735478899,0.266691015,-0.697454860,0.020175664,0.711141821,-0.086179881,-0.732093916,0.206052439,-0.034986445,1.110475931,-0.657683030,-0.098424179,-0.641913970,0.250216565,-0.019029623,1.032014821,-0.240177839,-0.079706001,0.042592083,-0.823118824,0.598375078,-0.432898091,-0.543686870,0.941988470,-1.520875746,-0.282619301,0.161606692,-0.016859113,-0.988693679
-2.492157986,-1.736950978,0.271945872,-0.698583261,0.020547450,0.710156633,-0.085069308,-0.755137826,0.197892085,-0.031928716,1.133531641,-0.652708949,-0.088680166,-0.663800549,0.242517681,-0.027084849,1.048034705,-0.240224439,-0.081853918,0.060767952,-0.802219558,0.599309247,-0.457985150,-0.537529994,0.940075356,-1.537577495,-0.300761694,0.164572244,0.000952738,-0.986441030
-2.488621131,-1.738678866,0.277163929,-0.700313470,0.020895622,0.708622155,-0.083540758,-0.779966234,0.188471981,-0.028151220,1.156585857,-0.647075325,-0.078007043,-0.687781385,0.233698025,-0.033368576,1.064973247,-0.240199395,-0.083249733,0.077156604,-0.794130177,0.597651859,-0.484608430,-0.529208844,0.935876884,-1.556395201,-0.316965463,0.169043033,0.017891504,-0.983662959
-2.485149388,-1.740908914,0.282309745,-0.703219385,0.021197273,0.706003675,-0.081191034,-0.808297653,0.176578957,-0.022960802,1.179637139,-0.640147003,-0.065510055,-0.715873298,0.222678264,-0.036174810,1.083715136,-0.240033713,-0.083169154,0.090036906,-0.811186908,0.590907180,-0.514247350,-0.516639172,0.927192197,-1.579366580,-0.329363669,0.176468642,0.033116385,-0.979853468
-2.481529474,-1.743835578,0.287358971,-0.708133653,0.021432304,0.701561084,-0.076807755,-0.839706145,0.162804955,-0.015487590,1.202382381,-0.632846117,-0.051873506,-0.748682916,0.210126830,-0.034073678,1.104671872,-0.239732456,-0.080178846,0.098634169,-0.844557228,0.580894290,-0.546446638,-0.506527724,0.926291707,-1.607957914,-0.336375493,0.187873588,0.048377404,-0.975314182
-2.477835961,-1.747107422,0.292360218,-0.713975798,0.021629036,0.696182328,-0.071420658,-0.872605597,0.148107391,-0.006895701,1.224969675,-0.625365367,-0.037678606,-0.783796148,0.196825680,-0.029553732,1.126717453,-0.239362612,-0.075754293,0.105168264,-0.885934903,0.569229707,-0.579906007,-0.497581997,0.929243522,-1.639305533,-0.340780314,0.201236133,0.063662631,-0.970407336
-2.473929628,-1.751181270,0.297222199,-0.717924287,0.020849413,0.692683865,-0.065871716,-0.901030251,0.133258592,0.001363030,1.245707862,-0.618582386,-0.023670932,-0.816253776,0.183956626,-0.022431408,1.149262966,-0.238502571,-0.069773404,0.120811305,-0.928001481,0.546140305,-0.614269310,-0.479032870,0.940008622,-1.670365251,-0.353708315,0.215807790,0.080485927,-0.963249700
-2.469925417,-1.755451622,0.302103900,-0.721387789,0.020058216,0.689619391,-0.060186550,-0.928154263,0.118161297,0.009172926,1.266416885,-0.611772558,-0.009577392,-0.847545409,0.170931618,-0.015289463,1.171811691,-0.237495854,-0.063966333,0.139604534,-0.969251028,0.520541497,-0.647247421,-0.456765269,0.948748252,-1.700110203,-0.369922706,0.230941700,0.097182601,-0.955566902
-2.465729113,-1.760107626,0.307024300,-0.723946047,0.019245677,0.687451757,-0.054238427,-0.952725653,0.102576309,0.016101946,1.287068671,-0.604910039,0.004684667,-0.876548675,0.157600540,-0.008109011,1.194366720,-0.236201273,-0.058500397,0.164580280,-1.008897083,0.490017761,-0.677506975,-0.427199842,0.953512726,-1.727274814,-0.392586919,0.247179080,0.113630768,-0.946853426
-2.461170797,-1.764997615,0.312046576,-0.726259956,0.018241944,0.685463261,-0.048516240,-0.977855462,0.087210487,0.021815517,1.309306363,-0.596466127,0.017995469,-0.905756315,0.144130895,-0.001881151,1.217512461,-0.234876028,-0.053360784,0.191946754,-1.051021040,0.458502661,-0.706517177,-0.393119775,0.952120222,-1.753577922,-0.418264047,0.264970333,0.129896874,-0.935997811
-2.456432741,-1.770004179,0.317119128,-0.728438997,0.017144236,0.683551014,-0.042903536,-1.003268315,0.071950600,0.026923933,1.332332900,-0.587240477,0.030821868,-0.935069388,0.130588085,0.003871837,1.240952471,-0.233537717,-0.048377983,0.220488811,-1.094376782,0.426502712,-0.734921918,-0.356809989,0.947680646,-1.779461697,-0.445429178,0.283532120,0.146074551,-0.924084816
-2.451189007,-1.775431737,0.322262351,-0.730300636,0.016081026,0.681924106,-0.037173840,-1.030818952,0.056320452,0.029939657,1.357912133,-0.576610633,0.039479094,-0.965597272,0.115827264,0.007846817,1.265447649,-0.232662870,-0.042628792,0.249690107,-1.141545509,0.394846965,-0.765065599,-0.316966109,0.936960536,-1.806115037,-0.474944698,0.304037062,0.162458971,-0.910634476
-2.445743841,-1.780939123,0.327539903,-0.732142183,0.015784625,0.680204913,-0.032248199,-1.060540165,0.039718760,0.031494844,1.385179440,-0.566794922,0.045617739,-0.996715110,0.099606786,0.010346188,1.290530729,-0.231980373,-0.037229923,0.277591452,-1.189846309,0.362501870,-0.795706449,-0.275621330,0.924227516,-1.833604050,-0.504994072,0.325090600,0.179497231,-0.897950591
-2.439903437,-1.786603143,0.333081027,-0.733982484,0.016993669,0.678340321,-0.028902222,-1.094520370,0.021210753,0.030184242,1.415758998,-0.558576659,0.046814552,-1.028990524,0.080522249,0.009950195,1.316767359,-0.231675296,-0.032518438,0.302942103,-1.240368403,0.328804173,-0.827322821,-0.231331564,0.907544868,-1.862732775,-0.536090947,0.347220565,0.197818421,-0.886770603
-2.433675748,-1.792246818,0.338778538,-0.735616907,0.019494660,0.676563061,-0.027388842,-1.133121830,0.001866703,0.027640042,1.450011239,-0.551719010,0.043643920,-1.060926817,0.059146770,0.007964089,1.344511500,-0.233013866,-0.027202996,0.324107961,-1.292470471,0.292484191,-0.857199505,-0.183312654,0.886463500,-1.893222306,-0.567221393,0.370110057,0.217793841,-0.876773138
-2.427254800,-1.797879259,0.344553068,-0.737143382,0.022636690,0.674825705,-0.026785879,-1.174017180,-0.017899999,0.024480040,1.486089468,-0.545517786,0.038349911,-1.092686558,0.036648959,0.005205240,1.373011255,-0.235183822,-0.021576867,0.343180833,-1.345343217,0.254875987,-0.886183989,-0.133446073,0.863203100,-1.924387706,-0.598345220,0.393388097,0.238602402,-0.867361441
-2.420063692,-1.803220555,0.350401951,-0.738168194,0.027531370,0.673433868,-0.028923459,-1.221277528,-0.040594601,0.018816013,1.527910102,-0.536794440,0.037368201,-1.122072421,0.014438493,0.004095585,1.405284989,-0.243216537,-0.012591725,0.352837096,-1.397240831,0.216769114,-0.906125304,-0.079230789,0.834904047,-1.957518824,-0.624115355,0.420388145,0.264477054,-0.859297818
-2.412631949,-1.808475876,0.356123828,-0.739000044,0.032052116,0.672219341,-0.031189013,-1.270446333,-0.062326284,0.013594285,1.572039194,-0.529039523,0.035777145,-1.150380887,-0.007706077,0.002875584,1.436202223,-0.250333366,-0.003529130,0.359867518,-1.447507912,0.180038322,-0.922197336,-0.024850045,0.805548210,-1.991080422,-0.646736926,0.449431190,0.292182731,-0.851060807
-2.404728148,-1.813562540,0.361596554,-0.739480602,0.035840282,0.671377520,-0.033706661,-1.323358977,-0.082168999,0.009240217,1.620696811,-0.523184381,0.032990726,-1.176575810,-0.029721376,0.001439117,1.464458395,-0.255653491,0.005685406,0.361746800,-1.494576360,0.146006999,-0.930678959,0.029855285,0.774119273,-2.025486493,-0.663181928,0.482482003,0.323480345,-0.842483660
-2.396541955,-1.818481035,0.366452935,-0.739791547,0.038785373,0.670752856,-0.035982894,-1.378582801,-0.097542198,0.008175458,1.672189890,-0.518038513,0.031908911,-1.200219975,-0.049381396,0.001687459,1.489838600,-0.258988984,0.015393804,0.360812791,-1.536834019,0.115710618,-0.932687946,0.083157100,0.743401217,-2.058820345,-0.670275973,0.512651663,0.359518446,-0.838524652
-2.388216080,-1.823317371,0.371003296,-0.740010938,0.041306884,0.670241596,-0.038128145,-1.434929327,-0.110680779,0.008748647,1.725080245,-0.513239042,0.031676918,-1.222592099,-0.067864806,0.002771323,1.513798245,-0.261353025,0.025331665,0.358485384,-1.576698274,0.087279793,-0.931500019,0.135771940,0.713045994,-2.091610963,-0.672712888,0.541387967,0.397943707,-0.836851338
-2.379610896,-1.828222360,0.374680659,-0.738720070,0.041515315,0.671691914,-0.037404673,-1.488860079,-0.113941653,0.015077660,1.779567899,-0.508123124,0.034656124,-1.240073982,-0.081362018,0.006012611,1.535375576,-0.264100099,0.032359412,0.352957099,-1.608644633,0.066691150,-0.924994739,0.188663993,0.685961599,-2.120390851,-0.658623031,0.565391367,0.450758342,-0.840058291
-2.371086097,-1.833144377,0.378072420,-0.736958750,0.040693016,0.673773442,-0.035570045,-1.540148610,-0.113971473,0.021765473,1.833558538,-0.503450817,0.036938748,-1.256183681,-0.092991360,0.009429954,1.556291189,-0.266848128,0.037266925,0.347056524,-1.637655496,0.048789709,-0.917718527,0.241537496,0.661209289,-2.149093688,-0.641047489,0.591446483,0.508861927,-0.839857876
-2.362718953,-1.838099790,0.380904038,-0.734259034,0.037848289,0.677078605,-0.031555354,-1.586255027,-0.107664316,0.029156987,1.886574395,-0.499648551,0.037855183,-1.269602155,-0.100957301,0.013192589,1.575908990,-0.269598027,0.038016080,0.340425787,-1.660909052,0.036158602,-0.908930307,0.294374618,0.641030829,-2.177645412,-0.616635567,0.621525576,0.577338585,-0.832974687
-2.354682123,-1.843123502,0.383266400,-0.730722166,0.033632217,0.681352095,-0.025948262,-1.624602460,-0.099578816,0.034268783,1.935896291,-0.496580978,0.039855462,-1.281763341,-0.106259202,0.017703596,1.595438862,-0.270390925,0.037967006,0.334248587,-1.678425165,0.027037987,-0.898177273,0.346827036,0.629822996,-2.204079109,-0.587867325,0.655030181,0.651532595,-0.810094633
-2.346807767,-1.848181897,0.385396952,-0.726720433,0.028740071,0.686053361,-0.019550103,-1.659095503,-0.090639451,0.038246665,1.983370604,-0.493878215,0.042390320,-1.293320314,-0.110241727,0.022604798,1.614933418,-0.270200150,0.037537431,0.328290004,-1.693106348,0.019665502,-0.886452481,0.399076994,0.623050431,-2.229427943,-0.556948674,0.690190409,0.728515915,-0.779289220
-2.339057754,-1.853512824,0.387125850,-0.722212974,0.023518273,0.691180176,-0.011192609,-1.682075541,-0.085759964,0.038517899,2.022518660,-0.492229248,0.045663808,-1.307626935,-0.111183344,0.032793834,1.636193394,-0.264498110,0.039556996,0.321489285,-1.702726562,0.018463293,-0.872784809,0.448182848,0.624823389,-2.244221444,-0.522662137,0.719996236,0.802452603,-0.729579559
-2.331157479,-1.858909796,0.388775233,-0.717623424,0.018694638,0.696176563,-0.002307724,-1.702180837,-0.082356759,0.038622241,2.059604683,-0.492497412,0.048289699,-1.323739662,-0.111297003,0.045027865,1.658471654,-0.257737903,0.042239565,0.312757235,-1.711359943,0.020490011,-0.859115530,0.494827248,0.627059349,-2.250037060,-0.487661383,0.740966418,0.868565614,-0.677665238
-2.322962567,-1.864436271,0.390268702,-0.712965248,0.014655096,0.701004909,0.007609270,-1.716649244,-0.081848301,0.038399336,2.092647397,-0.496524753,0.049645759,-1.343393867,-0.109787172,0.061271791,1.682746600,-0.248902807,0.046222178,0.300238168,-1.718058308,0.028848117,-0.845443101,0.536645146,0.630203180,-2.238248526,-0.451260171,0.744611362,0.919337692,-0.621427945
-2.314636614,-1.869949261,0.391554808,-0.708357666,0.011555960,0.705542452,0.017485025,-1.729979650,-0.083230914,0.041084051,2.119555225,-0.498103311,0.049347267,-1.364132699,-0.108003746,0.078271331,1.707806169,-0.240413375,0.050127054,0.282109168,-1.723575664,0.042516592,-0.832480172,0.573940185,0.634345354,-2.203364426,-0.422042213,0.732070017,0.940254855,-0.571556320
-2.306249516,-1.875453706,0.392737456,-0.703721803,0.008921344,0.709893596,0.027333432,-1.742733129,-0.085536445,0.045214572,2.143438270,-0.498475503,0.048233988,-1.385364196,-0.106087790,0.095622813,1.733233306,-0.232106063,0.053987930,0.261195749,-1.728487807,0.058822120,-0.819874536,0.608989446,0.638987508,-2.156966539,-0.396418918,0.711527599,0.946284854,-0.524831118
-2.298552573,-1.880524134,0.393510709,-0.697955368,0.007254492,0.715202831,0.035924736,-1.751187393,-0.086965736,0.053997790,2.163280378,-0.497458274,0.046251362,-1.397874002,-0.104521538,0.108852969,1.754855128,-0.226646256,0.056526702,0.232450434,-1.727485437,0.082836879,-0.809411993,0.637519852,0.646023763,-2.066986755,-0.387400581,0.675734700,0.895159044,-0.484058004
-2.291158270,-1.885304533,0.394275004,-0.691797240,0.005019493,0.720730289,0.044036730,-1.757954661,-0.086880439,0.063064547,2.183021735,-0.497108965,0.044911487,-1.407991286,-0.102635008,0.119759707,1.776255130,-0.222246654,0.057994544,0.202707560,-1.723431793,0.109268256,-0.799061991,0.663340717,0.653725088,-1.963869088,-0.382808601,0.640174363,0.829844696,-0.446937878
-2.284357262,-1.889516359,0.395021739,-0.684960415,0.001671733,0.726776206,0.051213104,-1.761414745,-0.083825944,0.072687153,2.202565580,-0.498069045,0.044831656,-1.413418274,-0.100120604,0.126111625,1.797220275,-0.219925473,0.057362938,0.171009076,-1.713396441,0.140437163,-0.788932617,0.683849807,0.662730212,-1.834995955,-0.386894039,0.605069941,0.736715180,-0.416979057
-2.277876062,-1.893399784,0.395633401,-0.678201897,-0.001744546,0.732609585,0.057639741,-1.764186976,-0.079199368,0.081672724,2.222172692,-0.498984972,0.046156861,-1.417614140,-0.097359470,0.130724017,1.817705950,-0.218646570,0.056781395,0.140714962,-1.700735106,0.172806998,-0.779161284,0.699925697,0.670694073,-1.694791160,-0.390848114,0.568172005,0.643504993,-0.398193100
-2.271552288,-1.897120732,0.396177626,-0.671443426,-0.005191697,0.738294940,0.063697357,-1.766625069,-0.073800093,0.090338966,2.241806366,-0.499871258,0.048169312,-1.421213428,-0.094473216,0.134490826,1.837957285,-0.217876933,0.056229812,0.111117438,-1.686785423,0.205769152,-0.769563181,0.713810260,0.678148043,-1.549040217,-0.394681213,0.530383845,0.550391047,-0.384909453
-2.265388295,-1.900495700,0.396444204,-0.664815123,-0.008086396,0.743661180,0.070167736,-1.769707852,-0.067872531,0.097413532,2.260456562,-0.498983295,0.049912515,-1.426290361,-0.090651240,0.139759881,1.858341421,-0.216787212,0.056880864,0.083393192,-1.672475520,0.239588659,-0.759475972,0.723467954,0.685673503,-1.404691586,-0.385970420,0.490067695,0.487362833,-0.377751906
-2.259163793,-1.903788291,0.396609768,-0.658353695,-0.010677047,0.748741482,0.076436939,-1.773383658,-0.062212997,0.103643052,2.277893983,-0.496720505,0.050561682,-1.432551071,-0.086691191,0.145636973,1.879159358,-0.215420184,0.057551417,0.056229659,-1.658905633,0.273344818,-0.749826227,0.732079405,0.693296394,-1.267026065,-0.373612002,0.452853563,0.438489684,-0.372298600
-2.252820698,-1.906919428,0.396577349,-0.652309880,-0.012672751,0.753362103,0.082321101,-1.778221764,-0.057078789,0.108216313,2.292954416,-0.491763107,0.049066584,-1.441131936,-0.082460523,0.152705791,1.900827531,-0.213509646,0.058260191,0.030165102,-1.646786148,0.306976819,-0.741033894,0.738640261,0.701110248,-1.142459169,-0.354104387,0.421719261,0.417359889,-0.370185535
-2.246199352,-1.909824205,0.396211418,-0.646673444,-0.014831396,0.757468567,0.088514720,-1.785339528,-0.051827281,0.111738996,2.307894157,-0.484564629,0.046270438,-1.451757699,-0.077169066,0.160617070,1.923962585,-0.211244827,0.057533726,0.004851611,-1.636817749,0.340982572,-0.733293726,0.744547369,0.710744321,-1.038778497,-0.329549461,0.400337511,0.422234762,-0.371067815
-2.239439920,-1.912615513,0.395681450,-0.641202042,-0.017069059,0.761295456,0.094856826,-1.793564945,-0.046510944,0.114751585,2.322769993,-0.476262767,0.042837523,-1.463384321,-0.071355731,0.168947757,1.947825355,-0.208807274,0.056093855,-0.020108492,-1.627905903,0.375190889,-0.726090132,0.750146405,0.721287047,-0.945481627,-0.302497996,0.383794161,0.439960061,-0.373420397
-2.232291725,-1.914841913,0.395007888,-0.634240138,-0.019280484,0.766217716,0.101381075,-1.799791741,-0.039580626,0.118765274,2.336598169,-0.466753526,0.039534944,-1.474812437,-0.065057307,0.178746509,1.973684971,-0.206550020,0.052396303,-0.048257065,-1.619600272,0.413665308,-0.723517939,0.758416811,0.735545061,-0.885481729,-0.270201419,0.380566716,0.482034988,-0.376414112
-2.225189547,-1.916849181,0.394435306,-0.627246607,-0.020638770,0.771143570,0.107113631,-1.803877234,-0.032663882,0.123564958,2.347802260,-0.456542120,0.037151630,-1.485996261,-0.059524634,0.189778386,1.999803862,-0.204530920,0.048352841,-0.078220569,-1.612179535,0.453173528,-0.724350452,0.767827387,0.751267463,-0.837408421,-0.236826912,0.381825738,0.533983823,-0.378482994
-2.218177541,-1.918427053,0.394060597,-0.620276608,-0.020327816,0.776179227,0.111308208,-1.803766797,-0.025773737,0.129904815,2.353864396,-0.444954808,0.036569637,-1.496701388,-0.055492470,0.203226597,2.026430808,-0.202978486,0.043631561,-0.111740474,-1.606492768,0.494707502,-0.731854561,0.779472153,0.769859362,-0.812705530,-0.201340182,0.391876094,0.605280797,-0.378739648
-2.211410008,-1.919729959,0.393872485,-0.613074941,-0.019167086,0.781334036,0.115277334,-1.800050842,-0.020673993,0.139769753,2.355995356,-0.431447505,0.038605521,-1.506455836,-0.051701600,0.221269597,2.052950018,-0.201972880,0.042144386,-0.145426706,-1.602911253,0.536165174,-0.749937109,0.794166199,0.797111547,-0.807408588,-0.164591344,0.406317831,0.693509978,-0.370325791
-2.204764917,-1.920896511,0.393777102,-0.605726362,-0.017580439,0.786508708,0.119124117,-1.794535076,-0.016471578,0.151400223,2.356199980,-0.417025681,0.041951909,-1.515749029,-0.048037504,0.241597695,2.079418448,-0.201242230,0.042277885,-0.179165046,-1.600362146,0.577534225,-0.773241874,0.810398251,0.828671076,-0.811715809,-0.127245310,0.422915574,0.790107784,-0.357688023
-2.198706351,-1.921698107,0.393971797,-0.597960042,-0.014094954,0.792108445,0.121693596,-1.781667066,-0.016698841,0.171491984,2.356199980,-0.408205292,0.051439497,-1.525987657,-0.046236054,0.269444139,2.106317341,-0.202058113,0.050364306,-0.206540660,-1.598096553,0.607794601,-0.805468507,0.836285331,0.874483127,-0.837615443,-0.094440837,0.440644402,0.903104334,-0.349968173
-2.192570629,-1.922497286,0.393870955,-0.590309178,-0.009736329,0.797535831,0.124003535,-1.768719724,-0.019304188,0.195205829,2.356197370,-0.402516027,0.062815837,-1.541714485,-0.047076820,0.299286673,2.136797229,-0.205360665,0.060958039,-0.229363965,-1.595873452,0.630637596,-0.836057420,0.865526593,0.916652555,-0.867937650,-0.066279190,0.455990474,1.015188775,-0.350252020
-2.186283754,-1.923291730,0.393191134,-0.582943993,-0.003668730,0.802703525,0.125816899,-1.755616968,-0.026568404,0.226015643,2.356189648,-0.402960902,0.077892401,-1.568193163,-0.053093913,0.333039713,2.174292593,-0.213534814,0.076463811,-0.243268908,-1.593733597,0.638949309,-0.863437898,0.901338983,0.951685773,-0.906924054,-0.047213235,0.466668527,1.125486315,-0.366215793
-2.179903060,-1.924196753,0.391562259,-0.575317304,0.006540976,0.808294448,0.125009202,-1.743370463,-0.040248653,0.262283747,2.356185378,-0.405585601,0.096755756,-1.609277822,-0.070008502,0.368084826,2.218473672,-0.228229604,0.092955741,-0.248221164,-1.593651380,0.634370494,-0.884558607,0.940179922,0.962513095,-0.944279003,-0.043908166,0.471793747,1.215243597,-0.390174683
-2.173477694,-1.925155796,0.389472552,-0.567463591,0.018765954,0.813956961,0.122910445,-1.731542643,-0.057035663,0.301196194,2.356182850,-0.409268271,0.117459751,-1.657608682,-0.092235838,0.403734548,2.265896238,-0.246100068,0.109879365,-0.248685661,-1.594554081,0.623440395,-0.902593027,0.980446713,0.961380535,-0.980805232,-0.048404994,0.474286704,1.294829090,-0.418065408
-2.167324146,-1.926087780,0.388216014,-0.558912374,0.028512130,0.819462264,0.123635002,-1.719587884,-0.066330891,0.334022201,2.356191436,-0.410933493,0.135244029,-1.726132222,-0.109453109,0.433364831,2.306400141,-0.260271867,0.115826892,-0.226862196,-1.590603618,0.604093142,-0.916102483,1.008466351,0.937279180,-1.010929921,-0.070988852,0.495382006,1.349979361,-0.449582286
-2.161331460,-1.926896109,0.387833317,-0.550930216,0.035278014,0.823905098,0.128108347,-1.707934565,-0.067836850,0.362821746,2.356197700,-0.410325000,0.150478396,-1.800204145,-0.117561509,0.457841539,2.337875528,-0.267482933,0.119968082,-0.196705497,-1.582749490,0.584963334,-0.925816594,1.032293793,0.915074041,-1.037276478,-0.093388662,0.521804951,1.397043034,-0.477303820
-2.155653843,-1.927462245,0.389162169,-0.544172163,0.036211286,0.826425974,0.139948239,-1.696871660,-0.054086372,0.383734870,2.356199416,-0.405263103,0.160718385,-1.885143399,-0.107828833,0.472224206,2.351667229,-0.261060373,0.120571295,-0.150226928,-1.567249457,0.566259424,-0.928096959,1.047910197,0.896582923,-1.056223006,-0.115427990,0.558662876,1.428267910,-0.497591608
-2.150107800,-1.927460315,0.391185645,-0.537411793,0.035460241,0.828716794,0.152182823,-1.685308648,-0.033823233,0.401128278,2.356199980,-0.395278350,0.166981942,-1.973453752,-0.085659680,0.472743455,2.356199980,-0.249826714,0.125629485,-0.102737121,-1.539871202,0.551565813,-0.898093906,1.052339083,0.870023932,-1.066744188,-0.132974727,0.590161300,1.443419896,-0.506656293
-2.144627282,-1.927174224,0.393546680,-0.530586584,0.033891131,0.830808450,0.164580032,-1.673488861,-0.010390011,0.416806294,2.356199980,-0.382870786,0.171287688,-2.063413342,-0.057373282,0.466405798,2.356199980,-0.236261746,0.132886917,-0.054812457,-1.506587333,0.538898102,-0.852195103,1.051230354,0.839492391,-1.073114087,-0.148296474,0.618970819,1.450671219,-0.510169368
-2.139382834,-1.925602293,0.395377896,-0.522687825,0.034510851,0.833836510,0.174135332,-1.659135320,0.009180067,0.434117230,2.356199980,-0.367746123,0.173231773,-2.153140356,-0.022951151,0.445214938,2.356199980,-0.227783789,0.144024544,-0.019657331,-1.454087397,0.539518628,-0.786930619,1.037239811,0.804103794,-1.073836003,-0.158182310,0.633962085,1.451107958,-0.501527168
-2.134198783,-1.923731268,0.396768597,-0.514194497,0.036697096,0.837255095,0.182376668,-1.643367267,0.024664944,0.452949695,2.356199980,-0.353057164,0.175612673,-2.241068941,0.010467128,0.422503805,2.356117772,-0.222121970,0.154104725,0.009628295,-1.396266603,0.542624140,-0.728814784,1.022615442,0.775995899,-1.073708609,-0.167786574,0.646995102,1.450343585,-0.493050660
-2.129133005,-1.921274555,0.397296675,-0.504616743,0.041956111,0.841564641,0.188070682,-1.624829302,0.032150135,0.474761636,2.356199980,-0.339221405,0.178848951,-2.325475821,0.041919653,0.396815658,2.355874584,-0.221974741,0.162114202,0.027420200,-1.328026446,0.550595781,-0.684697513,1.006749909,0.762145155,-1.071918089,-0.176839459,0.656193455,1.447227184,-0.484898612
-2.124936908,-1.918172325,0.397213924,-0.493133332,0.050069657,0.847778005,0.188639867,-1.601136440,0.030343471,0.494970345,2.356199980,-0.328255224,0.181638125,-2.385845492,0.071692957,0.377844276,2.350212953,-0.227187473,0.172075284,0.034243806,-1.251864889,0.556076583,-0.650603096,0.993050105,0.753707760,-1.066451282,-0.187547441,0.642902706,1.440779677,-0.468944197
-2.121171076,-1.914750683,0.396833306,-0.480613281,0.059561884,0.854763941,0.186659749,-1.574896855,0.023972749,0.514356125,2.356199980,-0.318713426,0.184199036,-2.434246245,0.100592757,0.362200729,2.341850810,-0.235007923,0.182958615,0.035690687,-1.171817235,0.560309357,-0.621531632,0.980432599,0.747935189,-1.059167992,-0.199089069,0.618632036,1.432701169,-0.449188399
-2.118371964,-1.910601234,0.396683565,-0.466191607,0.067286197,0.862778824,0.183713511,-1.543683643,0.014196092,0.525716467,2.356199980,-0.313346111,0.184780536,-2.439814420,0.118658487,0.355028305,2.323310343,-0.239538488,0.186926768,0.035380279,-1.089874927,0.558475638,-0.617087632,0.972494826,0.745373940,-1.048284909,-0.215577702,0.600070642,1.424493603,-0.433090836
-2.115556314,-1.906207345,0.396498821,-0.452897900,0.074730062,0.869980981,0.180088876,-1.513986139,0.004471427,0.534384840,2.356199980,-0.308311752,0.184950326,-2.443500040,0.133607717,0.351543013,2.309520616,-0.241354807,0.188966315,0.036058411,-1.010138787,0.555631550,-0.620252682,0.964432211,0.744105788,-1.037186023,-0.233315922,0.591672838,1.417875572,-0.420107612
-2.112708283,-1.901334901,0.396245546,-0.442001753,0.081651222,0.875938834,0.175210409,-1.487256046,-0.005151448,0.537782947,2.356199980,-0.303929247,0.184314082,-2.443500040,0.142455546,0.355276292,2.305031767,-0.237857243,0.187230086,0.038671883,-0.934721829,0.550809391,-0.638314536,0.956125184,0.745369229,-1.025664642,-0.253500551,0.603173049,1.414369491,-0.413221562
-2.109788018,-1.895975093,0.396072523,-0.433254215,0.088105566,0.880739382,0.169783199,-1.463182742,-0.012221042,0.536892017,2.356198828,-0.298932637,0.182029468,-2.441144186,0.147640919,0.364849983,2.310541593,-0.235628615,0.191626224,0.043620165,-0.856398111,0.545988072,-0.657715949,0.948898448,0.752085945,-1.011897838,-0.272849520,0.617218865,1.409496124,-0.411979990
-2.106834156,-1.890374679,0.395944063,-0.425527318,0.094313656,0.884931643,0.164095773,-1.440386754,-0.018001450,0.533874248,2.356197052,-0.293637602,0.178925094,-2.437528832,0.151013087,0.377276340,2.320911149,-0.234072182,0.199103644,0.049746408,-0.776537101,0.541167648,-0.677667025,0.942253303,0.761541011,-0.996994888,-0.291776750,0.632414065,1.403962836,-0.413515173
-2.104243618,-1.884333141,0.396915068,-0.415826142,0.097794799,0.889569922,0.161833713,-1.412868661,-0.015519639,0.525025194,2.356182892,-0.288773904,0.173087744,-2.411752905,0.150014097,0.388615706,2.324439827,-0.243162208,0.223303741,0.063237953,-0.672809178,0.536447449,-0.675640364,0.946609039,0.785510185,-0.974327100,-0.308040755,0.627617440,1.400326794,-0.418109808
-2.101875640,-1.878228549,0.398394367,-0.405388238,0.100136050,0.894260706,0.161030860,-1.382934405,-0.009998607,0.513605600,2.356170424,-0.286309176,0.165704426,-2.383491330,0.147432721,0.393392312,2.325682391,-0.253116790,0.244176761,0.080330548,-0.560813469,0.530556223,-0.659695629,0.959276876,0.809669740,-0.948971141,-0.323795287,0.613110279,1.396745582,-0.422307501
-2.099943284,-1.872000541,0.400868569,-0.393552081,0.100256016,0.899145998,0.163101087,-1.348270901,0.001471203,0.497154590,2.356161268,-0.288540045,0.155295125,-2.350364501,0.141754080,0.385323378,2.322450261,-0.264763603,0.258537568,0.104471614,-0.432634911,0.522372901,-0.616508522,0.988214302,0.834201933,-0.918353527,-0.338552609,0.579596315,1.393271691,-0.425728246
-2.098384312,-1.865559375,0.404331766,-0.381050226,0.100528885,0.903204083,0.170050146,-1.309065990,0.018849434,0.475038365,2.356175069,-0.305772994,0.141047278,-2.319402643,0.143652628,0.365482144,2.317491671,-0.267260476,0.257397354,0.132471961,-0.298448646,0.514365990,-0.557568528,1.021448937,0.865731831,-0.883989793,-0.350661689,0.535694472,1.385904066,-0.427029336
-2.097010602,-1.859012258,0.408282831,-0.368151566,0.100854591,0.906706092,0.179379035,-1.267617441,0.039141829,0.450119557,2.356199980,-0.330500471,0.124871224,-2.289455295,0.149328388,0.339887944,2.311681750,-0.265265058,0.248663543,0.162405091,-0.161405839,0.506445631,-0.490953819,1.056733439,0.900856071,-0.847756334,-0.361484776,0.486719028,1.376614260,-0.427273965
-2.096170450,-1.852121921,0.413062182,-0.353485581,0.100082614,0.909801440,0.193113321,-1.221670813,0.064292955,0.418821353,2.356199980,-0.387124901,0.098354994,-2.250333134,0.169450960,0.315587192,2.304492352,-0.259992391,0.237839434,0.201533493,-0.041330710,0.498576220,-0.430901958,1.081244278,0.971109048,-0.803908967,-0.374277055,0.439463559,1.363772146,-0.423514526
-2.095272969,-1.845423501,0.417627376,-0.338559729,0.099238249,0.912366072,0.207646889,-1.176658000,0.089372995,0.390647048,2.356199980,-0.450460979,0.070343386,-2.210097719,0.189096076,0.291233096,2.296468366,-0.257181270,0.226198914,0.243543014,0.066111693,0.491221303,-0.355415737,1.109255185,1.040023637,-0.757857552,-0.389279001,0.396569168,1.349423694,-0.418136475
-2.094263303,-1.839100644,0.421773486,-0.323252310,0.098286542,0.914199083,0.223802895,-1.133472575,0.114313926,0.368585909,2.356199980,-0.526931093,0.039405472,-2.167683776,0.207806861,0.266774610,2.286811174,-0.259187153,0.212960757,0.291190599,0.148833099,0.484873202,-0.249726000,1.144115383,1.106319133,-0.707493032,-0.408605047,0.362208976,1.332127490,-0.409590961
-2.093393030,-1.833409378,0.425539213,-0.310894915,0.098574752,0.913740152,0.242293839,-1.094588012,0.133743934,0.357675775,2.350610583,-0.593688499,0.010773682,-2.131226676,0.224882012,0.240764422,2.275913004,-0.262361437,0.189744607,0.336833825,0.200407609,0.481522954,-0.106787190,1.205685665,1.159331329,-0.657439813,-0.428932698,0.335968530,1.311397128,-0.397841989
-2.092599118,-1.828028265,0.429128972,-0.299921023,0.099433637,0.911925917,0.261823324,-1.057800937,0.150420133,0.352258513,2.342199703,-0.655519514,-0.016663715,-2.097676462,0.241151838,0.214023475,2.264389807,-0.266108049,0.161664508,0.381426862,0.236679177,0.479713649,0.054229924,1.280297603,1.205876309,-0.607533934,-0.449728499,0.313673483,1.288996770,-0.384520629
-2.093469595,-1.822898328,0.434769893,-0.292704606,0.098242757,0.910810798,0.274036612,-1.019771521,0.155224724,0.354733930,2.315958567,-0.681588092,-0.030585326,-2.062769632,0.256339586,0.193018091,2.249194476,-0.270028047,0.136919014,0.411813447,0.258982209,0.493092373,0.186643794,1.350327416,1.258480316,-0.556627280,-0.466100526,0.286078820,1.268566644,-0.370071496
-2.094352265,-1.818012595,0.441250540,-0.286500307,0.097037109,0.909801061,0.284189026,-0.986375183,0.158537575,0.355887940,2.286845848,-0.698140695,-0.042032667,-2.027932187,0.269985038,0.174902464,2.231523167,-0.273083091,0.115372191,0.436595923,0.278406032,0.506243481,0.300217162,1.412506689,1.312179306,-0.508852857,-0.479694826,0.255682003,1.254278659,-0.357487591
-2.095258790,-1.813604639,0.449374085,-0.282362148,0.095831393,0.909264501,0.290389443,-0.962043299,0.158931891,0.354456664,2.252114975,-0.696075623,-0.048639189,-1.993230493,0.280613040,0.162440546,2.209007696,-0.274445881,0.100083456,0.450414158,0.292196784,0.518949268,0.376929750,1.459326657,1.368020591,-0.467206533,-0.487854598,0.219802871,1.252007558,-0.348552939
-2.095955393,-1.809725523,0.459049231,-0.279041059,0.095099543,0.909997929,0.291540621,-0.942916334,0.153465613,0.346857409,2.211817730,-0.688534659,-0.054772481,-1.957298826,0.284711277,0.154965011,2.182513553,-0.274422676,0.087223138,0.453676055,0.293870276,0.524757402,0.421602243,1.495589407,1.416697676,-0.434106304,-0.491489000,0.182057990,1.266850262,-0.347429868
-2.096552798,-1.806106288,0.469490894,-0.276118327,0.094600690,0.911366376,0.290208042,-0.926308593,0.145089586,0.336214811,2.168749984,-0.678334715,-0.060677595,-1.920743810,0.285578153,0.149951815,2.154056689,-0.273718101,0.075548587,0.451728069,0.289517475,0.527159901,0.450477011,1.526648139,1.461771748,-0.405237338,-0.492887177,0.143399163,1.290171226,-0.350204169
-2.097845421,-1.802744694,0.481499872,-0.272475137,0.094196116,0.914012640,0.285421242,-0.904469508,0.127869744,0.320094681,2.115906935,-0.671906362,-0.067232957,-1.879780490,0.278731531,0.149770630,2.122146522,-0.272285161,0.063525814,0.440147623,0.264836158,0.522980906,0.453149894,1.549342430,1.486766605,-0.386883996,-0.489589886,0.104419308,1.335563455,-0.368585763
-2.099398837,-1.799364518,0.493852232,-0.268634917,0.093888006,0.916849899,0.280011762,-0.880806399,0.110486187,0.304681193,2.060884967,-0.664747726,-0.072838206,-1.837266690,0.270494595,0.150566328,2.089223190,-0.271124640,0.052018176,0.426460330,0.236232681,0.517223521,0.454961500,1.567276904,1.499251649,-0.371716248,-0.485234521,0.066650611,1.385494243,-0.390429616
-2.101462371,-1.795947994,0.506876257,-0.264415473,0.093770690,0.920080968,0.273390798,-0.853575447,0.092782398,0.290649917,2.001600973,-0.656160637,-0.076585008,-1.791720109,0.259538163,0.153272838,2.054318075,-0.270496979,0.041518157,0.408651983,0.199957346,0.508378759,0.455088424,1.575901042,1.487267135,-0.362779610,-0.478809529,0.031250975,1.444302582,-0.419045746
-2.103616796,-1.792503462,0.520261531,-0.259916187,0.093592392,0.923473153,0.266235564,-0.829048573,0.079885663,0.278476554,1.944402830,-0.635976420,-0.079467155,-1.743738282,0.247582678,0.156895231,2.016775035,-0.271129360,0.033161106,0.388225346,0.163288858,0.494933912,0.454153878,1.563504398,1.459210633,-0.355940845,-0.471436719,0.001268586,1.500040636,-0.446381009
-2.105814358,-1.789046510,0.533824433,-0.255267642,0.093377784,0.926898466,0.258801574,-0.805909065,0.069375272,0.267200107,1.888280855,-0.609973730,-0.081944319,-1.694558386,0.235133634,0.160965278,1.977920748,-0.272384230,0.025862737,0.366509224,0.126440814,0.479211070,0.452576199,1.540704654,1.423376154,-0.350113521,-0.463599178,-0.026031202,1.554182573,-0.473044786
-2.107753151,-1.785843204,0.547589952,-0.250721842,0.092803120,0.930468990,0.250506680,-0.795800648,0.066086194,0.253652125,1.843404835,-0.554317588,-0.087957105,-1.643882870,0.221661550,0.165012977,1.934762143,-0.274928187,0.020758465,0.342913024,0.092114753,0.457695194,0.426242455,1.492735333,1.403377546,-0.341458501,-0.455491780,-0.046520001,1.589369930,-0.490682150
-2.109604727,-1.782817966,0.561306999,-0.246210422,0.092049658,0.934079985,0.241664787,-0.790993178,0.064586548,0.238374918,1.803170726,-0.489308010,-0.093990449,-1.593644678,0.207400191,0.168118083,1.890676691,-0.277083100,0.015920919,0.319690113,0.057800690,0.435757197,0.397168824,1.445955532,1.383462358,-0.331220665,-0.447650272,-0.066744348,1.617324491,-0.505250930
-2.111285739,-1.780140955,0.574929253,-0.241786002,0.090953793,0.937842278,0.231773161,-0.796552201,0.066586302,0.219716053,1.772014305,-0.406006921,-0.100063996,-1.544261713,0.191595331,0.169379860,1.844778705,-0.278477201,0.011604982,0.297197206,0.023510087,0.412993706,0.362737088,1.401501946,1.363710305,-0.317887485,-0.440328734,-0.086451535,1.631134649,-0.513818814
-2.112827904,-1.777809134,0.588143423,-0.237697022,0.089274148,0.941627084,0.221062633,-0.809575207,0.069604004,0.200273049,1.748121020,-0.329744365,-0.097441516,-1.497104368,0.174274120,0.167126095,1.798601149,-0.278608572,0.006489026,0.276755352,-0.009708698,0.390613530,0.337736265,1.367148036,1.335882646,-0.302694634,-0.433032623,-0.103776975,1.633916007,-0.517489781
-2.114301751,-1.775648695,0.601153962,-0.233753213,0.087300283,0.945340056,0.209929213,-0.826264021,0.073113411,0.180464429,1.727783905,-0.257264110,-0.090529326,-1.451051605,0.156207783,0.163136508,1.752291619,-0.278119155,0.000986073,0.257331846,-0.042380098,0.368430728,0.317366965,1.337776787,1.304167005,-0.286598702,-0.425749390,-0.119899450,1.631266071,-0.518745657
-2.115686354,-1.774013246,0.613341720,-0.230180025,0.085102422,0.948967351,0.198080037,-0.846421095,0.075468870,0.164139752,1.708651982,-0.252281347,-0.075865521,-1.408303848,0.137359136,0.155693330,1.706904616,-0.276920678,-0.003720434,0.241033893,-0.070413036,0.348224605,0.301319220,1.317514609,1.284134569,-0.271664621,-0.418555062,-0.128361117,1.620592990,-0.515741946
-2.117093903,-1.772528395,0.625218361,-0.226527175,0.082720823,0.952452672,0.186216574,-0.866823753,0.078447670,0.150032051,1.686359200,-0.258786919,-0.066263109,-1.366097363,0.118495312,0.147047443,1.661861039,-0.276034208,-0.008239865,0.225982503,-0.096305917,0.329415688,0.286483630,1.298952607,1.267259601,-0.257808269,-0.411557710,-0.133379466,1.609218675,-0.511588636
-2.118546314,-1.771337983,0.636486720,-0.222756105,0.079993933,0.955813750,0.174358147,-0.887706568,0.082645199,0.140258887,1.657886444,-0.287753984,-0.066556514,-1.324949150,0.099601818,0.136050071,1.617488916,-0.275757759,-0.012393530,0.213368342,-0.118014651,0.313338528,0.274017992,1.283714717,1.256557979,-0.246059049,-0.404945481,-0.131665589,1.596473336,-0.505187676
-2.119953369,-1.770442869,0.647276769,-0.219408664,0.077079645,0.958903395,0.162551057,-0.909338366,0.087645206,0.136291101,1.620172921,-0.316759408,-0.063944339,-1.284897037,0.081035332,0.122617431,1.572781283,-0.275360795,-0.016424927,0.202153170,-0.136678361,0.299489975,0.267952443,1.270523110,1.241829764,-0.237110648,-0.398696704,-0.124373960,1.582117647,-0.498066610
-2.121339089,-1.769695068,0.657829403,-0.216250161,0.074067059,0.961780496,0.150758799,-0.931323779,0.093021322,0.135189721,1.577862111,-0.345750187,-0.059863563,-1.245383229,0.062631580,0.107979530,1.527907949,-0.274906387,-0.020399531,0.191623369,-0.153830316,0.286755982,0.265007670,1.258360961,1.225147318,-0.229551895,-0.392628309,-0.114361556,1.566975702,-0.490587812
-2.122886492,-1.769535635,0.667662873,-0.213051680,0.070953898,0.964426986,0.139481594,-0.950888185,0.095263845,0.139853762,1.519602232,-0.368216129,-0.046259475,-1.206392313,0.044801191,0.090366919,1.482692962,-0.274734814,-0.024951938,0.181431391,-0.166341238,0.279006825,0.260745526,1.251964219,1.211090114,-0.226092141,-0.387101991,-0.105305170,1.551964692,-0.481968000
-2.124509857,-1.769610264,0.677257113,-0.209765586,0.067753375,0.966895333,0.128535183,-0.968337586,0.095342024,0.144710650,1.454923332,-0.387933955,-0.032715076,-1.167282590,0.027376794,0.072027121,1.437323121,-0.274747290,-0.029559276,0.171213415,-0.177588359,0.273036219,0.255469071,1.247136389,1.198068723,-0.223907008,-0.381547725,-0.099724084,1.538107265,-0.472628489
-2.126281704,-1.770142421,0.686383724,-0.206342666,0.064393672,0.969170313,0.118258464,-0.981652742,0.091189511,0.149944497,1.377697041,-0.402279983,-0.019287352,-1.127940629,0.010745994,0.052265874,1.391650587,-0.275119530,-0.034273991,0.160944618,-0.186365099,0.270542187,0.248209922,1.245375341,1.187072059,-0.224213399,-0.375938830,-0.100936240,1.526504769,-0.461882165
-2.128375302,-1.771152247,0.695247954,-0.202739326,0.061083414,0.971279061,0.108547537,-0.987104200,0.081569350,0.153229561,1.286429941,-0.410029051,-0.009812608,-1.087051099,-0.005128253,0.031895519,1.344796146,-0.276435055,-0.038262119,0.150834941,-0.191149099,0.271058882,0.235882944,1.242301066,1.171551561,-0.225110743,-0.369528497,-0.108140781,1.517384433,-0.449183887
-2.130631167,-1.772398836,0.703980709,-0.199032192,0.057794960,0.973253396,0.099114862,-0.988626301,0.069252300,0.155549282,1.188250236,-0.414445694,-0.002297734,-1.045395294,-0.020619576,0.011234396,1.297368478,-0.278204631,-0.041883528,0.140805772,-0.193926469,0.273067168,0.220994257,1.238521472,1.153695891,-0.226290580,-0.362714434,-0.118286766,1.509487675,-0.435532271
-2.133869021,-1.774302295,0.712077557,-0.194406306,0.054674577,0.975147793,0.091124423,-0.973219002,0.051976297,0.155304868,1.079841058,-0.397687085,-0.000319245,-1.001765794,-0.033536315,-0.008107969,1.250754222,-0.278658930,-0.043233370,0.131312186,-0.185878117,0.279076592,0.189506132,1.222409529,1.111649019,-0.226266672,-0.353543173,-0.131107164,1.503700341,-0.421939182
-2.137526839,-1.776420990,0.719772016,-0.189491181,0.051437695,0.976903830,0.084298062,-0.952759067,0.035819784,0.154810617,0.979296119,-0.370277395,0.004322397,-0.958368939,-0.044650478,-0.025620137,1.206030945,-0.277524937,-0.043302676,0.122188906,-0.174208469,0.286319750,0.150453227,1.201304136,1.058798652,-0.226073557,-0.343355804,-0.140385120,1.498332342,-0.409631700
-2.142005386,-1.778960318,0.726680097,-0.184033596,0.047979604,0.978503110,0.079757486,-0.922424840,0.021851076,0.153828115,0.894120149,-0.322052459,0.014168602,-0.915426737,-0.052241894,-0.039555576,1.165003177,-0.273286969,-0.040869450,0.113789311,-0.155461777,0.295973975,0.096616584,1.170440116,0.984835176,-0.225549761,-0.331182673,-0.142740132,1.493783840,-0.399836658
-2.147090664,-1.782052799,0.732502030,-0.177288765,0.044581482,0.980004893,0.078559496,-0.886574001,0.012661083,0.149911187,0.840760340,-0.292268078,0.022829129,-0.874823964,-0.056888172,-0.048799937,1.131428158,-0.264544894,-0.035896778,0.105574652,-0.133168870,0.309143000,0.036755738,1.138865995,0.904594895,-0.224898225,-0.317868854,-0.133657180,1.488810684,-0.394529276
-2.152474277,-1.785417557,0.737786031,-0.169896319,0.041208695,0.981424990,0.079006797,-0.848021508,0.005825135,0.144555367,0.803046082,-0.271560383,0.030862462,-0.835386516,-0.060089442,-0.055725473,1.101564505,-0.253572837,-0.029658828,0.097446960,-0.109176361,0.324032396,-0.026015915,1.107007974,0.821376334,-0.224172656,-0.303995126,-0.118964626,1.483624566,-0.391438787
-2.158237154,-1.789182840,0.741650667,-0.160068851,0.037370392,0.982950094,0.082404675,-0.808111628,0.002801823,0.138129901,0.785462810,-0.264162884,0.029687031,-0.800287494,-0.062051985,-0.057384324,1.085324887,-0.236858601,-0.018650436,0.088674431,-0.091418829,0.339607335,-0.082713869,1.087212144,0.754945722,-0.221216912,-0.289595829,-0.099909102,1.477376890,-0.393121729
-2.163971988,-1.792912384,0.745350705,-0.149840455,0.033713519,0.984453661,0.085218690,-0.767952701,-0.000243373,0.133819711,0.769014683,-0.258425714,0.029370996,-0.766701461,-0.065067556,-0.058612084,1.072937692,-0.219316601,-0.006350376,0.078880357,-0.078143358,0.353513349,-0.133732295,1.074355177,0.700882742,-0.217293926,-0.275369612,-0.085546140,1.471621398,-0.395127198
-2.169652029,-1.796572096,0.748729142,-0.138847149,0.030415534,0.986024643,0.086900906,-0.727307172,-0.003331328,0.133642451,0.754784457,-0.255932575,0.030734090,-0.736071579,-0.070140585,-0.058997560,1.068077554,-0.200157275,0.008473412,0.067090339,-0.073625159,0.364158535,-0.173653777,1.075055702,0.670984253,-0.211481092,-0.261481567,-0.080351740,1.466827560,-0.397762834
-2.175183670,-1.799922222,0.752032705,-0.127504428,0.027432373,0.987717970,0.086042413,-0.685696257,-0.006164252,0.138823466,0.738627878,-0.254333302,0.033702956,-0.706382095,-0.077162697,-0.061131947,1.066445465,-0.180805380,0.022713575,0.052151275,-0.077163266,0.370836603,-0.204696849,1.090439166,0.662493174,-0.205310310,-0.248439083,-0.082072468,1.465852837,-0.399499607
-2.180641601,-1.803118155,0.755299593,-0.115980722,0.024601963,0.989393801,0.083923304,-0.643605621,-0.008875029,0.146626950,0.721508184,-0.253173070,0.037460578,-0.677146267,-0.085133381,-0.064132508,1.066388487,-0.161368207,0.036642785,0.035660487,-0.084678631,0.375551552,-0.231378174,1.113079658,0.664546004,-0.198967746,-0.235820560,-0.087140274,1.466766563,-0.400820567
-2.185863879,-1.805742455,0.758545349,-0.104327720,0.021977098,0.991133007,0.079297519,-0.599941897,-0.012039935,0.155537239,0.700135700,-0.252493748,0.042091368,-0.646852631,-0.092489860,-0.069432646,1.066092150,-0.143593549,0.045647290,0.016526024,-0.100368844,0.375363938,-0.253106162,1.152197954,0.683661190,-0.193197551,-0.225298114,-0.086546842,1.472128390,-0.406531976
-2.191003284,-1.808209095,0.761724262,-0.092794559,0.019441610,0.992703504,0.074504672,-0.556318503,-0.015611200,0.162535754,0.677938188,-0.251872151,0.046837947,-0.615893165,-0.098406190,-0.074050145,1.064511525,-0.127449442,0.052215448,-0.002274802,-0.117689856,0.373759332,-0.273959268,1.193943198,0.705933892,-0.187706382,-0.215740316,-0.083380924,1.478013716,-0.414584375
-2.195980801,-1.810367761,0.764772605,-0.081513385,0.017084490,0.994106381,0.069398779,-0.512773889,-0.019976253,0.165799785,0.654129054,-0.251363313,0.051810707,-0.583633057,-0.101509313,-0.077334167,1.060422154,-0.114490474,0.054024413,-0.020423896,-0.138196497,0.369386751,-0.293103368,1.240819956,0.734374533,-0.182760268,-0.208066877,-0.075189872,1.484921651,-0.427209694
-2.200804998,-1.812195134,0.767583308,-0.070729191,0.014784405,0.995269026,0.064948976,-0.469946833,-0.024694553,0.163848991,0.629473221,-0.251059084,0.055971641,-0.549945571,-0.100196165,-0.076858810,1.051775453,-0.108976569,0.050474986,-0.036120238,-0.159527998,0.363451175,-0.309585765,1.285644295,0.766105028,-0.178804123,-0.202172656,-0.067790270,1.493059577,-0.441726833
-2.205553037,-1.813857851,0.770275962,-0.060185711,0.012510978,0.996253904,0.060821995,-0.427474807,-0.029578261,0.159331458,0.604400096,-0.250857782,0.059727147,-0.515548411,-0.096694162,-0.074512265,1.040853234,-0.107195432,0.044298692,-0.050595454,-0.181253796,0.356750624,-0.324715057,1.329399328,0.799416323,-0.175337641,-0.197159740,-0.060808881,1.501804697,-0.457157203
-2.210056190,-1.814973160,0.772587513,-0.050004618,0.010164930,0.997019415,0.057866204,-0.385886455,-0.033135589,0.150916971,0.578591444,-0.251226071,0.061776547,-0.478746420,-0.087041153,-0.065442493,1.020434910,-0.123818946,0.036098867,-0.060628178,-0.201396610,0.349696255,-0.329769230,1.360509398,0.827954275,-0.173061773,-0.194524211,-0.059806760,1.511805789,-0.470631862
-2.214366151,-1.815877377,0.774760891,-0.040107547,0.007777227,0.997645316,0.055088318,-0.345167549,-0.035584657,0.143495882,0.552918216,-0.251603951,0.063157004,-0.441861875,-0.076183216,-0.055055572,0.996110600,-0.144333314,0.028641505,-0.069369401,-0.220660089,0.343242918,-0.330728172,1.385580748,0.851518014,-0.171126383,-0.192488015,-0.059709893,1.521532932,-0.483020817
-2.218298812,-1.816369334,0.776664420,-0.030771894,0.005309549,0.998123874,0.052665281,-0.306146650,-0.035869318,0.138014877,0.527509468,-0.252000564,0.063231029,-0.404816103,-0.062972078,-0.042096287,0.964157981,-0.172446436,0.022634157,-0.075588348,-0.238206247,0.337963383,-0.323689217,1.398858605,0.865367220,-0.169855942,-0.191622305,-0.061380971,1.530725060,-0.493289418
-2.221782254,-1.816483840,0.778354829,-0.022050354,0.002841813,0.998487959,0.050274257,-0.269440480,-0.034032835,0.136651247,0.502604934,-0.252133937,0.062174526,-0.368714942,-0.049541876,-0.028977956,0.923973410,-0.198333221,0.017675884,-0.080048078,-0.253538548,0.333957440,-0.309890372,1.399732030,0.867467410,-0.169447644,-0.191205974,-0.061486955,1.538148303,-0.502341276
-2.225043275,-1.816412204,0.779939766,-0.013634691,0.000375844,0.998759022,0.047899587,-0.233882378,-0.031154913,0.137324228,0.477946018,-0.252135479,0.060560675,-0.333083868,-0.036020556,-0.015797028,0.879707664,-0.223087123,0.013265955,-0.083636139,-0.267771421,0.330577882,-0.292788312,1.394477799,0.863751462,-0.169472621,-0.191010119,-0.060806167,1.544700344,-0.510782806
-2.227717789,-1.815986050,0.781255778,-0.006475530,-0.001745796,0.998919215,0.045993710,-0.201716479,-0.027145593,0.142998730,0.453194686,-0.251515097,0.057918930,-0.299130518,-0.025443537,-0.005416439,0.823702652,-0.239241916,0.015611732,-0.084808606,-0.278501061,0.328078449,-0.275013654,1.375653583,0.844901103,-0.171816404,-0.191024380,-0.055874304,1.549803101,-0.516166947
-2.230269092,-1.815484069,0.782490127,0.000377597,-0.003589327,0.999006920,0.044408873,-0.170287356,-0.023555830,0.149419453,0.428298038,-0.250559478,0.055227619,-0.265351648,-0.016569278,0.002632049,0.764791875,-0.251853137,0.020629875,-0.084977096,-0.288212427,0.325317408,-0.259954862,1.354746400,0.822646869,-0.174836363,-0.191142448,-0.048730027,1.553958527,-0.520740110
-2.232579817,-1.814834035,0.783565024,0.006632604,-0.004889918,0.999021442,0.043454062,-0.140296822,-0.020785272,0.157297207,0.403117656,-0.248949296,0.052439529,-0.231913457,-0.011019731,0.006127007,0.700207464,-0.257545377,0.030865929,-0.083185273,-0.295935568,0.322045563,-0.250198918,1.329772135,0.793746422,-0.179176587,-0.191463208,-0.037265917,1.556264248,-0.523729802
-2.234834304,-1.814028164,0.784603341,0.012806868,-0.005416195,0.998957962,0.043469980,-0.110409887,-0.019833887,0.164916099,0.377758614,-0.245976651,0.049432803,-0.198581673,-0.008603108,0.002627280,0.636866972,-0.254014474,0.037351454,-0.079009707,-0.301942262,0.317654681,-0.249166102,1.304598098,0.764010302,-0.184169750,-0.191943676,-0.019715201,1.555232325,-0.527196646
-2.237061472,-1.813144770,0.785624424,0.018942225,-0.005558851,0.998837885,0.043967837,-0.080555829,-0.019787917,0.172396639,0.352285589,-0.242315867,0.046317354,-0.165317235,-0.007733679,-0.004328026,0.574262129,-0.245952922,0.041907785,-0.073650556,-0.307099144,0.312708344,-0.252462515,1.279344394,0.733906216,-0.189481277,-0.192501274,0.000847260,1.552552293,-0.530892489
-2.239311830,-1.811989050,0.786759511,0.025221788,-0.004658640,0.998606270,0.046126732,-0.047439763,-0.022998426,0.177658381,0.321868678,-0.234365166,0.042827757,-0.134897954,-0.010243120,-0.019058136,0.535385482,-0.232409429,0.028214059,-0.064544681,-0.310008815,0.306035084,-0.269098385,1.257378817,0.711153454,-0.194742017,-0.192909949,0.029057840,1.546307263,-0.533877245
-2.241732761,-1.810773968,0.788006559,0.031731528,-0.003521169,0.998291262,0.048941471,-0.010252281,-0.027628476,0.181531439,0.284574026,-0.223103967,0.038699316,-0.104456280,-0.013730188,-0.032653571,0.500760573,-0.220694755,0.017190975,-0.054118696,-0.311626136,0.298623910,-0.287701059,1.237679923,0.691983429,-0.199567941,-0.193361678,0.058902251,1.538947049,-0.536300981
-2.244486669,-1.809443005,0.789472168,0.038691099,-0.001920696,0.997840826,0.053037687,0.034883045,-0.035029624,0.182693634,0.233853278,-0.205380316,0.033323785,-0.073970891,-0.019125693,-0.044033998,0.474435519,-0.212550137,0.011381273,-0.041115713,-0.310720649,0.289772246,-0.310143147,1.222405840,0.679807294,-0.203545053,-0.193897455,0.091936076,1.529409876,-0.537629546
-2.247599097,-1.808072385,0.790831730,0.046436517,-0.000122070,0.997147408,0.059503632,0.087983875,-0.044128824,0.181622822,0.167896885,-0.180327216,0.026900506,-0.042845371,-0.024884306,-0.053219718,0.449929829,-0.207010172,0.009862229,-0.026161741,-0.306198777,0.279057605,-0.327016939,1.212400710,0.673514376,-0.206456585,-0.194512190,0.125329536,1.517313773,-0.537961023
-2.250882796,-1.806680327,0.792132362,0.054549953,0.001761011,0.996251961,0.067106122,0.144882112,-0.054021557,0.179453328,0.094627703,-0.151739476,0.019964322,-0.011429166,-0.030795044,-0.061328141,0.426333568,-0.202774340,0.010442350,-0.010287531,-0.299894227,0.267434746,-0.341098738,1.205000654,0.670104475,-0.208854681,-0.195153017,0.158838991,1.503955411,-0.537789085
-2.253499369,-1.804906187,0.792118486,0.060591721,0.001412866,0.995556913,0.072063035,0.185527479,-0.057528031,0.175600002,0.043401492,-0.130711127,0.012714389,0.016033299,-0.032129937,-0.068245887,0.406717198,-0.204632771,0.012078716,-0.000196284,-0.290250695,0.255943092,-0.341424147,1.203885771,0.669003650,-0.212432650,-0.193521413,0.181478161,1.488079583,-0.534520584
-2.255928916,-1.803073575,0.792015653,0.066174190,0.000779803,0.994938441,0.075616578,0.217896743,-0.058575296,0.171644566,0.007592977,-0.116370759,0.006156204,0.044377395,-0.032378093,-0.076505846,0.384525759,-0.207344743,0.014459664,0.006641859,-0.279874943,0.244516671,-0.339849761,1.205049006,0.666899734,-0.215510670,-0.191671762,0.199259754,1.470430931,-0.529609559
-2.257993453,-1.801126844,0.791739203,0.070865271,-0.000409205,0.994552815,0.076437189,0.234113755,-0.054822991,0.167489845,0.001874767,-0.115083143,0.000948085,0.074442149,-0.030505296,-0.087385370,0.357308630,-0.211722545,0.018293791,0.007131003,-0.268070137,0.233217565,-0.334567599,1.210658384,0.662838114,-0.217612952,-0.189396555,0.207560943,1.449322306,-0.521492863
-2.260096641,-1.799207229,0.791719983,0.075218401,-0.001309730,0.994366983,0.074664444,0.243902470,-0.049644428,0.163676769,0.006281184,-0.118157856,-0.002486103,0.111579231,-0.027676853,-0.101239421,0.315681772,-0.212512750,0.025926649,0.003237736,-0.255899583,0.221478031,-0.334000584,1.220947647,0.660968579,-0.216699721,-0.187804307,0.206991035,1.425818885,-0.508937070
-2.262218418,-1.797301660,0.791825080,0.079403968,-0.002068790,0.994263275,0.071632881,0.250563864,-0.043777242,0.160041863,0.015618769,-0.123366967,-0.005052677,0.152170306,-0.024373764,-0.116521880,0.266985760,-0.211514803,0.035420316,-0.002783850,-0.243547655,0.209523746,-0.335774511,1.233539736,0.660247162,-0.214298563,-0.186545929,0.202064488,1.401148683,-0.494186661
-2.264292393,-1.795544116,0.791720830,0.083304501,-0.002696561,0.994064592,0.069919059,0.258727929,-0.039192782,0.158493953,0.023606038,-0.129757930,-0.007199136,0.193527395,-0.019531570,-0.127725896,0.210985781,-0.203601554,0.046335795,-0.007112166,-0.230658108,0.197584255,-0.344968983,1.249764258,0.673808188,-0.208816869,-0.185420812,0.191801315,1.376724815,-0.474129867
-2.266195020,-1.793815751,0.791529949,0.086818033,-0.003314985,0.993803822,0.069322467,0.268283244,-0.035323091,0.157028780,0.027422078,-0.134832029,-0.009619806,0.229499413,-0.014783336,-0.135729259,0.161873084,-0.195298109,0.055263792,-0.008986358,-0.217507754,0.185671379,-0.351658014,1.266660409,0.691481220,-0.203172275,-0.184098656,0.182553437,1.353980286,-0.452948813
-2.267763310,-1.792144320,0.791170028,0.089578332,-0.003915227,0.993444776,0.070907471,0.280553221,-0.032848082,0.155725044,0.023099056,-0.137336611,-0.012575529,0.254963871,-0.010218444,-0.137487384,0.126199116,-0.186233296,0.060313738,-0.006071968,-0.203848504,0.173810434,-0.353458331,1.284867069,0.717177754,-0.197209826,-0.182392030,0.175286643,1.334512545,-0.429574058
-2.268794166,-1.790532754,0.790949009,0.091390000,-0.004456106,0.993022386,0.074394565,0.292349388,-0.031431994,0.153461945,0.014529498,-0.136947510,-0.015582093,0.266018413,-0.007181026,-0.133840968,0.112292405,-0.181933240,0.060443637,0.001155565,-0.189792979,0.163015678,-0.342336143,1.304431681,0.743100982,-0.191601102,-0.180852329,0.174862863,1.318942644,-0.408888259
-2.269558585,-1.788951476,0.790797148,0.092728993,-0.004966469,0.992555851,0.078800700,0.303867132,-0.030531569,0.150730700,0.003934852,-0.135153208,-0.018605540,0.269984423,-0.004894437,-0.127553344,0.109086369,-0.179983329,0.058160821,0.010484337,-0.175548170,0.152763868,-0.324841988,1.324667751,0.769080729,-0.186169591,-0.179397931,0.177817294,1.305310946,-0.389575380
-2.269543279,-1.787566440,0.790900075,0.092505189,-0.005207753,0.992327135,0.081868962,0.306884863,-0.029497655,0.147947362,0.001566042,-0.134430345,-0.020209099,0.262964887,-0.003670539,-0.120267869,0.121202824,-0.182790324,0.053483695,0.019424470,-0.162015771,0.146639188,-0.294782189,1.346558658,0.785362365,-0.181583585,-0.178643150,0.188140844,1.298379761,-0.381316668
-2.269449825,-1.786241106,0.791018369,0.092001726,-0.005274494,0.992204507,0.083893258,0.307922006,-0.028312999,0.145946323,0.000000000,-0.133452097,-0.021589593,0.256041373,-0.002471510,-0.114925936,0.132258615,-0.185415341,0.049336422,0.026817079,-0.149428266,0.141988479,-0.262849970,1.370476770,0.798109093,-0.176790366,-0.178001837,0.198182103,1.293715003,-0.376054637
-2.269203918,-1.785032238,0.791166643,0.090954065,-0.005000811,0.992303446,0.083882184,0.305095412,-0.026834277,0.145471398,0.000000000,-0.131975643,-0.022534931,0.249305178,-0.001320994,-0.113375474,0.141245258,-0.187685353,0.046222789,0.031190771,-0.138684061,0.140213196,-0.227265025,1.398349562,0.803959907,-0.171592917,-0.177581879,0.207672667,1.293471598,-0.376638542
-2.269097929,-1.783893044,0.791248538,0.089509719,-0.004541449,0.992563777,0.082368277,0.300494127,-0.025053250,0.146518115,0.000643669,-0.130420591,-0.023673147,0.245418184,-0.000257494,-0.116838608,0.144625046,-0.189076031,0.044514212,0.032795051,-0.131328388,0.140918059,-0.190823724,1.431964076,0.811589427,-0.165231406,-0.176947027,0.213363265,1.296734110,-0.378814651
-2.269061268,-1.782788618,0.791297689,0.087874177,-0.003990582,0.992896309,0.080119435,0.295029991,-0.023126381,0.148305662,0.001615548,-0.128841642,-0.024902592,0.242948104,0.000763917,-0.122743955,0.145227325,-0.190030270,0.043502470,0.033036719,-0.125643373,0.142862763,-0.154089902,1.468346575,0.820123918,-0.158292694,-0.176204210,0.217177950,1.301735047,-0.381778535
-2.269221920,-1.781826017,0.791279092,0.086733630,-0.003271591,0.993201580,0.077570587,0.289996561,-0.021475197,0.149903595,0.005145330,-0.129828553,-0.025632079,0.245414430,0.001845333,-0.128253013,0.138035688,-0.189613398,0.044586207,0.031081518,-0.123255231,0.150253100,-0.139591059,1.499132919,0.835371141,-0.149637915,-0.174893831,0.216867373,1.311906943,-0.386783426
-2.269346010,-1.780859828,0.791263017,0.085732758,-0.002641487,0.993484098,0.075048413,0.286058868,-0.019837789,0.150761566,0.007335154,-0.130645174,-0.026124959,0.248315307,0.003268614,-0.132364775,0.130217349,-0.188751087,0.045583189,0.029231494,-0.120584501,0.159179590,-0.132464179,1.522866247,0.853998091,-0.140823758,-0.173394109,0.216412690,1.324544951,-0.393422282
-2.269398793,-1.779886642,0.791251859,0.085005085,-0.002184776,0.993731179,0.072578970,0.284258265,-0.018227246,0.150176338,0.006911567,-0.131129666,-0.026156368,0.252063723,0.005358657,-0.133751294,0.121176707,-0.187020008,0.046410965,0.027586605,-0.117362622,0.171102146,-0.139715354,1.532843591,0.879216758,-0.131698756,-0.171525101,0.215676944,1.341992789,-0.403247973
-2.269299243,-1.778922641,0.791259334,0.084349591,-0.001901896,0.993974618,0.069971342,0.283799310,-0.016433003,0.148223718,0.004593381,-0.131457878,-0.026865477,0.254592167,0.007838309,-0.134475765,0.114203104,-0.185107811,0.046122222,0.027097622,-0.113137302,0.184962382,-0.147488476,1.531210268,0.904926845,-0.123018067,-0.169747678,0.216446262,1.364118861,-0.418503033
-2.269124508,-1.777963650,0.791275940,0.083728908,-0.001703285,0.994212295,0.067293997,0.283987863,-0.014548794,0.145603372,0.001365318,-0.131717349,-0.027909630,0.256518725,0.010506704,-0.134882862,0.108248267,-0.183109448,0.045285146,0.027179280,-0.108427230,0.199772497,-0.155408445,1.523894581,0.930809499,-0.114559692,-0.168015123,0.217961002,1.388554838,-0.436447627
-2.268785468,-1.777098465,0.791300902,0.083103611,-0.001423912,0.994466480,0.064250937,0.283033881,-0.012590502,0.142773721,0.000543337,-0.133288335,-0.029781760,0.257174514,0.012968523,-0.136231857,0.104265017,-0.181484818,0.043728379,0.028528763,-0.104489006,0.215526457,-0.144363561,1.512573188,0.944885193,-0.107112063,-0.166321800,0.221551791,1.418189896,-0.461968583
-2.268417819,-1.776247150,0.791329369,0.082387146,-0.001086624,0.994728137,0.061050073,0.281360693,-0.010632819,0.140276468,0.000000000,-0.134463035,-0.031610555,0.257701213,0.015359291,-0.137740462,0.100184162,-0.179861373,0.042185483,0.029636830,-0.101005098,0.231168003,-0.127325153,1.502111002,0.953826192,-0.099880089,-0.164545227,0.224607883,1.448104689,-0.488881810
-2.267994383,-1.775422880,0.791364667,0.081493487,-0.000636420,0.995011221,0.057541963,0.278285098,-0.008676324,0.138427370,0.000000000,-0.134865003,-0.033354848,0.257976196,0.017611515,-0.139560296,0.095912983,-0.178240238,0.040669638,0.030274153,-0.098407075,0.246590350,-0.098599762,1.493324214,0.952754871,-0.093068632,-0.162606319,0.226621348,1.478564947,-0.518509876
-2.267544693,-1.774607461,0.791419370,0.080393407,-0.000143279,0.995318887,0.053639479,0.273893195,-0.006651398,0.136841860,0.000000000,-0.133879635,-0.034605531,0.257770964,0.019982980,-0.140401276,0.091745856,-0.176526368,0.039056102,0.029321759,-0.096268550,0.261220082,-0.068085747,1.486096697,0.945995463,-0.086279278,-0.160997562,0.224268630,1.506386406,-0.547296330
-2.267081827,-1.773796530,0.791483825,0.079190743,0.000370338,0.995627509,0.049543433,0.268854749,-0.004593542,0.135383334,0.000000025,-0.132214125,-0.035611163,0.257320227,0.022412687,-0.140756555,0.087643727,-0.174769067,0.037390987,0.027584919,-0.094357017,0.275453510,-0.036772045,1.479637714,0.936450784,-0.079502584,-0.159558288,0.219748084,1.532884058,-0.575635806
-2.266552388,-1.773016318,0.791599984,0.077796154,0.000805608,0.995938785,0.045310547,0.262933463,-0.002609287,0.133667445,0.000004342,-0.129843565,-0.035831571,0.254864265,0.024865282,-0.139597838,0.086038445,-0.173319855,0.035032129,0.024151191,-0.092980257,0.287934132,-0.018036276,1.474688018,0.924594443,-0.073055862,-0.159619532,0.208237520,1.552774875,-0.597540409
-2.265967415,-1.772287763,0.791731202,0.076285004,0.001251238,0.996224068,0.041432334,0.256935567,-0.000839934,0.131919816,0.000006369,-0.127542642,-0.036028632,0.251389553,0.027051079,-0.138848976,0.085761221,-0.172222837,0.032456152,0.020667748,-0.091787334,0.299596427,-0.004723252,1.469843403,0.913523546,-0.067144153,-0.160357884,0.195594218,1.570132554,-0.616694301
-2.265274180,-1.771659910,0.791891779,0.074548464,0.001717084,0.996482198,0.038246652,0.250788321,0.000510468,0.130110308,0.000003931,-0.125377474,-0.036180178,0.245928790,0.028716752,-0.138899125,0.088073049,-0.171812419,0.029456903,0.017087383,-0.090952801,0.309663394,-0.001981876,1.465203641,0.903983870,-0.062275455,-0.162416259,0.180742642,1.582551880,-0.630485678
-2.264496304,-1.771072596,0.792041318,0.072806007,0.002127071,0.996711105,0.035520890,0.244852013,0.001677101,0.128571453,0.000001931,-0.123510805,-0.036903885,0.239286991,0.029954878,-0.139793436,0.092420375,-0.172305932,0.026709831,0.013662932,-0.090349448,0.317982424,-0.006732191,1.459835015,0.896812155,-0.058538862,-0.165394291,0.166845532,1.589821534,-0.640650774
-2.263676882,-1.770505213,0.792185241,0.071061538,0.002510073,0.996922158,0.033017702,0.239019651,0.002753267,0.127167908,0.000000153,-0.121789885,-0.037909605,0.232070961,0.030983113,-0.141096678,0.097761162,-0.173243358,0.024088661,0.010313144,-0.089860971,0.325432093,-0.015152320,1.454110533,0.890808115,-0.055363526,-0.168825483,0.153437223,1.594547661,-0.649027554
-2.262804546,-1.769969192,0.792287988,0.069511651,0.002934695,0.997117376,0.030273019,0.233389960,0.003668575,0.126360125,0.000000061,-0.120122911,-0.039476292,0.225063629,0.031738204,-0.141989039,0.103396740,-0.174785214,0.021992884,0.006737559,-0.089760199,0.329814026,-0.026972432,1.448259539,0.887217030,-0.053861313,-0.173135703,0.144143509,1.593307539,-0.653684130
-2.261912807,-1.769446269,0.792385970,0.067922620,0.003424757,0.997304472,0.027542298,0.227643699,0.004397585,0.125588443,0.000000000,-0.118274708,-0.040977676,0.218457274,0.032385003,-0.142752565,0.108137535,-0.176157612,0.020045864,0.003320392,-0.089953027,0.333016753,-0.038084581,1.443154982,0.884136210,-0.053060615,-0.177638446,0.135882455,1.590625959,-0.657055639
-2.260983254,-1.768948876,0.792474663,0.066257953,0.004042393,0.997485119,0.024839087,0.221670235,0.004763488,0.124887124,0.000000000,-0.116073276,-0.042351779,0.212632450,0.032820734,-0.143264980,0.111134340,-0.177199723,0.018388779,0.000211994,-0.090718099,0.333921132,-0.047816861,1.439505284,0.882049932,-0.053627217,-0.182516431,0.129634124,1.585134885,-0.657922465
-2.260006661,-1.768434408,0.792584157,0.064570143,0.004810706,0.997649433,0.022431288,0.215436769,0.004661495,0.124098971,0.000000001,-0.113599879,-0.043101018,0.207352682,0.032935682,-0.143837966,0.112333296,-0.177746295,0.017004055,-0.002204087,-0.092287554,0.332513276,-0.055079665,1.438004038,0.880687996,-0.055770833,-0.187406296,0.123422443,1.578373183,-0.656054584
-2.259006220,-1.767911249,0.792704036,0.062867591,0.005653750,0.997802072,0.020167467,0.209069452,0.004328680,0.123267488,0.000000003,-0.110990706,-0.043545221,0.202334810,0.032892147,-0.144441004,0.112649073,-0.178048594,0.015750968,-0.004278800,-0.094256807,0.329961338,-0.061128621,1.437561369,0.879681675,-0.058696415,-0.192299864,0.117227101,1.570986701,-0.652830195
-2.257845634,-1.767323879,0.792867081,0.060611766,0.006729392,0.997977658,0.017931074,0.201465958,0.003497681,0.122258918,0.000000004,-0.107815605,-0.043877329,0.196696938,0.032467261,-0.145137733,0.111692664,-0.177855357,0.014320036,-0.005644788,-0.097593879,0.324362814,-0.065303633,1.439182795,0.879151380,-0.063986211,-0.196835346,0.110771791,1.562598737,-0.645420572
-2.256606745,-1.766704511,0.793049943,0.058210681,0.007829081,0.998151018,0.015645063,0.193280514,0.002598452,0.121061055,0.000000004,-0.104405037,-0.044360954,0.190583526,0.031999131,-0.145963633,0.110634962,-0.177510138,0.012506597,-0.006673262,-0.101525489,0.317870343,-0.069808322,1.440812324,0.878631685,-0.069960107,-0.201174397,0.104995970,1.553846889,-0.637097050
-2.255215271,-1.766022790,0.793271424,0.055527084,0.008975681,0.998328746,0.013262538,0.183961068,0.001566267,0.119494330,0.000000002,-0.100535630,-0.045139830,0.183543462,0.031446733,-0.147041239,0.109379877,-0.176868762,0.009947792,-0.007044041,-0.106615636,0.309635897,-0.074955429,1.442457642,0.878132645,-0.077267063,-0.205130677,0.100544223,1.544385965,-0.626992675
-2.253521339,-1.765361805,0.793525301,0.051978135,0.010297634,0.998536943,0.010779862,0.172369176,0.000140916,0.117173656,0.000000001,-0.095702718,-0.046017513,0.174559635,0.030559797,-0.148178971,0.108220527,-0.176677554,0.006929517,-0.006560221,-0.113121915,0.299608941,-0.081425674,1.442795489,0.876628446,-0.085384715,-0.208950934,0.099574963,1.533604581,-0.614310004
-2.251677371,-1.764710935,0.793795136,0.048002880,0.011706735,0.998744565,0.008244402,0.159649785,-0.001479406,0.114478641,0.000000000,-0.090391046,-0.046940774,0.164610884,0.029506914,-0.149346311,0.107112608,-0.176710110,0.003687100,-0.005656290,-0.120331551,0.288697666,-0.088568967,1.442480466,0.874624358,-0.093903297,-0.212703154,0.100336579,1.522172470,-0.600360865
-2.249367648,-1.764062760,0.794095869,0.043333614,0.013441371,0.998957452,0.005053446,0.143391010,-0.003694794,0.110564736,0.000000000,-0.083458499,-0.047431416,0.151548288,0.027939554,-0.150569259,0.106822869,-0.177513180,0.000380797,-0.004086315,-0.129870699,0.275854674,-0.100592214,1.439421714,0.870855959,-0.103462530,-0.216150310,0.107033746,1.509438357,-0.584571473
-2.246832248,-1.763418226,0.794457533,0.037997079,0.015154293,0.999161968,0.001389921,0.125286577,-0.005981495,0.106234073,0.000000000,-0.075685695,-0.047876559,0.136716355,0.026373034,-0.151468328,0.107254022,-0.177525399,-0.003266595,-0.002820792,-0.140292360,0.262814258,-0.117192119,1.434940418,0.866587590,-0.113413652,-0.219570490,0.115804678,1.496128069,-0.567668622
-2.243857184,-1.762780786,0.794937903,0.031361203,0.016825009,0.999361392,-0.003194111,0.103586436,-0.008407128,0.101091485,0.000000000,-0.066275902,-0.048233061,0.118437406,0.024808153,-0.151736418,0.109089619,-0.175996883,-0.007578494,-0.002148399,-0.152433330,0.249389221,-0.142708259,1.427687725,0.861345178,-0.124128250,-0.222938118,0.128615716,1.481695279,-0.548596530
-2.240418874,-1.762152966,0.795504862,0.023809986,0.018589901,0.999509447,-0.008268355,0.078539765,-0.011352069,0.096049173,0.000000000,-0.055408636,-0.048790924,0.096301357,0.022905864,-0.151675413,0.112843540,-0.173361907,-0.012923130,-0.002224589,-0.166344178,0.236812414,-0.181838659,1.416142781,0.857572088,-0.136096971,-0.226105452,0.144019227,1.467180617,-0.528564734
-2.236749850,-1.761529464,0.796114035,0.015799016,0.020401004,0.999574756,-0.013582992,0.051828159,-0.014557982,0.091064612,0.000000000,-0.043820537,-0.049445688,0.072238585,0.020832867,-0.151448547,0.117558791,-0.170188474,-0.018783174,-0.002665096,-0.181129758,0.224667963,-0.227691628,1.402441120,0.854529506,-0.148686857,-0.229174880,0.160687785,1.452622393,-0.508057100
-2.232210079,-1.760844239,0.796732487,0.005623220,0.022456227,0.999546114,-0.019278567,0.019123270,-0.019134462,0.087586427,0.000000000,-0.030343872,-0.049907922,0.039956190,0.017675770,-0.150272083,0.126881197,-0.167061872,-0.026764483,-0.003077407,-0.198105825,0.215790156,-0.289373136,1.377462139,0.854034688,-0.163054128,-0.232179842,0.177824259,1.437439938,-0.486105236
-2.227328661,-1.760131792,0.797308718,-0.005393065,0.024655491,0.999370035,-0.024951058,-0.015992247,-0.024374915,0.085095380,0.000000000,-0.016095124,-0.050295882,0.004106941,0.013930547,-0.148508703,0.138421043,-0.164183831,-0.035624640,-0.002953603,-0.215855456,0.208361572,-0.351091086,1.348770359,0.851453951,-0.177981499,-0.235584645,0.195154621,1.421501689,-0.463742553
-2.221781798,-1.759366322,0.797802715,-0.018044998,0.027137250,0.999000910,-0.030579903,-0.055803100,-0.030908632,0.084527046,0.000000000,-0.000342539,-0.050539172,-0.038689700,0.009039796,-0.145602153,0.154279941,-0.161789926,-0.046196585,-0.001785573,-0.235111808,0.203755736,-0.412880018,1.312846920,0.844810339,-0.193999811,-0.239768244,0.212862635,1.404091333,-0.440579695
-2.215588749,-1.758531235,0.798157439,-0.032498423,0.029851379,0.998353337,-0.036651904,-0.100012461,-0.038845878,0.087006297,0.000000000,0.017003709,-0.050504798,-0.087608172,0.002857141,-0.141117699,0.173731427,-0.159659436,-0.056604452,0.000155030,-0.256324082,0.201693560,-0.468335716,1.274390319,0.827604861,-0.211521266,-0.245155478,0.231774572,1.386501919,-0.414904872
-2.209081862,-1.757662148,0.798444357,-0.047822387,0.032674777,0.997397770,-0.042930954,-0.146360629,-0.047472996,0.090997406,0.000000000,0.035125306,-0.050338608,-0.139489702,-0.003961078,-0.135854470,0.194894081,-0.157640931,-0.066899625,0.002475508,-0.278494972,0.200880688,-0.520643656,1.234718924,0.805194794,-0.229795990,-0.251137223,0.251306676,1.368850694,-0.388029942
-2.202694990,-1.756774649,0.798729675,-0.063112705,0.035729333,0.996169507,-0.048851967,-0.192316868,-0.057212867,0.099728660,0.000000000,0.053174976,-0.050732584,-0.188528634,-0.011897161,-0.128805796,0.209753345,-0.152904255,-0.071701846,0.005430996,-0.301752639,0.201921315,-0.562106336,1.198113915,0.772211662,-0.251677946,-0.258557093,0.276546944,1.355442450,-0.364952450
-2.196435819,-1.755893048,0.799071720,-0.078176801,0.038740368,0.994691299,-0.054559971,-0.237462993,-0.067032865,0.110123102,0.000000000,0.071134098,-0.051128088,-0.235443973,-0.019818182,-0.121064811,0.221242390,-0.146600080,-0.075357759,0.008649114,-0.325393900,0.203201609,-0.602309864,1.163643897,0.738497683,-0.274857263,-0.266329626,0.304686947,1.344351790,-0.344124568
-2.190425325,-1.755022931,0.799524231,-0.092816471,0.041676398,0.993007657,-0.059866304,-0.281031560,-0.077008896,0.123756321,0.000000000,0.088916892,-0.051526570,-0.278223971,-0.027709873,-0.111975666,0.226168504,-0.137243467,-0.076781432,0.012378664,-0.349782147,0.204948612,-0.640061402,1.133331414,0.703360502,-0.300562971,-0.274788915,0.338473694,1.337774230,-0.327677420
