time_s,root_x_m,root_y_m,root_z_m,root_qw,root_qx,root_qy,root_qz,left_hip_pitch_joint,left_hip_roll_joint,left_hip_yaw_joint,left_knee_joint,left_ankle_pitch_joint,left_ankle_roll_joint,right_hip_pitch_joint,right_hip_roll_joint,right_hip_yaw_joint,right_knee_joint,right_ankle_pitch_joint,right_ankle_roll_joint,waist_yaw_joint,left_shoulder_pitch_joint,left_shoulder_roll_joint,left_shoulder_yaw_joint,left_elbow_joint,left_wrist_roll_joint,right_shoulder_pitch_joint,right_shoulder_roll_joint,right_shoulder_yaw_joint,right_elbow_joint,right_wrist_roll_joint
0,-1.98027098,-1.86561036,0.791611314,0.0664367005,0.0550866537,0.00337971351,0.996263146,0.158171013,-0.0828857422,0.205376118,0.0261530355,-0.105597295,0.0343172811,0.161283463,-0.017825339,-0.235896632,0.239208013,-0.231122345,0.0562826321,0.0328662395,-0.0537744686,0.173173547,0.148236722,1.58473837,0.905935705,0.00160867721,-0.286643177,0.0479161181,1.51259816,-0.505680799
0.0333330006,-1.98218954,-1.86899281,0.791446149,0.0726169348,0.055647362,0.00215581898,0.995803952,0.168385059,-0.0880175009,0.208547086,0.0160314981,-0.105065912,0.0359775722,0.148931563,-0.0251834374,-0.232277051,0.266294718,-0.233772799,0.054389935,0.032146357,-0.0496694036,0.157309175,0.0388565399,1.50984454,0.935358644,-0.00634684926,-0.272677511,0.0500081815,1.5100199,-0.500943244
0.0666660012,-1.98371375,-1.87254739,0.791121185,0.0816031098,0.0557584576,0.000946919783,0.995103538,0.179392293,-0.0945998058,0.212312758,0.00292716618,-0.103872679,0.0408264585,0.128028005,-0.0345728546,-0.224191353,0.306760877,-0.237843543,0.0519634113,0.0338413492,-0.0438767411,0.165890694,-0.0438274667,1.42373073,0.915454865,-0.0183704719,-0.253849775,0.0397570543,1.51389384,-0.494529128
0.0999990018,-1.98480606,-1.87610674,0.790664911,0.0891553015,0.0557047576,-0.000450880965,0.994458675,0.185545832,-0.10054747,0.217130944,0,-0.108390763,0.0475443937,0.100237027,-0.0441474728,-0.213731572,0.357073188,-0.24008882,0.0489576757,0.0359357186,-0.0443725809,0.184116125,-0.0651249588,1.35387278,0.844859302,-0.030271668,-0.230889767,0.0221272632,1.51586199,-0.487093717
0.133332002,-1.98558986,-1.87946081,0.790187061,0.0947409794,0.0545869172,-0.00142609631,0.994003236,0.18752268,-0.106133178,0.223682523,0,-0.114125244,0.0539653189,0.0658953488,-0.0538463928,-0.20262292,0.414345086,-0.238174409,0.0474747792,0.0336599872,-0.0552333407,0.202467516,-0.0610331297,1.3279072,0.768861234,-0.041525688,-0.206553221,0.0182302371,1.5065006,-0.479152441
0.166665003,-1.98602688,-1.88255227,0.789669454,0.0988429785,0.0525310114,-0.00197727187,0.993713558,0.186464906,-0.111855231,0.229840472,0,-0.118116885,0.0602014288,0.0235854406,-0.0637300909,-0.187011778,0.479964167,-0.230492055,0.0505858734,0.0275635738,-0.0736326426,0.219515398,-0.0635425225,1.33376694,0.716705143,-0.0498085655,-0.184015438,0.0318168662,1.48129082,-0.46352905
0.199998004,-1.98609674,-1.8852948,0.789137661,0.1029699,0.0496107526,-0.00229777605,0.993443847,0.183472782,-0.117490955,0.234110937,1.74627748e-05,-0.121049993,0.0671781525,-0.0252119955,-0.0716419145,-0.161234841,0.550745547,-0.214661196,0.0581983961,0.0207102504,-0.0952005908,0.234961554,-0.0703681409,1.35169494,0.686322689,-0.0544873066,-0.167011887,0.056514807,1.44164491,-0.434876949
0.233331004,-1.98604023,-1.88737333,0.788821399,0.10437309,0.0471380092,-0.00270490302,0.993416786,0.180102825,-0.120963827,0.232528716,6.92930735e-06,-0.122635826,0.0736976638,-0.0706740543,-0.0737598017,-0.127139509,0.613891721,-0.193397105,0.0625967234,0.0117600383,-0.116073392,0.250701308,-0.0816411898,1.36789799,0.678753257,-0.0573974624,-0.157890588,0.087208949,1.39708924,-0.400848895
0.266664005,-1.98599982,-1.88853788,0.788908064,0.103188664,0.045205418,-0.00399878342,0.993625998,0.177176744,-0.120567761,0.226690426,2.18180631e-07,-0.122801781,0.0784118101,-0.107609697,-0.0691242591,-0.0876846537,0.662798882,-0.177229628,0.0514762849,0.000807048462,-0.133379027,0.268065691,-0.0953763872,1.37806273,0.688583612,-0.0606371164,-0.157417402,0.121429339,1.3555367,-0.369852036
0.299997005,-1.98619294,-1.88872528,0.789240479,0.100803249,0.043817021,-0.0056381505,0.993925035,0.175533652,-0.117193729,0.220325589,0,-0.122154653,0.0814561844,-0.132174939,-0.0594794303,-0.0430077016,0.686846554,-0.169203296,0.0339640304,-0.00889981538,-0.146147445,0.28610459,-0.104348928,1.38221359,0.707158744,-0.063864328,-0.16648595,0.150521159,1.32045591,-0.345425576
0.333330006,-1.98667216,-1.88808227,0.78967905,0.097479105,0.0434747338,-0.00732038356,0.994260609,0.17580469,-0.112027578,0.215774357,0,-0.120907873,0.0828798264,-0.141150415,-0.0487957112,0.00352196489,0.677186549,-0.171132654,0.0330109447,-0.0164876264,-0.154550567,0.304806918,-0.0993705019,1.38119447,0.728098512,-0.0686968118,-0.185440779,0.156535029,1.29856765,-0.33305949
0.366663007,-1.98752093,-1.88678527,0.790102959,0.0939293206,0.0443620868,-0.00877559371,0.994551301,0.178881213,-0.106316887,0.212016985,8.8846539e-09,-0.121168748,0.0831194818,-0.136130929,-0.0410722196,0.042589508,0.634489775,-0.177253202,0.0405768603,-0.0194657724,-0.158522233,0.326147974,-0.0740298033,1.37254667,0.74712956,-0.0755595192,-0.217407405,0.133315951,1.2913065,-0.338598669
0.399996007,-1.98864722,-1.88492334,0.790454984,0.0911140516,0.0458643734,-0.00991023891,0.994734347,0.184099764,-0.100538805,0.208116785,1.21957271e-08,-0.122672074,0.0816701576,-0.121866196,-0.0375360847,0.0677640066,0.56749016,-0.180865437,0.0480504036,-0.0158759579,-0.158494055,0.355372965,-0.0360807516,1.3510952,0.758072555,-0.0862217471,-0.265673548,0.0878532827,1.30010581,-0.357261896
0.433329008,-1.98991764,-1.88249278,0.790661752,0.0897295401,0.0477266163,-0.0102826608,0.994768858,0.190558538,-0.0954185352,0.205140471,2.09503415e-09,-0.125147656,0.0781373158,-0.104791351,-0.0380041897,0.0715495795,0.500231981,-0.179031387,0.0461391062,-0.00598351611,-0.156731293,0.398451984,-0.00822131895,1.31736422,0.760814786,-0.100746699,-0.332193017,0.0337168835,1.32244527,-0.37999922
0.466662009,-1.99108684,-1.87947953,0.790807605,0.0886663571,0.0493284464,-0.0101390639,0.994787514,0.196123645,-0.0902951062,0.202799261,0,-0.12720491,0.0734626725,-0.0918387324,-0.039992284,0.0548798665,0.467783749,-0.171029001,0.0423610248,0.00708839716,-0.157327011,0.459615409,-0.00135997462,1.27707601,0.763928354,-0.120160349,-0.416354001,-0.0213040076,1.3550477,-0.398942262
0.499995009,-1.99196601,-1.87603331,0.791062653,0.0868382528,0.0500950366,-0.010046538,0.994911373,0.197684124,-0.083997488,0.199010745,0,-0.126253217,0.0686029047,-0.0822986811,-0.0415804684,0.0302054565,0.453923941,-0.166535705,0.0426299796,0.0180762019,-0.163192943,0.539134502,-0.000920993858,1.23719013,0.768853366,-0.14826721,-0.515087128,-0.0768191591,1.39711726,-0.414499044
0.53332801,-1.99261069,-1.87220097,0.791429222,0.0838183388,0.0481453054,-0.00924542733,0.995274365,0.195542291,-0.0769898891,0.195248857,0,-0.123909667,0.0627873987,-0.0701881349,-0.0430879183,0.00157869968,0.435414732,-0.164578542,0.0406937301,0.0198563915,-0.174715936,0.631798804,0.0204269569,1.21321559,0.767356515,-0.191434518,-0.625458241,-0.128086194,1.44809353,-0.42793709
0.56666101,-1.99391901,-1.86802709,0.791752458,0.0774824023,0.0513944738,-0.0086637428,0.995630443,0.200651288,-0.0690590367,0.190850049,6.92153349e-11,-0.122861728,0.0551177263,-0.0439590812,-0.0429328233,-0.0255471151,0.408175617,-0.164932922,0.0361344032,0.0120730894,-0.186730444,0.732996225,0.0616506971,1.21582818,0.754825294,-0.245785788,-0.745374084,-0.172857881,1.5026927,-0.438938171
0.599994011,-1.99606478,-1.86378372,0.792008162,0.0689105317,0.0561074764,-0.00856409408,0.996007025,0.211184621,-0.0603232197,0.185639486,7.91516575e-11,-0.123163924,0.0464788601,-0.00683651632,-0.0400792025,-0.0468783863,0.372784048,-0.166515663,0.0332468003,0.00270086899,-0.205086097,0.841738522,0.0933959782,1.2445662,0.745646775,-0.310884058,-0.873610258,-0.209015325,1.55735779,-0.442038983
0.633327012,-1.99876738,-1.85969663,0.792115152,0.0594392046,0.0609563217,-0.0081128981,0.996336043,0.223439291,-0.0520142056,0.178215206,2.77796189e-11,-0.124593236,0.0380501263,0.036157202,-0.036220707,-0.0641082227,0.329642713,-0.168493688,0.0351131484,-0.00589737343,-0.237023011,0.955038786,0.103998043,1.29198873,0.75018692,-0.389024884,-1.00695598,-0.223663419,1.60678804,-0.43570587
0.666660012,-2.00195527,-1.85581362,0.792096615,0.0502460301,0.0656932145,-0.00748987822,0.996545851,0.235912532,-0.0443585254,0.168402806,1.97662164e-11,-0.127243415,0.0301590078,0.0830370858,-0.0323885493,-0.08289399,0.278467476,-0.170484692,0.0410307273,-0.0110182371,-0.287512034,1.06870365,0.0958741903,1.34512508,0.761514485,-0.476084411,-1.13997316,-0.20461598,1.64308977,-0.423148364
0.699993013,-2.0055337,-1.85207903,0.791995764,0.0419172831,0.0695995837,-0.00699953502,0.996669352,0.247840077,-0.0370219052,0.158207819,8.49107503e-12,-0.131382912,0.0227652621,0.13251169,-0.027203789,-0.10246405,0.218340605,-0.169606045,0.0486438237,-0.0120945182,-0.358114541,1.18027747,0.0730897561,1.3941046,0.767501771,-0.567561805,-1.26683342,-0.158713803,1.65898979,-0.408680052
0.733326013,-2.00949907,-1.8483938,0.791814625,0.0342982858,0.0725336224,-0.0067137084,0.996753454,0.258689821,-0.0299669169,0.150279298,6.0216567e-12,-0.136235625,0.0166495983,0.182637468,-0.0195367932,-0.118112907,0.150082171,-0.160661131,0.056400273,-0.0102482075,-0.445151061,1.28732717,0.0355588607,1.43171382,0.769532919,-0.657255828,-1.38369298,-0.105274349,1.6531173,-0.392208993
0.766659014,-2.01329041,-1.84478247,0.791698098,0.02885429,0.0740664452,-0.0063680457,0.996815443,0.266445518,-0.0239217468,0.144973814,6.07417545e-12,-0.139668554,0.0142254531,0.223120257,-0.0104637193,-0.126532093,0.0882047713,-0.143930808,0.0594478659,-0.00540252542,-0.53876245,1.38614118,-0.0118550388,1.45110619,0.77091074,-0.739484787,-1.48672855,-0.0616764687,1.62999499,-0.371156454
0.799992015,-2.0161562,-1.84141445,0.791985512,0.0267792977,0.0734227449,-0.00597557798,0.996923387,0.268733501,-0.0193386674,0.141342938,1.37049434e-11,-0.138927251,0.013374174,0.241977915,-0.00279433187,-0.12788257,0.0534203202,-0.127734587,0.0552431718,0.00226861634,-0.620571971,1.4734627,-0.060464818,1.45191813,0.772143781,-0.805135489,-1.57141006,-0.0345983244,1.59852159,-0.34855172
0.833325015,-2.01797915,-1.83846545,0.792665422,0.0265621543,0.071286492,-0.00544673577,0.99708724,0.266197205,-0.0163542032,0.139280319,5.47208372e-12,-0.134674072,0.0128845293,0.243121862,0.00181738706,-0.125734285,0.0441734567,-0.119511724,0.0478806235,0.0105705308,-0.679723918,1.54727077,-0.0998868942,1.44364476,0.770587623,-0.840013742,-1.63722122,-0.0198960826,1.56914902,-0.33354336
0.866658016,-2.01914644,-1.83596683,0.793340087,0.0262888987,0.0685634539,-0.00455078343,0.997289956,0.261380672,-0.0147757558,0.138716877,1.24856635e-12,-0.129642561,0.0114226276,0.238443941,0.00398601033,-0.123966552,0.0443591662,-0.117126942,0.0413746499,0.0173815284,-0.716550767,1.60744226,-0.129077628,1.43763185,0.771490514,-0.845046103,-1.68881428,-0.0119376164,1.54974079,-0.331136674
0.899991016,-2.02019835,-1.83388412,0.793791354,0.024686303,0.066272229,-0.00312763522,0.997491241,0.256882399,-0.0143396296,0.138944045,6.21040816e-13,-0.125559524,0.00911606383,0.235593766,0.00455672294,-0.125282392,0.0442231186,-0.117191799,0.0372159034,0.0210830122,-0.741868615,1.65428948,-0.151032463,1.44236779,0.779140532,-0.835721195,-1.73054659,-0.00701458054,1.54104733,-0.336976826
0.933324017,-2.02145362,-1.83222175,0.793990016,0.0214417614,0.0646959022,-0.00128178741,0.99767381,0.253735721,-0.014861525,0.13828817,9.66554202e-13,-0.122607104,0.00682211574,0.236708388,0.00417164247,-0.128653839,0.0410671681,-0.117906854,0.0345577709,0.0215681084,-0.773425519,1.69047284,-0.165617019,1.45832217,0.790360332,-0.829013407,-1.76481557,-0.00401583919,1.53957367,-0.344143003
0.966657018,-2.02276874,-1.83085275,0.794112861,0.0176476091,0.0634732991,0.000573557685,0.997827351,0.25162971,-0.015841363,0.135517061,1.35410975e-12,-0.120580629,0.00595307909,0.239677861,0.00367834978,-0.130504087,0.0363666713,-0.118340746,0.0319392085,0.0194031671,-0.809936881,1.72002494,-0.174061641,1.48340881,0.799090207,-0.825501025,-1.79001844,-0.000912006537,1.54284573,-0.349665403
0.999990018,-2.02398038,-1.82974911,0.794232368,0.0144996317,0.0623987503,0.0022980175,0.997943342,0.250403166,-0.0171599612,0.132726938,1.50995069e-12,-0.119532615,0.00552606443,0.243199527,0.00313739944,-0.131690443,0.030831458,-0.118000604,0.0289914571,0.0157708339,-0.841476262,1.74531388,-0.18285355,1.51189506,0.808608174,-0.82155627,-1.80559325,0.00422830461,1.5500263,-0.355622619
1.03332302,-2.02512217,-1.82887125,0.794279635,0.0108863879,0.0617777444,0.00394056737,0.998022795,0.250083148,-0.0185156297,0.131146356,1.23415839e-12,-0.119475625,0.00502164522,0.248208985,0.00253726123,-0.133376881,0.0234888028,-0.117215812,0.026845606,0.0106804278,-0.87053299,1.76616645,-0.193245307,1.53818798,0.820720851,-0.81741643,-1.81340206,0.011263039,1.56053603,-0.363015711
1.06665602,-2.02596474,-1.82816577,0.794241786,0.00755012827,0.0610519461,0.00549299689,0.998090923,0.2492145,-0.0198051725,0.130156755,1.78463635e-12,-0.119730838,0.00412041508,0.252063274,0.00180156296,-0.135594591,0.0173738375,-0.116946235,0.0255199112,0.00539697707,-0.897678971,1.78292346,-0.200650573,1.55804992,0.827288568,-0.814936161,-1.81521416,0.0177201536,1.57338011,-0.367896736
1.09998902,-2.02649808,-1.82763135,0.794164777,0.00450326828,0.0602754392,0.00675688358,0.998148739,0.247398064,-0.0208691135,0.128246486,5.93985234e-12,-0.119359925,0.0035712705,0.253994048,0.00116989203,-0.136903107,0.0137430495,-0.118225224,0.0240598749,0.000950720394,-0.92228061,1.79523885,-0.205267876,1.57065976,0.827349067,-0.815980196,-1.81246185,0.0238769241,1.58861351,-0.371540278
1.13332202,-2.02677178,-1.82726872,0.794098437,0.00190849602,0.0592493527,0.00797737669,0.998209536,0.24478811,-0.0220769942,0.125267997,6.96177664e-12,-0.11840447,0.00359996711,0.254146874,0.00036902845,-0.137135565,0.0123255793,-0.120507017,0.0221595615,-0.0018821581,-0.94001615,1.80170608,-0.209197685,1.57856143,0.824078202,-0.819072962,-1.806862,0.0301174261,1.60602546,-0.375723541
1.16665502,-2.02684307,-1.8270216,0.794033051,-0.000248584925,0.0585464127,0.00898806099,0.998244166,0.242485628,-0.0232402645,0.122782558,1.491012e-11,-0.117416099,0.00348530314,0.253662884,-0.000543608272,-0.137756079,0.0124788135,-0.123157054,0.0201688372,-0.00355876423,-0.949521422,1.80193615,-0.212548688,1.58345568,0.820464611,-0.819864631,-1.79861045,0.0369545817,1.62445962,-0.381362557
1.19998802,-2.02681255,-1.82684839,0.793972194,-0.00262587704,0.0581578836,0.00992729235,0.998254597,0.240753829,-0.0243158881,0.121652089,2.09154794e-11,-0.116789393,0.0030363379,0.253201306,-0.00150531565,-0.139067933,0.0135559049,-0.126071393,0.0189177077,-0.00529990532,-0.953222096,1.79682195,-0.214698181,1.5889945,0.81839633,-0.81923002,-1.78883922,0.0428018346,1.6406467,-0.386677921
1.23332102,-2.02665782,-1.8267771,0.793929636,-0.00479223812,0.057709083,0.0107553359,0.998264015,0.239056394,-0.0253737085,0.121517584,4.89943546e-12,-0.116491273,0.00251092925,0.25210315,-0.0024922234,-0.140350074,0.0156389717,-0.129159793,0.0182849448,-0.00700531667,-0.952959836,1.78800356,-0.215512335,1.59675729,0.817636073,-0.819909394,-1.77899182,0.0461936332,1.65175605,-0.391371489
1.26665402,-2.02638173,-1.8267467,0.793877304,-0.00675011892,0.0573152862,0.0113849901,0.998268366,0.237187654,-0.0260800347,0.12148907,0,-0.116252296,0.00208016415,0.250308126,-0.00320813549,-0.140877128,0.0185337123,-0.132212177,0.0173836891,-0.00878491439,-0.948441744,1.77672517,-0.216952339,1.60556722,0.819812775,-0.822788179,-1.76961565,0.0479133762,1.65694845,-0.394967794
1.29998702,-2.02595878,-1.82669508,0.793830156,-0.00850398373,0.0566987395,0.0116545204,0.998287082,0.234851629,-0.0262456872,0.121314742,4.61032037e-12,-0.116013296,0.00163598743,0.247763962,-0.00340448925,-0.140919015,0.0216205809,-0.134827018,0.0169429611,-0.0104056848,-0.935425222,1.76264095,-0.222780257,1.61563802,0.828509927,-0.826213777,-1.761114,0.0484780595,1.6574713,-0.396552533
1.33332002,-2.02538109,-1.8266418,0.793813467,-0.0100581665,0.0561002046,0.0118592018,0.998304069,0.232178152,-0.0261558425,0.121084869,2.06489496e-11,-0.115513943,0.00121095194,0.24468872,-0.00343215279,-0.141030148,0.0247357115,-0.136879608,0.0165385827,-0.0117734438,-0.917648792,1.7457,-0.22997874,1.62869382,0.839960992,-0.829080582,-1.75341415,0.0485123992,1.65444863,-0.397439718
1.36665303,-2.02472758,-1.82658815,0.793813348,-0.0110815484,0.0552772544,0.0119025959,0.99833858,0.229090169,-0.0258825123,0.121218584,1.70789268e-11,-0.115107432,0.0013017396,0.240438685,-0.0033728464,-0.14113383,0.0286767408,-0.138847277,0.0163653102,-0.0129441386,-0.90826273,1.72948873,-0.231270254,1.64473021,0.846623063,-0.829724431,-1.74575949,0.0478374213,1.65043795,-0.397036344
1.39998603,-2.02406883,-1.82651222,0.793808639,-0.0112643419,0.0543027483,0.0115649207,0.998394012,0.22593978,-0.0250238534,0.121742368,1.34115436e-11,-0.115059517,0.00135078595,0.23511748,-0.00280121644,-0.140605539,0.0333935544,-0.140440434,0.0159828737,-0.0136657059,-0.907734454,1.71775031,-0.228619859,1.66012633,0.850902796,-0.826982141,-1.73779738,0.0465772972,1.64801443,-0.396190643
1.43331903,-2.02346349,-1.82638931,0.793796241,-0.0107758055,0.0533430539,0.0107892919,0.998459816,0.223145932,-0.0234547779,0.122454889,1.82431691e-11,-0.115146033,0.000791936531,0.229918823,-0.00151421409,-0.139304549,0.0375564918,-0.141108632,0.0156373326,-0.0135178035,-0.909128487,1.71033871,-0.226527542,1.66972005,0.855748177,-0.823151708,-1.73098445,0.0455380604,1.64759171,-0.396733075
1.46665203,-2.02292395,-1.82624197,0.793793976,-0.00980604999,0.0526301041,0.0100899609,0.99851495,0.221049249,-0.0219482072,0.123269491,2.22483785e-11,-0.115196846,0.000213632433,0.226055443,-0.000156615046,-0.138015077,0.0397687927,-0.140734762,0.0156887714,-0.0121513316,-0.909783363,1.70584548,-0.224379033,1.66891336,0.858564079,-0.82034266,-1.7271421,0.0445668288,1.6476084,-0.398385912
1.49998503,-2.02248979,-1.82609499,0.79379046,-0.00894588791,0.0521503128,0.00944807753,0.998554468,0.219523057,-0.0205466338,0.123765707,5.4839952e-12,-0.115285501,-0.000185284152,0.223564878,0.00110528653,-0.137373015,0.0402572602,-0.139712036,0.0159226973,-0.0103159165,-0.909459531,1.70405865,-0.221171826,1.65980494,0.858390689,-0.818687379,-1.72630274,0.0432323702,1.64707541,-0.399580628
1.53331803,-2.02210045,-1.82594585,0.793830991,-0.00800464395,0.0515983365,0.00896604639,0.998595595,0.218007356,-0.0193914603,0.123908728,5.02740956e-14,-0.115175359,-0.000280063017,0.22154811,0.00215308042,-0.137138546,0.0397308618,-0.138147458,0.016345378,-0.00853643101,-0.905703366,1.70428407,-0.218841761,1.64820027,0.858592153,-0.818068862,-1.72683847,0.0417352095,1.64527404,-0.400046438
1.56665103,-2.02172923,-1.82581639,0.793921232,-0.00695006549,0.0509846844,0.00856936537,0.998638511,0.216447845,-0.0185225941,0.123839095,3.70574577e-14,-0.114738017,-0.000273218058,0.219269142,0.00284147356,-0.136457905,0.0395583436,-0.136556283,0.0165423434,-0.006891781,-0.897512257,1.70509708,-0.219171003,1.63848662,0.862447202,-0.819000125,-1.72771251,0.0400232784,1.6416012,-0.400182128
1.59998403,-2.02138925,-1.82569468,0.794058859,-0.00578574184,0.050550513,0.0084396936,0.998669088,0.215021193,-0.0181583073,0.124032162,4.45012787e-13,-0.114033714,-0.000503262097,0.216490626,0.00305501255,-0.135472164,0.0408583172,-0.135585785,0.0161819533,-0.00552546605,-0.891127527,1.70549166,-0.220173463,1.63316166,0.868308187,-0.820369303,-1.72836864,0.0388152562,1.63613546,-0.401043564
1.63331703,-2.02105689,-1.82556772,0.794199347,-0.00513967546,0.0499507077,0.00840095617,0.998703122,0.213278174,-0.0180103946,0.124507926,5.16656217e-13,-0.113179229,-0.000776912028,0.213315308,0.00311162323,-0.134734854,0.0429847613,-0.135212317,0.015958298,-0.00515835732,-0.891017318,1.70616317,-0.218160674,1.62897813,0.870622516,-0.821106613,-1.72819448,0.0384741463,1.63042176,-0.402476341
1.66665003,-2.02075815,-1.82542241,0.794285774,-0.00486898748,0.0493007824,0.00827307999,0.998737872,0.211493626,-0.0175666194,0.124643669,3.44684351e-13,-0.112631775,-0.000703324971,0.210521743,0.00341298874,-0.134284139,0.0445927791,-0.135018066,0.0160776321,-0.00553651666,-0.892310917,1.70691693,-0.215658188,1.6225698,0.870988429,-0.822054267,-1.72679043,0.0376618244,1.62544382,-0.402786613
1.69998303,-2.02048278,-1.82522416,0.794330657,-0.00467394805,0.0488230176,0.00807533879,0.998763859,0.210013285,-0.0167552754,0.124582484,0,-0.112338781,-0.000747808313,0.208174363,0.00403792271,-0.134207174,0.0461244211,-0.13497439,0.0159648191,-0.00615847111,-0.892958522,1.70648038,-0.213553041,1.61392629,0.871364832,-0.823564053,-1.72452188,0.0364751369,1.62150633,-0.402596474
1.73331603,-2.02025628,-1.82499266,0.794352114,-0.00472600153,0.0485226028,0.0079177795,0.998779535,0.20892109,-0.0159235597,0.124691807,2.05376148e-13,-0.112114914,-0.00108758139,0.206475332,0.00477129314,-0.134394914,0.0474294871,-0.135006592,0.015589999,-0.00675717834,-0.892965913,1.7041769,-0.211225003,1.60433471,0.871311009,-0.823821962,-1.72199249,0.0359938368,1.61955357,-0.403221935
1.76664903,-2.0201087,-1.8247534,0.794355154,-0.00493311509,0.0483247302,0.00780233974,0.998789012,0.208160624,-0.0151379053,0.12486726,7.45645126e-12,-0.112073742,-0.00153285824,0.205382392,0.00547224004,-0.134817913,0.0483410582,-0.135048091,0.014871873,-0.00705522904,-0.892672241,1.69988966,-0.208496898,1.59490311,0.871381342,-0.825139523,-1.71991062,0.0359272994,1.61894488,-0.404751152
1.79998203,-2.02001691,-1.82453203,0.794346809,-0.00514684571,0.0481757261,0.00776803493,0.99879539,0.207499564,-0.0145792449,0.124898709,2.55864635e-11,-0.112051919,-0.00186967093,0.204764456,0.00596531387,-0.135200933,0.0486709438,-0.135219663,0.0144899981,-0.00682189036,-0.892392635,1.69349182,-0.206039831,1.5866015,0.873182654,-0.831246078,-1.71859705,0.0350246727,1.61911559,-0.405508429
1.83331503,-2.01997423,-1.82436812,0.794328153,-0.00547123887,0.0479039811,0.00790957361,0.998805642,0.206654191,-0.0144449221,0.124467723,7.35843764e-12,-0.112008579,-0.0021621976,0.204012513,0.00603570417,-0.13538067,0.049173411,-0.135916859,0.0142779266,-0.0061929659,-0.892752647,1.68451345,-0.203265905,1.58059096,0.87469393,-0.843606055,-1.71837795,0.0309208352,1.62127471,-0.402683526
1.86664803,-2.01997352,-1.82425952,0.794287264,-0.00599433528,0.0475742929,0.00809494499,0.998816907,0.205572262,-0.0144165596,0.123801693,0,-0.11193499,-0.00217212853,0.203078061,0.00592034217,-0.135620371,0.050099466,-0.137131751,0.0139801772,-0.00572568597,-0.893561125,1.67201018,-0.199060559,1.57752562,0.872903645,-0.862590194,-1.71786225,0.0236300211,1.62616479,-0.395114154
1.89998103,-2.01998234,-1.8241725,0.794171453,-0.00691751158,0.0472448729,0.00831040647,0.998824835,0.204263464,-0.0143425418,0.123011425,1.5221861e-13,-0.11208377,-0.00220217253,0.20201911,0.00584474672,-0.136071116,0.0514594279,-0.139199749,0.0134986117,-0.00554332929,-0.891446054,1.65337491,-0.194442317,1.57669055,0.867809117,-0.893813193,-1.71598589,0.0148603069,1.63375533,-0.38419193
1.93331404,-2.01998639,-1.82415354,0.793895721,-0.00837015826,0.0467068143,0.008481659,0.99883759,0.202592269,-0.0141364494,0.122047111,7.48496924e-12,-0.112972073,-0.0028038458,0.200782642,0.00581933139,-0.136596024,0.0534603819,-0.143002346,0.0128330719,-0.00571598765,-0.878942609,1.62526035,-0.191834509,1.57905304,0.862840772,-0.942938685,-1.71167862,0.0055416543,1.64506781,-0.368109435
1.96664704,-2.01984596,-1.82419348,0.793410659,-0.0104208747,0.0463822,0.00890514441,0.998829722,0.200855151,-0.0142552759,0.121045187,1.94690496e-11,-0.114705093,-0.00367880613,0.199664369,0.00537932757,-0.136685684,0.0563491359,-0.149676472,0.012399476,-0.00662467815,-0.855151534,1.58432329,-0.185589284,1.58507562,0.85323298,-0.995644927,-1.70248425,-0.000658129633,1.66417253,-0.344569355
1.99998004,-2.01940894,-1.82432115,0.792749524,-0.0129449284,0.0460512601,0.00985850208,0.998806536,0.199023351,-0.0153359072,0.119547315,0,-0.116929084,-0.00473716622,0.198501661,0.00397459185,-0.13751635,0.0605106205,-0.159350157,0.0112322653,-0.00804535765,-0.816012561,1.52797115,-0.165525123,1.59489214,0.833066523,-1.02471447,-1.68385863,0.0052453354,1.6987083,-0.321738601
2.03331304,-2.01859808,-1.82453966,0.792129159,-0.0157650579,0.0462457575,0.0113530038,0.99874115,0.197812468,-0.0175513998,0.116531312,0,-0.118302211,-0.00640810048,0.198108226,0.00125389744,-0.139795557,0.0664379448,-0.170026258,0.00672051217,-0.0105562033,-0.748381853,1.4538312,-0.124654129,1.60752797,0.805835664,-1.0171777,-1.64768672,0.0238742363,1.75091064,-0.306882292
2.06664604,-2.01742887,-1.82490814,0.791809201,-0.0191609375,0.0474823043,0.0138422549,0.998592377,0.197633147,-0.0218406562,0.112410307,9.42508658e-12,-0.117753476,-0.00828733761,0.199226484,-0.00343973748,-0.1435536,0.0742301494,-0.180202872,-0.000595046266,-0.0160304476,-0.65008837,1.35941386,-0.0538529754,1.61672497,0.770812869,-0.979496777,-1.58654773,0.0435336418,1.81638408,-0.307135731
2.09997904,-2.01610684,-1.82557154,0.791989684,-0.0223995764,0.0489200391,0.0171159115,0.998404801,0.197582439,-0.028566746,0.107452564,3.73355569e-09,-0.114562891,-0.00965668261,0.200614482,-0.0106091825,-0.148053139,0.0838134959,-0.188200831,-0.00579839619,-0.02637068,-0.520919621,1.24301934,0.0374781601,1.6148994,0.741111577,-0.922563434,-1.49887609,0.0371073261,1.89201796,-0.318413913
2.13331204,-2.01486564,-1.82647026,0.792531252,-0.0250967499,0.0501515493,0.02141436,0.998196602,0.197255641,-0.0372117087,0.102684192,1.09184102e-08,-0.109505631,-0.0103566833,0.20130679,-0.0199236125,-0.152150944,0.094104059,-0.195836589,-0.0056209024,-0.0423976891,-0.383534849,1.10429835,0.122996941,1.59561837,0.736903667,-0.831331968,-1.38137889,-0.00839148648,1.96341312,-0.341644108
2.16664504,-2.01402855,-1.82726002,0.79292196,-0.0261201374,0.0510384142,0.0241622627,0.998062611,0.19700706,-0.0428158157,0.100587144,0,-0.106323801,-0.0115208989,0.200088412,-0.0266498644,-0.153793186,0.102741204,-0.201076388,-0.00427539833,-0.0628240183,-0.266259909,0.954587996,0.180516541,1.56585348,0.763837397,-0.702126741,-1.22845268,-0.0913476646,2.00392628,-0.370245039
2.19997804,-2.013762,-1.8273598,0.792881727,-0.0249092095,0.0509107485,0.0232451148,0.998121858,0.196278423,-0.0404816829,0.103171594,0,-0.107501656,-0.0140486583,0.195807517,-0.0257391036,-0.150981545,0.107036896,-0.201665536,-0.00198124,-0.0802981928,-0.190808788,0.809156001,0.198381931,1.54805458,0.817861676,-0.542037129,-1.03879106,-0.183680356,1.98600256,-0.407771081
2.23331104,-2.01424193,-1.8265599,0.792566419,-0.0215740427,0.0495198406,0.0183384717,0.99837172,0.194695368,-0.030249957,0.109973677,0,-0.112900563,-0.0172599778,0.188776091,-0.016901115,-0.14415291,0.107001752,-0.198748097,0.00687536411,-0.0876932666,-0.157112882,0.678237259,0.190820694,1.55817175,0.878001988,-0.392345905,-0.834677458,-0.250773489,1.91567743,-0.44840014
2.26664404,-2.01527858,-1.82544601,0.792221904,-0.0177063365,0.0471172966,0.0131799886,0.998645425,0.191674083,-0.0184882134,0.11744865,1.36775918e-06,-0.118902616,-0.0206713993,0.180152133,-0.00623029517,-0.136956677,0.106090076,-0.194457963,0.016908437,-0.0851500332,-0.148821294,0.561650574,0.165425926,1.58772838,0.928387046,-0.287295908,-0.649617195,-0.275664628,1.83869624,-0.482047647
2.29997704,-2.01615286,-1.82463968,0.792157173,-0.0141870417,0.04340313,0.00933546945,0.998913288,0.18550308,-0.00979834329,0.122736461,8.35024548e-06,-0.122398637,-0.0228356887,0.169402882,0.00194493588,-0.131459683,0.106453665,-0.187971503,0.0231052823,-0.0782199427,-0.14961189,0.458212882,0.120402165,1.60852206,0.968332946,-0.229012668,-0.501883686,-0.277128756,1.78459823,-0.501595557
2.33331004,-2.01638937,-1.82418239,0.792274177,-0.0109191239,0.0381743647,0.00698968396,0.999186993,0.175004348,-0.00524127996,0.125915587,6.94183336e-06,-0.12292473,-0.0241039712,0.155480057,0.0065760063,-0.126902372,0.107373409,-0.182611287,0.0257908422,-0.0698502064,-0.154181778,0.368504524,0.0562791079,1.60324597,1.00257087,-0.199902996,-0.384277105,-0.256384641,1.74000812,-0.517982364
2.36664304,-2.01575756,-1.82402861,0.792595506,-0.00776350312,0.0313306004,0.006252666,0.999459386,0.158838466,-0.00451091118,0.127512038,0,-0.120005824,-0.0246764235,0.136340439,0.00763550447,-0.122860506,0.109393217,-0.179228649,0.0268491767,-0.0598716922,-0.16124621,0.294173777,-0.0271162894,1.56376147,1.02698004,-0.184015661,-0.288591802,-0.204618961,1.68590951,-0.538218737
2.39997604,-2.0141542,-1.82394385,0.793056369,-0.00488341507,0.021348238,0.00644041039,0.999739408,0.134666279,-0.00583013706,0.128172338,0,-0.113695525,-0.0252351966,0.107331716,0.00604915805,-0.119224422,0.117504112,-0.179058015,0.0272637103,-0.0483534113,-0.168199033,0.238969103,-0.146725222,1.48360884,1.02401268,-0.174366921,-0.211576268,-0.110497177,1.61559749,-0.55113095
2.43330904,-2.01142025,-1.82407212,0.793586671,-0.00293301884,0.0092862295,0.00751437247,0.999924362,0.103035726,-0.00864548236,0.128235668,0.000138849762,-0.104478434,-0.0260153785,0.0704539567,0.00275898352,-0.116342641,0.129409581,-0.180213049,0.0269757919,-0.036658708,-0.17462109,0.206487358,-0.300759554,1.36535764,0.977331519,-0.171615377,-0.155466467,0.0285750348,1.53361309,-0.550269961
2.46664205,-2.00791383,-1.82454312,0.794076502,-0.00210750569,-0.00448112516,0.00860974751,0.999950647,0.0640412346,-0.0117452163,0.127351254,0.00506883301,-0.0967619941,-0.025896335,0.0287150629,-0.000603047432,-0.11320477,0.140533701,-0.180020943,0.0262731742,-0.0258388892,-0.184466079,0.197889492,-0.466736406,1.22485614,0.890702128,-0.173300296,-0.123814978,0.195197165,1.43864644,-0.534420848
2.49997505,-2.0038271,-1.82528257,0.794430375,-0.00204059388,-0.0206708703,0.00937032234,0.999740362,0.0149884485,-0.0143530313,0.125469834,0.0173952691,-0.0922286138,-0.0256262906,-0.0209283419,-0.00365831493,-0.109068379,0.153729483,-0.178788424,0.0250833742,-0.0156421494,-0.203790337,0.205844104,-0.612572193,1.08885729,0.780532837,-0.179080158,-0.118457086,0.366661906,1.32945752,-0.494587421
2.53330805,-1.99883044,-1.82597172,0.794571936,-0.00282359007,-0.040943101,0.0102157993,0.999105275,-0.0497675389,-0.0168161374,0.123996466,0.0417575948,-0.0919515193,-0.0236653332,-0.0850759372,-0.00715451036,-0.103403188,0.176430359,-0.178174764,0.0225975979,-0.0066160406,-0.233492926,0.216798812,-0.716926098,0.983366787,0.667311668,-0.192280143,-0.13438952,0.513903618,1.21613884,-0.41924879
2.56664105,-1.99332595,-1.82648218,0.794243872,-0.0038368688,-0.064351514,0.0114389099,0.997854352,-0.127833486,-0.0194212217,0.124383226,0.0763667822,-0.095038861,-0.0197399426,-0.161814883,-0.0112975687,-0.0952733755,0.207303926,-0.179223225,0.0190003999,0.00088049809,-0.267748654,0.220145926,-0.769183397,0.920894325,0.577204704,-0.214084089,-0.157554001,0.603461444,1.11821306,-0.332393378
2.59997405,-1.98723423,-1.82682121,0.793228328,-0.00450408226,-0.0911953226,0.0127907023,0.995740712,-0.218341574,-0.0215471648,0.127065167,0.120591246,-0.100361101,-0.0137444278,-0.250018895,-0.0150776673,-0.083654426,0.243606746,-0.180865169,0.0152930655,0.00721602002,-0.305192441,0.216356084,-0.788478732,0.898493826,0.513411522,-0.244094223,-0.175190687,0.640917182,1.05134916,-0.246250868
2.63330705,-1.98070431,-1.82691479,0.791295767,-0.00383664365,-0.120313883,0.0137170227,0.9926337,-0.316852063,-0.0216517206,0.130691841,0.170257762,-0.107401676,-0.00548613537,-0.347154111,-0.0166823938,-0.0686371773,0.283572167,-0.181385681,0.0128165819,0.0133277727,-0.346294999,0.209463641,-0.793843687,0.90396142,0.474749714,-0.283058584,-0.183914065,0.650526524,1.01788509,-0.169618532
2.66664005,-1.9737736,-1.82682276,0.788297474,-0.0019405561,-0.150991917,0.0135845123,0.988439739,-0.421614498,-0.0180196986,0.132752523,0.224966168,-0.116335437,0.00275596185,-0.453104526,-0.0143474396,-0.0510556921,0.329745948,-0.178206712,0.0121294158,0.0187339988,-0.391031712,0.202177331,-0.794103205,0.926340222,0.46088171,-0.33226788,-0.185518235,0.649486244,1.01174295,-0.112698928
2.69997305,-1.96633303,-1.82663131,0.783832073,0.00171462866,-0.183073029,0.012519313,0.9830181,-0.535001516,-0.00986575708,0.131468758,0.290627033,-0.129121676,0.00886581186,-0.571396887,-0.00711736642,-0.0313389413,0.389446676,-0.173019603,0.0133837182,0.0237559322,-0.439309359,0.196640268,-0.794673026,0.958411872,0.470842898,-0.391126812,-0.182962418,0.647666216,1.02328646,-0.0850689113
2.73330605,-1.95844638,-1.82646942,0.777351141,0.00734379143,-0.216411367,0.0102068279,0.976221263,-0.659772813,0.00298198825,0.124698021,0.375424832,-0.149345741,0.0133319087,-0.704133749,0.00549456384,-0.0114050573,0.469986141,-0.16446273,0.0102585647,0.0289605893,-0.48961702,0.194587871,-0.79810524,0.990844488,0.498677671,-0.456009835,-0.176679716,0.644670188,1.04626834,-0.0830899626
2.76663905,-1.95040715,-1.8264029,0.76769501,0.0132027911,-0.248937726,0.00742554152,0.968401015,-0.795524597,0.018553704,0.112125538,0.486129642,-0.181581497,0.0168364737,-0.847342014,0.0209291782,0.00285922666,0.572581053,-0.158045664,0.0059114066,0.0324022137,-0.536563456,0.198222712,-0.79614985,1.01032424,0.527364135,-0.523078859,-0.166411787,0.636833966,1.07673049,-0.0936680138
2.79997205,-1.94232368,-1.82633114,0.753902912,0.018028792,-0.279493958,0.0044933008,0.959967673,-0.937272429,0.0341197401,0.095988065,0.618795633,-0.227449074,0.0180709548,-0.994855165,0.0348750018,0.00729204761,0.692731798,-0.160376698,0.00284325331,0.032846909,-0.575365424,0.21037668,-0.772767425,1.0035454,0.531686485,-0.589046359,-0.153148323,0.621438682,1.10840857,-0.10752061
2.83330505,-1.93459082,-1.82620561,0.735683918,0.0200626105,-0.306612223,0.00242591486,0.951619983,-1.07865322,0.0474586301,0.0838790908,0.765865922,-0.283410251,0.0183555111,-1.14096141,0.0423533283,0.00159461645,0.826365709,-0.17369321,0.000280309381,0.0295914039,-0.609694898,0.231832981,-0.736788452,0.973843277,0.510297358,-0.64993614,-0.13940151,0.591704249,1.1360265,-0.12566179
2.86663805,-1.92784035,-1.82617164,0.713483751,0.0206769016,-0.329581827,0.0016015484,0.943899214,-1.21351755,0.0596773475,0.0799844563,0.918826461,-0.341053098,0.0195781365,-1.28064156,0.0410697348,-0.010830312,0.967733264,-0.195748538,-0.00120950001,0.0244606547,-0.644731343,0.260603368,-0.708135247,0.930696547,0.49349761,-0.701435685,-0.129514232,0.543516457,1.15614545,-0.139474958
2.89997105,-1.92268717,-1.82630897,0.688459814,0.0209952164,-0.348814785,0.00155694678,0.936955214,-1.33837807,0.0717990696,0.0808413252,1.07072902,-0.394889921,0.021210121,-1.41189766,0.0342593007,-0.0225559045,1.11147094,-0.220902175,-0.00201266259,0.0202306956,-0.677608848,0.290807188,-0.683034599,0.88554728,0.492600441,-0.739823639,-0.129144117,0.487308651,1.16264963,-0.149132371
2.93330405,-1.91939116,-1.82658052,0.661384523,0.0207766742,-0.364482403,0.00218641898,0.930975914,-1.45249915,0.0806468278,0.0779067203,1.2192198,-0.445069075,0.0229509063,-1.53570259,0.0275432784,-0.0259771962,1.25640571,-0.240804568,-0.00192859222,0.0185335781,-0.704243362,0.315608203,-0.645489216,0.850217342,0.482227147,-0.76447773,-0.1394272,0.434670001,1.15726995,-0.150944725
2.96663705,-1.91766596,-1.8269074,0.632301211,0.0207979716,-0.376496971,0.00338106044,0.926178217,-1.55690992,0.0833184943,0.0671721995,1.36585164,-0.494701743,0.0236845147,-1.65199351,0.0255371872,-0.0174111556,1.40084374,-0.256624937,0.00406470103,0.0196595825,-0.728598535,0.337685078,-0.610111475,0.826570034,0.458550841,-0.781609833,-0.158405676,0.398089141,1.14760268,-0.150505871
2.99997005,-1.91728258,-1.8272841,0.601158559,0.0220127013,-0.38511616,0.00467131753,0.922593713,-1.65174401,0.0816546679,0.0524938107,1.51219654,-0.545761824,0.0241464023,-1.76002443,0.0289637186,-0.00337446225,1.54468775,-0.269644171,0.0163251348,0.0233749654,-0.754909098,0.36290586,-0.602616429,0.8059237,0.445737511,-0.796496153,-0.182517484,0.382184297,1.14132285,-0.159571722
3.03330306,-1.918486,-1.82781327,0.56767863,0.0242327731,-0.387592345,0.00585282315,0.921493709,-1.74052966,0.0799611583,0.0371315777,1.6660403,-0.587820768,0.0255192406,-1.86084867,0.035798382,0.0114179542,1.69275463,-0.272311449,0.0340470076,0.0300781522,-0.77962631,0.391116798,-0.624667585,0.78057754,0.45688501,-0.807692707,-0.207723781,0.37650305,1.14659905,-0.174388126
3.06663606,-1.92106211,-1.82841468,0.533016562,0.0289336685,-0.386234522,0.00589711498,0.921927869,-1.82555342,0.0838193819,0.0208653919,1.82135892,-0.610721171,0.0255026892,-1.95181894,0.0489318445,0.0266316403,1.83697712,-0.266947061,0.0576971024,0.0412115604,-0.799809694,0.419221401,-0.658320725,0.752880991,0.485406756,-0.817025959,-0.229950264,0.372683078,1.16630816,-0.192492679
3.09996906,-1.92517126,-1.8290441,0.497836024,0.0364813656,-0.379009366,0.00513422769,0.924659193,-1.90398002,0.0946643651,0.00290777371,1.97578514,-0.614854753,0.0238022227,-2.02986932,0.0690022334,0.041281648,1.97849607,-0.263417929,0.0833358616,0.0552057847,-0.811307251,0.447813392,-0.690712154,0.724511802,0.519122779,-0.822540164,-0.246169642,0.365269482,1.19801688,-0.211061656
3.13330206,-1.93100286,-1.82971287,0.463163823,0.0446028821,-0.368146122,0.00502806855,0.928683877,-1.96871483,0.108362436,-0.0110114012,2.12264514,-0.613516331,0.0240964964,-2.08956432,0.0902409181,0.0547887348,2.11495757,-0.268105239,0.106945798,0.0667029843,-0.813713431,0.47746262,-0.715760171,0.69821173,0.550177395,-0.824516237,-0.256940693,0.356206298,1.23665297,-0.22902675
3.16663506,-1.93876576,-1.83034062,0.430528581,0.05098233,-0.352164537,0.00643632701,0.934526384,-2.01193261,0.119088031,-0.0139455311,2.2569418,-0.61552316,0.029649727,-2.12592006,0.10489475,0.0708139762,2.24541616,-0.278160155,0.125778869,0.0687577426,-0.804947913,0.506718755,-0.72845161,0.6807459,0.573345482,-0.822517157,-0.263492942,0.350015402,1.27609277,-0.255016893
3.19996806,-1.94751096,-1.83121359,0.406196207,0.05091222,-0.33111155,0.0118220979,0.942142963,-2.02802277,0.122311778,-0.00588015746,2.34585953,-0.60642004,0.0334297307,-2.13604951,0.105190083,0.0944690108,2.34307647,-0.277384728,0.130751222,0.0603460968,-0.790613174,0.52971071,-0.732539594,0.682613373,0.594602764,-0.817707241,-0.268270969,0.345168352,1.31282425,-0.283925056
3.23330106,-1.95554721,-1.8323034,0.399695307,0.0526979789,-0.315916806,0.0158929415,0.947188973,-2.02231646,0.127956346,0.00193998276,2.35619998,-0.583618164,0.0230997354,-2.12509346,0.0993324667,0.120207451,2.35619998,-0.249057874,0.119496487,0.0561840348,-0.78287518,0.540302932,-0.729852498,0.711672068,0.616539955,-0.816273868,-0.272112668,0.335895419,1.34562719,-0.311386704
3.26663406,-1.9639672,-1.83337629,0.399781317,0.0578831621,-0.296390444,0.0176325887,0.953148127,-1.99612856,0.140604556,0.00386302709,2.35619998,-0.565595686,0.00272859656,-2.09795308,0.100120023,0.146707833,2.35619998,-0.225960091,0.136271954,0.0604203902,-0.772638619,0.542109668,-0.718465447,0.755323052,0.637411594,-0.807772338,-0.275177121,0.313999146,1.3719151,-0.332299203
3.29996706,-1.97302413,-1.83457887,0.401474476,0.0631351173,-0.273220807,0.0192261916,0.95968467,-1.9502697,0.153583437,0.000706456893,2.35619998,-0.559359074,-0.0223780703,-2.0527339,0.103340186,0.184455022,2.35619998,-0.214607999,0.180527732,0.0669311509,-0.752715111,0.537944913,-0.690999568,0.802473128,0.655367613,-0.78606087,-0.27766943,0.276846766,1.38815975,-0.342522889
3.33330006,-1.98276246,-1.83594882,0.404834569,0.0666174367,-0.247850239,0.0205708053,0.966286302,-1.88098526,0.16236794,-0.00292251934,2.35606122,-0.572372437,-0.0385192111,-1.98303509,0.0995837301,0.237695217,2.35605049,-0.219204605,0.243781149,0.0724227503,-0.719742,0.530206978,-0.644766986,0.844047666,0.667786539,-0.749890924,-0.279962569,0.230370283,1.39628053,-0.344308615
3.36663306,-1.99338031,-1.83759594,0.409953982,0.0662389994,-0.218638003,0.0214811582,0.973318219,-1.78662002,0.16410695,-0.00137497869,2.35616469,-0.602336586,-0.0504918136,-1.88811922,0.0831242129,0.304003745,2.35615873,-0.238579258,0.319421828,0.0754822865,-0.670260549,0.520245254,-0.584384501,0.874122322,0.670990705,-0.696816802,-0.283220232,0.183345109,1.39745009,-0.341498792
3.39996606,-2.00490665,-1.83978999,0.416373402,0.0638447106,-0.189359173,0.0251357928,0.979507625,-1.67583776,0.158718795,0.00928791985,2.35619998,-0.636859655,-0.0592045188,-1.77959895,0.0543262362,0.37451601,2.35619998,-0.264759004,0.391026586,0.0673883259,-0.603879154,0.513022482,-0.508960307,0.897796333,0.662026405,-0.634878397,-0.282710671,0.15314284,1.39311039,-0.336472094
3.43329906,-2.01745009,-1.84236169,0.423796594,0.0595975444,-0.163152769,0.0294786859,0.984357834,-1.55886996,0.146123737,0.0251458958,2.35619998,-0.664215505,-0.0646849871,-1.668347,0.0146679683,0.433767557,2.35619998,-0.290923178,0.434286177,0.0526783988,-0.528954268,0.5072276,-0.430094004,0.918914199,0.64196384,-0.574115038,-0.282300919,0.151434034,1.38975286,-0.334898859
3.46663206,-2.03102303,-1.84491348,0.431711972,0.0558264367,-0.138576195,0.0346693359,0.988169074,-1.43741977,0.130516753,0.0416047759,2.35619998,-0.681280017,-0.0691971481,-1.55512202,-0.027480999,0.474563777,2.35619998,-0.322658569,0.459902644,0.0371329784,-0.452295989,0.50481832,-0.366402745,0.938141406,0.622189701,-0.519075453,-0.283184886,0.173127547,1.39103758,-0.339548141
3.49996506,-2.04595518,-1.84721291,0.439687461,0.0564086325,-0.115029819,0.0385007262,0.99101156,-1.30905259,0.119337693,0.0557781383,2.35619974,-0.690265894,-0.0756043121,-1.43810213,-0.0625910237,0.499963939,2.35619974,-0.353316933,0.464910537,0.0257151984,-0.376652002,0.510667682,-0.330969185,0.94663626,0.614343405,-0.469035864,-0.2848638,0.197304621,1.39330685,-0.348239541
3.53329806,-2.06252027,-1.8493855,0.446591437,0.0609884299,-0.0918913186,0.040641591,0.993068278,-1.17175126,0.112363286,0.0701121092,2.35619998,-0.698220432,-0.0837664828,-1.31240928,-0.0894028991,0.519959211,2.35619998,-0.383816212,0.458535165,0.0180976745,-0.301733077,0.52548486,-0.315840006,0.937320769,0.61500144,-0.420517027,-0.287284493,0.199165285,1.39125395,-0.351877958
3.56663107,-2.08086729,-1.85138643,0.450936049,0.0668089911,-0.0687318146,0.0404913835,0.994571745,-1.02601314,0.105114385,0.0838296041,2.35619998,-0.721918643,-0.0900264084,-1.17548454,-0.113762289,0.540378928,2.35619998,-0.413315803,0.447791368,0.0108392118,-0.229478344,0.548310161,-0.305148721,0.913483858,0.605142713,-0.372079968,-0.290825218,0.173167676,1.38415802,-0.347981364
3.59996407,-2.10064888,-1.8529309,0.452418089,0.0694826022,-0.0464294069,0.0374018364,0.995799959,-0.883301079,0.0938821211,0.0944245979,2.35619998,-0.755723834,-0.0683641434,-1.02639091,-0.144080669,0.550880194,2.35619998,-0.435395718,0.419372797,-0.00350871263,-0.165885314,0.579677761,-0.299203604,0.884005189,0.580941796,-0.326667279,-0.296016425,0.148459509,1.37332857,-0.346464366
3.63329707,-2.12121153,-1.85409164,0.450756758,0.063520655,-0.0264266338,0.0359743387,0.99698174,-0.755304933,0.0693490207,0.0954402834,2.35619998,-0.780901253,-0.0314234458,-0.87276417,-0.187760353,0.546371937,2.35619998,-0.419457674,0.364243925,-0.0312979855,-0.119439036,0.613333106,-0.306546718,0.857219756,0.556145966,-0.293561757,-0.308558881,0.155988932,1.36266601,-0.354099154
3.66663007,-2.14079595,-1.85498917,0.445940465,0.05222876,-0.0121689383,0.0412801392,0.997707367,-0.653621674,0.0331601575,0.0888843164,2.35619998,-0.785399973,0.00336883147,-0.742040157,-0.231875196,0.524727225,2.35619998,-0.330499411,0.276528656,-0.0644095689,-0.100393921,0.636634827,-0.324694723,0.842182934,0.535935462,-0.2826401,-0.332207143,0.193322867,1.35613096,-0.363446772
3.69996307,-2.15756035,-1.85547721,0.438873321,0.0452084914,-0.00684073707,0.0551513694,0.997430563,-0.580227077,0.00288224011,0.087671183,2.35619998,-0.785399973,0.0173737276,-0.672998846,-0.254430324,0.500196457,2.35619998,-0.188450128,0.186380863,-0.0812982172,-0.117617019,0.642448306,-0.340138167,0.849112749,0.515457571,-0.29709509,-0.35900712,0.244891852,1.35318136,-0.369360656
3.73329607,-2.16939068,-1.85555625,0.433503568,0.0540437587,-0.017128488,0.0570063032,0.996762872,-0.548482955,0.00325818988,0.0926651955,2.35619998,-0.785020649,0.0017206606,-0.701140642,-0.237918213,0.491425157,2.35619998,-0.0280931871,0.120076187,-0.0681632087,-0.174599886,0.640536785,-0.345058054,0.877672613,0.495909035,-0.332630157,-0.368791997,0.295825511,1.34789443,-0.375287473
3.76662907,-2.17866158,-1.85606992,0.430097222,0.0599134602,-0.0408191904,0.0604193024,0.995536864,-0.56738317,0.00512775918,0.0983145088,2.35619998,-0.763605177,-0.000709814602,-0.769310415,-0.220397502,0.495929331,2.35619998,0.0788416415,0.0881531388,-0.0509937741,-0.262031525,0.622297704,-0.344715774,0.923436165,0.483845353,-0.383490801,-0.371168911,0.345335424,1.3332659,-0.375558645
3.79996207,-2.18717837,-1.85784805,0.428158432,0.0478866324,-0.0738974586,0.0658500344,0.993936539,-0.62351656,-0.0091771353,0.103789009,2.35619998,-0.710245192,0.0201361217,-0.846800029,-0.226986811,0.496776879,2.35619998,0.118787214,0.0759262517,-0.0516172089,-0.368359387,0.587602258,-0.350202858,0.974424064,0.48848483,-0.442191422,-0.373363733,0.397877365,1.30625522,-0.367604822
3.83329507,-2.19536138,-1.86049938,0.426825821,0.0344016813,-0.111487947,0.0675881952,0.990867674,-0.696457267,-0.0351534672,0.104880527,2.35619998,-0.62654233,0.0329022072,-0.923413455,-0.240614325,0.493177593,2.35619998,0.116898328,0.0801861659,-0.0569134429,-0.478581369,0.544784546,-0.359450519,1.02235818,0.502617419,-0.511262059,-0.371247292,0.463974833,1.27708066,-0.354548961
3.86662807,-2.20372438,-1.86309409,0.425078392,0.0271972641,-0.14907971,0.0658142418,0.986257613,-0.775731325,-0.0566797666,0.0978655592,2.35619998,-0.522490382,0.00737990486,-0.996890962,-0.244638294,0.491367936,2.35619998,0.101297013,0.0927438736,-0.0511783399,-0.58330673,0.500683904,-0.381878793,1.0632484,0.517308056,-0.593021452,-0.363678932,0.538844407,1.25930905,-0.345287979
3.89996107,-2.21231842,-1.86529934,0.422498316,0.0238848533,-0.185697511,0.0619561374,0.980360866,-0.860783219,-0.0703601465,0.0817814395,2.35619998,-0.407562822,-0.0362320431,-1.06844378,-0.237694398,0.493188858,2.35619998,0.0854128823,0.106300741,-0.0335842147,-0.679444492,0.455666751,-0.422150999,1.09243929,0.530810833,-0.685032248,-0.352099776,0.600830734,1.25490952,-0.349263161
3.93329407,-2.22127366,-1.8674798,0.419148058,0.025423713,-0.22160162,0.0579898395,0.973079383,-0.948637843,-0.0760223716,0.066405192,2.35619998,-0.302724332,-0.0745132491,-1.14018178,-0.224962741,0.500369906,2.35619998,0.0702275634,0.120936505,-0.0082096504,-0.766937256,0.411035061,-0.480184168,1.10741198,0.5453704,-0.782731354,-0.337635368,0.627719939,1.26025069,-0.361063927
3.96662707,-2.23087811,-1.86955976,0.415600449,0.0301841162,-0.256815761,0.0551853515,0.964411318,-1.03317308,-0.075541921,0.0587494299,2.35619998,-0.229244515,-0.0988795385,-1.21060896,-0.211166263,0.507411063,2.35619998,0.055650048,0.135110185,0.022205459,-0.8504197,0.366812617,-0.560323417,1.11464357,0.575801551,-0.880559325,-0.326412022,0.63040936,1.27082598,-0.371871591
3.99996007,-2.24117827,-1.87154245,0.412222356,0.0334533527,-0.290358573,0.0543311536,0.954788387,-1.109694,-0.0759248137,0.059743274,2.35619998,-0.192266241,-0.112595797,-1.27846813,-0.201295644,0.513403058,2.35619998,0.0399709307,0.148493305,0.0569480695,-0.931732297,0.313971311,-0.641697228,1.12295818,0.618030548,-0.975035071,-0.327293873,0.6398561,1.2824899,-0.383706421
4.03329307,-2.25184751,-1.87309825,0.40906468,0.0347455889,-0.322794378,0.0542705208,0.944272876,-1.17923355,-0.0788487643,0.069619596,2.35619998,-0.185484663,-0.11228966,-1.34459817,-0.19341822,0.520312965,2.35619998,0.0233190134,0.165428415,0.096667625,-1.00962651,0.252379149,-0.698045731,1.13464391,0.644039094,-1.06475163,-0.342506945,0.664712727,1.28966331,-0.403326124
4.06662607,-2.2623136,-1.87482464,0.405785173,0.0360620692,-0.355581194,0.0559272766,0.932273388,-1.24609184,-0.0853405967,0.0884757414,2.35619998,-0.2012721,-0.101518713,-1.41323411,-0.184136614,0.535390437,2.35619998,0.00526808808,0.188490897,0.140184656,-1.08652377,0.190982029,-0.732219517,1.14541411,0.647333741,-1.15115952,-0.369091541,0.688222766,1.29214931,-0.426937133
4.09995908,-2.27268267,-1.87631857,0.402403325,0.0374502018,-0.389336288,0.0581918173,0.918492496,-1.31293404,-0.0923163965,0.110580526,2.3561976,-0.236671314,-0.0865661874,-1.48382354,-0.170086056,0.554900348,2.35619998,-0.016560195,0.214725032,0.184290662,-1.16709661,0.138220161,-0.764057219,1.14889228,0.650229633,-1.2345134,-0.399959981,0.703561544,1.29416835,-0.445628226
4.13329208,-2.28306603,-1.87727261,0.39894098,0.0393782891,-0.423921436,0.0599787831,0.902852416,-1.38121855,-0.0958259329,0.133023322,2.35617471,-0.283783674,-0.0662668794,-1.55398011,-0.150103137,0.572531521,2.35619998,-0.0424491912,0.242207885,0.226326019,-1.25276101,0.095984526,-0.794726491,1.14582753,0.660173774,-1.3160156,-0.42988342,0.721150279,1.29721904,-0.459660381
4.16662508,-2.29377174,-1.87755787,0.395393968,0.0413268395,-0.458172411,0.0608664788,0.885813415,-1.45161545,-0.0936066583,0.153300568,2.3561554,-0.332740396,-0.0474782251,-1.6212008,-0.126235396,0.582135737,2.35618281,-0.0667383,0.264693081,0.262311846,-1.34217167,0.0676904395,-0.815903664,1.14027989,0.668107092,-1.39359307,-0.450749606,0.735908747,1.29991376,-0.467106462
4.19995808,-2.305058,-1.87722325,0.392086476,0.0459502675,-0.492242515,0.059844356,0.867181957,-1.52493048,-0.0825297385,0.16832754,2.35619998,-0.376339585,-0.0323134586,-1.68191981,-0.0992630497,0.583136439,2.35613489,-0.086155653,0.281324357,0.293304294,-1.43453097,0.0562552586,-0.827357829,1.13451016,0.672042906,-1.46623981,-0.457918465,0.741959512,1.30450606,-0.468547463
4.23329108,-2.3174789,-1.87619317,0.389829487,0.0529961251,-0.526939273,0.0566822402,0.846353054,-1.59379089,-0.0642598867,0.174333513,2.35619998,-0.413182676,-0.0213514008,-1.7287488,-0.0714858845,0.574164212,2.35619998,-0.10637863,0.28956905,0.316591144,-1.52349007,0.0609975494,-0.828448713,1.13173509,0.673493266,-1.53178704,-0.451994687,0.748691916,1.30471671,-0.468284786
4.26662408,-2.33083463,-1.87399781,0.390534133,0.0581843778,-0.548864424,0.0513942838,0.832298636,-1.63234389,-0.0476009436,0.168748617,2.35619998,-0.445999295,-0.0153687475,-1.74566424,-0.0500995331,0.554371357,2.35619998,-0.134921193,0.292825758,0.314026177,-1.59377182,0.0886858329,-0.828151762,1.13308489,0.672815979,-1.59027374,-0.432418555,0.770207405,1.26840127,-0.476289898
4.29995708,-2.34496474,-1.87115729,0.392571539,0.0593407229,-0.568888068,0.0509747379,0.818685889,-1.64922011,-0.042250324,0.159773514,2.34346533,-0.464780152,-0.0181304831,-1.75572479,-0.0385402888,0.532879412,2.35619998,-0.161117554,0.291899443,0.276869118,-1.65308189,0.140058085,-0.819817841,1.12464488,0.668216765,-1.63787246,-0.402817041,0.781705976,1.20591843,-0.50341177
4.33329008,-2.36161733,-1.86869848,0.395084053,0.0574231744,-0.590730906,0.0563484095,0.802847683,-1.65196562,-0.0474340618,0.150297791,2.30007076,-0.462038219,-0.0274846181,-1.76800299,-0.0363413729,0.514850378,2.35092568,-0.170815453,0.2983087,0.205665722,-1.70870316,0.22020039,-0.806239843,1.09642625,0.665070713,-1.66637814,-0.354957163,0.742446184,1.13664353,-0.521329463
4.36662308,-2.38010025,-1.86574948,0.398177713,0.0598697327,-0.610346556,0.0591528043,0.787650704,-1.64404988,-0.0483762138,0.135391533,2.24217701,-0.453829646,-0.0443141274,-1.76745272,-0.0311545581,0.500420868,2.30877304,-0.149321675,0.313564032,0.106533267,-1.75912964,0.34265545,-0.805548847,1.03462029,0.660652876,-1.67989147,-0.263275981,0.742803335,1.08822215,-0.539555728
4.39995608,-2.39917636,-1.86350501,0.400896341,0.065791443,-0.627326727,0.0624101572,0.773458242,-1.62909031,-0.0473485403,0.121836707,2.18352652,-0.449075341,-0.0628318116,-1.75473535,-0.0242862701,0.493906379,2.24854374,-0.118181199,0.319144577,0.0105536319,-1.80082846,0.465943545,-0.816788137,0.9632442,0.657890797,-1.70202053,-0.153544217,0.760789156,1.07636225,-0.530952632
4.43328908,-2.41826677,-1.86178648,0.403272867,0.0745266452,-0.639620543,0.0640674904,0.762382269,-1.60618246,-0.0470242053,0.109343596,2.13027334,-0.444737554,-0.0824573413,-1.72745931,-0.0195606649,0.490409523,2.18186259,-0.0850791782,0.307872117,-0.0670831054,-1.82810867,0.55588311,-0.803779304,0.911055446,0.66170007,-1.7204634,-0.0565501302,0.768345952,1.08316135,-0.5149858
4.46662208,-2.43677497,-1.85972095,0.405311733,0.079082869,-0.648798406,0.0650016889,0.754043341,-1.57578409,-0.043624118,0.0917721912,2.08490276,-0.442635745,-0.104189098,-1.69007564,-0.0225289036,0.481939673,2.11478996,-0.0517550707,0.286395282,-0.128412366,-1.83931839,0.605622709,-0.74973619,0.884828031,0.65102917,-1.71810389,-0.00420453399,0.768135726,1.06701255,-0.492405057
4.49995508,-2.45430851,-1.85735822,0.406932235,0.0795790106,-0.654309869,0.0626388267,0.749414563,-1.54201186,-0.0370197035,0.0709667429,2.04276156,-0.434424847,-0.123419724,-1.64533246,-0.0323726088,0.464796394,2.04940772,-0.0227146707,0.268602312,-0.172240868,-1.8381418,0.615777194,-0.677731872,0.897840142,0.622133017,-1.69430995,0,0.774090827,1.02398944,-0.462468743
4.53328808,-2.47019744,-1.85527194,0.408352762,0.079101786,-0.658013403,0.0600377955,0.746429324,-1.5108366,-0.0308410414,0.0570326596,1.99745917,-0.413094789,-0.13694936,-1.59825158,-0.0443943031,0.446817189,1.99040794,-0.00657295063,0.257130176,-0.205590501,-1.83091164,0.612364948,-0.620249569,0.925143361,0.585408449,-1.658746,0,0.777623475,0.981548309,-0.444123447
4.56662108,-2.48540878,-1.85422194,0.41008088,0.0785477757,-0.657556236,0.0597942434,0.746910095,-1.46475625,-0.0356430188,0.0541327558,1.9461329,-0.39893961,-0.142902821,-1.54348123,-0.0619537234,0.433377564,1.93680513,-0.00970707461,0.249019429,-0.227346882,-1.81002629,0.611503363,-0.585697472,0.911107898,0.582541347,-1.61581516,-7.08790103e-05,0.783663452,0.955239892,-0.436543614
4.59995408,-2.50074601,-1.85357893,0.411624789,0.0772166625,-0.654981375,0.0584211797,0.749415755,-1.40213251,-0.0447310805,0.0551420227,1.88780165,-0.397102177,-0.140943557,-1.48313856,-0.0778859556,0.41831252,1.88082457,-0.0175347086,0.240626708,-0.238783494,-1.76380265,0.605425596,-0.54670316,0.877314568,0.618987918,-1.57023215,0,0.792118192,0.942247152,-0.429396689
4.63328708,-2.5162406,-1.8520503,0.412526816,0.0749906525,-0.650968134,0.0540682003,0.753454387,-1.32879651,-0.0470376015,0.0558366105,1.8257364,-0.401174307,-0.131194472,-1.42030525,-0.0851059183,0.396870077,1.82459486,-0.0180690382,0.22831361,-0.240112111,-1.69972396,0.595572233,-0.489854515,0.849168777,0.636967659,-1.51709747,0,0.795370996,0.934361875,-0.424914211
4.66662009,-2.53276277,-1.84908974,0.412766814,0.0749242231,-0.643732548,0.0493343659,0.759974241,-1.24324632,-0.0387029424,0.0585269965,1.76034749,-0.407750279,-0.116548359,-1.34943032,-0.0835216269,0.372485965,1.77169061,-0.01373454,0.219844699,-0.228047848,-1.63632786,0.583740652,-0.46623221,0.836142778,0.641293764,-1.44932568,0,0.791696191,0.927861154,-0.42936945
4.69995309,-2.55016899,-1.84430873,0.411971778,0.0733454004,-0.635363102,0.0403442755,0.767663062,-1.15143418,-0.0159153882,0.0593923591,1.69514763,-0.411115974,-0.101584129,-1.26972735,-0.0696951449,0.34500578,1.72152972,-0.00878014229,0.223587453,-0.204322487,-1.58847928,0.559548378,-0.478574365,0.842283309,0.636817336,-1.35959017,-0.0117122745,0.778822482,0.90478313,-0.436665237
4.73328609,-2.56781077,-1.84111023,0.409648716,0.0731259733,-0.626187742,0.0315408446,0.775594413,-1.0600971,0.00673892349,0.0674780384,1.63300753,-0.404919416,-0.0920101404,-1.19093418,-0.0578151271,0.321333736,1.67192757,-0.00246603973,0.224302709,-0.166300938,-1.55006504,0.518492937,-0.508807302,0.857165694,0.629972577,-1.24663889,-0.0596646667,0.760565937,0.843936205,-0.429738641
4.76661909,-2.58576274,-1.83937228,0.405699283,0.0732771531,-0.618537664,0.0217601955,0.782028198,-0.97375828,0.024694439,0.0777141899,1.57264781,-0.388017386,-0.0838617533,-1.11582863,-0.0459126495,0.304634064,1.61901402,0.00679540168,0.223344401,-0.122743763,-1.5185616,0.467911452,-0.532669306,0.868038118,0.624202788,-1.11269593,-0.123883478,0.72718066,0.758130193,-0.422388017
4.79995209,-2.60357118,-1.83840048,0.400050133,0.0739201233,-0.612427831,0.0114519158,0.786979556,-0.891847908,0.0403697863,0.0895769522,1.51073658,-0.363002211,-0.0766177922,-1.04304123,-0.0295436624,0.300002575,1.56286132,0.0162906181,0.224511415,-0.0743533,-1.49511421,0.412114114,-0.548261106,0.87413913,0.625277758,-0.965912342,-0.193135664,0.67337352,0.66444701,-0.420656145
4.83328509,-2.62054467,-1.83799303,0.392854512,0.0756984279,-0.607288897,0.00206924137,0.790863872,-0.814776003,0.0535940565,0.105491348,1.44973481,-0.33679989,-0.0646606237,-0.971647799,-0.00945417676,0.310922772,1.50572371,0.0227207113,0.229398519,-0.0213166196,-1.47941315,0.35497278,-0.566375613,0.876060903,0.627444446,-0.828742743,-0.262625247,0.600698233,0.573155999,-0.41424191
4.86661809,-2.6358664,-1.83797729,0.38457635,0.0768927708,-0.602801085,-0.00640421733,0.794151962,-0.743125379,0.063353166,0.122951627,1.39167523,-0.313911587,-0.0497605801,-0.901943445,0.00936562289,0.329259366,1.4510591,0.0240662433,0.233135954,0.0269694701,-1.4677037,0.304365516,-0.588989794,0.870438278,0.625288129,-0.728317022,-0.324750692,0.515800714,0.484908193,-0.398304552
4.89995109,-2.64872336,-1.83778739,0.376061738,0.0765521154,-0.597291827,-0.0142104924,0.798235774,-0.675293028,0.0704707354,0.136293963,1.33679402,-0.303423554,-0.0387437604,-0.834036946,0.0233718269,0.343628675,1.40261579,0.0209263619,0.232498869,0.0607798584,-1.45161009,0.266620606,-0.60355705,0.858375788,0.627817869,-0.661591172,-0.365454346,0.422186911,0.415791601,-0.388500273
4.93328409,-2.65972257,-1.83678007,0.367844462,0.0756096765,-0.590340555,-0.0220039263,0.803303838,-0.607165158,0.0741439834,0.139755875,1.28247178,-0.310540527,-0.0353043377,-0.767438471,0.0334558226,0.3491956,1.36088955,0.0167157929,0.227811515,0.0812785476,-1.42550933,0.244800463,-0.609298766,0.841426492,0.639850557,-0.633347809,-0.385587841,0.357617557,0.384760022,-0.385254115
4.96661709,-2.66966438,-1.83501959,0.359996527,0.0768286809,-0.579794526,-0.0310038179,0.810539603,-0.533019722,0.074329935,0.134461373,1.22960615,-0.328693599,-0.0315996371,-0.699462235,0.042367328,0.350867361,1.32406151,0.0130828815,0.227756739,0.0936691836,-1.38911128,0.238453194,-0.611178935,0.824535549,0.658083558,-0.637505531,-0.387793183,0.337633401,0.393619359,-0.386689335
4.99995009,-2.67795372,-1.83270466,0.353538483,0.0795373693,-0.56845361,-0.0401462913,0.817876875,-0.463947326,0.0721129999,0.123368107,1.1880157,-0.347630769,-0.0177571904,-0.639856517,0.0537514612,0.35334602,1.29556692,0.0123201571,0.228407085,0.103526339,-1.34933436,0.241177529,-0.610820115,0.811156332,0.67735672,-0.662343919,-0.383320838,0.356772631,0.424669355,-0.391657799
5.03328309,-2.68356705,-1.82970023,0.349023759,0.0825546086,-0.558579445,-0.0498912446,0.823823154,-0.408010989,0.0676060244,0.100520886,1.16079855,-0.361437082,-0.00393874105,-0.594643056,0.0724486411,0.359842956,1.27846658,0.0147290705,0.22693041,0.116089672,-1.31770384,0.246183172,-0.617449284,0.80625242,0.688463628,-0.696046829,-0.384156972,0.408093184,0.458943129,-0.399688929
5.06661609,-2.68704391,-1.82636011,0.345863938,0.0860731304,-0.549755037,-0.0586633086,0.828806043,-0.364806265,0.057478819,0.0661275387,1.14031291,-0.356591672,-6.62278471e-05,-0.561451852,0.0940416232,0.369113803,1.26993811,0.0173646882,0.223571047,0.131883696,-1.292992,0.251240164,-0.625392795,0.805058718,0.690974593,-0.723005593,-0.383927256,0.459723026,0.486674577,-0.407306433
5.09994909,-2.68864489,-1.82288539,0.343207598,0.0917857811,-0.544402421,-0.0665482432,0.831127346,-0.333597392,0.0454663001,0.0318944454,1.12046206,-0.320052475,-0.0140273198,-0.541867912,0.11382921,0.37690106,1.26858485,0.0172552057,0.220702797,0.145209298,-1.27293801,0.265601963,-0.62707603,0.79065901,0.688753486,-0.731779158,-0.373701811,0.491099328,0.501628935,-0.411333829
5.13328209,-2.68859458,-1.81959403,0.340975642,0.0984939188,-0.540753603,-0.0756827965,0.831959486,-0.310073495,0.0384510197,0.0093261078,1.09741676,-0.240014628,-0.0356767587,-0.53350234,0.133996248,0.382501543,1.27377939,0.0161333978,0.219166175,0.15512751,-1.25460601,0.289569438,-0.623088002,0.763053119,0.689697385,-0.738920212,-0.359053761,0.515675783,0.514220119,-0.4054735
5.16661509,-2.68668342,-1.81695223,0.339794666,0.107728384,-0.538708687,-0.0839810818,0.831345141,-0.295761138,0.0325323641,0.00145328313,1.07233274,-0.135998979,-0.0519214161,-0.536460519,0.152310595,0.388287604,1.28401661,0.0164212417,0.221667632,0.162318408,-1.24009383,0.319160938,-0.615676522,0.733070374,0.692670822,-0.758033633,-0.340885848,0.54200536,0.5328812,-0.395923436
5.1999481,-2.6832037,-1.81494081,0.339881301,0.116008505,-0.538364232,-0.0904029682,0.829779029,-0.291542351,0.0267533604,0.0024328304,1.0478102,-0.0664508864,-0.0517794266,-0.547596097,0.169653893,0.395743638,1.29512489,0.0200082436,0.229375109,0.167258441,-1.23570955,0.345001519,-0.610487938,0.713187933,0.69441092,-0.784634054,-0.322874695,0.564815819,0.553698003,-0.389026821
5.2332811,-2.6782887,-1.81343818,0.341236353,0.121812932,-0.539857984,-0.0940580592,0.827567577,-0.295909166,0.0248816032,0.0114109358,1.01905799,-0.0480233617,-0.0418178886,-0.567056239,0.183677882,0.399610788,1.3124578,0.0196292251,0.233391151,0.16985625,-1.24108577,0.364051014,-0.607450485,0.704744518,0.693817735,-0.815684557,-0.310219705,0.583542407,0.573061883,-0.384346813
5.2666141,-2.67190599,-1.81224751,0.343376577,0.12549369,-0.543102026,-0.0959990993,0.824667037,-0.308576286,0.0288398992,0.032524664,0.995798826,-0.0531285964,-0.0225598328,-0.593836606,0.196621418,0.401165038,1.33484459,0.0163256936,0.234902918,0.170028806,-1.25390244,0.378977507,-0.603659034,0.701972008,0.691978276,-0.849731088,-0.299709648,0.595842481,0.588736117,-0.383655638
5.2999471,-2.66432834,-1.81165862,0.345685095,0.129438892,-0.547811806,-0.0975768939,0.820747554,-0.328528106,0.0370142795,0.0703941584,0.995582879,-0.075313583,0.0209341031,-0.627121747,0.208060041,0.401334226,1.35989046,0.0119516952,0.239834741,0.169622764,-1.27249861,0.392915934,-0.59757185,0.699017763,0.688686728,-0.888750613,-0.290399253,0.606851339,0.59669441,-0.383352399
5.3332801,-2.65576673,-1.8116684,0.34815383,0.133004159,-0.554341078,-0.0979476795,0.815734088,-0.351507634,0.0492001697,0.119626373,1.00647032,-0.117728926,0.0562549308,-0.667595387,0.216695413,0.398487806,1.38743126,0.00689982809,0.246883109,0.167722434,-1.29650486,0.408167183,-0.591647387,0.693421066,0.682778895,-0.934334695,-0.280520469,0.618955135,0.597743392,-0.38229385
5.3666131,-2.64652157,-1.81225026,0.350908995,0.136616588,-0.562353373,-0.0975101739,0.809682846,-0.375206769,0.0618634187,0.170541272,1.01277411,-0.162294984,0.0751188323,-0.715918958,0.223264217,0.392771333,1.41841567,0.00206396962,0.250738233,0.163874805,-1.32459319,0.425424904,-0.586622655,0.684958756,0.67474401,-0.986156166,-0.2671206,0.631835997,0.59814626,-0.382858098
5.3999461,-2.63690281,-1.81319737,0.353675395,0.140928701,-0.570921481,-0.0974471346,0.802927077,-0.39559409,0.0733220503,0.218610778,1.00974882,-0.209920913,0.0886060447,-0.769539058,0.230711371,0.387159914,1.4521116,-0.00111110532,0.253712565,0.158832252,-1.35340905,0.445755035,-0.580393434,0.672929943,0.667705774,-1.04529285,-0.249700338,0.650791585,0.604430079,-0.384680152
5.4332791,-2.62713528,-1.81427145,0.356082737,0.147185609,-0.578456581,-0.0988831371,0.796207607,-0.407209992,0.0832812712,0.262306154,0.998530328,-0.268724769,0.101115204,-0.824571431,0.241307363,0.383831888,1.488235,-0.00249889819,0.257262558,0.155293167,-1.38034117,0.469613194,-0.572119534,0.659716129,0.662944973,-1.11257064,-0.228996232,0.681895494,0.622081339,-0.384587377
5.4666121,-2.61711049,-1.81527114,0.357936472,0.155956879,-0.58447212,-0.102503434,0.789659917,-0.410275578,0.0911054388,0.298707664,0.981607974,-0.33658576,0.109160334,-0.879133284,0.256449819,0.382554352,1.52572167,-0.0024688635,0.260014951,0.154917091,-1.4038018,0.497686356,-0.563267767,0.645380914,0.658256054,-1.18564999,-0.204553828,0.722744405,0.651606441,-0.37915954
5.4999451,-2.60695839,-1.81626403,0.359181494,0.16561693,-0.589541376,-0.106495254,0.783371389,-0.410975009,0.0957927257,0.321358502,0.963221431,-0.404245913,0.108676359,-0.932679117,0.274388343,0.383228898,1.56371498,-0.00204376457,0.263908893,0.156503096,-1.42376316,0.527980745,-0.553418875,0.629385114,0.65526545,-1.26033473,-0.174814373,0.763681173,0.689341784,-0.372450113
5.5332781,-2.5965364,-1.81725335,0.359646708,0.176434293,-0.594390631,-0.111194745,0.776663661,-0.414548874,0.0999657735,0.333086044,0.949262679,-0.467044473,0.102994159,-0.986631572,0.295291394,0.384582996,1.60344052,-0.00217415625,0.26517874,0.160266504,-1.44144285,0.557518005,-0.537618458,0.611355305,0.658052266,-1.3329196,-0.139690205,0.79444313,0.730388999,-0.365671575
5.5666111,-2.58582449,-1.8181777,0.35917002,0.188294858,-0.598830163,-0.117033742,0.769578159,-0.423533261,0.106287919,0.340047836,0.946508169,-0.519488811,0.107620798,-1.04012108,0.32029897,0.386393577,1.64339006,-0.00282640778,0.268149137,0.166821092,-1.45930123,0.584578454,-0.515957296,0.593257248,0.668175578,-1.40066373,-0.101268917,0.810628414,0.771346092,-0.363600135
5.5999441,-2.57505822,-1.81884277,0.357872456,0.199738607,-0.603157103,-0.123664401,0.762242138,-0.438773066,0.115666412,0.342865318,0.960262418,-0.565273643,0.124577068,-1.09227061,0.349393606,0.386846662,1.68206072,-0.00380019634,0.272122085,0.174923137,-1.47837281,0.608736813,-0.490713567,0.575527489,0.684352636,-1.46428132,-0.0643153638,0.817007184,0.809467852,-0.364427894
5.6332771,-2.56428719,-1.81924975,0.356006324,0.209658816,-0.607428253,-0.130765617,0.754966557,-0.460264355,0.128349096,0.341204613,0.990482807,-0.615038931,0.142686754,-1.14345646,0.37977311,0.382544965,1.71862519,-0.00470786449,0.272945136,0.182250738,-1.49994063,0.630070031,-0.463836998,0.559017062,0.704527199,-1.52516317,-0.0329215936,0.820451558,0.842928767,-0.361336797
5.6666101,-2.55386686,-1.81943834,0.353876442,0.21703279,-0.612264097,-0.1384148,0.747576594,-0.488927275,0.145072028,0.33611384,1.03324735,-0.657347202,0.158759668,-1.19437575,0.408346087,0.370994449,1.7520926,-0.00543847261,0.272279471,0.18328169,-1.52284849,0.651354551,-0.435743958,0.539192796,0.728068054,-1.58166468,-0.00911443494,0.822099507,0.867810488,-0.349065632
5.6999431,-2.54468012,-1.81953108,0.3522394,0.218086287,-0.6182096,-0.144387692,0.741220236,-0.518785119,0.161278874,0.324690282,1.0662719,-0.678443611,0.172380209,-1.24557352,0.428208113,0.348862678,1.77984679,-0.0048718988,0.270912647,0.169953868,-1.54754484,0.66939342,-0.401251912,0.516795874,0.758718669,-1.626984,-2.41958423e-05,0.815816998,0.875343025,-0.332707018
5.7332761,-2.53526711,-1.81971836,0.351486087,0.210058346,-0.628846049,-0.146211669,0.734200478,-0.552245319,0.175623626,0.302261561,1.08340657,-0.688424766,0.183562428,-1.3053453,0.437924057,0.315469086,1.80381405,-0.0024615298,0.271641552,0.134625301,-1.58192146,0.689325869,-0.365773112,0.486802489,0.800001323,-1.66619527,0,0.800784767,0.864095986,-0.316788912
5.76660911,-2.52645659,-1.81942999,0.350391328,0.199442953,-0.640799761,-0.150350109,0.72594285,-0.586648941,0.195878088,0.277997345,1.09427989,-0.701186538,0.194473907,-1.3660866,0.446055651,0.277404755,1.82167232,7.61729025e-05,0.277280957,0.0868533105,-1.62229145,0.7128281,-0.33498618,0.442299247,0.847076118,-1.69709504,0,0.771648109,0.83593148,-0.30655247
5.79994211,-2.51970983,-1.81905556,0.348711461,0.187963411,-0.653173029,-0.15537104,0.716864407,-0.620352507,0.221213505,0.258239716,1.10225689,-0.709665,0.195734411,-1.41905332,0.452960074,0.242504299,1.83065999,0.00112066942,0.284546077,0.0322305076,-1.6649425,0.747044384,-0.3233549,0.384019136,0.896821618,-1.71787274,-1.88729573e-05,0.734712899,0.796166718,-0.298229486
5.83327511,-2.51527572,-1.81927085,0.346653521,0.177628025,-0.66467762,-0.161202684,0.707577288,-0.652006388,0.246823281,0.242407098,1.10943902,-0.70919019,0.192658618,-1.4611671,0.458608449,0.215842158,1.83129501,-0.000337999343,0.288469017,-0.0248087607,-1.70479035,0.791895092,-0.332134455,0.314635217,0.935906887,-1.72805071,0,0.696879506,0.75114274,-0.289134413
5.86660811,-2.51286173,-1.82057655,0.344586104,0.169250101,-0.675230384,-0.166684985,0.698308289,-0.682290852,0.267934144,0.226578638,1.11691225,-0.699438274,0.18394202,-1.49310589,0.462121546,0.19913055,1.82484293,-0.00375766843,0.286840588,-0.0784768462,-1.74138319,0.837809801,-0.353918046,0.244362146,0.966086149,-1.72694111,0,0.656516731,0.703855634,-0.285146773
5.89994111,-2.51204395,-1.82279539,0.343057901,0.160584316,-0.684209168,-0.171311364,0.690451264,-0.710586548,0.283510715,0.208850741,1.12504053,-0.684980929,0.174743727,-1.51490378,0.462076068,0.189436436,1.81411707,-0.00543376664,0.281901896,-0.115232021,-1.77162623,0.851054788,-0.363545239,0.19114536,0.959502339,-1.70955324,-0.00416355021,0.610261083,0.648831546,-0.293759793
5.93327411,-2.51256108,-1.82586133,0.342339218,0.152182564,-0.690409601,-0.174703568,0.685312867,-0.736537039,0.291816235,0.189710528,1.13490975,-0.672843158,0.167768702,-1.52767098,0.456862479,0.184642881,1.80166245,-0.00386528252,0.275087655,-0.113560177,-1.79225206,0.816206992,-0.376211792,0.16702494,0.940318763,-1.67059994,-0.0495826192,0.567062736,0.56837821,-0.308927685
5.96660711,-2.51393199,-1.8299911,0.342162579,0.142888308,-0.696670055,-0.176221371,0.680573106,-0.768896699,0.292120516,0.168268934,1.1492331,-0.658360481,0.166071832,-1.53953576,0.44445765,0.183247402,1.78938341,-0.00191729621,0.275777668,-0.0834265575,-1.82277453,0.741215885,-0.402206928,0.174220741,0.940712512,-1.60363984,-0.128488123,0.515832186,0.447719097,-0.33118692
5.99994011,-2.51589084,-1.83502734,0.341930747,0.131752551,-0.706942141,-0.175513014,0.672360957,-0.816267371,0.28590554,0.146517098,1.16837192,-0.631897092,0.170406938,-1.55882323,0.423817903,0.180606395,1.77674365,0.000464060344,0.282272875,-0.0442047305,-1.87204719,0.64397645,-0.430855274,0.196473271,0.942670226,-1.51268899,-0.212209135,0.438216597,0.291363925,-0.367415667
6.03327311,-2.51798248,-1.8407011,0.341069818,0.12256629,-0.719328701,-0.174068108,0.661244273,-0.8716591,0.275449246,0.134022355,1.18830132,-0.599276841,0.175225496,-1.58555651,0.398948908,0.17452012,1.7650677,0.00322627369,0.28487578,0.000802218507,-1.92851281,0.539990842,-0.443814576,0.222813994,0.941609204,-1.41894495,-0.27437675,0.332790315,0.134545818,-0.411505133
6.06660611,-2.51994872,-1.84716225,0.339405984,0.117197603,-0.732491732,-0.172834277,0.647957444,-0.926184356,0.262892485,0.137592062,1.20259726,-0.567490757,0.181000233,-1.61647546,0.372990221,0.166306183,1.7533114,0.0088678496,0.283624977,0.0554609895,-1.98124969,0.4389171,-0.441605657,0.244449645,0.934855342,-1.35755622,-0.300668985,0.208419815,0.0101557905,-0.431379288
6.09993911,-2.52198291,-1.85375249,0.337133199,0.115403876,-0.744367003,-0.171382904,0.635002077,-0.971611917,0.250045657,0.154684544,1.2070694,-0.543538928,0.18802017,-1.64383435,0.351970643,0.161628306,1.74295247,0.0212734025,0.293372869,0.113777027,-2.02229476,0.357896835,-0.433288246,0.254337251,0.933513701,-1.34761238,-0.281336397,0.0814651996,-0.0669303462,-0.406472445
6.13327211,-2.52362919,-1.86011052,0.334673077,0.116726592,-0.753365934,-0.170877591,0.62419188,-1.00423729,0.238607943,0.1760737,1.20533431,-0.529722691,0.195610151,-1.66621184,0.337458521,0.156865269,1.7318815,0.0471198559,0.300889313,0.174265042,-2.04726624,0.293959767,-0.415460706,0.254943788,0.937826216,-1.39145756,-0.245696768,-0.0219000243,-0.0956882313,-0.393182933
6.16660511,-2.52476573,-1.8660717,0.332205117,0.118680902,-0.75962013,-0.172628909,0.61570394,-1.02842259,0.229503676,0.190591276,1.20131564,-0.521947443,0.205515563,-1.68503404,0.325640917,0.14808093,1.71592176,0.0901252031,0.304931194,0.240752652,-2.06083584,0.227681503,-0.3838287,0.254052222,0.935193539,-1.46718776,-0.227704138,-0.0943406969,-0.0990267321,-0.455559492
6.19993811,-2.52557087,-1.87188232,0.329645514,0.120533243,-0.767596781,-0.173654377,0.605071127,-1.05181766,0.219242617,0.193511739,1.19710076,-0.517855465,0.212291539,-1.70219684,0.311845124,0.138979822,1.69502187,0.138589382,0.305471838,0.297787279,-2.07595754,0.172870561,-0.358503759,0.24753432,0.937110364,-1.54824495,-0.24913308,-0.117333606,-0.0967732519,-0.621253729
6.23327111,-2.52703166,-1.87671137,0.32739988,0.125510097,-0.77090162,-0.172289029,0.600228608,-1.06223404,0.205679417,0.190684348,1.18948245,-0.512977302,0.211987972,-1.704144,0.296785742,0.135791108,1.67002487,0.176493123,0.2989963,0.326990664,-2.08038449,0.152040929,-0.344180286,0.23414588,0.94029969,-1.58921826,-0.266674548,-0.099919036,-0.0999917239,-0.726479113
6.26660411,-2.528795,-1.88061178,0.325329483,0.12994881,-0.772638381,-0.16981557,0.597750723,-1.06353784,0.189072534,0.179601431,1.18013239,-0.505709767,0.207008764,-1.69235468,0.279432356,0.13626717,1.6427573,0.196203947,0.282482684,0.334611714,-2.07421207,0.152161971,-0.335379928,0.215310335,0.938295662,-1.59719586,-0.28553763,-0.0677498728,-0.111834101,-0.757388413
6.29993712,-2.53085256,-1.88411295,0.323092133,0.135299012,-0.772713602,-0.164744988,0.59788543,-1.05853391,0.166738912,0.162944674,1.1695174,-0.496638596,0.200496376,-1.66806638,0.255427152,0.137480184,1.61529505,0.198182121,0.254687548,0.332363814,-2.05763698,0.163453162,-0.329364687,0.192343071,0.938271463,-1.60284686,-0.298694909,-0.0375752933,-0.115327202,-0.740848243
6.33327012,-2.5335381,-1.88687789,0.320498884,0.138512194,-0.772392154,-0.158481404,0.599256575,-1.05017924,0.144374371,0.150373638,1.15831864,-0.485782057,0.19940652,-1.63102818,0.227808207,0.138069853,1.58478987,0.188441008,0.22859256,0.327381194,-2.03493071,0.175687045,-0.323773593,0.166634992,0.943657637,-1.60717881,-0.303879291,-0.0130383419,-0.117659122,-0.734661043
6.36660312,-2.53672099,-1.88854873,0.317574799,0.140755743,-0.772073925,-0.152109891,0.600793004,-1.03841174,0.125651613,0.147424951,1.14505911,-0.468511075,0.200951427,-1.57603276,0.204241112,0.143444881,1.53989768,0.177287787,0.215514466,0.322387397,-2.00915051,0.18543753,-0.314323843,0.140384212,0.94636035,-1.60249937,-0.304535389,0.00232708082,-0.126290098,-0.741098046
6.39993612,-2.54077125,-1.88856387,0.313121647,0.140503451,-0.77029109,-0.144507304,0.605002522,-1.01601839,0.10658098,0.152560502,1.12536836,-0.44829163,0.20594807,-1.4905709,0.180378884,0.15711394,1.48560929,0.149951875,0.20262593,0.314417243,-1.97705102,0.193274871,-0.30398947,0.111999653,0.944735944,-1.58544981,-0.310130507,0.0142971994,-0.144498646,-0.742764354
6.43326912,-2.54516172,-1.88636243,0.306190848,0.134458169,-0.767917216,-0.133452654,0.61189419,-0.983088434,0.0792304948,0.155617967,1.10135305,-0.439870149,0.212719768,-1.37901235,0.152335152,0.177889287,1.41475379,0.116069376,0.186119989,0.297375739,-1.94012117,0.197828189,-0.295168221,0.0816566721,0.938994706,-1.5587374,-0.324193239,0.0244005919,-0.173307523,-0.738704562
6.46660212,-2.54952526,-1.88241029,0.296424717,0.121181555,-0.764709234,-0.114824578,0.622374594,-0.941005468,0.0367569476,0.148980826,1.0749948,-0.443096638,0.216624498,-1.24829614,0.11456304,0.201919109,1.32585192,0.0740197003,0.172137886,0.265497565,-1.8976835,0.198642358,-0.287317991,0.0501117781,0.93237704,-1.52079248,-0.344002128,0.0311922748,-0.212637872,-0.737703681
6.49993512,-2.55330992,-1.8774426,0.284617811,0.10219682,-0.760171175,-0.0905715376,0.635210514,-0.891616344,-0.0145337572,0.133981988,1.04787767,-0.44163546,0.217905968,-1.11633921,0.0666708723,0.215124607,1.22943318,0.0331214219,0.165203482,0.220171779,-1.85291386,0.198411778,-0.280771196,0.0202944502,0.925368309,-1.47830236,-0.367269486,0.0391951278,-0.254732519,-0.742660165
6.53326812,-2.55626345,-1.87197232,0.272445947,0.0815136135,-0.754028082,-0.0651399717,0.648501337,-0.838943779,-0.0629902706,0.113141857,1.02108502,-0.438067555,0.219619751,-0.993919671,0.018532183,0.212048948,1.13132548,-4.48305545e-05,0.169263676,0.171002433,-1.80950165,0.198199257,-0.275223434,-0.00500691263,0.916463375,-1.4354409,-0.388618678,0.0489237905,-0.295392811,-0.75102061
6.56660112,-2.55875301,-1.86633515,0.261577278,0.0619799607,-0.747787595,-0.0428007469,0.659651637,-0.787609696,-0.0999285281,0.0867562369,0.996682823,-0.445966274,0.222697601,-0.884579539,-0.0178153608,0.19707033,1.02546751,-0.0255068801,0.163397834,0.12789917,-1.77048182,0.200136021,-0.272310048,-0.0249395147,0.909915924,-1.39519668,-0.405630022,0.0588910431,-0.331720591,-0.761460483
6.59993412,-2.56134343,-1.86075759,0.250781745,0.0470153727,-0.739817619,-0.0264761094,0.67064029,-0.727817833,-0.122656517,0.0610990934,0.966861546,-0.47026065,0.226459578,-0.785133541,-0.0403302722,0.175596818,0.931541443,-0.0564009473,0.134859413,0.0968167186,-1.73229849,0.203484967,-0.271658242,-0.0416809283,0.906718254,-1.35413277,-0.418910861,0.0669190809,-0.363521188,-0.775556147
6.63326712,-2.56387424,-1.8552804,0.239680544,0.0357287414,-0.730113328,-0.0151793929,0.682222545,-0.658027351,-0.13337639,0.0364387557,0.929997027,-0.505860806,0.229411602,-0.691383064,-0.0498821996,0.153826013,0.871118844,-0.0874439031,0.088174656,0.0751865879,-1.6933136,0.208763584,-0.273925811,-0.0543876328,0.906915009,-1.31037116,-0.424893796,0.07046891,-0.388169318,-0.791327477
6.66660012,-2.56636143,-1.85014093,0.227904558,0.0267921425,-0.718129575,-0.00763812009,0.695351541,-0.575352192,-0.133537561,0.0159520246,0.884440958,-0.549775898,0.228417933,-0.59633112,-0.0512192994,0.133442655,0.828954816,-0.115943328,0.0497719534,0.0590293631,-1.65039635,0.215378597,-0.276397526,-0.0631592348,0.905546784,-1.26149452,-0.422429919,0.0687805414,-0.404259473,-0.807615578
6.69993312,-2.56941009,-1.84560096,0.213350847,0.0212534498,-0.70306474,-0.00392561266,0.71079731,-0.470141053,-0.123051591,0.00364380679,0.82089293,-0.603941619,0.21503365,-0.489368558,-0.0465860777,0.117674895,0.783895135,-0.13964422,0.0207570884,0.0479004867,-1.60006559,0.225775465,-0.277551532,-0.0744124651,0.900331616,-1.20433533,-0.415177017,0.0654441863,-0.41867587,-0.821214914
6.73326612,-2.57300973,-1.84160423,0.196465164,0.019030001,-0.684645176,-0.00407809624,0.728616655,-0.346781015,-0.104668275,-0.00386636448,0.742309272,-0.656458437,0.193136171,-0.37190482,-0.0369960032,0.112508066,0.732423186,-0.155006289,0.00572284497,0.0442404896,-1.5425868,0.238242805,-0.276765466,-0.0858226568,0.891732216,-1.14080024,-0.406158119,0.0617888048,-0.429862559,-0.830623329
6.76659912,-2.57699418,-1.83817506,0.179137707,0.0214426052,-0.664275944,-0.00834970828,0.747133195,-0.218061686,-0.0873937681,-0.0156595558,0.661429584,-0.693427086,0.172128633,-0.251675457,-0.0266233552,0.118334122,0.674499869,-0.153069988,-0.00209759246,0.0487351008,-1.48288727,0.251080632,-0.27451694,-0.0929503515,0.882353842,-1.07788515,-0.397075742,0.0597039834,-0.434524059,-0.834855378
6.79993212,-2.58084798,-1.8356086,0.162678227,0.0232601538,-0.643637359,-0.0105973892,0.764903665,-0.0958916694,-0.0788638741,-0.0358282216,0.589996099,-0.711719692,0.159214169,-0.13424395,-0.0221438929,0.123232976,0.621074915,-0.142486632,-0.00879101176,0.0532017648,-1.42639577,0.262006462,-0.272994339,-0.0938521102,0.875324845,-1.02041316,-0.392185003,0.0582825094,-0.433016539,-0.833237946
6.83326513,-2.58425307,-1.83345079,0.1481058,0.022807762,-0.623186767,-0.0115563814,0.781655014,0.01360247,-0.0727479532,-0.0511789173,0.531652868,-0.720217586,0.155463383,-0.0255935099,-0.0211643483,0.122673042,0.575149477,-0.129111096,-0.0114320926,0.0528113432,-1.3757025,0.272239298,-0.273772746,-0.0893300921,0.86651051,-0.966474473,-0.389387816,0.0568583608,-0.428183556,-0.826339006
6.86659813,-2.58730793,-1.83185756,0.134406418,0.0211298876,-0.605440855,-0.0108853169,0.795535326,0.10978274,-0.0679883063,-0.0594499111,0.480022669,-0.723775327,0.152214304,0.0737877265,-0.0241408218,0.119458638,0.527113557,-0.125539497,-0.00900466833,0.0479936711,-1.33200383,0.280116171,-0.2738325,-0.0870348811,0.858223498,-0.918049574,-0.388311476,0.0544715151,-0.427878857,-0.821383893
6.89993113,-2.59049559,-1.83071625,0.12095353,0.0164415091,-0.589422405,-0.00729607418,0.807624698,0.194078103,-0.0640265793,-0.0658110231,0.434198409,-0.721501529,0.146199912,0.168225572,-0.0287387818,0.109579727,0.472271174,-0.128481492,-0.00551948417,0.0374024063,-1.29308021,0.284340173,-0.272802919,-0.090576604,0.853100419,-0.872840405,-0.389109492,0.0497321561,-0.436254531,-0.819308817
6.93326413,-2.59302425,-1.83019745,0.110461809,0.00839821529,-0.57724303,-0.00147840369,0.816527903,0.255103379,-0.0566375032,-0.0613342412,0.403467894,-0.716911972,0.134413987,0.242882267,-0.0304545611,0.0918642506,0.425071716,-0.12754032,0.00112275861,0.0244026855,-1.26417625,0.282909513,-0.273098946,-0.093437314,0.850848496,-0.835478663,-0.394096047,0.0420069396,-0.447597891,-0.818324506
6.96659713,-2.59501886,-1.82988894,0.104004323,0.00270773075,-0.57088089,0.00241586706,0.821024835,0.289037496,-0.0491339043,-0.0564563647,0.387518972,-0.709344089,0.120441586,0.287769556,-0.0277016312,0.0812904164,0.394306839,-0.123030856,0.0101543982,0.0156995952,-1.24660695,0.279202491,-0.275036186,-0.0976573974,0.852265775,-0.806959331,-0.3999165,0.0316187739,-0.461994052,-0.818186879
6.99993013,-2.59696579,-1.82919121,0.100139491,-0.00318655837,-0.568224132,0.00524643296,0.822850943,0.303693324,-0.040585015,-0.0487186275,0.378385246,-0.702127755,0.111755773,0.311596811,-0.0223884359,0.0768162832,0.375527799,-0.116365388,0.0193258077,0.0106780175,-1.23638737,0.273662567,-0.27751857,-0.105793528,0.852000415,-0.781415462,-0.406104952,0.0169408545,-0.483113378,-0.81750375
7.03326313,-2.59846568,-1.82824111,0.0982194915,-0.010011063,-0.568702936,0.00828903727,0.822440267,0.302470058,-0.0305369459,-0.0359074101,0.375397295,-0.699761391,0.104883932,0.320532084,-0.0163496155,0.0743017718,0.363557875,-0.110261425,0.0246239621,0.00586024113,-1.23273396,0.267513484,-0.280598044,-0.115966141,0.852503181,-0.760343969,-0.412644982,-0.000794210238,-0.507854402,-0.817324042
7.06659613,-2.5996263,-1.82724869,0.0978065506,-0.0181170758,-0.571797788,0.0130473292,0.820090771,0.288804829,-0.0206720196,-0.0235256888,0.379455477,-0.699639261,0.0940640494,0.319436133,-0.0112183541,0.0733785257,0.355269462,-0.104895771,0.0267882217,-0.000466418773,-1.23361874,0.261253417,-0.283252507,-0.126928404,0.851672053,-0.743739665,-0.419795096,-0.0191318076,-0.534455597,-0.816691577
7.09992913,-2.60047174,-1.82627797,0.0987459794,-0.0256794002,-0.574882507,0.0177567564,0.817640126,0.270194978,-0.0121403737,-0.0148987295,0.388394892,-0.699632645,0.0806950778,0.313124001,-0.00685598282,0.0761870146,0.351893634,-0.0997019112,0.0268754624,-0.00917644519,-1.23498964,0.258361101,-0.284402072,-0.135767311,0.849821031,-0.730310261,-0.425326586,-0.0337021649,-0.555837512,-0.815132499
7.13326213,-2.60100555,-1.82532442,0.100173421,-0.0318649784,-0.577578843,0.0214928631,0.815429568,0.253059089,-0.00494723581,-0.010629802,0.39745304,-0.698639572,0.0690780655,0.305551797,-0.00395731395,0.0853001475,0.351618975,-0.0950734839,0.0276529994,-0.0189111102,-1.23501909,0.259628981,-0.2835657,-0.14363125,0.84622246,-0.7204566,-0.427734643,-0.0436269455,-0.570437372,-0.812745869
7.16659513,-2.60140562,-1.82442737,0.101250194,-0.0362668708,-0.579464972,0.0240290146,0.813835204,0.240384325,0.000795089814,-0.0126502831,0.404822409,-0.697240174,0.0627926216,0.299890786,-0.00269703707,0.100734837,0.351302445,-0.0907611921,0.0313051902,-0.0263451394,-1.23419547,0.262498319,-0.282781839,-0.150386497,0.843514502,-0.712834597,-0.429499984,-0.0510989279,-0.580826104,-0.811816216
7.19992813,-2.6018312,-1.82359064,0.101876706,-0.0400164165,-0.580769718,0.025706578,0.812677264,0.231667772,0.00596970273,-0.0195816495,0.410722345,-0.69546628,0.0617397204,0.296613485,-0.00245713396,0.118844546,0.349470079,-0.0862128288,0.036533419,-0.0315302126,-1.23352873,0.264311254,-0.282358408,-0.155213892,0.840684175,-0.705990493,-0.431423098,-0.0578649938,-0.589009941,-0.811034918
7.23326113,-2.60219908,-1.82278943,0.102137171,-0.0428365357,-0.581417143,0.0269172918,0.81203115,0.226532727,0.0108779259,-0.0277634244,0.414519042,-0.693918705,0.0617051013,0.29576081,-0.00355120143,0.135817692,0.346096516,-0.0821029916,0.0420451798,-0.0357630663,-1.23274386,0.26662457,-0.281969488,-0.15847218,0.837530613,-0.701572239,-0.43223536,-0.0625492036,-0.593843937,-0.809228778
7.26659413,-2.60231352,-1.8220979,0.102055527,-0.0449920557,-0.581473649,0.0277422816,0.811846375,0.224712372,0.015567299,-0.0343118794,0.416121334,-0.69390893,0.0603191555,0.297296077,-0.0051273643,0.153395563,0.342133045,-0.079491809,0.0470836572,-0.0396123007,-1.23231781,0.27003023,-0.281705648,-0.159885228,0.834295809,-0.699146092,-0.431899965,-0.0649176985,-0.595826387,-0.80762738
7.29992713,-2.60225844,-1.82164466,0.101751335,-0.0467430018,-0.581013739,0.028542256,0.812048912,0.225022912,0.019366052,-0.0387726054,0.416537762,-0.694671273,0.0580276549,0.300557613,-0.00692213327,0.170319989,0.337579459,-0.0779585764,0.0496318415,-0.0436178632,-1.2321595,0.273564607,-0.281223446,-0.159831867,0.831279755,-0.698088825,-0.4313429,-0.0656447411,-0.595868647,-0.806623757
7.33326013,-2.60215211,-1.82142663,0.101587459,-0.0485414416,-0.58074832,0.0297022909,0.812091649,0.224425226,0.0217400901,-0.0425974503,0.417653739,-0.695531845,0.0560242459,0.302978069,-0.00879514962,0.184622914,0.333608598,-0.0767845735,0.0513757579,-0.0478688404,-1.23229969,0.276423752,-0.280374438,-0.159653947,0.828700483,-0.697747409,-0.431391507,-0.0657189414,-0.595779538,-0.806697667
7.36659313,-2.60205078,-1.82135975,0.101790503,-0.0498331189,-0.581136405,0.0308371112,0.81169343,0.221532002,0.0225996114,-0.0461838581,0.41991663,-0.696297944,0.0547683574,0.302588701,-0.010772639,0.194816828,0.331455737,-0.0755861029,0.054305166,-0.0512354895,-1.23280883,0.278263956,-0.27940172,-0.160156772,0.826898575,-0.698120117,-0.432086408,-0.065735437,-0.596185207,-0.808140635
7.39992614,-2.60196447,-1.82145977,0.102244347,-0.0504527427,-0.581689417,0.0314135812,0.811236799,0.217665628,0.0224428698,-0.0486860834,0.422517002,-0.6972875,0.0545001663,0.300170869,-0.0125607066,0.200803444,0.331338316,-0.0748833194,0.0582154468,-0.0532767661,-1.23345137,0.278858572,-0.278306305,-0.160912693,0.825249195,-0.700037599,-0.432874531,-0.0656542704,-0.595779657,-0.808506191
7.43325914,-2.6018641,-1.82170713,0.102887064,-0.0507380627,-0.582495689,0.0318921842,0.81062156,0.213006243,0.0215368308,-0.0501752272,0.425864339,-0.697928548,0.0544703193,0.29629457,-0.0143112931,0.203952402,0.332588553,-0.0748438314,0.0611998998,-0.0544755496,-1.23443472,0.278429657,-0.277183563,-0.161616713,0.823921144,-0.702880502,-0.433403522,-0.0656591877,-0.594911397,-0.808671057
7.46659214,-2.60173917,-1.82199943,0.103609249,-0.0508250408,-0.583426833,0.0319974311,0.809942007,0.208061084,0.0203071833,-0.0507747941,0.429564387,-0.697998285,0.055008065,0.291606367,-0.0153031312,0.204121977,0.334815413,-0.074984774,0.0633790269,-0.0548267402,-1.2362138,0.276731342,-0.276440024,-0.161639318,0.823379278,-0.705432296,-0.433721751,-0.0661667213,-0.594379783,-0.809387326
7.49992514,-2.60149574,-1.82234216,0.104383104,-0.0509720147,-0.584370255,0.0320853256,0.809248865,0.20299381,0.0189521126,-0.0508694984,0.433655828,-0.698113382,0.0561472885,0.286603987,-0.0155401006,0.201940656,0.337912709,-0.0753963292,0.0651906952,-0.0550461262,-1.23929834,0.273827821,-0.276156634,-0.160273418,0.823224604,-0.70868212,-0.434141159,-0.066541858,-0.593247056,-0.809600294
7.53325814,-2.60107183,-1.82270432,0.105283089,-0.0509504601,-0.58536303,0.0319986455,0.808535874,0.197641775,0.0175105333,-0.0506664515,0.438231736,-0.698849916,0.0576625764,0.280906111,-0.0153102633,0.19813025,0.342238247,-0.0763883889,0.0668224767,-0.0553388074,-1.24385214,0.270561397,-0.276065022,-0.157411516,0.822855294,-0.714434624,-0.433809638,-0.0658886656,-0.589994788,-0.809233487
7.56659114,-2.60042763,-1.82303214,0.106423929,-0.0506314188,-0.586542726,0.0315194763,0.80771935,0.191324338,0.0158765204,-0.0503890738,0.443686634,-0.700085342,0.0593991838,0.273622245,-0.0147847058,0.192919478,0.348184913,-0.0779307857,0.0682619661,-0.0555344597,-1.25041533,0.267493248,-0.276594847,-0.152987301,0.823704898,-0.723280609,-0.432197988,-0.0639034957,-0.584456444,-0.808791518
7.59992414,-2.59959793,-1.82339168,0.107995398,-0.0501995943,-0.588204086,0.0310794711,0.806554437,0.182172939,0.013667047,-0.0496671051,0.451022774,-0.701749623,0.0609689355,0.263442516,-0.0142625635,0.1866301,0.355895668,-0.0801308155,0.0690472946,-0.0559011735,-1.25926471,0.263722926,-0.277398288,-0.147494808,0.825217664,-0.734204113,-0.43032974,-0.0611704551,-0.578367412,-0.808873236
7.63325714,-2.59853387,-1.82374287,0.110314004,-0.0505892187,-0.590996921,0.0309659448,0.804490209,0.167150617,0.0114086326,-0.0481348038,0.461533755,-0.703861833,0.060015019,0.248279557,-0.0128102647,0.181702584,0.366400033,-0.0833980665,0.0694431141,-0.0574871115,-1.27107501,0.258390456,-0.277840585,-0.141386524,0.826440513,-0.746509492,-0.42876029,-0.0590012446,-0.573312879,-0.809539735
7.66659014,-2.59730601,-1.82397079,0.113582715,-0.0519899726,-0.595037282,0.0316751972,0.801388979,0.1445463,0.00910850521,-0.0463842265,0.476700455,-0.706060529,0.0575482138,0.227102891,-0.0102570187,0.177712977,0.38023603,-0.0870751217,0.069366619,-0.0615012981,-1.28525758,0.253231943,-0.278097391,-0.13612175,0.828568101,-0.761231363,-0.426927865,-0.0567738526,-0.569102645,-0.810620248
7.69992314,-2.59594345,-1.8238492,0.118262291,-0.0542892106,-0.600351095,0.0331261456,0.797203839,0.112018652,0.00646620058,-0.0456891842,0.498568475,-0.706629992,0.0538030863,0.197287932,-0.00696873339,0.174590588,0.399198055,-0.0899145603,0.0695523247,-0.0676941574,-1.3020364,0.249750316,-0.278662205,-0.132165626,0.831443608,-0.781878531,-0.423525095,-0.0527436659,-0.563497722,-0.812716663
7.73325614,-2.59425974,-1.82307935,0.125237554,-0.056155324,-0.608443558,0.0346146673,0.790850699,0.0651948527,0.00270989211,-0.0462873429,0.531054556,-0.703200519,0.0485893413,0.15342325,-0.00333565054,0.172944278,0.427592009,-0.0919544324,0.0699941218,-0.0737884119,-1.32385194,0.248337373,-0.279699326,-0.127669215,0.83258754,-0.813471794,-0.418725342,-0.0443394221,-0.553775728,-0.817152441
7.76658914,-2.59215498,-1.82163978,0.13362214,-0.0586082675,-0.617475629,0.0368783809,0.783536196,0.00911177974,0.000740409479,-0.0371701382,0.568687022,-0.699587762,0.0440873057,0.10068047,0.000927601242,0.172980547,0.460855484,-0.0953776464,0.0725447014,-0.0804128423,-1.35011637,0.248879582,-0.281250507,-0.121831529,0.832199812,-0.852084875,-0.411402375,-0.0318931416,-0.541613996,-0.8249681
7.79992214,-2.58943772,-1.81929672,0.142985821,-0.0605318211,-0.627528846,0.0380062424,0.775305688,-0.0526435189,0.00266348664,-0.0187382866,0.608802438,-0.697631478,0.0347194746,0.0401295684,0.00759556564,0.175076023,0.501348317,-0.0984962434,0.0720374584,-0.0852006376,-1.38105655,0.252219498,-0.282878995,-0.113945678,0.829238415,-0.896496654,-0.401086718,-0.0172455572,-0.526618719,-0.836301982
7.83325514,-2.58610368,-1.81611323,0.153037831,-0.060630478,-0.638282299,0.0377658829,0.766481161,-0.115951486,0.00600951957,-0.00154139032,0.647732079,-0.693598449,0.0245892871,-0.0257057622,0.0154436091,0.172654599,0.549266338,-0.104542278,0.0679398924,-0.0893980041,-1.41545796,0.260009319,-0.283798307,-0.104097851,0.823849738,-0.946649075,-0.38638708,-0.000253415754,-0.506936729,-0.853264034
7.86658814,-2.58199978,-1.81176078,0.163590863,-0.0638568252,-0.648276031,0.0397387259,0.757681549,-0.180671334,0.0124378372,0.0129300365,0.687805772,-0.688307524,0.0139744487,-0.0914412588,0.0257670376,0.159021199,0.604313731,-0.118673958,0.05980606,-0.101877496,-1.45219553,0.276678145,-0.284860045,-0.0919616222,0.815630317,-1.0006007,-0.361981332,0.0245621037,-0.481907636,-0.871187806
7.89992114,-2.57716584,-1.80575991,0.175294772,-0.0658692643,-0.658293128,0.040888153,0.748758674,-0.249463245,0.0232770238,0.029099388,0.731927633,-0.681786358,0.000761363073,-0.160293356,0.0395863354,0.150520906,0.658145547,-0.130112171,0.0499177277,-0.118600935,-1.49176979,0.304087698,-0.286950052,-0.0762368292,0.804473996,-1.05551004,-0.326493591,0.0606569201,-0.453366905,-0.880926609
7.93325415,-2.57152963,-1.79797781,0.186736956,-0.0676473975,-0.668222189,0.0408104621,0.739754975,-0.318357646,0.0399092622,0.0440400057,0.776819229,-0.675946474,-0.0155584449,-0.22969386,0.0595992208,0.147533625,0.7112813,-0.141034976,0.0360257477,-0.134674728,-1.53584409,0.337949693,-0.292552859,-0.0573137887,0.792719483,-1.11927235,-0.290385097,0.0975353792,-0.414387375,-0.894479871
7.96658715,-2.56506157,-1.78901458,0.196796164,-0.0689455271,-0.677006662,0.0407136604,0.73160845,-0.382015288,0.0592106916,0.0528765805,0.818640053,-0.67221427,-0.0325338729,-0.294004589,0.0836020261,0.14312695,0.763182819,-0.155613661,0.0201254264,-0.149439782,-1.58396065,0.373988301,-0.300562054,-0.0331219956,0.781827748,-1.18540072,-0.251481503,0.128530428,-0.369545847,-0.9135831
7.99992015,-2.55791712,-1.77943206,0.205321118,-0.0708413795,-0.684389353,0.0404938459,0.724536359,-0.438885421,0.0795389414,0.0528021976,0.85632199,-0.669522345,-0.0509184264,-0.350410163,0.109910876,0.134108409,0.8106457,-0.173188671,0.0102566853,-0.162177011,-1.63484073,0.405974388,-0.310883641,-0.0019872596,0.771608829,-1.24837816,-0.212925926,0.153517678,-0.32326737,-0.932836831
8.03325315,-2.55041385,-1.76978052,0.212669224,-0.0747591183,-0.68986249,0.0410077013,0.718901336,-0.489172369,0.100897752,0.0465113297,0.890183747,-0.664665163,-0.0662103593,-0.397630274,0.136568606,0.11943382,0.849995494,-0.190624535,0.00398913352,-0.171410337,-1.68354189,0.422759384,-0.318306565,0.0320318751,0.750821173,-1.30465937,-0.181533977,0.170658097,-0.277297795,-0.948699713
8.06658615,-2.54258537,-1.76049113,0.219269469,-0.0800221637,-0.693418741,0.0411431864,0.714894474,-0.533024311,0.124501854,0.0370026492,0.921572387,-0.662027061,-0.0809483677,-0.436228156,0.160387129,0.0948973075,0.880789816,-0.205915719,-0.0101970071,-0.172927797,-1.71597815,0.41766566,-0.311051935,0.0536427349,0.702239037,-1.35188198,-0.162402585,0.179296374,-0.233388826,-0.960358858
8.09991915,-2.53441644,-1.75202048,0.225350231,-0.0861056224,-0.69494617,0.0399896055,0.712766767,-0.569900334,0.148732886,0.0220369995,0.950720966,-0.661398828,-0.0946197882,-0.467045784,0.181963205,0.0672915056,0.904526591,-0.219329,-0.026829619,-0.161622718,-1.70134032,0.395877928,-0.283597827,0.0272227935,0.644938469,-1.38872027,-0.157900229,0.179877803,-0.193813875,-0.969833851
8.13325215,-2.52636147,-1.74472558,0.231285736,-0.0905264616,-0.695274532,0.0371664725,0.712051213,-0.600420356,0.171409026,0.0037732739,0.976387024,-0.66017288,-0.104174793,-0.494050771,0.202040553,0.0422521718,0.924740553,-0.231168941,-0.0385158435,-0.135448188,-1.61447871,0.389084905,-0.26709494,-0.0697137639,0.639542103,-1.41729617,-0.167021036,0.175635621,-0.159503087,-0.978924096
8.16658515,-2.51928186,-1.73953569,0.237218693,-0.0910899788,-0.695612848,0.0328671746,0.711860359,-0.625285149,0.189283818,-0.0142358514,0.998226106,-0.659489393,-0.10760688,-0.52062881,0.21980992,0.0253860578,0.94457382,-0.238807261,-0.0487654917,-0.100972101,-1.46171844,0.409887046,-0.276051015,-0.210452557,0.675637901,-1.4401449,-0.182311267,0.1716602,-0.130089432,-0.987766922
8.19991815,-2.51306462,-1.73625433,0.243426204,-0.0892113,-0.695849597,0.0276039243,0.712090373,-0.6470626,0.202722818,-0.0275729895,1.0194397,-0.662420928,-0.107774593,-0.548490584,0.236365557,0.0162120294,0.965567827,-0.241256475,-0.0604980923,-0.0645594224,-1.27140093,0.454153627,-0.306059211,-0.343381137,0.735106409,-1.46026552,-0.199413314,0.168414757,-0.102294452,-0.993253767
8.23325115,-2.50730658,-1.73452485,0.250175178,-0.0874569565,-0.696629167,0.0231204368,0.711705387,-0.670834363,0.210968867,-0.0351928696,1.04413497,-0.664358675,-0.108666249,-0.578355372,0.249142751,0.00817408878,0.987147391,-0.241727427,-0.0682860315,-0.0281737149,-1.08190119,0.513584375,-0.349740982,-0.440617442,0.819988787,-1.47979486,-0.221339941,0.164868474,-0.076046221,-0.99311626
8.26658415,-2.50161791,-1.73427916,0.258044362,-0.0868748128,-0.696951687,0.0206000786,0.711538315,-0.699205935,0.212461278,-0.0375613272,1.07480097,-0.662802219,-0.107166812,-0.609487534,0.254434347,-0.00374877732,1.00897026,-0.241084456,-0.0741998181,0.00787925627,-0.924257457,0.568227947,-0.391901642,-0.515404582,0.896282494,-1.49903262,-0.249915183,0.161741361,-0.0476705767,-0.990940988
8.29991715,-2.4957428,-1.7354728,0.266669244,-0.0861844793,-0.697450161,0.0201741233,0.711145878,-0.731998444,0.206086248,-0.0349991135,1.11038041,-0.657703638,-0.0984645486,-0.641823292,0.250248462,-0.0189962499,1.03194845,-0.240177646,-0.0796971023,0.0425167792,-0.823205411,0.598371208,-0.432794154,-0.543712378,0.941996396,-1.52080655,-0.282544136,0.161594406,-0.0169329084,-0.988703012
8.33325015,-2.48979282,-1.73792624,0.275427252,-0.0843333751,-0.699329436,0.0207937192,0.709502518,-0.770404577,0.192485794,-0.0299029499,1.14880621,-0.649413586,-0.0822246894,-0.67830056,0.237417117,-0.032421492,1.05864799,-0.240255311,-0.0832769275,0.0728095919,-0.788373649,0.599928141,-0.474605501,-0.533451021,0.938807905,-1.54864252,-0.312781155,0.166536942,0.0127532128,-0.984948635
8.36658315,-2.48400664,-1.74164295,0.284003526,-0.0804172382,-0.704172671,0.0212964658,0.705138564,-0.817623138,0.172664285,-0.0212523397,1.18722463,-0.637866497,-0.0613965839,-0.725119948,0.219051033,-0.0370985009,1.08988416,-0.239979178,-0.0831426308,0.0942765474,-0.81680125,0.588687122,-0.524003208,-0.512501776,0.924333572,-1.58692777,-0.333444625,0.178912833,0.0381277613,-0.978599548
8.39991615,-2.47785234,-1.74709034,0.292339832,-0.0714439154,-0.713959157,0.0216323026,0.696196914,-0.872486413,0.148169652,-0.00693032937,1.22488272,-0.625393808,-0.0377373397,-0.783660054,0.19687964,-0.0295835957,1.12662292,-0.239366218,-0.075779371,0.105102673,-0.885758519,0.56932652,-0.579761922,-0.497659773,0.929198384,-1.6391753,-0.340726107,0.201175034,0.0635920912,-0.970437348
8.43324915,-2.47134185,-1.75388002,0.300443053,-0.0621936321,-0.720516562,0.0203322656,0.690343678,-0.919860363,0.1234219,0.00683408417,1.25944602,-0.614088953,-0.0143914493,-0.837755561,0.17543143,-0.0177131742,1.1641984,-0.237932831,-0.0658113211,0.131174147,-0.955868781,0.530844569,-0.637033522,-0.46674487,0.947140038,-1.69094098,-0.362272561,0.225460887,0.0916306376,-0.958508074
8.46658216,-2.46434808,-1.76163995,0.308643639,-0.052280318,-0.7247805,0.0189780686,0.686731279,-0.960812271,0.0974471793,0.0183823351,1.29386532,-0.602651536,0.00937841088,-0.886093855,0.153213188,-0.00574587286,1.20178974,-0.235775217,-0.0567015186,0.172799975,-1.02194488,0.479972184,-0.687465608,-0.417469651,0.955080748,-1.73621488,-0.400045872,0.252522916,0.119043976,-0.94398576
8.49991516,-2.45645499,-1.76998115,0.317097306,-0.0429278426,-0.728431046,0.0171487462,0.683557868,-1.00315142,0.0720169172,0.0269111376,1.33222437,-0.587285578,0.0307851359,-0.934939861,0.130650714,0.00385497138,1.24084854,-0.233541429,-0.0484023765,0.220364913,-1.09417665,0.426637024,-0.734794021,-0.356979042,0.94772613,-1.77934861,-0.445303947,0.28344512,0.146005034,-0.924141884
8.53324816,-2.44771552,-1.77902699,0.325669259,-0.0333776288,-0.731517673,0.0153763928,0.680831373,-1.04906869,0.0459669307,0.0319372937,1.374856,-0.569569349,0.0452137031,-0.985819161,0.10604959,0.010479873,1.28167343,-0.232083365,-0.0388204865,0.269033253,-1.17279041,0.373877972,-0.785032988,-0.290573239,0.929859459,-1.8237704,-0.494495988,0.317619681,0.173312128,-0.901724875
8.56658116,-2.43798161,-1.78846693,0.334904373,-0.0278010871,-0.734584928,0.0173914395,0.677723885,-1.1057018,0.0151205603,0.0297529791,1.42582142,-0.555872381,0.0472083725,-1.03961098,0.074242346,0.00981989037,1.32540071,-0.231574908,-0.0309680905,0.311283916,-1.25699306,0.317715704,-0.837726414,-0.2167577,0.902055323,-1.87231779,-0.546323597,0.354502589,0.20384714,-0.883091748
8.59991416,-2.42728567,-1.79785633,0.34452796,-0.0267767012,-0.737138927,0.0226156767,0.674831629,-1.1738143,-0.0178025756,0.0245043542,1.48590994,-0.545555234,0.0383541249,-1.09256041,0.036744304,0.00521000335,1.37287271,-0.235149339,-0.0216154382,0.34313938,-1.34512043,0.255039573,-0.886098385,-0.133678809,0.863324583,-1.92424548,-0.598234594,0.393272191,0.238491327,-0.867396057
8.63324716,-2.41530061,-1.8067584,0.354276001,-0.0303387996,-0.738834202,0.0307729188,0.672500312,-1.25258076,-0.0556265339,0.0150644043,1.5556103,-0.531016469,0.0367179587,-1.14153636,-0.00027276983,0.00336059672,1.42666173,-0.248537064,-0.00664035091,0.359232992,-1.43161559,0.191528752,-0.919333577,-0.0433209054,0.816159964,-1.97946346,-0.64118439,0.438271821,0.281615317,-0.853956819
8.66658016,-2.40212774,-1.81523609,0.363397121,-0.0345348231,-0.739635229,0.0370864421,0.671097398,-1.34076762,-0.0886973962,0.00780769764,1.63670552,-0.521257997,0.0320739746,-1.18519413,-0.0369645692,0.00096650864,1.47375488,-0.257403851,0.0087170545,0.362365097,-1.51006222,0.134810448,-0.933469474,0.0478537343,0.763778925,-2.03680634,-0.668592453,0.49335596,0.333777487,-0.839661717
8.69991316,-2.38825345,-1.82329607,0.370987326,-0.0381312855,-0.74001652,0.0413059779,0.670235276,-1.43469512,-0.110666618,0.00872116163,1.72484362,-0.513261259,0.0316639803,-1.22251618,-0.0678061917,0.0027572473,1.51370454,-0.261341095,0.0253011454,0.358509392,-1.57655954,0.0873692036,-0.93152827,0.135542244,0.713163614,-2.09148598,-0.672774076,0.541283727,0.397714347,-0.836837411
8.73324616,-2.37391162,-1.83147097,0.377116203,-0.0369254239,-0.737863362,0.0416532606,0.672650874,-1.52457881,-0.116101354,0.0192694124,1.81565547,-0.504734814,0.0366292745,-1.25165236,-0.09030132,0.00815933943,1.5496664,-0.265919507,0.0370139405,0.349295676,-1.62980294,0.0530551411,-0.920686245,0.223694786,0.668023407,-2.13945198,-0.649291217,0.581288993,0.48573786,-0.842182279
8.76657916,-2.35996652,-1.83972991,0.38183552,-0.0302344132,-0.733364165,0.0369121544,0.678159595,-1.60142207,-0.105589531,0.0315884799,1.90401435,-0.498397768,0.038156651,-1.27401626,-0.103577755,0.0144303348,1.58236241,-0.270502627,0.03826252,0.338244557,-1.66855848,0.032003507,-0.906039357,0.311755776,0.634392977,-2.18703771,-0.608605087,0.631420314,0.599864483,-0.830710411
8.79991216,-2.34684181,-1.84815848,0.385389358,-0.0195868071,-0.726740003,0.0287629981,0.686030626,-1.65899456,-0.090660885,0.0382454731,1.98319864,-0.493885458,0.0423759408,-1.29325747,-0.110237591,0.0225600414,1.61484003,-0.270225197,0.0375285596,0.328319877,-1.69306409,0.0196707826,-0.886512518,0.398861289,0.623042643,-2.22936296,-0.557099283,0.690059483,0.728191137,-0.779507577
8.83324516,-2.33392525,-1.85704327,0.388270825,-0.00565691479,-0.719170749,0.0200582407,0.694520772,-1.69729424,-0.0825284868,0.0386975259,2.04844475,-0.491137207,0.0478316993,-1.3171016,-0.111806937,0.0395415984,1.65027297,-0.260721892,0.0408944674,0.316985458,-1.70909762,0.0176671222,-0.863733292,0.480703562,0.625997543,-2.25401855,-0.499955624,0.739735365,0.85141772,-0.696658969
8.86657816,-2.3202672,-1.86625397,0.390759915,0.0108706607,-0.711408317,0.0133259976,0.702568471,-1.72140801,-0.0816810653,0.0383260213,2.10351539,-0.497849375,0.050091777,-1.34985828,-0.109290577,0.0666145384,1.69073081,-0.245996878,0.0475320891,0.296120554,-1.72026145,0.0315971598,-0.840946138,0.550399363,0.631237209,-2.23437119,-0.439287543,0.745810211,0.936037004,-0.602931082
8.89991116,-2.30628371,-1.87543118,0.392734021,0.0272952579,-0.703747213,0.00892874599,0.709869802,-1.74269557,-0.0855300948,0.0451755524,2.14335012,-0.498480022,0.0482427962,-1.38530862,-0.106094748,0.0955640376,1.73313725,-0.232130319,0.0539766513,0.261323452,-1.72849226,0.0587154329,-0.819921017,0.608862698,0.638956249,-2.15736628,-0.396458983,0.711686611,0.946511984,-0.525012255
8.93324416,-2.2934556,-1.88388181,0.394022763,0.0416112281,-0.69408375,0.00615013903,0.718664289,-1.75678587,-0.0879122242,0.0598141029,2.17641997,-0.496784657,0.0449384525,-1.40615809,-0.103484355,0.117614076,1.76917326,-0.223030731,0.0582078956,0.213415071,-1.72682166,0.0987396315,-0.802483618,0.656412899,0.650683224,-2.00740147,-0.38142857,0.652032375,0.861303151,-0.457057744
8.96657716,-2.2821207,-1.89090145,0.395267308,0.0535713993,-0.682690322,0.00057078019,0.728741229,-1.76255262,-0.0828214511,0.0758516192,2.20899272,-0.498384774,0.0448054038,-1.41520298,-0.0992937237,0.128200501,1.80411482,-0.219162136,0.0571552292,0.160584792,-1.71009624,0.150687292,-0.785601497,0.690594375,0.665691614,-1.79261506,-0.388237566,0.593525589,0.706088841,-0.407126874
8.99991016,-2.27157998,-1.89710557,0.396176428,0.0636682734,-0.671473026,-0.00517869182,0.73827064,-1.76661122,-0.0738267228,0.0903071836,2.24172258,-0.499875247,0.0481614806,-1.42119062,-0.0944903865,0.134467155,1.83786571,-0.217881829,0.0562268868,0.111241989,-1.68684971,0.205617219,-0.769608498,0.713766873,0.678114235,-1.5496887,-0.394720346,0.530564964,0.5506742,-0.384941608
9.03324317,-2.26130676,-1.90273046,0.396620721,0.0744473934,-0.660381138,-0.0100025944,0.74716413,-1.77174914,-0.063947551,0.10209801,2.27280593,-0.498395324,0.0510667898,-1.42965209,-0.0881204903,0.143248826,1.87183893,-0.216065645,0.0573119633,0.065035373,-1.66300011,0.261982501,-0.75279665,0.729862869,0.690656543,-1.30911005,-0.380202502,0.463372052,0.445628226,-0.373012483
9.06657617,-2.25073504,-1.90794897,0.396566689,0.0842540786,-0.650308907,-0.0133286724,0.754865468,-1.77981257,-0.0553906225,0.109720036,2.2979064,-0.490133077,0.0485749841,-1.44395339,-0.0810694471,0.155030072,1.90795219,-0.212881446,0.0584932417,0.0215948783,-1.64280117,0.318035275,-0.738142908,0.74079752,0.703679502,-1.10150063,-0.347690135,0.411482066,0.410412252,-0.369490743
9.09990917,-2.23947239,-1.9126054,0.39568451,0.0948271677,-0.641233504,-0.0170590095,0.761272907,-1.79353666,-0.0465424247,0.114733353,2.32270718,-0.476305962,0.0428525247,-1.46333241,-0.0713843405,0.168903247,1.94770789,-0.208817527,0.0561106503,-0.0199806299,-1.62794363,0.375016123,-0.726101816,0.750108838,0.721222281,-0.94575417,-0.3026447,0.383808821,0.43976894,-0.373406798
9.13324217,-2.22755885,-1.91631603,0.394561917,0.105694123,-0.629588664,-0.0207434092,0.769426107,-1.80391455,-0.0349920094,0.121422768,2.34575391,-0.460457385,0.0373482816,-1.48237908,-0.0608870722,0.185234338,1.99080682,-0.205055475,0.0499481261,-0.0668944493,-1.61410105,0.439139515,-0.721814871,0.76389271,0.744985402,-0.845755339,-0.248817608,0.3784298,0.509893119,-0.378396273
9.16657517,-2.21587229,-1.91894579,0.393937409,0.11268495,-0.617972791,-0.0202251822,0.777819157,-1.80373049,-0.0235085487,0.131989092,2.35585737,-0.44114539,0.0363783017,-1.50022078,-0.0541668646,0.2076478,2.03518462,-0.202468112,0.042079404,-0.1227604,-1.6046232,0.508362114,-0.734321594,0.783300459,0.775971591,-0.804584265,-0.189673647,0.395180225,0.628720224,-0.378824025
9.19990817,-2.20479274,-1.92089283,0.393776208,0.11911229,-0.605761886,-0.0175964404,0.786482811,-1.79459417,-0.0164705347,0.151307955,2.35619998,-0.417066187,0.0419083387,-1.51570201,-0.0480457768,0.241469815,2.07929492,-0.201238483,0.04224075,-0.179039329,-1.60037255,0.57739526,-0.773093879,0.810279369,0.828460693,-0.81159687,-0.127395958,0.422834158,0.789588869,-0.357723475
9.23324117,-2.19469523,-1.92222881,0.394100696,0.123387344,-0.592781961,-0.0117865065,0.795767665,-1.7731477,-0.0168493018,0.18479389,2.35619998,-0.402365685,0.0577208288,-1.53276622,-0.0450433902,0.287880093,2.12412596,-0.202598274,0.0557179824,-0.224664897,-1.5965966,0.627828717,-0.826804399,0.853424072,0.904813349,-0.854762495,-0.0727223828,0.452381909,0.977914572,-0.344857186
9.26657417,-2.18421721,-1.92355287,0.392967671,0.12640962,-0.580507636,-0.00167422078,0.804380894,-1.75130999,-0.0289562084,0.236143067,2.35618711,-0.403107136,0.0828481838,-1.57689691,-0.0550717786,0.344134599,2.18661761,-0.21622172,0.0815606788,-0.24783957,-1.59303021,0.641681433,-0.872438073,0.913110793,0.963201463,-0.919739187,-0.0409461074,0.470178485,1.16174197,-0.371463209
9.29990717,-2.17350626,-1.92515147,0.389478385,0.122907028,-0.567503035,0.0187207051,0.813931048,-1.73159814,-0.0569925122,0.301043808,2.35618281,-0.409260541,0.117377192,-1.65729058,-0.092155911,0.403596997,2.26570821,-0.246034279,0.109851755,-0.248786971,-1.59457242,0.623530209,-0.902530313,0.980316639,0.961492419,-0.980665386,-0.0483001545,0.474188775,1.29457307,-0.417919099
9.33324017,-2.16325045,-1.92670476,0.387384176,0.124101132,-0.553190231,0.0349610485,0.82301712,-1.71167374,-0.0724844038,0.355753273,2.35619712,-0.412035882,0.14701736,-1.77149534,-0.120851077,0.45298031,2.33321404,-0.269653708,0.119764201,-0.212414891,-1.58798838,0.59128511,-0.925045848,1.02701557,0.921323895,-1.0308727,-0.0859395415,0.50934726,1.38648927,-0.470446706
9.36657317,-2.15378785,-1.92764831,0.389598906,0.143833444,-0.541928232,0.0365164727,0.827219605,-1.69323575,-0.0495671704,0.390608132,2.35619998,-0.403599471,0.164083838,-1.91305935,-0.104630113,0.476951182,2.35619998,-0.258949548,0.120769545,-0.134951383,-1.56215525,0.560112238,-0.928846419,1.05304265,0.890505672,-1.06244993,-0.122671388,0.570776522,1.43853021,-0.504259348
9.39990617,-2.14465189,-1.9271816,0.393538088,0.164535135,-0.530623436,0.0338882096,0.830793917,-1.67355621,-0.0104818363,0.416725069,2.35619998,-0.382941753,0.171278566,-2.06299233,-0.0575347953,0.466505229,2.35619998,-0.236301526,0.132834658,-0.0549774095,-1.50683367,0.53889519,-0.852501333,1.051296,0.839658439,-1.0731107,-0.148250088,0.618900478,1.45066917,-0.510209918
9.43323917,-2.13591123,-1.92456174,0.396590084,0.180444896,-0.517412245,0.0349179804,0.835766077,-1.64963388,0.0221346337,0.44557634,2.35619998,-0.357734233,0.174518675,-2.21253586,-0.000165150384,0.431187481,2.35619998,-0.222171739,0.151397184,0.00361388223,-1.41933465,0.53992939,-0.74372828,1.02797866,0.780678034,-1.07431388,-0.164726317,0.643885672,1.45139706,-0.495806396
9.46657217,-2.12746835,-1.92046726,0.397470206,0.189934716,-0.501450777,0.0436826386,0.84294945,-1.61873758,0.0346098281,0.481929213,2.35619998,-0.334674865,0.179912418,-2.35321259,0.0522552021,0.388374329,2.35579467,-0.221926361,0.16474618,0.0332667604,-1.30560219,0.553215325,-0.670200229,1.00153637,0.757593691,-1.07132971,-0.179814309,0.659216106,1.44620311,-0.482219785
9.49990517,-2.12118435,-1.91477036,0.396834016,0.186673567,-0.48068127,0.0595252104,0.854725242,-1.57504487,0.0240191109,0.514302254,2.35619998,-0.318738878,0.184196278,-2.43421984,0.100507088,0.362234741,2.34193873,-0.234986439,0.182939798,0.0356921591,-1.17220581,0.560318053,-0.621552706,0.98047024,0.747947335,-1.0592196,-0.199010879,0.618720055,1.43274009,-0.449264735
9.53323817,-2.11651921,-1.90785468,0.396584451,0.181728959,-0.456558466,0.0723863691,0.867922306,-1.52302337,0.00772484485,0.533235967,2.35619998,-0.309793442,0.185165435,-2.44350004,0.130616337,0.350280821,2.31103826,-0.242537305,0.18955332,0.0351748168,-1.03563666,0.557261884,-0.614146113,0.967240751,0.743678629,-1.04108131,-0.22649166,0.587784708,1.41906095,-0.422435731
9.56657118,-2.11177254,-1.89973402,0.396162331,0.17359899,-0.43840012,0.0839210823,0.877853036,-1.47847366,-0.00831312034,0.538899422,2.35619998,-0.30248934,0.184105039,-2.44350004,0.145362571,0.356502891,2.30355692,-0.23670809,0.186659634,0.0395305604,-0.909942985,0.549225032,-0.644248903,0.953395844,0.745784342,-1.0218792,-0.260132372,0.606951535,1.41321754,-0.410959095
9.59990418,-2.10684657,-1.89040363,0.39593941,0.164106563,-0.425573677,0.0942969471,0.884909153,-1.44051862,-0.0180133432,0.533916652,2.35619712,-0.293660909,0.178953066,-2.43765235,0.151017874,0.377222002,2.32089424,-0.234028623,0.198987678,0.0496817566,-0.777034163,0.541190267,-0.677676737,0.94223243,0.761426151,-0.997103512,-0.291698813,0.63243705,1.40398026,-0.413493156
9.63323718,-2.10252905,-1.8803345,0.397557735,0.160324723,-0.409374952,0.100091673,0.892574787,-1.39465559,-0.0138770314,0.519168377,2.35617352,-0.285554826,0.169224247,-2.3946929,0.149352908,0.396120757,2.32677531,-0.249178514,0.23932077,0.0721674412,-0.604156017,0.533323348,-0.674299002,0.949491918,0.801374376,-0.959324241,-0.318805218,0.624442756,1.39792025,-0.421150804
9.66657018,-2.09930849,-1.86995459,0.401681364,0.163775161,-0.38964951,0.100291744,0.900717795,-1.33688366,0.00523912814,0.4917503,2.35615826,-0.289272904,0.151875585,-2.33948207,0.1398886,0.382672668,2.32138848,-0.268589675,0.263255209,0.112402149,-0.390527219,0.519684613,-0.602321208,0.99772048,0.842260957,-0.908295393,-0.343400508,0.568586707,1.39213049,-0.426851988
9.69990318,-2.09701467,-1.85904562,0.40825969,0.179312348,-0.368222207,0.100858226,0.90669018,-1.26783991,0.0390200503,0.4502711,2.35619998,-0.330226302,0.124999613,-2.28964472,0.149230957,0.340005606,2.31171656,-0.265290588,0.248715952,0.162215635,-0.16198723,0.506483734,-0.491244584,1.05661476,0.900515914,-0.847968638,-0.361422837,0.486947834,1.37667644,-0.427292168
9.73323618,-2.09561443,-1.84756184,0.416225195,0.202159181,-0.34369868,0.0995489135,0.911642969,-1.19126296,0.0809381753,0.398107946,2.35619998,-0.424599409,0.0808063373,-2.22444177,0.182768241,0.299504757,2.29973435,-0.256502897,0.230675951,0.227428988,0.0381359868,0.493368179,-0.391159147,1.09746575,1.01760304,-0.774890423,-0.38274309,0.408189505,1.35527313,-0.421026498
9.76656918,-2.09393167,-1.83702385,0.42313531,0.22908546,-0.318188846,0.0979632065,0.914701521,-1.11928797,0.122505978,0.361339748,2.35619998,-0.552048326,0.0292436611,-2.15375257,0.213952571,0.258741021,2.28363919,-0.259846002,0.208612576,0.306840837,0.17600362,0.482788116,-0.215011343,1.1555655,1.12809443,-0.690950394,-0.414952844,0.350923091,1.32644641,-0.406784117
9.79990218,-2.09259486,-1.82805336,0.429101378,0.261763453,-0.299956173,0.0994394124,0.911930919,-1.05798697,0.15039663,0.352246404,2.34232807,-0.655391991,-0.0165956132,-2.09784722,0.241077542,0.214126229,2.26446414,-0.266088873,0.161785558,0.381278217,0.236570075,0.479648203,0.0535821803,1.27995503,1.20561898,-0.60778296,-0.44964841,0.313808471,1.28909671,-0.384591311
9.83323518,-2.09404564,-1.81950355,0.438502818,0.282088131,-0.287896276,0.09744367,0.90997076,-0.994605243,0.158404201,0.356372058,2.29859328,-0.698839188,-0.039798066,-2.03966975,0.266390204,0.179117605,2.23913884,-0.272622138,0.12054348,0.431922019,0.273741424,0.501945853,0.27426976,1.39667022,1.29329145,-0.522939384,-0.47693485,0.267817825,1.25504684,-0.360509664
9.86656818,-2.0955565,-1.81215703,0.452041924,0.292422056,-0.280999631,0.0954342335,0.909076929,-0.954052508,0.159061387,0.353986621,2.24070907,-0.695397437,-0.0508088246,-1.98183417,0.284103364,0.158347949,2.20161343,-0.274893433,0.0950625092,0.45495218,0.29672578,0.523121953,0.402122796,1.47470272,1.38635933,-0.453529537,-0.490534335,0.208019868,1.25126171,-0.345618725
9.89990118,-2.09654641,-1.8061229,0.469431549,0.290231675,-0.276136309,0.0946026817,0.91135323,-0.926416516,0.145174682,0.336294472,2.16901112,-0.678366482,-0.0606452003,-1.92094624,0.285611987,0.14995271,2.15421438,-0.273725182,0.0756080002,0.451785296,0.289639443,0.527180552,0.450463802,1.52653599,1.46164823,-0.405328035,-0.492903471,0.143591791,1.28994691,-0.350113332
9.93323418,-2.09870076,-1.8005203,0.489446312,0.282246977,-0.270057917,0.0939261615,0.91574192,-0.890018404,0.116475232,0.309427857,2.08094025,-0.667652667,-0.0715706944,-1.85267472,0.274201065,0.149650738,2.1010313,-0.271336973,0.0555702448,0.432484746,0.248504326,0.520215631,0.454918563,1.56435943,1.50330591,-0.374739438,-0.487408042,0.0786260143,1.36559987,-0.380749017
9.96656718,-2.10213995,-1.79482615,0.511152804,0.271212488,-0.26302585,0.0937306955,0.921127439,-0.844633937,0.0869692117,0.286042631,1.98213458,-0.653340995,-0.0778153017,-1.77676451,0.255940527,0.154161543,2.04285669,-0.270290881,0.0380703881,0.402804464,0.188046038,0.505474508,0.4551301,1.57873285,1.48333192,-0.359845191,-0.476699829,0.0196272098,1.46361279,-0.428442091
9.99990018,-2.10580468,-1.7890625,0.53375572,0.258842915,-0.25529027,0.09338063,0.926880419,-0.805959523,0.0693916902,0.267267734,1.88850486,-0.610251546,-0.0819143057,-1.69481134,0.235200882,0.160945073,1.97813618,-0.272371531,0.0258882158,0.366627008,0.126612157,0.47931847,0.452707648,1.5409441,1.42347598,-0.350156724,-0.463639647,-0.0259289294,1.55400693,-0.472956747
10.0332332,-2.10903597,-1.78372371,0.556698024,0.245004177,-0.247699946,0.0924176574,0.932779014,-0.789112329,0.0639099479,0.244687989,1.81371224,-0.517492235,-0.0919355154,-1.61035299,0.212747633,0.167691171,1.90620589,-0.276611418,0.0173811801,0.3273004,0.0694026276,0.443459034,0.408818513,1.46099603,1.3901453,-0.335731834,-0.450127453,-0.0600765869,1.61265194,-0.502352059
10.0665662,-2.11183763,-1.77926207,0.579401553,0.228519037,-0.240326464,0.090591386,0.939050257,-0.798377275,0.0672428384,0.21359019,1.76178539,-0.378658473,-0.102057993,-1.52804887,0.186406463,0.169794112,1.82971001,-0.278934896,0.0101880236,0.289812595,0.0122521939,0.40552026,0.35143286,1.38690746,1.35722554,-0.31351009,-0.437925011,-0.0929215699,1.63566864,-0.516631722
10.0998992,-2.11429477,-1.77565694,0.601092517,0.209988862,-0.23377113,0.0873113275,0.945321381,-0.826162398,0.0731015354,0.180546731,1.72788036,-0.257289231,-0.0906032547,-1.45126712,0.15630281,0.163174033,1.75252044,-0.278125197,0.00100980105,0.257414013,-0.0422387682,0.368532598,0.317447871,1.33787894,1.304268,-0.286673993,-0.425785661,-0.11985679,1.63131988,-0.5187608
10.1332322,-2.11660242,-1.77293122,0.621405244,0.190221891,-0.227794319,0.0836402923,0.951277912,-0.859757185,0.0770272613,0.153339207,1.69599414,-0.248984709,-0.066163823,-1.38002157,0.124888711,0.150768861,1.67687619,-0.276127756,-0.0068342993,0.230251029,-0.0889598653,0.334856063,0.290701896,1.30410898,1.27088094,-0.261784106,-0.413795233,-0.133959427,1.61353159,-0.513754666
10.1665652,-2.11902308,-1.77094722,0.640185654,0.170459077,-0.221509844,0.0790958181,0.956880867,-0.894561529,0.0840230733,0.137050763,1.64854002,-0.297262669,-0.066652827,-1.3114419,0.0933998674,0.13244009,1.60292339,-0.275667012,-0.0137570063,0.209227636,-0.125140727,0.308061063,0.269926041,1.27871275,1.25304508,-0.242202267,-0.40277496,-0.131102994,1.59228957,-0.503086507
10.1998982,-2.12133121,-1.76969588,0.657779336,0.150816157,-0.216266364,0.0740828812,0.96176666,-0.931224167,0.093009904,0.135165974,1.57815874,-0.345635802,-0.0599328279,-1.24558175,0.0627223626,0.108069204,1.52813816,-0.274907261,-0.0203763526,0.191675261,-0.153766617,0.286795437,0.265029371,1.25839353,1.22521889,-0.22956951,-0.392656446,-0.114407666,1.56705213,-0.4906317
10.2332312,-2.12391019,-1.76943016,0.674168289,0.132009253,-0.210917652,0.0688883513,0.966096103,-0.963831186,0.0967474058,0.142939299,1.48105991,-0.383078665,-0.037259575,-1.18059754,0.0330053456,0.0787151456,1.4527806,-0.274621308,-0.0279636215,0.174688801,-0.174617946,0.273880303,0.257925868,1.2477324,1.20179045,-0.223803312,-0.383446008,-0.0993138403,1.54203403,-0.47626549
10.2665642,-2.12686324,-1.77031708,0.689379156,0.114882208,-0.205213249,0.0632891431,0.969888687,-0.98602289,0.0898266211,0.15166229,1.35235071,-0.406988472,-0.0148802577,-1.11502826,0.00528762257,0.0457800627,1.37666047,-0.275241703,-0.0358214006,0.157574311,-0.189245701,0.269723624,0.245827407,1.24479735,1.18346286,-0.224313959,-0.374097943,-0.10133408,1.52269673,-0.458355129
10.2998972,-2.13061452,-1.77238905,0.70393908,0.0991559178,-0.199055925,0.0578109883,0.973243415,-0.988705516,0.0693411231,0.155550539,1.18880761,-0.414531857,-0.00230790628,-1.04561961,-0.020553166,0.0113338428,1.29760814,-0.278202295,-0.041876588,0.140854582,-0.193967849,0.273036271,0.22115615,1.23860431,1.15391207,-0.226290703,-0.362761587,-0.118220851,1.50951743,-0.435602158
10.3332302,-2.13601089,-1.77556145,0.717433691,0.0858337432,-0.191335708,0.0526074544,0.976348102,-0.963026941,0.0405480713,0.155143186,1.00812745,-0.38660112,0.000989541993,-0.972904503,-0.0420808494,-0.0209031105,1.21991849,-0.278959453,-0.044126302,0.125032097,-0.180554062,0.283051878,0.168676466,1.21175134,1.08383465,-0.226250857,-0.347476304,-0.139587969,1.49987197,-0.412947237
10.3665632,-2.14347506,-1.77979362,0.728947043,0.0782663524,-0.182240069,0.0468441397,0.979014099,-0.9124704,0.0172671229,0.153505698,0.866168916,-0.306227028,0.017399719,-0.901334882,-0.0547330827,-0.0441286117,1.15153956,-0.271896243,-0.0400709659,0.111032911,-0.149309888,0.299142092,0.0789496228,1.16031182,0.960563421,-0.225377873,-0.327187955,-0.143512949,1.49229121,-0.39662233
10.3998962,-2.15244436,-1.78539801,0.737765968,0.0789891332,-0.169947281,0.0412286073,0.981416762,-0.848228693,0.00584082957,0.144588724,0.803137362,-0.271598786,0.0308685638,-0.835568726,-0.0600792542,-0.055716861,1.10164881,-0.253659606,-0.0297159757,0.0974925011,-0.109268546,0.323951542,-0.0257215779,1.10711074,0.821721196,-0.224188,-0.304069877,-0.119063549,1.483657,-0.39143005
10.4332292,-2.16204906,-1.79167342,0.744206965,0.0846465603,-0.153557375,0.0348289423,0.983891249,-0.78171289,0.00080202712,0.133879721,0.773832202,-0.259269744,0.0289095324,-0.77707094,-0.0633501261,-0.0584815852,1.07458305,-0.225802824,-0.01136884,0.0828717649,-0.079672955,0.349909514,-0.120217226,1.07411802,0.711004615,-0.21926181,-0.280071288,-0.0873046592,1.47324431,-0.394234926
10.4665622,-2.1715157,-1.79777288,0.749837637,0.0874502435,-0.135236114,0.0293325614,0.986510634,-0.713971019,-0.00434451271,0.133584291,0.750115395,-0.255114555,0.0311813336,-0.726021647,-0.0718050897,-0.0591240376,1.0664829,-0.193870932,0.0133372266,0.0632219315,-0.0721426979,0.367651314,-0.186752364,1.07528555,0.661174297,-0.20957385,-0.256924778,-0.0786474124,1.46525466,-0.398627609
10.4998952,-2.18061423,-1.8031044,0.755282581,0.0839475095,-0.116041742,0.0246157087,0.989384234,-0.643834472,-0.00885844138,0.146580249,0.721620202,-0.25317663,0.0374363065,-0.677305043,-0.0850948244,-0.0641047284,1.06639004,-0.161461368,0.0365955904,0.0357607752,-0.0845963955,0.375552535,-0.231264293,1.11287463,0.664445817,-0.198997989,-0.235875711,-0.0871433839,1.46673846,-0.400790632
10.5332282,-2.18931794,-1.80747819,0.76069212,0.0762307048,-0.0966107473,0.0202389732,0.992192328,-0.571062326,-0.0141332317,0.161430582,0.685999751,-0.252044439,0.0451542139,-0.626816154,-0.0973554999,-0.0729382038,1.06589615,-0.131837234,0.0516029485,0.00387032144,-0.110746488,0.375239849,-0.267477244,1.17807114,0.696304142,-0.189381093,-0.218338475,-0.0861543417,1.47567475,-0.410309553
10.5665612,-2.19761372,-1.81107593,0.765772641,0.0677213743,-0.0778097734,0.0163106453,0.994531751,-0.498488694,-0.0214082468,0.166870579,0.646318257,-0.251196384,0.0534420647,-0.573049843,-0.10252732,-0.0784115195,1.0590806,-0.11023917,0.0546178594,-0.026377866,-0.144923881,0.367952287,-0.299383759,1.25619829,0.743704736,-0.181137651,-0.205549538,-0.0725027248,1.48718786,-0.431351542
10.5998942,-2.20552921,-1.81385195,0.770263731,0.0608376153,-0.0602395609,0.0125233866,0.996249557,-0.427694857,-0.029559439,0.15937598,0.604536653,-0.250855833,0.0597163029,-0.515743136,-0.0967452377,-0.0745602548,1.04096127,-0.107107475,0.0443420783,-0.0505423695,-0.181147218,0.35678795,-0.324688315,1.32923472,0.799265325,-0.175349683,-0.197173685,-0.0608141832,1.50175178,-0.457085907
10.6332272,-2.21303439,-1.81571078,0.774116278,0.0559075996,-0.04326801,0.00861269049,0.997460783,-0.358381629,-0.035488259,0.145351976,0.561522663,-0.251469642,0.0631319359,-0.454407096,-0.08065705,-0.0594441183,1.00693107,-0.134813055,0.0306758396,-0.0672634095,-0.214718238,0.345030785,-0.333111852,1.38108432,0.846828103,-0.171556607,-0.19278118,-0.0591439977,1.5184201,-0.479543447
10.6665602,-2.21958876,-1.8165307,0.777288795,0.0518693812,-0.027709119,0.0045000324,0.998259246,-0.293347448,-0.0359626897,0.136217058,0.519175172,-0.252130657,0.0632553101,-0.39266476,-0.0586387068,-0.0378455259,0.953677237,-0.18166779,0.0206636935,-0.0776282176,-0.243961543,0.336231649,-0.321380377,1.40321386,0.869909883,-0.169439226,-0.191338345,-0.0619290993,1.53374016,-0.49665761
10.6998932,-2.22502899,-1.81641448,0.779932737,0.047909759,-0.0136729255,0.000387175503,0.998758018,-0.234054178,-0.0311763268,0.13729392,0.478078216,-0.252138793,0.0605747849,-0.333265215,-0.0360770486,-0.0158524718,0.88000679,-0.223000839,0.0132534262,-0.0836298764,-0.267714113,0.330591232,-0.292883247,1.39457834,0.863852143,-0.169460103,-0.191010043,-0.0608325079,1.54467309,-0.510754049
10.7332262,-2.22948647,-1.81570423,0.782126069,0.0447318368,-0.00174090243,-0.00314879837,0.998992562,-0.180444881,-0.0244941935,0.146751329,0.436826408,-0.251104832,0.0561719202,-0.276676863,-0.0184488595,0.00144833804,0.786666036,-0.249925226,0.0171630159,-0.08558397,-0.285596669,0.326425552,-0.263259113,1.36320496,0.832435191,-0.173366368,-0.19103381,-0.0526128188,1.5531776,-0.519727528
10.7665592,-2.23333764,-1.81462085,0.783917546,0.0431405306,0.00868391059,-0.00531641068,0.999017119,-0.130461156,-0.0198766422,0.159880787,0.394859523,-0.248421222,0.0515251495,-0.220947102,-0.00919970777,0.00727320975,0.679026425,-0.259412199,0.0342229344,-0.0825976282,-0.298468441,0.320972532,-0.246999368,1.3215816,0.78426826,-0.180600002,-0.191568404,-0.0335061587,1.55702043,-0.524710298
10.7998922,-2.23704934,-1.813151,0.785618305,0.0439561941,0.0189083703,-0.0055637029,0.998839021,-0.0807343572,-0.0197706092,0.172368273,0.352449566,-0.242358729,0.0463361666,-0.165481225,-0.00772015098,-0.00424861629,0.574471712,-0.246025935,0.0419816077,-0.0736996457,-0.307083458,0.312744319,-0.252372831,1.27946281,0.734028876,-0.189452916,-0.192499071,0.000695177878,1.55258596,-0.530876398
10.8332252,-2.2407999,-1.81122482,0.787510097,0.0475531816,0.0293735825,-0.00406325283,0.998428464,-0.0255414639,-0.0251214039,0.181137756,0.30175522,-0.229107693,0.0405202284,-0.114782929,-0.0119025102,-0.0287985541,0.509677947,-0.223453671,0.0191589594,-0.0585233383,-0.311932862,0.301622331,-0.280099005,1.24285388,0.696107984,-0.19822073,-0.193180189,0.047712341,1.54217768,-0.535850942
10.8665582,-2.2453897,-1.80900657,0.789952755,0.0543800667,0.0409725979,-0.00139586639,0.997678339,0.0496833287,-0.0374565274,0.183074728,0.217221484,-0.19956857,0.031561099,-0.063974455,-0.0208949279,-0.047765743,0.465803295,-0.209879443,0.0094762193,-0.0368519165,-0.310423732,0.286869705,-0.317502111,1.21739733,0.675814629,-0.204849184,-0.194073141,0.102768168,1.52628255,-0.538065195
10.8998912,-2.25086856,-1.80668998,0.792132437,0.0670791417,0.0545170717,0.00176290527,0.996255577,0.144660965,-0.0540024787,0.179474294,0.0949064195,-0.151853889,0.0200037677,-0.011578586,-0.0307877809,-0.0612905025,0.426440299,-0.202764228,0.0104334466,-0.0103424368,-0.299946696,0.267497271,-0.341096967,1.20500672,0.670110464,-0.208835214,-0.195161894,0.158715814,1.50404179,-0.537806869
10.9332242,-2.25522947,-1.80373311,0.792109311,0.0753381476,0.0645845383,0.001182621,0.995063603,0.212402567,-0.0598465428,0.173052147,0.00953025371,-0.116806991,0.00792066753,0.0341917314,-0.0330125801,-0.0728199631,0.393746674,-0.205861583,0.0131606963,0.00647614105,-0.283874303,0.248344705,-0.34163931,1.2031486,0.668275774,-0.214798436,-0.192442581,0.196447387,1.47758234,-0.532359421
10.9665572,-2.25867033,-1.80048859,0.791648567,0.0767058283,0.0724029019,-0.000799027795,0.994421124,0.239430651,-0.0535927638,0.166127682,0,-0.114660986,-0.000759444316,0.0842991546,-0.0298912823,-0.0909523219,0.348385245,-0.213157848,0.019550845,0.00729137287,-0.264199823,0.229513049,-0.332835793,1.21249747,0.661506474,-0.218302205,-0.188650608,0.210282564,1.44240165,-0.51883173
10.9998902,-2.26220703,-1.79731131,0.791825652,0.0716422871,0.0793825462,-0.00206534285,0.994264305,0.250519037,-0.0438024141,0.160050362,0.0155749125,-0.123331875,-0.00504089147,0.151943222,-0.0244003516,-0.116460361,0.267293245,-0.211558253,0.035360381,-0.00276008365,-0.243618429,0.209589303,-0.335724026,1.23345065,0.660172701,-0.214328662,-0.186552107,0.202120841,1.40128279,-0.494296789
11.0332232,-2.26566362,-1.7943821,0.791651905,0.0687852353,0.0858825222,-0.00311159063,0.993923068,0.264125675,-0.0361617245,0.157470539,0.0288868938,-0.133983374,-0.00861828681,0.220871016,-0.016330108,-0.135133535,0.173960879,-0.198369637,0.0535526648,-0.00997387152,-0.222136065,0.189690351,-0.351047993,1.26049125,0.682774186,-0.205192596,-0.18467693,0.185015723,1.36057675,-0.460869133
11.0665562,-2.26827741,-1.79159641,0.791052043,0.0714268833,0.0904829726,-0.00411198288,0.993324757,0.284575433,-0.0320367515,0.155297667,0.021681929,-0.138157636,-0.0135444421,0.263311356,-0.00872202963,-0.138063714,0.114504859,-0.183261767,0.0619691573,-0.00511660473,-0.199370876,0.169922307,-0.354048491,1.29083538,0.725601315,-0.19525528,-0.181832582,0.172904521,1.32813084,-0.421911597
11.0998892,-2.26955867,-1.78895915,0.790796578,0.0787836984,0.0927302316,-0.0049651321,0.992557108,0.303850412,-0.0305372979,0.150746122,0.00394797651,-0.135157213,-0.0185966548,0.270023316,-0.00490121869,-0.127593711,0.109019235,-0.179967776,0.058186736,0.0104348017,-0.175623149,0.152797803,-0.325008541,1.32454646,0.768990517,-0.186195001,-0.179402113,0.177760094,1.30534935,-0.389621139
11.1332222,-2.26953316,-1.78665078,0.79096812,0.0838969871,0.0923567414,-0.00536724133,0.992170691,0.308879912,-0.0288141239,0.146107271,0,-0.133952454,-0.0212692264,0.258324206,-0.00286140875,-0.115451373,0.129213125,-0.184646055,0.0503916033,0.025334876,-0.153069377,0.142590106,-0.274909377,1.36103094,0.796126306,-0.178551733,-0.178144157,0.194965839,1.29379749,-0.375856757
11.1665552,-2.26912332,-1.78463602,0.791215241,0.0838785321,0.0906106606,-0.00491110748,0.992335618,0.304168969,-0.0263496116,0.145315737,0,-0.131491721,-0.0228447746,0.247097328,-0.000943901483,-0.112867296,0.144190714,-0.188429371,0.0452022664,0.0326242894,-0.135162547,0.139631331,-0.215601727,1.40748513,0.805877566,-0.169889405,-0.177444234,0.210783288,1.29339182,-0.376829922
11.1998882,-2.26906037,-1.782794,0.791297793,0.080133684,0.0878805518,-0.00399460131,0.99289459,0.295058131,-0.0231356118,0.148296729,0.00159581425,-0.128836125,-0.0248985142,0.242934316,0.000757870788,-0.122713156,0.145267531,-0.190032601,0.0434964113,0.03304765,-0.125656724,0.142821446,-0.15417096,1.46817446,0.820038676,-0.15834108,-0.176211536,0.217179686,1.30167818,-0.381750554
11.2332212,-2.26932812,-1.78118968,0.791266799,0.0758852884,0.0859792605,-0.0027962809,0.993398786,0.286669165,-0.0203836672,0.150959924,0.00747872517,-0.13048096,-0.0261143129,0.247044817,0.00256021344,-0.131894827,0.133281589,-0.18933782,0.045302622,0.0297890138,-0.121676527,0.155138552,-0.130006462,1.51948452,0.845450461,-0.143916592,-0.174027592,0.216662064,1.31863117,-0.390091956
11.2665542,-2.26941609,-1.77956772,0.791248202,0.0717696026,0.0847664922,-0.0020351042,0.993810654,0.28366819,-0.0176994558,0.149984553,0.00677275285,-0.131288439,-0.0261666607,0.253292114,0.00604358409,-0.134205669,0.118214004,-0.186452717,0.0466822349,0.0270475596,-0.116306782,0.17500928,-0.142091632,1.53611326,0.887481153,-0.128708407,-0.170912609,0.215435833,1.34771061,-0.406467944
11.2998872,-2.26912642,-1.77796853,0.791275799,0.0673111603,0.0837324336,-0.00170486118,0.994210839,0.283993244,-0.0145598399,0.145619333,0.00136995479,-0.131708488,-0.0278990697,0.256515026,0.0104928184,-0.134875253,0.108270735,-0.183118612,0.0452939272,0.0271716677,-0.108449444,0.199683636,-0.155470744,1.52395844,0.930730104,-0.114601701,-0.168024674,0.217940748,1.38838768,-0.436303675
11.3332202,-2.26856136,-1.77652657,0.791317403,0.0622390993,0.0826898366,-0.0012392354,0.994629145,0.28240329,-0.0112960525,0.140903294,0,-0.134326771,-0.0310192555,0.257607996,0.0145958085,-0.137123555,0.101632051,-0.180410922,0.0426993407,0.0294207837,-0.101885803,0.225939974,-0.137062788,1.50508964,0.95418936,-0.102189109,-0.165202498,0.223925337,1.43777895,-0.478838176
11.3665532,-2.26785564,-1.7751528,0.791376233,0.0563923344,0.0812004358,-0.000488904363,0.995101094,0.27727735,-0.00803526025,0.137821496,0,-0.134996712,-0.0339263827,0.258066297,0.018349478,-0.140156582,0.0945134908,-0.177709058,0.0401729569,0.0304829776,-0.0975558087,0.251643628,-0.0891876146,1.49044514,0.952403843,-0.0908367932,-0.161971018,0.227281079,1.48854554,-0.528217793
11.3998862,-2.26708484,-1.77380097,0.791483164,0.0495675169,0.0791986734,0.000367860805,0.995625675,0.268888444,-0.00460483367,0.135393098,0,-0.132227615,-0.0356099084,0.257334203,0.0223987307,-0.140763149,0.0876528621,-0.174777314,0.0374044105,0.0276044589,-0.0943648517,0.275382489,-0.0368786603,1.47966588,0.936518252,-0.0795392692,-0.159557939,0.219813585,1.53277087,-0.575511158
11.4332192,-2.26620245,-1.77250063,0.79167676,0.042512279,0.076873526,0.00109329447,0.996133506,0.259019732,-0.00129777461,0.132533312,7.195737e-06,-0.128276721,-0.0359772518,0.253240973,0.0264863484,-0.138831973,0.0849774182,-0.172361985,0.0334730186,0.0218816362,-0.0920702741,0.296183318,-0.00565268984,1.47141647,0.916757882,-0.0687948391,-0.159660012,0.200629503,1.5659219,-0.612018466
11.4665522,-2.26504707,-1.77145422,0.791944385,0.0372028835,0.0739793405,0.0018696941,0.996563852,0.248774424,0.000952872913,0.129517496,3.1327088e-06,-0.124668144,-0.0362298265,0.244139791,0.0292624421,-0.138915554,0.0888304263,-0.171677962,0.0284743197,0.0159144215,-0.0906793997,0.312961429,-0.00108377519,1.46368361,0.900858581,-0.0606804229,-0.163090602,0.175877124,1.58662057,-0.635003865
11.4998852,-2.26368189,-1.77050829,0.792184651,0.0330334567,0.0710704327,0.00250763539,0.996921003,0.239051968,0.00274801301,0.127172545,1.53351237e-07,-0.121799454,-0.0379006118,0.232111186,0.0309787784,-0.141091555,0.0977288112,-0.173234507,0.0241006911,0.0103336694,-0.0898615494,0.325406939,-0.0150844678,1.45414412,0.890828729,-0.0553721488,-0.168800741,0.153490573,1.59455478,-0.649000823
11.5332182,-2.26222801,-1.76961493,0.792355895,0.0284588635,0.0684869289,0.00321531529,0.997240841,0.229669243,0.004273511,0.125826254,0,-0.119021192,-0.0405117311,0.220432416,0.0322372504,-0.14257881,0.107121348,-0.175804242,0.0206077658,0.00437442027,-0.0896935984,0.332710087,-0.0347844586,1.44439256,0.884843647,-0.0528684855,-0.175984368,0.138001204,1.59248793,-0.656761706
11.5665512,-2.26067877,-1.76878595,0.792503715,0.0239535701,0.0657125264,0.00424469635,0.997542024,0.219713569,0.00488334242,0.1246574,0,-0.115352176,-0.0428018793,0.210724473,0.0329634622,-0.143432826,0.112115972,-0.177541077,0.0178459845,-0.000806191529,-0.0909687057,0.33421737,-0.0510047637,1.43830979,0.881366551,-0.053812813,-0.184114262,0.127587423,1.58333623,-0.658206403
11.5998842,-2.25901294,-1.76791465,0.792703092,0.0201804154,0.0628806502,0.00564752193,0.997801006,0.209113479,0.0043334919,0.123273328,2.72495826e-09,-0.111009091,-0.0435432978,0.202367455,0.0328946076,-0.14443697,0.112654611,-0.178049713,0.0157592539,-0.00427089026,-0.094237484,0.329993755,-0.0611044466,1.43755198,0.879684746,-0.0586657859,-0.192273602,0.117264479,1.57103527,-0.652873099
11.6332172,-2.25707865,-1.76693571,0.79297483,0.0164530203,0.0591206066,0.00744019868,0.998087525,0.196441114,0.00294850743,0.121592395,5.33701616e-09,-0.105717309,-0.0440968052,0.192971095,0.0321864709,-0.145598173,0.111060612,-0.177727655,0.013374391,-0.00654751528,-0.0997992158,0.320662975,-0.0680627301,1.44025433,0.878800929,-0.0674820244,-0.199832663,0.106505737,1.55705547,-0.640523851
11.6665502,-2.25475955,-1.76579952,0.793343961,0.0124821989,0.0546480119,0.00935117528,0.99838388,0.180908859,0.00122821669,0.118981212,1.01229747e-09,-0.0992683619,-0.0453949198,0.181237772,0.0312658176,-0.147394165,0.108968824,-0.176658705,0.00910975784,-0.00716547482,-0.108282708,0.306939036,-0.0766411573,1.4429965,0.877969205,-0.0796601623,-0.206426397,0.0990862325,1.54128742,-0.623683393
11.6998832,-2.25169086,-1.76471472,0.79379338,0.00826303661,0.0480301455,0.0116966031,0.998743236,0.15974474,-0.00146646763,0.114501499,0,-0.0904315338,-0.046937909,0.164687172,0.0295160674,-0.149339169,0.1071143,-0.17670542,0.0037064096,-0.00566545874,-0.12027584,0.288772672,-0.0884987488,1.44249833,0.874646366,-0.0938474685,-0.212683022,0.100297466,1.52224684,-0.600453079
11.7332162,-2.24784136,-1.76363444,0.794294596,0.00294473465,0.0402472839,0.0145873772,0.999078929,0.132647052,-0.00515874475,0.107978389,0,-0.0788774043,-0.0477556363,0.142916396,0.0269038267,-0.151377395,0.106631406,-0.178043857,-0.00180404051,-0.00304886093,-0.136174262,0.267367899,-0.108537294,1.43740046,0.868365765,-0.109779365,-0.218428224,0.1114593,1.50102353,-0.574137688
11.7665492,-2.24288297,-1.76257205,0.795095205,-0.00469512679,0.029187791,0.0173718445,0.999411941,0.0964805111,-0.00920142513,0.0994074941,0,-0.0631945729,-0.0483498015,0.112451784,0.0242957175,-0.151824206,0.109690703,-0.175496355,-0.00899046846,-0.00192821783,-0.15640901,0.244993061,-0.15106377,1.42531276,0.859628499,-0.12763685,-0.224040881,0.132810816,1.47696912,-0.542351186
11.7998822,-2.23677659,-1.7615335,0.796110392,-0.0135494396,0.0158589426,0.0203888901,0.999574482,0.0520207956,-0.0145310257,0.0910850987,2.95418898e-11,-0.0438999161,-0.0494429655,0.0724287331,0.0208514631,-0.151455477,0.117503881,-0.17020689,-0.0187361632,-0.00266266754,-0.181029767,0.224720255,-0.227328315,1.40258825,0.854532421,-0.148602232,-0.22915718,0.160586849,1.45271182,-0.5081864
11.8332152,-2.22921038,-1.76039147,0.797141135,-0.0230404884,-0.00110096624,0.0238125063,0.999450266,-0.00248680846,-0.022158416,0.0852881819,9.78673653e-12,-0.0214390326,-0.0502133481,0.018625278,0.0155896861,-0.149494722,0.133041069,-0.164995939,-0.0320382118,-0.00334984623,-0.209322929,0.209924057,-0.330129802,1.36095703,0.853707731,-0.172547445,-0.2341654,0.189147353,1.42740798,-0.471600324
11.8665482,-2.2199657,-1.7591157,0.797964454,-0.0324214436,-0.0221864041,0.0279485974,0.998837054,-0.0688375682,-0.0330478363,0.0843409672,9.15578377e-12,0.00481501315,-0.0506188273,-0.0527017452,0.00743851531,-0.144650519,0.159472302,-0.161006138,-0.0496579446,-0.00140314805,-0.241416529,0.202247739,-0.433110327,1.30108523,0.842635155,-0.199244365,-0.241137996,0.218660414,1.39839101,-0.432995945
11.8998812,-2.2091198,-1.75766742,0.798442662,-0.0428957492,-0.0477315299,0.0326566063,0.997404218,-0.146087646,-0.047415141,0.0909455419,2.72842235e-11,0.0350180902,-0.0503362678,-0.139198408,-0.0039139376,-0.13589634,0.194805816,-0.157669067,-0.0668710992,0.00245795259,-0.27835682,0.200874507,-0.520397365,1.23493636,0.805390716,-0.22966601,-0.251093149,0.251156747,1.36893034,-0.388167024
11.9332142,-2.19847512,-1.75618827,0.798918188,-0.0527565368,-0.073205471,0.0377420224,0.995205104,-0.222680613,-0.0636480972,0.105497487,3.24098075e-11,0.065100573,-0.0509928875,-0.220929146,-0.0171406101,-0.124148667,0.219571009,-0.149774686,-0.0748747215,0.00738371536,-0.317119211,0.202608868,-0.589501143,1.17392862,0.750419378,-0.266135573,-0.263459474,0.293223441,1.34658349,-0.349704921
11.9665472,-2.18845773,-1.75473809,0.799672365,-0.0615999848,-0.0976035222,0.0426351838,0.992401779,-0.295294166,-0.080274649,0.128219292,1.43004636e-10,0.0947382674,-0.0516570173,-0.292228431,-0.030293297,-0.109000243,0.227781117,-0.134180486,-0.0772474855,0.0135995699,-0.357765883,0.205520511,-0.652419746,1.12340832,0.691857994,-0.308977991,-0.277558148,0.349534124,1.335621,-0.322293282
