-2.174314030,-1.622741020,0.761016553,0.000000000,0.000000000,0.996888146,0.078829085,-0.312000000,0.000000000,0.000000000,0.669000000,-0.363000000,0.000000000,-0.312000000,0.000000000,0.000000000,0.669000000,-0.363000000,0.000000000,0.000000000,0.200000000,0.200000000,0.000000000,0.600000000,0.000000000,0.200000000,-0.200000000,0.000000000,0.600000000,0.000000000
-2.174314030,-1.622741020,0.761016553,0.000000000,0.000000000,0.996888146,0.078829085,-0.312000000,0.000000000,0.000000000,0.669000000,-0.363000000,0.000000000,-0.312000000,0.000000000,0.000000000,0.669000000,-0.363000000,0.000000000,0.000000000,0.200000000,0.200000000,0.000000000,0.600000000,0.000000000,0.200000000,-0.200000000,0.000000000,0.600000000,0.000000000
-2.174314030,-1.622741020,0.761016553,0.000000000,0.000000000,0.996888146,0.078829085,-0.312000000,0.000000000,0.000000000,0.669000000,-0.363000000,0.000000000,-0.312000000,0.000000000,0.000000000,0.669000000,-0.363000000,0.000000000,0.000000000,0.200000000,0.200000000,0.000000000,0.600000000,0.000000000,0.200000000,-0.200000000,0.000000000,0.600000000,0.000000000
-2.174314030,-1.622741020,0.761016553,0.000000000,0.000000000,0.996888146,0.078829085,-0.312000000,0.000000000,0.000000000,0.669000000,-0.363000000,0.000000000,-0.312000000,0.000000000,0.000000000,0.669000000,-0.363000000,0.000000000,0.000000000,0.200000000,0.200000000,0.000000000,0.600000000,0.000000000,0.200000000,-0.200000000,0.000000000,0.600000000,0.000000000
-2.174314030,-1.622741020,0.761016553,0.000000000,0.000000000,0.996888146,0.078829085,-0.312000000,0.000000000,0.000000000,0.669000000,-0.363000000,0.000000000,-0.312000000,0.000000000,0.000000000,0.669000000,-0.363000000,0.000000000,0.000000000,0.200000000,0.200000000,0.000000000,0.600000000,0.000000000,0.200000000,-0.200000000,0.000000000,0.600000000,0.000000000
-2.174314030,-1.622741020,0.761016553,0.000000000,0.000000000,0.996888146,0.078829085,-0.312000000,0.000000000,0.000000000,0.669000000,-0.363000000,0.000000000,-0.312000000,0.000000000,0.000000000,0.669000000,-0.363000000,0.000000000,0.000000000,0.200000000,0.200000000,0.000000000,0.600000000,0.000000000,0.200000000,-0.200000000,0.000000000,0.600000000,0.000000000
-2.174314030,-1.622741020,0.761016553,0.000000000,0.000000000,0.996888146,0.078829085,-0.312000000,0.000000000,0.000000000,0.669000000,-0.363000000,0.000000000,-0.312000000,0.000000000,0.000000000,0.669000000,-0.363000000,0.000000000,0.000000000,0.200000000,0.200000000,0.000000000,0.600000000,0.000000000,0.200000000,-0.200000000,0.000000000,0.600000000,0.000000000
-2.174314030,-1.622741020,0.761016553,0.000000000,0.000000000,0.996888146,0.078829085,-0.312000000,0.000000000,0.000000000,0.669000000,-0.363000000,0.000000000,-0.312000000,0.000000000,0.000000000,0.669000000,-0.363000000,0.000000000,0.000000000,0.200000000,0.200000000,0.000000000,0.600000000,0.000000000,0.200000000,-0.200000000,0.000000000,0.600000000,0.000000000
-2.174314030,-1.622741020,0.761016553,0.000000000,0.000000000,0.996888146,0.078829085,-0.312000000,0.000000000,0.000000000,0.669000000,-0.363000000,0.000000000,-0.312000000,0.000000000,0.000000000,0.669000000,-0.363000000,0.000000000,0.000000000,0.200000000,0.200000000,0.000000000,0.600000000,0.000000000,0.200000000,-0.200000000,0.000000000,0.600000000,0.000000000
-2.174314030,-1.622741020,0.761016553,0.000000000,0.000000000,0.996888146,0.078829085,-0.312000000,0.000000000,0.000000000,0.669000000,-0.363000000,0.000000000,-0.312000000,0.000000000,0.000000000,0.669000000,-0.363000000,0.000000000,0.000000000,0.200000000,0.200000000,0.000000000,0.600000000,0.000000000,0.200000000,-0.200000000,0.000000000,0.600000000,0.000000000
-2.174314030,-1.622741020,0.761016553,0.000000000,0.000000000,0.996888146,0.078829085,-0.312000000,0.000000000,0.000000000,0.669000000,-0.363000000,0.000000000,-0.312000000,0.000000000,0.000000000,0.669000000,-0.363000000,0.000000000,0.000000000,0.200000000,0.200000000,0.000000000,0.600000000,0.000000000,0.200000000,-0.200000000,0.000000000,0.600000000,0.000000000
-2.174314030,-1.622741020,0.761016553,0.000000000,0.000000000,0.996888146,0.078829085,-0.312000000,0.000000000,0.000000000,0.669000000,-0.363000000,0.000000000,-0.312000000,0.000000000,0.000000000,0.669000000,-0.363000000,0.000000000,0.000000000,0.200000000,0.200000000,0.000000000,0.600000000,0.000000000,0.200000000,-0.200000000,0.000000000,0.600000000,0.000000000
-2.174314030,-1.622741020,0.761016553,0.000000000,0.000000000,0.996888146,0.078829085,-0.312000000,0.000000000,0.000000000,0.669000000,-0.363000000,0.000000000,-0.312000000,0.000000000,0.000000000,0.669000000,-0.363000000,0.000000000,0.000000000,0.200000000,0.200000000,0.000000000,0.600000000,0.000000000,0.200000000,-0.200000000,0.000000000,0.600000000,0.000000000
-2.174314030,-1.622741020,0.761016553,0.000000000,0.000000000,0.996888146,0.078829085,-0.312000000,0.000000000,0.000000000,0.669000000,-0.363000000,0.000000000,-0.312000000,0.000000000,0.000000000,0.669000000,-0.363000000,0.000000000,0.000000000,0.200000000,0.200000000,0.000000000,0.600000000,0.000000000,0.200000000,-0.200000000,0.000000000,0.600000000,0.000000000
-2.174314030,-1.622741020,0.761016553,0.000000000,0.000000000,0.996888146,0.078829085,-0.312000000,0.000000000,0.000000000,0.669000000,-0.363000000,0.000000000,-0.312000000,0.000000000,0.000000000,0.669000000,-0.363000000,0.000000000,0.000000000,0.200000000,0.200000000,0.000000000,0.600000000,0.000000000,0.200000000,-0.200000000,0.000000000,0.600000000,0.000000000
-2.174314030,-1.622741020,0.761016553,0.000000000,0.000000000,0.996888146,0.078829085,-0.312000000,0.000000000,0.000000000,0.669000000,-0.363000000,0.000000000,-0.312000000,0.000000000,0.000000000,0.669000000,-0.363000000,0.000000000,0.000000000,0.200000000,0.200000000,0.000000000,0.600000000,0.000000000,0.200000000,-0.200000000,0.000000000,0.600000000,0.000000000
-2.174314030,-1.622741020,0.761016553,0.000000000,0.000000000,0.996888146,0.078829085,-0.312000000,0.000000000,0.000000000,0.669000000,-0.363000000,0.000000000,-0.312000000,0.000000000,0.000000000,0.669000000,-0.363000000,0.000000000,0.000000000,0.200000000,0.200000000,0.000000000,0.600000000,0.000000000,0.200000000,-0.200000000,0.000000000,0.600000000,0.000000000
-2.174314030,-1.622741020,0.761016553,0.000000000,0.000000000,0.996888146,0.078829085,-0.312000000,0.000000000,0.000000000,0.669000000,-0.363000000,0.000000000,-0.312000000,0.000000000,0.000000000,0.669000000,-0.363000000,0.000000000,0.000000000,0.200000000,0.200000000,0.000000000,0.600000000,0.000000000,0.200000000,-0.200000000,0.000000000,0.600000000,0.000000000
-2.174314030,-1.622741020,0.761016553,0.000000000,0.000000000,0.996888146,0.078829085,-0.312000000,0.000000000,0.000000000,0.669000000,-0.363000000,0.000000000,-0.312000000,0.000000000,0.000000000,0.669000000,-0.363000000,0.000000000,0.000000000,0.200000000,0.200000000,0.000000000,0.600000000,0.000000000,0.200000000,-0.200000000,0.000000000,0.600000000,0.000000000
-2.174314030,-1.622741020,0.761016553,0.000000000,0.000000000,0.996888146,0.078829085,-0.312000000,0.000000000,0.000000000,0.669000000,-0.363000000,0.000000000,-0.312000000,0.000000000,0.000000000,0.669000000,-0.363000000,0.000000000,0.000000000,0.200000000,0.200000000,0.000000000,0.600000000,0.000000000,0.200000000,-0.200000000,0.000000000,0.600000000,0.000000000
-2.174314030,-1.622741020,0.761016553,0.000000000,0.000000000,0.996888146,0.078829085,-0.312000000,0.000000000,0.000000000,0.669000000,-0.363000000,0.000000000,-0.312000000,0.000000000,0.000000000,0.669000000,-0.363000000,0.000000000,0.000000000,0.200000000,0.200000000,0.000000000,0.600000000,0.000000000,0.200000000,-0.200000000,0.000000000,0.600000000,0.000000000
-2.174314030,-1.622741020,0.761016553,0.000000000,0.000000000,0.996888146,0.078829085,-0.312000000,0.000000000,0.000000000,0.669000000,-0.363000000,0.000000000,-0.312000000,0.000000000,0.000000000,0.669000000,-0.363000000,0.000000000,0.000000000,0.200000000,0.200000000,0.000000000,0.600000000,0.000000000,0.200000000,-0.200000000,0.000000000,0.600000000,0.000000000
-2.174314030,-1.622741020,0.761016553,0.000000000,0.000000000,0.996888146,0.078829085,-0.312000000,0.000000000,0.000000000,0.669000000,-0.363000000,0.000000000,-0.312000000,0.000000000,0.000000000,0.669000000,-0.363000000,0.000000000,0.000000000,0.200000000,0.200000000,0.000000000,0.600000000,0.000000000,0.200000000,-0.200000000,0.000000000,0.600000000,0.000000000
-2.174314030,-1.622741020,0.761016553,0.000000000,0.000000000,0.996888146,0.078829085,-0.312000000,0.000000000,0.000000000,0.669000000,-0.363000000,0.000000000,-0.312000000,0.000000000,0.000000000,0.669000000,-0.363000000,0.000000000,0.000000000,0.200000000,0.200000000,0.000000000,0.600000000,0.000000000,0.200000000,-0.200000000,0.000000000,0.600000000,0.000000000
-2.174314030,-1.622741020,0.761016553,0.000000000,0.000000000,0.996888146,0.078829085,-0.312000000,0.000000000,0.000000000,0.669000000,-0.363000000,0.000000000,-0.312000000,0.000000000,0.000000000,0.669000000,-0.363000000,0.000000000,0.000000000,0.200000000,0.200000000,0.000000000,0.600000000,0.000000000,0.200000000,-0.200000000,0.000000000,0.600000000,0.000000000
-2.174314030,-1.622741020,0.761016553,-0.000000000,-0.000000000,0.996888146,0.078829085,-0.312000000,0.000000000,-0.000000000,0.668999998,-0.362999999,0.000000000,-0.312000000,0.000000000,-0.000000000,0.668999998,-0.362999999,0.000000000,-0.000000000,0.199999998,0.200000001,-0.000000004,0.600000004,-0.000000002,0.199999999,-0.200000002,0.000000005,0.600000002,0.000000002
-2.174313994,-1.622741662,0.761017315,-0.000001016,-0.000000437,0.996888147,0.078829067,-0.311999750,0.000000130,-0.000000087,0.668993986,-0.362996192,0.000000882,-0.311998643,0.000000130,-0.000000087,0.668991549,-0.362994861,0.000000882,-0.000001418,0.199992379,0.200003581,-0.000016304,0.600016921,-0.000006849,0.199994903,-0.200007938,0.000018205,0.600006264,0.000007955
-2.174313896,-1.622743525,0.761019799,-0.000003995,-0.000001720,0.996888152,0.078829012,-0.311997950,0.000000545,-0.000000352,0.668973996,-0.362983741,0.000003433,-0.311993596,0.000000545,-0.000000352,0.668964408,-0.362978506,0.000003433,-0.000005576,0.199970021,0.200014085,-0.000064137,0.600066563,-0.000026942,0.199979949,-0.200031228,0.000071613,0.600024640,0.000031295
-2.174313674,-1.622747827,0.761025722,-0.000010899,-0.000004692,0.996888162,0.078828886,-0.311993054,0.000001533,-0.000000973,0.668926086,-0.362954023,0.000009316,-0.311981179,0.000001533,-0.000000973,0.668899928,-0.362939739,0.000009316,-0.000015211,0.199918221,0.200038423,-0.000174960,0.600181577,-0.000073494,0.199945304,-0.200085189,0.000195356,0.600067217,0.000085371
-2.174313452,-1.622756823,0.761037742,-0.000025289,-0.000010887,0.996888182,0.078828623,-0.311983847,0.000003484,-0.000002236,0.668829314,-0.362894170,0.000021692,-0.311956288,0.000003485,-0.000002236,0.668768605,-0.362861021,0.000021692,-0.000035295,0.199810249,0.200089154,-0.000405959,0.600421312,-0.000170529,0.199873088,-0.200197664,0.000453283,0.600155963,0.000198085
-2.174313230,-1.622768166,0.761052811,-0.000043422,-0.000018694,0.996888208,0.078828291,-0.311972486,0.000005919,-0.000003819,0.668708109,-0.362819249,0.000037313,-0.311925159,0.000005919,-0.000003819,0.668603860,-0.362762326,0.000037313,-0.000060603,0.199674190,0.200153081,-0.000697047,0.600723408,-0.000292804,0.199782088,-0.200339397,0.000778304,0.600267795,0.000340120
-2.174312600,-1.622789485,0.761081277,-0.000077528,-0.000033377,0.996888254,0.078827667,-0.311950864,0.000010571,-0.000006823,0.668478825,-0.362677271,0.000066617,-0.311866321,0.000010573,-0.000006822,0.668292598,-0.362575588,0.000066616,-0.000108204,0.199418279,0.200273320,-0.001244549,0.601291616,-0.000522790,0.199610926,-0.200605979,0.001389631,0.600478137,0.000607270
-2.174311848,-1.622815011,0.761115352,-0.000118363,-0.000050958,0.996888309,0.078826920,-0.311924969,0.000016144,-0.000010421,0.668204289,-0.362507275,0.000101699,-0.311795831,0.000016148,-0.000010419,0.667919838,-0.362351962,0.000101697,-0.000165197,0.199111876,0.200417283,-0.001900077,0.601971935,-0.000798153,0.199405994,-0.200925160,0.002121576,0.600729981,0.000927131
-2.174310852,-1.622848941,0.761160626,-0.000172638,-0.000074324,0.996888378,0.078825926,-0.311890539,0.000023556,-0.000015208,0.667839378,-0.362281322,0.000148322,-0.311702070,0.000023563,-0.000015204,0.667424254,-0.362054667,0.000148317,-0.000240948,0.198704631,0.200608626,-0.002771348,0.602876157,-0.001164143,0.199133614,-0.201349388,0.003094415,0.601064711,0.001352262
-2.174309560,-1.622892805,0.761219112,-0.000242800,-0.000104530,0.996888462,0.078824642,-0.311845998,0.000033148,-0.000021406,0.667367601,-0.361989210,0.000208579,-0.311580680,0.000033164,-0.000021399,0.666783239,-0.361670165,0.000208569,-0.000338871,0.198178181,0.200855977,-0.003897651,0.604045054,-0.001637262,0.198781507,-0.201897792,0.004352014,0.601497419,0.001901834
-2.174308119,-1.622941633,0.761284204,-0.000320902,-0.000138155,0.996888549,0.078823211,-0.311796403,0.000043831,-0.000028310,0.666842407,-0.361664028,0.000275651,-0.311445481,0.000043856,-0.000028299,0.666069530,-0.361242074,0.000275635,-0.000447877,0.197592147,0.201131324,-0.005151429,0.605346248,-0.002163928,0.198389548,-0.202508266,0.005751950,0.601979102,0.002513608
-2.174306193,-1.623007298,0.761371633,-0.000425943,-0.000183377,0.996888655,0.078821286,-0.311729612,0.000058231,-0.000037624,0.666135927,-0.361226635,0.000365819,-0.311263139,0.000058277,-0.000037605,0.665108634,-0.360665816,0.000365789,-0.000594480,0.196803987,0.201501639,-0.006837640,0.607096229,-0.002872244,0.197862401,-0.203329293,0.007634729,0.602626920,0.003336384
-2.174304085,-1.623079131,0.761467216,-0.000540853,-0.000232849,0.996888755,0.078819179,-0.311656497,0.000074002,-0.000047831,0.665362986,-0.360748114,0.000464437,-0.311063377,0.000074076,-0.000047800,0.664056874,-0.360035123,0.000464390,-0.000754858,0.195941772,0.201906749,-0.008682288,0.609010639,-0.003647114,0.197285722,-0.204227464,0.009694414,0.603335606,0.004236468
-2.174301613,-1.623163282,0.761579078,-0.000675470,-0.000290804,0.996888853,0.078816709,-0.311570753,0.000092511,-0.000059818,0.664457343,-0.360187473,0.000579930,-0.310828830,0.000092626,-0.000059770,0.662823687,-0.359295739,0.000579857,-0.000942741,0.194931689,0.202381334,-0.010843288,0.611253365,-0.004554872,0.196610145,-0.205279670,0.012107330,0.604165830,0.005290915
-2.174298757,-1.623260660,0.761708333,-0.000831250,-0.000357871,0.996888940,0.078813849,-0.311471379,0.000113986,-0.000073740,0.663409086,-0.359538604,0.000713514,-0.310556515,0.000114162,-0.000073666,0.661394831,-0.358439213,0.000713403,-0.001160160,0.193762810,0.202930529,-0.013344020,0.613848671,-0.005605339,0.195828360,-0.206497294,0.014899582,0.605126574,0.006511132
-2.174295709,-1.623364650,0.761846279,-0.000997607,-0.000429491,0.996889000,0.078810792,-0.311365193,0.000136944,-0.000088630,0.662289556,-0.358845643,0.000856140,-0.310265325,0.000137191,-0.000088526,0.659868187,-0.357524143,0.000855984,-0.001392342,0.192514570,0.203517012,-0.016014540,0.616620186,-0.006727127,0.194993496,-0.207797588,0.017881415,0.606152548,0.007814195
-2.174292055,-1.623489517,0.762011498,-0.001197369,-0.000515493,0.996889030,0.078807118,-0.311237369,0.000164636,-0.000106622,0.660944723,-0.358013351,0.001027262,-0.309913693,0.000164999,-0.000106467,0.658031032,-0.356423336,0.001027033,-0.001671146,0.191015677,0.204221264,-0.019221314,0.619948235,-0.008074176,0.193990987,-0.209358988,0.021462014,0.607384543,0.009378921
-2.174288194,-1.623621615,0.762186087,-0.001408703,-0.000606477,0.996889010,0.078803227,-0.311101999,0.000193990,-0.000125707,0.659521767,-0.357132768,0.001208231,-0.309540772,0.000194490,-0.000125494,0.656085604,-0.355257831,0.001207916,-0.001966102,0.189429953,0.204966312,-0.022613855,0.623469077,-0.009499260,0.192930402,-0.211010839,0.025250036,0.608687908,0.011034290
-2.174283922,-1.623768149,0.762379384,-0.001643139,-0.000707406,0.996888927,0.078798906,-0.310951565,0.000226663,-0.000146977,0.657942858,-0.356155783,0.001408857,-0.309125354,0.000227341,-0.000146685,0.653924035,-0.353963172,0.001408429,-0.002293299,0.187670893,0.205792803,-0.026377238,0.627374785,-0.011080121,0.191753885,-0.212843255,0.029452131,0.610133743,0.012870609
-2.174279222,-1.623929480,0.762591672,-0.001901264,-0.000818534,0.996888759,0.078794142,-0.310785573,0.000262791,-0.000170533,0.656203864,-0.355079893,0.001629577,-0.308665486,0.000263706,-0.000170137,0.651539070,-0.352535187,0.001629003,-0.002653560,0.185734080,0.206702810,-0.030520910,0.631675165,-0.012820727,0.190458480,-0.214860837,0.034078846,0.611725681,0.014892489
-2.174274308,-1.624098206,0.762813450,-0.002171226,-0.000934759,0.996888500,0.078789153,-0.310611806,0.000300648,-0.000195233,0.654384874,-0.353954579,0.001860339,-0.308183404,0.000301826,-0.000194719,0.649042470,-0.351040576,0.001859601,-0.003030342,0.183708442,0.207654551,-0.034854617,0.636172766,-0.014641160,0.189103665,-0.216970949,0.038917749,0.613390626,0.017007094
-2.174268769,-1.624289380,0.763063691,-0.002477126,-0.001066456,0.996888102,0.078783492,-0.310414260,0.000343845,-0.000223486,0.652322797,-0.352679165,0.002121475,-0.307632326,0.000345399,-0.000222802,0.646203813,-0.349342114,0.002120506,-0.003457283,0.181413148,0.208732990,-0.039765233,0.641269094,-0.016703931,0.187568497,-0.219361961,0.044400814,0.615277212,0.019403198
-2.174263019,-1.624488060,0.763323317,-0.002795050,-0.001203329,0.996887571,0.078777599,-0.310208699,0.000388868,-0.000252962,0.650179321,-0.351353521,0.002392731,-0.307057546,0.000390843,-0.000252084,0.643249466,-0.347574819,0.002391503,-0.003901005,0.179027633,0.209853818,-0.044868870,0.646565744,-0.018847784,0.185972986,-0.221846956,0.050099401,0.617237953,0.021893486
-2.174256845,-1.624701722,0.763601674,-0.003136971,-0.001350533,0.996886867,0.078771250,-0.309987142,0.000437534,-0.000284876,0.647873388,-0.349927628,0.002684183,-0.306435461,0.000440024,-0.000283759,0.640064225,-0.345670146,0.002682641,-0.004378220,0.176462055,0.211059249,-0.050357741,0.652262196,-0.021153460,0.184257042,-0.224519525,0.056228130,0.619346696,0.024571747
-2.174250263,-1.624930259,0.763898316,-0.003502733,-0.001508001,0.996885961,0.078764447,-0.309749589,0.000489906,-0.000319287,0.645405965,-0.348402150,0.002995602,-0.305764953,0.000493028,-0.000317871,0.636646712,-0.343627535,0.002993677,-0.004888710,0.173717589,0.212348730,-0.056229328,0.658355837,-0.023619900,0.182421452,-0.227378440,0.062784190,0.621602473,0.027436751
-2.174243476,-1.625166229,0.764204095,-0.003880405,-0.001670597,0.996884859,0.078757409,-0.309504042,0.000544130,-0.000354945,0.642857853,-0.346826916,0.003316996,-0.305070250,0.000547941,-0.000353202,0.633113143,-0.341516001,0.003314655,-0.005415825,0.170883742,0.213680206,-0.062292139,0.664647934,-0.026166667,0.180526082,-0.230330463,0.069553765,0.623931714,0.030395062
-2.174236096,-1.625424087,0.764536237,-0.004293175,-0.001848304,0.996883462,0.078749702,-0.309234821,0.000603960,-0.000394402,0.640071958,-0.345105158,0.003667618,-0.304301821,0.000608669,-0.000392220,0.629232692,-0.339198893,0.003664740,-0.005991926,0.167786540,0.215135420,-0.068918382,0.671524771,-0.028950111,0.178454570,-0.233556826,0.076952453,0.626477418,0.033628296
-2.174228528,-1.625689057,0.764876741,-0.004717357,-0.002030923,0.996881817,0.078741765,-0.308957881,0.000665668,-0.000435140,0.637208786,-0.343335818,0.004027683,-0.303508503,0.000671359,-0.000432474,0.625237590,-0.336814000,0.004024221,-0.006583955,0.164603706,0.216630867,-0.075727825,0.678591737,-0.031810511,0.176325785,-0.236872390,0.084555699,0.629093505,0.036950922
-2.174220584,-1.625968216,0.765233928,-0.005164308,-0.002223345,0.996879853,0.078733383,-0.308665537,0.000731122,-0.000478433,0.634191417,-0.341471532,0.004406588,-0.302665523,0.000737961,-0.000475192,0.621013719,-0.334293849,0.004402448,-0.007207766,0.161250008,0.218206594,-0.082902821,0.686038081,-0.034824467,0.174082721,-0.240365944,0.092567110,0.631850031,0.040451916
-2.174212287,-1.626261062,0.765606750,-0.005633250,-0.002425234,0.996877539,0.078724570,-0.308358325,0.000800318,-0.000524293,0.631025349,-0.339515756,0.004803553,-0.301772539,0.000808498,-0.000520365,0.616564771,-0.331640966,0.004798629,-0.007862269,0.157731302,0.219859850,-0.090430840,0.693850798,-0.037986714,0.171729294,-0.244031387,0.100972699,0.634742184,0.044125166
-2.174203815,-1.626560745,0.765987384,-0.006113176,-0.002631852,0.996874901,0.078715529,-0.308043687,0.000871383,-0.000571435,0.627784992,-0.337514274,0.005209541,-0.300854573,0.000881001,-0.000566765,0.612003372,-0.328921770,0.005203780,-0.008532107,0.154130160,0.221551839,-0.098135226,0.701846553,-0.041223047,0.169320730,-0.247782705,0.109575214,0.637702095,0.047884474
-2.174194857,-1.626879978,0.766389580,-0.006624548,-0.002852009,0.996871791,0.078705871,-0.307707914,0.000947997,-0.000622405,0.624332569,-0.335382410,0.005641137,-0.299861717,0.000959386,-0.000616792,0.607113210,-0.326009250,0.005634359,-0.009245837,0.150293043,0.223354700,-0.106344462,0.710366249,-0.044671449,0.166754339,-0.251779837,0.118741430,0.640855961,0.051890119
-2.174185749,-1.627205368,0.766798285,-0.007145843,-0.003076438,0.996868302,0.078696001,-0.307365560,0.001026435,-0.000674639,0.620813534,-0.333209622,0.006080736,-0.298843986,0.001039720,-0.000668006,0.602116768,-0.323034433,0.006072876,-0.009973418,0.146381460,0.225192548,-0.114713010,0.719051284,-0.048186773,0.164138143,-0.255854540,0.128085532,0.644071033,0.055973500
-2.174176341,-1.627543039,0.767219974,-0.007686932,-0.003309388,0.996864341,0.078685730,-0.307010080,0.001108511,-0.000729396,0.617161613,-0.330955191,0.006536299,-0.297776632,0.001123944,-0.000721584,0.596908307,-0.319935335,0.006527225,-0.010728631,0.142321326,0.227100192,-0.123399375,0.728066154,-0.051835600,0.161422591,-0.260083990,0.137784499,0.647408206,0.060211958
-2.174166672,-1.627892177,0.767653148,-0.008246534,-0.003550308,0.996859881,0.078675078,-0.306642620,0.001194145,-0.000786633,0.613386311,-0.328625003,0.007006624,-0.296660156,0.001212008,-0.000777456,0.591496012,-0.316717171,0.006996192,-0.011509686,0.138122263,0.229073112,-0.132382969,0.737389494,-0.055609282,0.158614118,-0.264458163,0.147815344,0.650859570,0.064595447
-2.174156874,-1.628247042,0.768092060,-0.008815381,-0.003795209,0.996854967,0.078664220,-0.306269178,0.001281556,-0.000845107,0.609549380,-0.326256974,0.007484322,-0.295519140,0.001301989,-0.000834475,0.585981894,-0.313439529,0.007472462,-0.012303649,0.133853802,0.231078638,-0.141515035,0.746866921,-0.059445331,0.155759230,-0.268904627,0.158011968,0.654367973,0.069051382
-2.174146734,-1.628617690,0.768545737,-0.009409775,-0.004051109,0.996849424,0.078652842,-0.305879869,0.001374130,-0.000907194,0.605544028,-0.323785577,0.007982120,-0.294305891,0.001397599,-0.000894784,0.580177374,-0.309992907,0.007968603,-0.013133275,0.129393612,0.233174248,-0.151057291,0.756770051,-0.063453686,0.152776107,-0.273550816,0.168666600,0.658033966,0.073707466
-2.174136498,-1.628993076,0.769003486,-0.010011913,-0.004310342,0.996843384,0.078641283,-0.305486073,0.001468400,-0.000970456,0.601488467,-0.321283372,0.008485875,-0.293069128,0.001495073,-0.000956144,0.574281507,-0.306493363,0.008470620,-0.013973714,0.124875291,0.235297171,-0.160723913,0.766802250,-0.067514284,0.149754104,-0.278257560,0.179460097,0.661747739,0.078424234
-2.174126069,-1.629377914,0.769469355,-0.010629496,-0.004576225,0.996836742,0.078629391,-0.305083328,0.001566051,-0.001036059,0.597332768,-0.318719719,0.009001509,-0.291785472,0.001596268,-0.001019600,0.568203451,-0.302888265,0.008984356,-0.014835718,0.120241031,0.237474568,-0.170638580,0.777091874,-0.071679075,0.146654558,-0.283085078,0.190530552,0.665556806,0.083262034
-2.174115501,-1.629771268,0.769941588,-0.011260863,-0.004848041,0.996829487,0.078617198,-0.304673374,0.001666730,-0.001103844,0.593089697,-0.316102440,0.009527728,-0.290456337,0.001700856,-0.001084961,0.561955315,-0.299185103,0.009508509,-0.015716967,0.115503309,0.239700575,-0.180774595,0.787611218,-0.075936847,0.143485812,-0.288020372,0.201848160,0.669450912,0.088207840
-2.174104863,-1.630168875,0.770416999,-0.011899110,-0.005122820,0.996821673,0.078604833,-0.304259822,0.001768921,-0.001172719,0.588802992,-0.313458380,0.010059234,-0.289104485,0.001807139,-0.001151274,0.555622228,-0.295432962,0.010037866,-0.016607827,0.110713916,0.241950860,-0.191021157,0.798245289,-0.080241056,0.140282507,-0.293009492,0.213289202,0.673387490,0.093207586
-2.174094057,-1.630577365,0.770899178,-0.012555320,-0.005405333,0.996813138,0.078592081,-0.303838597,0.001875606,-0.001244739,0.584406722,-0.310747008,0.010603959,-0.287687505,0.001918502,-0.001220263,0.549055451,-0.291546840,0.010580184,-0.017523769,0.105789683,0.244264500,-0.201556200,0.809178752,-0.084666445,0.136989017,-0.298139076,0.225052354,0.677434896,0.098348095
-2.174083217,-1.630988911,0.771382692,-0.013216592,-0.005690024,0.996804021,0.078579190,-0.303415914,0.001983658,-0.001317728,0.579981284,-0.308017678,0.011152305,-0.286249909,0.002031439,-0.001290048,0.542418123,-0.287620535,0.011126037,-0.018446785,0.100827416,0.246596009,-0.212172612,0.820196661,-0.089126015,0.133670089,-0.303308279,0.236906361,0.681513564,0.103528307
-2.174072309,-1.631406551,0.771868867,-0.013887963,-0.005979064,0.996794236,0.078566060,-0.302990327,0.002094436,-0.001392648,0.575497688,-0.305252541,0.011707875,-0.284771203,0.002147514,-0.001361420,0.535640112,-0.283614103,0.011678941,-0.019383907,0.095789311,0.248963151,-0.222951276,0.831382957,-0.093653740,0.130300437,-0.308556483,0.248941533,0.685654566,0.108787689
-2.174061376,-1.631829053,0.772355848,-0.014567512,-0.006271624,0.996783790,0.078552727,-0.302564241,0.002207695,-0.001469334,0.570971488,-0.302461042,0.012269005,-0.283254022,0.002266501,-0.001434176,0.528737461,-0.279537252,0.012237233,-0.020332454,0.090689786,0.251359151,-0.233861342,0.842705626,-0.098236664,0.126889706,-0.313868668,0.261123427,0.689846052,0.114111188
-2.174050432,-1.632253981,0.772843230,-0.015251138,-0.006565940,0.996772729,0.078539271,-0.302137908,0.002322192,-0.001546901,0.566424023,-0.299656387,0.012832911,-0.281717624,0.002386944,-0.001507623,0.521772570,-0.275425236,0.012798213,-0.021286704,0.085559597,0.253769559,-0.244837012,0.854096380,-0.102847145,0.123458465,-0.319212796,0.273378572,0.694062741,0.119466699
-2.174039518,-1.632684293,0.773329061,-0.015944021,-0.006864241,0.996760956,0.078525588,-0.301714676,0.002439988,-0.001626825,0.561837146,-0.296827033,0.013402591,-0.280128301,0.002511354,-0.001582810,0.514647215,-0.271223498,0.013364715,-0.022253887,0.080359884,0.256212632,-0.255961426,0.865641502,-0.107520107,0.119980724,-0.324629349,0.285799800,0.698336576,0.124894787
-2.174028630,-1.633115758,0.773813471,-0.016638970,-0.007163431,0.996748576,0.078511819,-0.301293828,0.002558732,-0.001707433,0.557245477,-0.293994492,0.013973342,-0.278523068,0.002636941,-0.001658457,0.507477523,-0.266997321,0.013932205,-0.023223968,0.075144589,0.258663026,-0.267119174,0.877221219,-0.112207072,0.116492562,-0.330062131,0.298258248,0.702623217,0.130339141
-2.174017794,-1.633549520,0.774295047,-0.017338050,-0.007464400,0.996735547,0.078497922,-0.300877734,0.002679367,-0.001789402,0.552644253,-0.291155596,0.014546229,-0.276886116,0.002764876,-0.001735024,0.500219441,-0.262722425,0.014501668,-0.024199826,0.069898233,0.261128014,-0.278343376,0.888869904,-0.116921952,0.112983625,-0.335527271,0.310790897,0.706935388,0.135815921
-2.174007058,-1.633984267,0.774772039,-0.018039199,-0.007766260,0.996721899,0.078483939,-0.300469181,0.002801564,-0.001872510,0.548050504,-0.288320621,0.015119540,-0.275221378,0.002894834,-0.001812258,0.492892419,-0.258410365,0.015071400,-0.025178589,0.064636260,0.263600341,-0.289600989,0.900553262,-0.121650866,0.109464244,-0.341008679,0.323360851,0.711260396,0.141309003
-2.173996372,-1.634419505,0.775246738,-0.018741376,-0.008068562,0.996707648,0.078469889,-0.300064399,0.002924540,-0.001956186,0.543460508,-0.285487616,0.015693061,-0.273542766,0.003025803,-0.001889825,0.485530986,-0.254079756,0.015641263,-0.026158800,0.059366504,0.266076323,-0.300875252,0.912253901,-0.126386775,0.105939657,-0.346498194,0.335949398,0.715591800,0.146810209
-2.173985872,-1.634854264,0.775712082,-0.019443541,-0.008370859,0.996692814,0.078455793,-0.299675115,0.003049315,-0.002041202,0.538907392,-0.282675964,0.016264665,-0.271829196,0.003159263,-0.001967994,0.478097212,-0.249711734,0.016208993,-0.027139011,0.054096749,0.268552306,-0.312149516,0.923954540,-0.131122684,0.102415069,-0.351987709,0.348537943,0.719923205,0.152311416
-2.173975456,-1.635288208,0.776173512,-0.020144654,-0.008672703,0.996677421,0.078441672,-0.299292409,0.003174501,-0.002126538,0.534375153,-0.279876598,0.016834786,-0.270106381,0.003293360,-0.002046228,0.470650032,-0.245337536,0.016775175,-0.028117768,0.048834811,0.271024615,-0.323407054,0.935637822,-0.135851568,0.098895710,-0.357469080,0.361107814,0.724248183,0.157804461
-2.173965208,-1.635720531,0.776627141,-0.020843678,-0.008973648,0.996661494,0.078427548,-0.298922811,0.003300503,-0.002212511,0.529884527,-0.277101718,0.017401952,-0.268365140,0.003428726,-0.002124589,0.463176132,-0.240951027,0.017338271,-0.029093626,0.043588454,0.273489603,-0.334631255,0.947286506,-0.140566448,0.095386774,-0.362934220,0.373640463,0.728560355,0.163281241
-2.173955156,-1.636149925,0.777071498,-0.021538543,-0.009272802,0.996645090,0.078413462,-0.298569045,0.003426920,-0.002298853,0.525452370,-0.274361470,0.017964511,-0.266610737,0.003564947,-0.002202801,0.455697799,-0.236565241,0.017896643,-0.030063694,0.038373230,0.275939965,-0.345788854,0.958866068,-0.145253350,0.091898658,-0.368366930,0.386098744,0.732846938,0.168725522
-2.173945202,-1.636577857,0.777511221,-0.022231321,-0.009571058,0.996628166,0.078399374,-0.298223189,0.003553543,-0.002385379,0.521049435,-0.271638529,0.018524766,-0.264849766,0.003701594,-0.002280937,0.448217280,-0.232179832,0.018452655,-0.031030866,0.033173572,0.278383012,-0.356913149,0.970411066,-0.149926262,0.088420955,-0.373783424,0.398519839,0.737120727,0.174153552
-2.173935578,-1.636999517,0.777935081,-0.022914825,-0.009865320,0.996610912,0.078385430,-0.297904818,0.003680155,-0.002472041,0.516758315,-0.268982054,0.019075727,-0.263077651,0.003838854,-0.002358431,0.440764642,-0.227815584,0.018999224,-0.031985108,0.028043431,0.280793397,-0.367888715,0.981801713,-0.154536699,0.084989747,-0.379127502,0.410774868,0.741337376,0.179509012
-2.173926078,-1.637418458,0.778353044,-0.023594219,-0.010157814,0.996593215,0.078371527,-0.297596780,0.003806546,-0.002558605,0.512512311,-0.266352461,0.019622805,-0.261304858,0.003976087,-0.002435572,0.433333150,-0.223465258,0.019541871,-0.032933629,0.022944044,0.283189332,-0.378798487,0.993124075,-0.159119499,0.081579108,-0.384439543,0.422956432,0.745528749,0.184832367
-2.173916826,-1.637831983,0.778759258,-0.024265435,-0.010446787,0.996575194,0.078357748,-0.297309334,0.003932495,-0.002644973,0.508356208,-0.263776437,0.020162145,-0.259530715,0.004113264,-0.002512008,0.425943793,-0.219142676,0.020076703,-0.033870751,0.017905939,0.285556474,-0.389577150,1.004310370,-0.163647224,0.078209456,-0.389687748,0.434991605,0.749669751,0.190091749
-2.173907839,-1.638238886,0.779152666,-0.024926512,-0.010731395,0.996556924,0.078344137,-0.297044480,0.004057557,-0.002730853,0.504304605,-0.261262802,0.020692248,-0.257761635,0.004249902,-0.002587468,0.418620674,-0.214861750,0.020602239,-0.034793735,0.012943843,0.287887904,-0.400193198,1.015327901,-0.168106640,0.074890642,-0.394856773,0.446845205,0.753748279,0.195271783
-2.173898983,-1.638642483,0.779539680,-0.025582517,-0.011013819,0.996538283,0.078330589,-0.296790910,0.004182175,-0.002816489,0.500305206,-0.258780335,0.021217736,-0.255995092,0.004386270,-0.002662440,0.411330665,-0.210601643,0.021123130,-0.035709655,0.008019724,0.290201489,-0.410727996,1.026261112,-0.172531927,0.071597228,-0.399986238,0.458608083,0.757795592,0.200412173
-2.173890547,-1.639034460,0.779906239,-0.026220549,-0.011288505,0.996519664,0.078317375,-0.296573463,0.004304793,-0.002900954,0.496481818,-0.256403142,0.021727286,-0.254246133,0.004521088,-0.002735560,0.404176013,-0.206424696,0.021628033,-0.036600499,0.003230419,0.292451734,-0.420974371,1.036894988,-0.176836057,0.068393982,-0.404975267,0.470048917,0.761732097,0.205411828
-2.173882259,-1.639422009,0.780265612,-0.026851666,-0.011560215,0.996500773,0.078304266,-0.296368624,0.004426518,-0.002984880,0.492723082,-0.254064691,0.022230842,-0.252506492,0.004655136,-0.002807937,0.397078714,-0.202282480,0.022126934,-0.037481705,-0.001507071,0.294677632,-0.431109889,1.047413815,-0.181093621,0.065225391,-0.409910320,0.481365970,0.765626012,0.210357391
-2.173874267,-1.639800733,0.780610668,-0.027469019,-0.011825998,0.996481839,0.078291406,-0.296188903,0.004546464,-0.003067733,0.489093146,-0.251803423,0.022722455,-0.250785417,0.004787649,-0.002878832,0.390095675,-0.198209459,0.022613881,-0.038343709,-0.006141331,0.296855028,-0.441024556,1.057703438,-0.185258412,0.062125845,-0.414737838,0.492436426,0.769435079,0.215195190
-2.173866575,-1.640169595,0.780940855,-0.028070880,-0.012085112,0.996462944,0.078278835,-0.296034857,0.004664187,-0.003149217,0.485602141,-0.249625583,0.023200856,-0.249089907,0.004918119,-0.002948011,0.383250985,-0.194219393,0.023087629,-0.039184100,-0.010659391,0.298977828,-0.450690620,1.067735057,-0.189318775,0.059104016,-0.419444310,0.503229299,0.773148638,0.219911687
-2.173859034,-1.640533532,0.781263617,-0.028664997,-0.012340892,0.996443873,0.078266393,-0.295893634,0.004780799,-0.003230018,0.482180523,-0.247489410,0.023672659,-0.247407174,0.005047569,-0.003016332,0.376475414,-0.190270771,0.023554784,-0.040013694,-0.015119409,0.301073358,-0.460232507,1.077637803,-0.193326976,0.056121009,-0.424090319,0.513883519,0.776814490,0.224567592
-2.173851960,-1.640881314,0.781563623,-0.029233570,-0.012585675,0.996425230,0.078254454,-0.295790663,0.004893447,-0.003308343,0.478978584,-0.245485470,0.024122984,-0.245773064,0.005173216,-0.003081765,0.369941521,-0.186466010,0.024000517,-0.040807636,-0.019387755,0.303078830,-0.469364327,1.087114976,-0.197162922,0.053266197,-0.428536664,0.524079869,0.780322799,0.229023406
-2.173845044,-1.641223257,0.781855935,-0.029792862,-0.012826462,0.996406518,0.078242681,-0.295700112,0.005004565,-0.003385702,0.475853034,-0.243527638,0.024565607,-0.244158608,0.005297349,-0.003146136,0.363499565,-0.182715669,0.024438578,-0.041588632,-0.023586506,0.305051604,-0.478347254,1.096437626,-0.200936323,0.050457933,-0.432910511,0.534109969,0.783773906,0.233406569
-2.173838444,-1.641553573,0.782132921,-0.030333679,-0.013059295,0.996388073,0.078231269,-0.295634300,0.005112637,-0.003461134,0.472879636,-0.241661646,0.024992889,-0.242583302,0.005418466,-0.003208391,0.357240724,-0.179073721,0.024861359,-0.042343845,-0.027646641,0.306959249,-0.487033619,1.105452500,-0.204585150,0.047742381,-0.437139961,0.543808936,0.787111078,0.237645027
-2.173832152,-1.641871474,0.782394542,-0.030854655,-0.013283586,0.996369976,0.078220250,-0.295591898,0.005217275,-0.003534369,0.470062443,-0.239890243,0.025403868,-0.241053722,0.005536096,-0.003268355,0.351186264,-0.175552220,0.025267922,-0.043071365,-0.031557889,0.308796939,-0.495401453,1.114136793,-0.208100174,0.045126408,-0.441214317,0.553152240,0.790325875,0.241728060
-2.173826015,-1.642183177,0.782648491,-0.031365716,-0.013503609,0.996351912,0.078209416,-0.295561182,0.005320199,-0.003606507,0.467323250,-0.238166073,0.025806705,-0.239546983,0.005651983,-0.003327175,0.345233884,-0.172090877,0.025666387,-0.043785053,-0.035394782,0.310599694,-0.503610210,1.122655991,-0.211548375,0.042560167,-0.445211216,0.562317922,0.793479558,0.245733471
-2.173820351,-1.642475296,0.782879690,-0.031845351,-0.013710102,0.996334677,0.078199226,-0.295562492,0.005417466,-0.003674984,0.464820039,-0.236585333,0.026183950,-0.238117698,0.005762003,-0.003382349,0.339615803,-0.168825851,0.026039422,-0.044454866,-0.038995795,0.312291622,-0.511314319,1.130651455,-0.214784591,0.040151690,-0.448962398,0.570920127,0.796439362,0.249492644
-2.173814843,-1.642760583,0.783103430,-0.032313964,-0.013911850,0.996317575,0.078189249,-0.295573239,0.005512688,-0.003742120,0.462395497,-0.235052611,0.026552297,-0.236717065,0.005869862,-0.003436242,0.334118047,-0.165631283,0.026403624,-0.045109301,-0.042514131,0.313944705,-0.518841546,1.138463349,-0.217946506,0.037798510,-0.452627456,0.579324831,0.799331211,0.253165508
-2.173809647,-1.643032266,0.783312314,-0.032760642,-0.014104154,0.996301031,0.078179720,-0.295602777,0.005603834,-0.003806587,0.460127611,-0.233615509,0.026902924,-0.235373488,0.005973415,-0.003487585,0.328859899,-0.162577023,0.026750238,-0.045733112,-0.045867829,0.315520432,-0.526016542,1.145909694,-0.220960461,0.035555446,-0.456121010,0.587336243,0.802087737,0.256666502
-2.173804755,-1.643289860,0.783506732,-0.033184504,-0.014286636,0.996285114,0.078170660,-0.295648149,0.005690630,-0.003868169,0.458014307,-0.232273219,0.027235250,-0.234091886,0.006072299,-0.003536276,0.323856483,-0.159671583,0.027078701,-0.046325070,-0.049050279,0.317015698,-0.532825164,1.152975807,-0.223820516,0.033426918,-0.459436174,0.594938571,0.804703509,0.259988727
-2.173800016,-1.643540419,0.783693928,-0.033596970,-0.014464211,0.996269421,0.078161828,-0.295701423,0.005775254,-0.003928310,0.455978178,-0.230978263,0.027558438,-0.232841233,0.006168851,-0.003583642,0.318980270,-0.156840458,0.027398101,-0.046901122,-0.052147218,0.318470788,-0.539450844,1.159852060,-0.226603724,0.031355582,-0.462662262,0.602336632,0.807248997,0.263221687
-2.173795726,-1.643769393,0.783860287,-0.033974372,-0.014626691,0.996254885,0.078153733,-0.295773389,0.005853049,-0.003983866,0.454166974,-0.229822005,0.027853663,-0.231689204,0.006257970,-0.003626937,0.314502641,-0.154241758,0.027689792,-0.047428212,-0.054980933,0.319802202,-0.545513374,1.166143867,-0.229150372,0.029460300,-0.465614149,0.609105892,0.809578131,0.266179860
-2.173791586,-1.643991037,0.784019988,-0.034339830,-0.014784028,0.996240649,0.078145881,-0.295849839,0.005928487,-0.004037815,0.452428157,-0.228710651,0.028139405,-0.230571687,0.006344490,-0.003668849,0.310162692,-0.151723227,0.027972093,-0.047938627,-0.057724998,0.321091495,-0.551384102,1.172236617,-0.231616452,0.027624979,-0.468472646,0.615660993,0.811833577,0.269044445
-2.173787746,-1.644198087,0.784166435,-0.034681511,-0.014931130,0.996227195,0.078138529,-0.295935215,0.005999233,-0.004088566,0.450833459,-0.227688699,0.028406267,-0.229522883,0.006425835,-0.003708009,0.306096852,-0.149364301,0.028235700,-0.048415843,-0.060290576,0.322296926,-0.556872972,1.177933068,-0.233922128,0.025909035,-0.471145214,0.621789722,0.813942320,0.271722706
-2.173784190,-1.644390454,0.784300278,-0.034999153,-0.015067881,0.996214564,0.078131684,-0.296026036,0.006065128,-0.004135988,0.449376453,-0.226752698,0.028654166,-0.228545107,0.006501776,-0.003744386,0.302311395,-0.147168432,0.028480541,-0.048859490,-0.062675686,0.323417564,-0.561975744,1.183228820,-0.236065617,0.024313794,-0.473629788,0.627487343,0.815902729,0.274212571
-2.173780777,-1.644575491,0.784427828,-0.035304793,-0.015199466,0.996202298,0.078125089,-0.296119569,0.006128601,-0.004181748,0.447988180,-0.225859602,0.028892598,-0.227602794,0.006575019,-0.003779374,0.298665921,-0.145053969,0.028716013,-0.049286377,-0.064970697,0.324495870,-0.566885755,1.188324523,-0.238128135,0.022778814,-0.476020505,0.632969732,0.817789082,0.276608381
-2.173777789,-1.644738651,0.784537642,-0.035574539,-0.015315597,0.996191380,0.078119261,-0.296216128,0.006184780,-0.004222428,0.446794134,-0.225088572,0.029102788,-0.226768265,0.006640052,-0.003810223,0.295442701,-0.143184842,0.028923556,-0.049663137,-0.066996214,0.325447555,-0.571219202,1.192821856,-0.239948459,0.021424082,-0.478130491,0.637808345,0.819453928,0.278722860
-2.173774937,-1.644894591,0.784641909,-0.035832416,-0.015426619,0.996180862,0.078113683,-0.296312139,0.006238526,-0.004261396,0.445660850,-0.224355996,0.029303672,-0.225969807,0.006702322,-0.003839706,0.292359984,-0.141397292,0.029121899,-0.050023324,-0.068932628,0.326357375,-0.575362022,1.197121349,-0.241688707,0.020128944,-0.480147657,0.642434108,0.821045538,0.280744322
-2.173772357,-1.645036163,0.784735136,-0.036066672,-0.015527471,0.996171239,0.078108611,-0.296407058,0.006287430,-0.004296953,0.444648509,-0.223699959,0.029486030,-0.225243144,0.006759093,-0.003866472,0.289556933,-0.139772113,0.029301930,-0.050350521,-0.070691688,0.327183865,-0.579125404,1.201027052,-0.243269567,0.018952426,-0.481980074,0.646636202,0.822491373,0.282580641
-2.173770042,-1.645163691,0.784818090,-0.036277790,-0.015618362,0.996162511,0.078104035,-0.296498195,0.006331558,-0.004329113,0.443748592,-0.223115562,0.029650291,-0.224587438,0.006810401,-0.003890583,0.287029108,-0.138306641,0.029464079,-0.050645404,-0.072277022,0.327928730,-0.582517112,1.204547031,-0.244694301,0.017892102,-0.483631520,0.650423294,0.823794417,0.284235604
-2.173767858,-1.645284210,0.784895918,-0.036477359,-0.015704280,0.996154212,0.078099706,-0.296587441,0.006373301,-0.004359577,0.442904784,-0.222566919,0.029805518,-0.223967151,0.006858981,-0.003913368,0.284638667,-0.136920888,0.029617302,-0.050924157,-0.073775640,0.328632852,-0.585723297,1.207874473,-0.246041103,0.016889777,-0.485192633,0.654003236,0.825026185,0.285800042
-2.173766040,-1.645384525,0.784959602,-0.036643571,-0.015775838,0.996147264,0.078096098,-0.296667799,0.006408121,-0.004385071,0.442215420,-0.222117357,0.029934710,-0.223449807,0.006899591,-0.003932332,0.282646333,-0.135766051,0.029744811,-0.051156320,-0.075023780,0.329219288,-0.588393602,1.210645762,-0.247162801,0.016054979,-0.486492822,0.656984829,0.826052077,0.287103001
-2.173764340,-1.645478427,0.785018968,-0.036799179,-0.015842831,0.996140729,0.078092717,-0.296744404,0.006440731,-0.004408966,0.441573081,-0.221698150,0.030055641,-0.222965326,0.006937642,-0.003950083,0.280780826,-0.134684754,0.029864163,-0.051373673,-0.076192302,0.329768315,-0.590893572,1.213240275,-0.248212948,0.015273433,-0.487710074,0.659776230,0.827012529,0.288322846
-2.173762876,-1.645559566,0.785069742,-0.036933688,-0.015900740,0.996135058,0.078089793,-0.296813541,0.006468943,-0.004429679,0.441024324,-0.221339352,0.030160132,-0.222546243,0.006970604,-0.003965421,0.279167701,-0.133749800,0.029967282,-0.051561556,-0.077202386,0.330242901,-0.593054573,1.215483002,-0.249120705,0.014597856,-0.488762280,0.662189145,0.827842753,0.289377292
-2.173761629,-1.645628784,0.785112746,-0.037048460,-0.015950152,0.996130201,0.078087297,-0.296874264,0.006493029,-0.004447387,0.440559928,-0.221035312,0.030249269,-0.222188497,0.006998769,-0.003978505,0.277790975,-0.132951893,0.030055244,-0.051721872,-0.078064269,0.330647854,-0.594898510,1.217396675,-0.249895276,0.014021400,-0.489660105,0.664248037,0.828551166,0.290277030
-2.173760489,-1.645692054,0.785151874,-0.037153384,-0.015995324,0.996125748,0.078085014,-0.296930787,0.006515056,-0.004463596,0.440137626,-0.220758597,0.030330743,-0.221861362,0.007024541,-0.003990464,0.276532218,-0.132222375,0.030135642,-0.051868432,-0.078852196,0.331018060,-0.596584224,1.219146143,-0.250603383,0.013494408,-0.490480891,0.666130262,0.829198792,0.291099564
-2.173759637,-1.645739088,0.785180698,-0.037231413,-0.016028917,0.996122428,0.078083315,-0.296974311,0.006531448,-0.004475680,0.439826881,-0.220554631,0.030391312,-0.221617967,0.007043741,-0.003999355,0.275595907,-0.131679757,0.030195408,-0.051977425,-0.079438160,0.331293374,-0.597837851,1.220447178,-0.251129987,0.013102496,-0.491091291,0.667530029,0.829680417,0.291711264
-2.173758873,-1.645781322,0.785206536,-0.037301482,-0.016059083,0.996119440,0.078081789,-0.297013648,0.006546170,-0.004486535,0.439548403,-0.220371785,0.030445699,-0.221399390,0.007060988,-0.004007338,0.274755093,-0.131192487,0.030249072,-0.052075299,-0.079964343,0.331540600,-0.598963581,1.221615480,-0.251602866,0.012750567,-0.491639416,0.668786989,0.830112905,0.292260556
-2.173758285,-1.645814004,0.785226430,-0.037355712,-0.016082430,0.996117124,0.078080608,-0.297044657,0.006557567,-0.004494948,0.439334122,-0.220230956,0.030487785,-0.221230186,0.007074349,-0.004013515,0.274104278,-0.130815333,0.030290598,-0.052151049,-0.080371588,0.331731943,-0.599834852,1.222519701,-0.251968855,0.012478188,-0.492063644,0.669759828,0.830447636,0.292685688
-2.173757846,-1.645838572,0.785241348,-0.037396483,-0.016099983,0.996115380,0.078079720,-0.297068185,0.006566137,-0.004501277,0.439173496,-0.220125339,0.030519424,-0.221102963,0.007084399,-0.004018159,0.273614961,-0.130531773,0.030321815,-0.052208000,-0.080677764,0.331875799,-0.600489895,1.223199519,-0.252244015,0.012273407,-0.492382589,0.670491232,0.830699293,0.293005312
-2.173757480,-1.645859093,0.785253784,-0.037430541,-0.016114646,0.996113922,0.078078978,-0.297087980,0.006573298,-0.004506567,0.439039631,-0.220037284,0.030545851,-0.220996679,0.007092797,-0.004022038,0.273206193,-0.130294893,0.030347889,-0.052255575,-0.080933531,0.331995971,-0.601037091,1.223767412,-0.252473871,0.012102342,-0.492649022,0.671102215,0.830909517,0.293272313
-2.173757282,-1.645870007,0.785260379,-0.037448655,-0.016122444,0.996113146,0.078078583,-0.297098609,0.006577106,-0.004509383,0.438968663,-0.219990578,0.030559905,-0.220940151,0.007097265,-0.004024101,0.272988794,-0.130168912,0.030361756,-0.052280876,-0.081069554,0.332059881,-0.601328101,1.224069425,-0.252596114,0.012011365,-0.492790717,0.671427150,0.831021319,0.293414310
-2.173757124,-1.645878683,0.785265608,-0.037463016,-0.016128627,0.996112531,0.078078270,-0.297107041,0.006580092,-0.004511607,0.438912389,-0.219953534,0.030571081,-0.220895325,0.007100775,-0.004025731,0.272816394,-0.130069000,0.030372783,-0.052300936,-0.081177400,0.332110552,-0.601558831,1.224308878,-0.252693035,0.011939234,-0.492903061,0.671684777,0.831109962,0.293526893
-2.173757046,-1.645882907,0.785268118,-0.037469914,-0.016131596,0.996112235,0.078078120,-0.297111103,0.006581445,-0.004512658,0.438885341,-0.219935712,0.030576533,-0.220873775,0.007102379,-0.004026503,0.272733502,-0.130020945,0.030378162,-0.052310571,-0.081229201,0.332134890,-0.601669654,1.224423893,-0.252739589,0.011904588,-0.492957021,0.671808519,0.831152539,0.293580968
-2.173757016,-1.645884687,0.785269197,-0.037472882,-0.016132874,0.996112108,0.078078055,-0.297112853,0.006582083,-0.004513123,0.438873740,-0.219928079,0.030578822,-0.220864513,0.007103125,-0.004026843,0.272697891,-0.130000314,0.030380420,-0.052314718,-0.081251492,0.332145364,-0.601717346,1.224473387,-0.252759622,0.011889679,-0.492980243,0.671861770,0.831170861,0.293604239
-2.173757014,-1.645885243,0.785269564,-0.037473899,-0.016133305,0.996112064,0.078078028,-0.297113449,0.006582360,-0.004513303,0.438869806,-0.219925511,0.030579530,-0.220861381,0.007103440,-0.004026976,0.272685837,-0.129993352,0.030381118,-0.052316139,-0.081259105,0.332148957,-0.601733624,1.224490289,-0.252766459,0.011884592,-0.492988165,0.671879927,0.831177155,0.293612194
-2.173759930,-1.645879633,0.785269753,-0.037477275,-0.016128775,0.996112281,0.078074586,-0.297110053,0.006578929,-0.004519296,0.438854128,-0.219920593,0.030572815,-0.220874155,0.007100342,-0.004033315,0.272711540,-0.130013651,0.030374472,-0.052321295,-0.081261851,0.332163435,-0.601732458,1.224497537,-0.252765591,0.011886527,-0.492984999,0.671863558,0.831209553,0.293621880
-2.173768567,-1.645863053,0.785270288,-0.037487274,-0.016115356,0.996112921,0.078064388,-0.297100150,0.006568708,-0.004537035,0.438807996,-0.219906180,0.030552983,-0.220912226,0.007091104,-0.004052086,0.272788154,-0.130074025,0.030354845,-0.052336564,-0.081269982,0.332206338,-0.601728941,1.224518985,-0.252763021,0.011892226,-0.492975613,0.671815083,0.831305545,0.293650573
-2.173788584,-1.645824659,0.785271510,-0.037510445,-0.016084260,0.996114403,0.078040757,-0.297077308,0.006544984,-0.004578135,0.438701305,-0.219872886,0.030507065,-0.221000602,0.007069655,-0.004095577,0.272966014,-0.130214097,0.030309401,-0.052371945,-0.081288825,0.332305772,-0.601720745,1.224568671,-0.252757066,0.011905411,-0.492953858,0.671702761,0.831528003,0.293717067
-2.173830630,-1.645743775,0.785273987,-0.037559220,-0.016018802,0.996117516,0.077991012,-0.297029830,0.006495186,-0.004664682,0.438477758,-0.219803242,0.030410287,-0.221187325,0.007024591,-0.004187121,0.273341643,-0.130509498,0.030213624,-0.052446369,-0.081328468,0.332515392,-0.601702375,1.224673039,-0.252744537,0.011932617,-0.492907949,0.671466540,0.831996667,0.293857072
-2.173883690,-1.645641648,0.785277091,-0.037620796,-0.015936165,0.996121432,0.077928211,-0.296970041,0.006432352,-0.004773948,0.438195800,-0.219715429,0.030288082,-0.221423222,0.006967721,-0.004302688,0.273816156,-0.130882560,0.030092684,-0.052540310,-0.081378511,0.332780100,-0.601678912,1.224804743,-0.252728721,0.011966829,-0.492849964,0.671168379,0.832588420,0.294033829
-2.173983951,-1.645447204,0.785282265,-0.037737793,-0.015779147,0.996128835,0.077808881,-0.296861017,0.006313822,-0.004981758,0.437668364,-0.219552351,0.030055122,-0.221877048,0.006860193,-0.004522258,0.274728392,-0.131596471,0.029862154,-0.052718484,-0.081473473,0.333284935,-0.601627765,1.225053673,-0.252698741,0.012028616,-0.492739105,0.670603151,0.833715137,0.294369907
-2.174104153,-1.645212764,0.785287849,-0.037878643,-0.015590113,0.996137677,0.077665214,-0.296733840,0.006171894,-0.005232108,0.437040767,-0.219359363,0.029773982,-0.222428241,0.006731207,-0.004786573,0.275835732,-0.132460250,0.029583962,-0.052932685,-0.081587685,0.333894414,-0.601560343,1.225352121,-0.252662777,0.012100128,-0.492605019,0.669923892,0.835073729,0.294774717
-2.174264000,-1.644898805,0.785294251,-0.038066917,-0.015337421,0.996149378,0.077473160,-0.296570570,0.005983449,-0.005567037,0.436214026,-0.219106910,0.029397050,-0.223173021,0.006559559,-0.005139851,0.277330979,-0.133622001,0.029211011,-0.053218517,-0.081740168,0.334711947,-0.601460562,1.225749019,-0.252614913,0.012190978,-0.492424752,0.669017912,0.836893339,0.295316179
-2.174470261,-1.644487856,0.785299755,-0.038312431,-0.015007894,0.996164432,0.077222694,-0.296375803,0.005741065,-0.006004518,0.435168847,-0.218792664,0.028902520,-0.224165159,0.006337740,-0.005600422,0.279320104,-0.135155494,0.028721771,-0.053589925,-0.081938514,0.335785503,-0.601306203,1.226260987,-0.252553483,0.012297518,-0.492186971,0.667841855,0.839275575,0.296023179
-2.174699692,-1.644028473,0.785304805,-0.038586518,-0.014639997,0.996180967,0.076943046,-0.296165347,0.005471755,-0.006493208,0.434014668,-0.218447596,0.028349261,-0.225280855,0.006090873,-0.006114568,0.281555918,-0.136874647,0.028174458,-0.054004062,-0.082159759,0.336986917,-0.601124545,1.226830401,-0.252485284,0.012411870,-0.491920465,0.666530951,0.841938771,0.296812840
-2.175005431,-1.643399534,0.785303711,-0.038959190,-0.014139742,0.996202988,0.076562759,-0.295930425,0.005114936,-0.007159612,0.432538197,-0.218020582,0.027588532,-0.226854049,0.005760764,-0.006813237,0.284700381,-0.139260947,0.027422085,-0.054563352,-0.082459161,0.338641405,-0.600814671,1.227588107,-0.252397102,0.012536297,-0.491550563,0.664763991,0.845586426,0.297889136
-2.175338000,-1.642705669,0.785297952,-0.039368788,-0.013589877,0.996226578,0.076144720,-0.295701780,0.004728182,-0.007893139,0.430969373,-0.217576009,0.026747374,-0.228613712,0.005401186,-0.007580901,0.288213028,-0.141910071,0.026590260,-0.055175864,-0.082787415,0.340471703,-0.600442631,1.228410944,-0.252304153,0.012657431,-0.491139788,0.662830925,0.849610741,0.299073611
-2.175723900,-1.641882743,0.785282918,-0.039851799,-0.012941406,0.996253572,0.075651658,-0.295485616,0.004281922,-0.008760092,0.429216971,-0.217096533,0.025746340,-0.230744035,0.004983033,-0.008485712,0.292457540,-0.145081630,0.025600502,-0.055894169,-0.083173022,0.342651473,-0.599947023,1.229363250,-0.252201724,0.012772016,-0.490647768,0.660567679,0.854383772,0.300473121
-2.176163379,-1.640914350,0.785251413,-0.040415386,-0.012184681,0.996283942,0.075076213,-0.295325000,0.003778067,-0.009774756,0.427339430,-0.216613815,0.024562356,-0.233316071,0.004505159,-0.009540494,0.297566862,-0.148853777,0.024430104,-0.056725181,-0.083620320,0.345231391,-0.599288401,1.230440900,-0.252100345,0.012865358,-0.490060853,0.657956087,0.860000254,0.302110841
-2.176629588,-1.639873338,0.785211668,-0.041019156,-0.011373912,0.996315128,0.074459580,-0.295192220,0.003245485,-0.010863152,0.425399627,-0.216129569,0.023287031,-0.236108660,0.003997488,-0.010670131,0.303107970,-0.152925754,0.023169519,-0.057612440,-0.084098409,0.348011085,-0.598548381,1.231581062,-0.251999535,0.012948079,-0.489426556,0.655170660,0.866037802,0.303867468
-2.177172180,-1.638590933,0.785133834,-0.041752249,-0.010389357,0.996351118,0.073710651,-0.295227207,0.002635893,-0.012190771,0.423401482,-0.215705263,0.021702565,-0.239662705,0.003403330,-0.012039213,0.310123078,-0.157996332,0.021603784,-0.058673480,-0.084672915,0.351464939,-0.597524280,1.232885127,-0.251933108,0.012983877,-0.488629263,0.651855679,0.873471727,0.306010812
-2.177743461,-1.637217320,0.785037036,-0.042615532,-0.009332410,0.996388337,0.072849877,-0.295541656,0.001962071,-0.013728474,0.421399184,-0.215268094,0.020002903,-0.243672277,0.002744772,-0.013618930,0.317714910,-0.163458917,0.019924855,-0.059805710,-0.085275578,0.355177276,-0.596339194,1.234232739,-0.251886352,0.012975780,-0.487760339,0.648342065,0.881438211,0.308323504
-2.178371757,-1.635662447,0.784902552,-0.043737579,-0.008131608,0.996428830,0.071766895,-0.296411489,0.001160602,-0.015683684,0.419388633,-0.214805361,0.018074310,-0.248587129,0.001958228,-0.015617249,0.326452883,-0.169700552,0.018020973,-0.061079420,-0.085934200,0.359403302,-0.594834177,1.235666891,-0.251878689,0.012880448,-0.486749062,0.644433704,0.890463063,0.310972746
-2.179040656,-1.633910397,0.784698867,-0.045052783,-0.006789779,0.996469960,0.070510734,-0.297898329,0.000278804,-0.017960702,0.417822518,-0.214580283,0.015885213,-0.254482642,0.001073850,-0.017932726,0.336734299,-0.176915035,0.015861653,-0.062516650,-0.086640668,0.364223323,-0.592667147,1.237175544,-0.251874263,0.012540392,-0.485555238,0.640096213,0.900685118,0.314031755
-2.179729770,-1.632059955,0.784460625,-0.046464085,-0.005377567,0.996507881,0.069168007,-0.299692957,-0.000643011,-0.020398103,0.416478521,-0.214473985,0.013566103,-0.260867244,0.000140692,-0.020406256,0.347785711,-0.184614794,0.013574847,-0.064035103,-0.087371146,0.369339750,-0.590170110,1.238721321,-0.251871446,0.012078309,-0.484270522,0.635545307,0.911504234,0.317294397
-2.180448632,-1.629907613,0.784099731,-0.048080934,-0.003759305,0.996544240,0.067628911,-0.302361997,-0.001641177,-0.023189183,0.416051331,-0.214861831,0.010833824,-0.268569602,-0.000914473,-0.023219886,0.361067802,-0.193678444,0.010882893,-0.065546046,-0.088268270,0.375364459,-0.586896173,1.240345519,-0.251870009,0.011305934,-0.482844296,0.630836404,0.923914024,0.320601329
-2.181182456,-1.627649235,0.783694476,-0.049862011,-0.002042980,0.996564990,0.066089544,-0.305477567,-0.002675132,-0.025956496,0.415858401,-0.215386046,0.007960963,-0.276929738,-0.002029398,-0.026003839,0.375048035,-0.203130554,0.008051783,-0.066983170,-0.089261014,0.381706257,-0.583458931,1.242009399,-0.251958920,0.010423188,-0.481435099,0.626247080,0.936779497,0.323723713
-2.181946012,-1.625180175,0.783201082,-0.051969650,-0.000131845,0.996560301,0.064550020,-0.309480337,-0.003780198,-0.028676589,0.416130917,-0.216181210,0.004808785,-0.286596801,-0.003263061,-0.028728826,0.390415392,-0.213354490,0.004944183,-0.068273623,-0.090443746,0.388678072,-0.579697222,1.243752122,-0.252227342,0.009321151,-0.480059734,0.621895347,0.950550356,0.326479421
-2.182684488,-1.622487492,0.782569772,-0.054295884,0.001944501,0.996538094,0.062928562,-0.314574034,-0.004932512,-0.031513854,0.417614722,-0.217572073,0.001334296,-0.297546782,-0.004586456,-0.031554926,0.407554454,-0.224541273,0.001517171,-0.069439684,-0.091876849,0.396327711,-0.575411320,1.245487858,-0.252967773,0.007755820,-0.478674307,0.617731669,0.965225535,0.328999291
-2.183410195,-1.619683239,0.781869531,-0.056731533,0.004103095,0.996499476,0.061265755,-0.320215018,-0.006107930,-0.034409653,0.419704815,-0.219260630,-0.002301159,-0.309138892,-0.005954122,-0.034431545,0.425577299,-0.236207770,-0.002069365,-0.070542987,-0.093435444,0.404315303,-0.570864305,1.247219443,-0.253943454,0.005959315,-0.477283651,0.613662271,0.980351067,0.331400638
-2.183927604,-1.616543612,0.780881640,-0.060010365,0.006402770,0.996403160,0.059485314,-0.329491561,-0.007040726,-0.037529471,0.424909057,-0.222166251,-0.006525033,-0.324022229,-0.007122938,-0.037508212,0.446148663,-0.248868068,-0.006243666,-0.070995368,-0.095753539,0.413166883,-0.565810159,1.248497360,-0.255462315,0.003450511,-0.475738918,0.610177483,0.996275715,0.332877490
-2.184343284,-1.613293798,0.779768285,-0.063511992,0.008757816,0.996275548,0.057658991,-0.340021255,-0.007935270,-0.040718750,0.431406466,-0.225580398,-0.010950305,-0.340022689,-0.008266096,-0.040648965,0.467783379,-0.261942364,-0.010620473,-0.071367771,-0.098438731,0.422278435,-0.560575735,1.249636850,-0.257336392,0.000582390,-0.474196341,0.606962279,1.012315678,0.334207912
-2.184556886,-1.609825103,0.778405703,-0.067457038,0.011222924,0.996100585,0.055742426,-0.353040254,-0.008753829,-0.044046008,0.440472670,-0.230004701,-0.015775642,-0.358242243,-0.009358284,-0.043917021,0.491530381,-0.275839044,-0.015399548,-0.071581305,-0.101853135,0.431906406,-0.554983202,1.250501362,-0.259916086,-0.002999493,-0.472658050,0.604282584,1.028584709,0.335247457
-2.184430655,-1.606192423,0.776810147,-0.072257345,0.013743047,0.995838991,0.053802496,-0.369436193,-0.009356187,-0.047393428,0.451580310,-0.234847729,-0.020991081,-0.379387180,-0.010241003,-0.047202874,0.516317842,-0.289603953,-0.020577612,-0.071387496,-0.106037047,0.441686933,-0.549029417,1.250436240,-0.263035641,-0.007246329,-0.471438773,0.602968831,1.044014469,0.336298948
-2.184135212,-1.602478077,0.775098358,-0.077481936,0.016290279,0.995511306,0.051849940,-0.387514409,-0.009850910,-0.050750318,0.463705801,-0.239900080,-0.026400827,-0.401989414,-0.011019415,-0.050497033,0.541623951,-0.303303428,-0.025954435,-0.070990160,-0.110604711,0.451543136,-0.542896794,1.249907480,-0.266425300,-0.011824847,-0.470379076,0.602334425,1.059024225,0.337356868
-2.183541890,-1.598610786,0.773034048,-0.083534559,0.018916477,0.995068471,0.050028812,-0.409082582,-0.010166471,-0.053758885,0.478507312,-0.245855002,-0.032195068,-0.427596115,-0.011608790,-0.053447384,0.568215987,-0.317000508,-0.031741516,-0.069783453,-0.116231852,0.461348718,-0.537116740,1.248078067,-0.271124073,-0.017365704,-0.470072761,0.602389975,1.071935321,0.338736428
-2.182765689,-1.594732609,0.770871372,-0.089934317,0.021527694,0.994539366,0.048371746,-0.431927786,-0.010274402,-0.056441573,0.493896743,-0.251833609,-0.038095044,-0.454335693,-0.011969964,-0.056081705,0.594738615,-0.330209082,-0.037651358,-0.068067966,-0.122120345,0.471007058,-0.531655598,1.245184514,-0.276439628,-0.023174081,-0.470146700,0.603323130,1.083968012,0.340425379
-2.181626289,-1.590832810,0.768513344,-0.097026524,0.024109815,0.993877043,0.047042471,-0.457309163,-0.009969982,-0.058477066,0.510453780,-0.257859254,-0.044205008,-0.483325152,-0.011877932,-0.058088390,0.621123398,-0.342447486,-0.043805006,-0.065342046,-0.128527880,0.480372975,-0.526827808,1.240177584,-0.282980108,-0.029513751,-0.470975819,0.605999203,1.094256195,0.342728778
-2.180314913,-1.587091042,0.766023495,-0.104768913,0.026869878,0.993060141,0.046184853,-0.484182740,-0.009824673,-0.059358437,0.526796505,-0.263499602,-0.050109700,-0.514213713,-0.011908582,-0.058946098,0.647196305,-0.353799550,-0.049793778,-0.061837848,-0.135249332,0.488508179,-0.522252657,1.233439082,-0.290335188,-0.036503056,-0.472999482,0.609986451,1.102454478,0.345731917
-2.178917940,-1.583428405,0.763468006,-0.112830753,0.029717763,0.992124158,0.045560199,-0.511799037,-0.009759796,-0.059664358,0.543030672,-0.268947026,-0.055911353,-0.546048375,-0.012001499,-0.059230862,0.673113377,-0.364709739,-0.055699629,-0.057946187,-0.142127412,0.496028771,-0.517804004,1.225837056,-0.298095807,-0.043816739,-0.475619232,0.614627030,1.109609444,0.349083226
-2.177383490,-1.580188223,0.760788810,-0.121646301,0.032976082,0.990985818,0.045407752,-0.540612951,-0.010596743,-0.058418405,0.557914136,-0.273367946,-0.061004654,-0.579939176,-0.012946120,-0.057933960,0.698403309,-0.374463459,-0.060939021,-0.053376652,-0.149494921,0.501285599,-0.514027440,1.215809552,-0.306562432,-0.052295768,-0.480148461,0.620764961,1.113149869,0.352923830
-2.175866001,-1.577109914,0.758130006,-0.130648317,0.036353441,0.989718760,0.045455707,-0.569370620,-0.011655557,-0.056551205,0.571901254,-0.277335225,-0.065807442,-0.614071861,-0.014077930,-0.056001739,0.722960097,-0.383630774,-0.065899951,-0.048767677,-0.156943317,0.505822817,-0.510748685,1.205117150,-0.314965394,-0.061151535,-0.484989638,0.626248443,1.115799663,0.356920371
-2.174382186,-1.574353013,0.755511692,-0.140029800,0.039969623,0.988274658,0.045905173,-0.598016611,-0.013154903,-0.053450489,0.584108632,-0.280401781,-0.070033405,-0.648684818,-0.015581410,-0.052808064,0.746061191,-0.391633750,-0.070307981,-0.044080391,-0.164552320,0.508931215,-0.508458355,1.193104562,-0.323241948,-0.070755330,-0.490450206,0.630432485,1.116681066,0.361226534
-2.172980753,-1.571910549,0.753131584,-0.149597179,0.043751591,0.986670454,0.046774967,-0.625342388,-0.014846581,-0.049143277,0.593061450,-0.281910187,-0.073671603,-0.682582544,-0.017174924,-0.048376407,0.766207106,-0.397776649,-0.074140668,-0.039764829,-0.172102629,0.510665245,-0.507273886,1.180203069,-0.330581593,-0.080885910,-0.495433632,0.632285410,1.116961096,0.366451224
-2.171620619,-1.569624992,0.750870391,-0.159247725,0.047613553,0.984928115,0.047851021,-0.652008445,-0.016634879,-0.044235326,0.600390774,-0.282641539,-0.077016416,-0.716122117,-0.018814026,-0.043328207,0.784879535,-0.402992764,-0.077686099,-0.035636164,-0.179623594,0.511713871,-0.506640911,1.166859965,-0.337452053,-0.091278362,-0.500177597,0.632970812,1.116941815,0.372137352
-2.170508688,-1.567847042,0.749023580,-0.168889397,0.051711973,0.983047710,0.049187838,-0.675980662,-0.019124806,-0.038172607,0.602796170,-0.281142607,-0.079359967,-0.747748771,-0.020999161,-0.037017793,0.799484314,-0.406056164,-0.080206930,-0.032959640,-0.187015280,0.510792010,-0.507589977,1.153267519,-0.341802764,-0.101917121,-0.503322855,0.627294462,1.116422762,0.381178099
-2.169467135,-1.566236176,0.747362808,-0.178426425,0.055844711,0.981071442,0.050440117,-0.698774277,-0.021958657,-0.032069900,0.603170845,-0.278625522,-0.081377325,-0.778402996,-0.023493249,-0.030605311,0.812542639,-0.408379572,-0.082380759,-0.030894446,-0.194545563,0.509119212,-0.509372778,1.139960341,-0.345255514,-0.112477378,-0.506013165,0.620691423,1.115928018,0.391092887
-2.168565290,-1.564956987,0.746071338,-0.187774918,0.060051394,0.979019430,0.051530238,-0.719228244,-0.025475234,-0.025887814,0.599514328,-0.274087296,-0.082747154,-0.807126845,-0.026600641,-0.023990212,0.822531091,-0.409234024,-0.083865751,-0.030042805,-0.202350975,0.505955729,-0.512810629,1.127219448,-0.346925721,-0.122881797,-0.507800359,0.612248813,1.115481529,0.402742736
-2.167754222,-1.563967810,0.744994090,-0.196878584,0.064216451,0.976908638,0.052579307,-0.738123287,-0.029317691,-0.019580137,0.593781270,-0.268584663,-0.083606062,-0.834402655,-0.029934283,-0.017141525,0.830604559,-0.409175139,-0.084801395,-0.030190313,-0.210637758,0.502240598,-0.518527792,1.114849322,-0.347644969,-0.133293739,-0.509195061,0.604893240,1.115065117,0.414432610
-2.166988137,-1.563123207,0.744023264,-0.205850757,0.068357141,0.974720045,0.053605982,-0.756244635,-0.033321042,-0.013209012,0.587017737,-0.262603547,-0.084210520,-0.860959095,-0.033378985,-0.010175744,0.837724838,-0.408660925,-0.085463457,-0.030834448,-0.219164908,0.498251995,-0.525379979,1.102662506,-0.347889385,-0.143710132,-0.510394980,0.598083635,1.114663174,0.426138275
-2.166184987,-1.562667683,0.743122778,-0.214816988,0.072249377,0.972424497,0.054993509,-0.774300743,-0.036843788,-0.006174712,0.580233873,-0.256672632,-0.084276388,-0.887038128,-0.036110807,-0.002514803,0.843127838,-0.406907422,-0.085548926,-0.031961365,-0.228571317,0.494423694,-0.534563222,1.090077711,-0.346404883,-0.154549002,-0.511584234,0.595125817,1.113993729,0.435448253
-2.165345097,-1.562321132,0.742164206,-0.223778305,0.075936309,0.970022298,0.056689400,-0.792927202,-0.039701596,0.001257076,0.574823685,-0.251537155,-0.084252757,-0.913162401,-0.038076048,0.005457271,0.848233063,-0.404795662,-0.085541550,-0.032927811,-0.238188786,0.491257167,-0.544472151,1.076975299,-0.344825225,-0.165606229,-0.512676191,0.593264471,1.113374751,0.443554539
-2.164432290,-1.562190859,0.741090353,-0.232751158,0.079222900,0.967506745,0.059002779,-0.812685613,-0.041239728,0.009477742,0.572139775,-0.247980349,-0.084051498,-0.939376460,-0.038519890,0.014046837,0.852747306,-0.401972884,-0.085349905,-0.033575776,-0.248225134,0.489404036,-0.555821318,1.062845596,-0.343056719,-0.177096822,-0.513575048,0.593579248,1.112855932,0.449271909
-2.163354847,-1.562316844,0.739766730,-0.241822894,0.082142169,0.964838279,0.062140549,-0.834568582,-0.041185905,0.018852460,0.573788505,-0.246770072,-0.083642187,-0.966432532,-0.037164099,0.023524606,0.857423069,-0.398582036,-0.084932638,-0.033534871,-0.258586324,0.489503972,-0.567991836,1.047452089,-0.340586576,-0.189417092,-0.514220074,0.595652540,1.112762201,0.453111110
-2.162195208,-1.562570628,0.738318106,-0.250929450,0.084873697,0.962037583,0.065685283,-0.857512490,-0.040338689,0.028802026,0.577601340,-0.246731542,-0.083129119,-0.993909699,-0.034911623,0.033444685,0.862183065,-0.394909926,-0.084402776,-0.033150690,-0.269109447,0.490577807,-0.580567590,1.031429109,-0.337767036,-0.202150677,-0.514738591,0.598601778,1.112880487,0.456015862
-2.160739725,-1.563204810,0.736249354,-0.260060181,0.087225694,0.959080146,0.070183007,-0.884405044,-0.037436691,0.040067751,0.589761632,-0.251033402,-0.082308626,-1.023305520,-0.030455260,0.044311852,0.869286139,-0.391562229,-0.083494849,-0.031900008,-0.280074230,0.494479226,-0.591857800,1.013989785,-0.334201897,-0.215854435,-0.514926812,0.603560767,1.113640022,0.457402096
-2.159200141,-1.563965964,0.733831810,-0.269268953,0.089497451,0.955988685,0.074632915,-0.913269421,-0.034215850,0.051211613,0.605341633,-0.256978170,-0.081385581,-1.053975772,-0.025746107,0.055001730,0.878324118,-0.389064520,-0.082452362,-0.030974562,-0.291189294,0.499259710,-0.602114848,0.996637033,-0.330964698,-0.229852456,-0.514938388,0.608970598,1.114560792,0.458927680
-2.157493682,-1.564979056,0.730722189,-0.278661482,0.091619728,0.952739887,0.078995638,-0.946046313,-0.030362359,0.062113676,0.627707067,-0.266182820,-0.080259051,-1.087174763,-0.020535363,0.065339831,0.891201363,-0.388253367,-0.081142883,-0.030694454,-0.302602548,0.505784445,-0.610321881,0.979456060,-0.328378201,-0.244434359,-0.514599460,0.615274997,1.115801484,0.460729767
-2.155728506,-1.566240500,0.726854057,-0.287964519,0.093968593,0.949435365,0.082576190,-0.981566261,-0.027459569,0.072139915,0.655087749,-0.277655905,-0.078773186,-1.122788296,-0.016458505,0.074971676,0.909401079,-0.390353048,-0.079411508,-0.031789351,-0.314305239,0.513883518,-0.616911332,0.963802953,-0.326205272,-0.259555624,-0.514329143,0.621715658,1.117541475,0.462706856
-2.153933825,-1.567625693,0.722608243,-0.297207792,0.096424813,0.946051915,0.085764551,-1.018452185,-0.025026611,0.081732302,0.684964356,-0.290257868,-0.077108447,-1.159604312,-0.012942463,0.084253646,0.930246733,-0.393898403,-0.077470056,-0.033566895,-0.326152386,0.522767899,-0.622695788,0.948912046,-0.324235953,-0.274944687,-0.514093380,0.628222410,1.119529519,0.464769667
-2.151927471,-1.569325012,0.717554518,-0.306642872,0.098926023,0.942465974,0.089116094,-1.058341285,-0.021637299,0.091636748,0.719471529,-0.304926948,-0.075086906,-1.199118787,-0.008538071,0.093774726,0.954405301,-0.398490498,-0.075075816,-0.035697949,-0.338495034,0.534112433,-0.627000133,0.936449484,-0.321420124,-0.290484381,-0.514149314,0.633897305,1.121738753,0.466232666
-2.149871967,-1.571125413,0.712184596,-0.316055727,0.101528915,0.938765063,0.092308247,-1.099061862,-0.018353649,0.101474660,0.755241284,-0.320097036,-0.072912417,-1.239580212,-0.004259044,0.103272179,0.980126689,-0.403768767,-0.072496328,-0.037958661,-0.350757514,0.546195418,-0.630611465,0.924439462,-0.318538859,-0.305859521,-0.514314691,0.638810581,1.123934635,0.467834743
-2.147718959,-1.573126337,0.706187410,-0.325460021,0.104345010,0.934947004,0.095194500,-1.141431897,-0.015279609,0.111180586,0.793515710,-0.336261006,-0.070434516,-1.281920168,-0.000228712,0.112722762,1.008948350,-0.410408248,-0.069549349,-0.040476583,-0.362860960,0.559743319,-0.632848021,0.913327174,-0.315527781,-0.320908222,-0.514697177,0.642212979,1.126104029,0.469712719
-2.145550076,-1.575350281,0.699553211,-0.334756140,0.107443665,0.931026867,0.097893610,-1.184909768,-0.012418274,0.121132217,0.833906482,-0.353393152,-0.067554566,-1.325822168,0.003634839,0.122514454,1.040667117,-0.418336957,-0.066115700,-0.043104754,-0.374571796,0.574698729,-0.634099657,0.902802390,-0.311934363,-0.335490046,-0.515801409,0.645302189,1.128427000,0.472138967
-2.143373338,-1.577685293,0.692601511,-0.343977518,0.110676651,0.927001173,0.100493644,-1.228937490,-0.009662648,0.131206439,0.875351126,-0.371007549,-0.064474300,-1.370500612,0.007415677,0.132476273,1.073829104,-0.426907924,-0.062439518,-0.045787267,-0.386085879,0.590355301,-0.634860584,0.892569615,-0.308049607,-0.349837919,-0.517266126,0.648237746,1.130826240,0.474833831
-2.141205858,-1.580275549,0.684779643,-0.352644967,0.114267783,0.923039069,0.102875060,-1.273226488,-0.007032069,0.141684471,0.919167473,-0.389778501,-0.060885008,-1.416171460,0.011192479,0.142964378,1.110538250,-0.437066430,-0.058116390,-0.048290700,-0.396485801,0.607734436,-0.634381143,0.882699094,-0.302781052,-0.362873084,-0.520123780,0.652068622,1.133285101,0.475761366
-2.139005779,-1.582912722,0.676693520,-0.361070217,0.117883782,0.919056905,0.105195615,-1.317470599,-0.004221045,0.152163496,0.963585661,-0.408767496,-0.057210857,-1.461938521,0.015173925,0.153462668,1.148010908,-0.447460687,-0.053666936,-0.050624649,-0.406366387,0.625482612,-0.633090844,0.872877076,-0.297476180,-0.375264768,-0.523279580,0.656003971,1.135588218,0.476281337
-2.136741044,-1.585642947,0.668083295,-0.369055465,0.121562142,0.915141734,0.107407240,-1.361625681,-0.001052140,0.162644490,1.009197496,-0.428188942,-0.053368401,-1.507896406,0.019561245,0.163981157,1.186997857,-0.458322512,-0.048966934,-0.052622454,-0.415216960,0.643962716,-0.630192348,0.863151253,-0.292099280,-0.386380222,-0.527026699,0.660146523,1.137582446,0.475992979
-2.134434768,-1.588405034,0.659015039,-0.376548408,0.125061458,0.911327129,0.109789760,-1.405330927,0.003297615,0.172920660,1.056022872,-0.448151360,-0.049497561,-1.553420856,0.025115861,0.174196954,1.226617937,-0.469132773,-0.044158895,-0.053917394,-0.422647631,0.663095760,-0.625622950,0.853694817,-0.287660260,-0.396090285,-0.531046408,0.664355663,1.139184844,0.475815321
-2.132107917,-1.591182940,0.649718757,-0.383781684,0.128466628,0.907527951,0.112254013,-1.448810961,0.008237350,0.183094924,1.103451564,-0.468383005,-0.045612587,-1.598728514,0.031253732,0.184261896,1.266551100,-0.479915765,-0.039296921,-0.054861266,-0.429370029,0.682554033,-0.620221595,0.844373826,-0.283689628,-0.405101095,-0.535201491,0.668598492,1.140592728,0.475692297
-2.129791209,-1.593972272,0.639925855,-0.390441719,0.131586522,0.903841472,0.115372636,-1.491138413,0.015565204,0.193081574,1.151755202,-0.489152851,-0.041694796,-1.643035146,0.039776659,0.193913384,1.306057181,-0.489801874,-0.034240004,-0.054436932,-0.433824365,0.702809062,-0.612950698,0.836046950,-0.281510168,-0.412803708,-0.539476259,0.673196916,1.141867542,0.475437949
-2.127514875,-1.596706758,0.630051056,-0.396878067,0.134574146,0.900179201,0.118553811,-1.532810250,0.023436666,0.202681964,1.199855196,-0.509848586,-0.037849210,-1.686721022,0.048809948,0.203123282,1.345192170,-0.499425942,-0.029223154,-0.053812236,-0.437624249,0.723344272,-0.605246632,0.828117669,-0.279675687,-0.420147259,-0.543500484,0.677481505,1.143359150,0.475432563
-2.125318595,-1.599332492,0.620013861,-0.402903012,0.137310299,0.896639905,0.121868480,-1.573182079,0.032386040,0.211516446,1.247551388,-0.530397367,-0.034146797,-1.729176012,0.058855226,0.211457558,1.383591329,-0.508530416,-0.024285752,-0.052790246,-0.440126435,0.744435050,-0.596683648,0.820976771,-0.278525258,-0.426778837,-0.547027910,0.681143794,1.145280633,0.475920837
-2.123163065,-1.601818650,0.609860205,-0.408523741,0.139844181,0.893259794,0.125055583,-1.612317736,0.041798079,0.219363956,1.294434614,-0.550400048,-0.030629226,-1.770513305,0.069297651,0.218757178,1.421356997,-0.517182076,-0.019497733,-0.052109762,-0.441474887,0.766233908,-0.587802861,0.814519539,-0.278289011,-0.433160005,-0.549341322,0.683172907,1.148259848,0.477177339
-2.121027530,-1.604235226,0.599648292,-0.413932935,0.142273756,0.889937411,0.128176080,-1.650838286,0.051440924,0.226719216,1.340913649,-0.570130343,-0.027203941,-1.811294508,0.079938180,0.225540724,1.458807498,-0.525607476,-0.014784332,-0.051600226,-0.442248342,0.788385555,-0.578763346,0.808404172,-0.278506266,-0.439417742,-0.551048947,0.684389497,1.151767335,0.478814716
-2.118787498,-1.606447766,0.589164470,-0.418758701,0.144393822,0.886899286,0.131153464,-1.688142164,0.061841631,0.232516227,1.386763412,-0.588989604,-0.024119420,-1.851009367,0.091220423,0.230670417,1.495660297,-0.533103054,-0.010364802,-0.051948991,-0.441419888,0.811468555,-0.569106582,0.803823379,-0.278913090,-0.446028828,-0.550687524,0.684065232,1.157318770,0.480496263
-2.116507073,-1.608599106,0.578622382,-0.423340655,0.146412662,0.883937983,0.134162828,-1.724920146,0.072563101,0.237856513,1.432355678,-0.607545549,-0.021138694,-1.890280511,0.102791533,0.235301507,1.532170132,-0.540152110,-0.006019323,-0.052726985,-0.440050234,0.834828984,-0.559090308,0.799592166,-0.279247744,-0.452776931,-0.549791100,0.683387873,1.163234526,0.482146501
-2.114146571,-1.610629118,0.567964786,-0.427460426,0.148238114,0.881174005,0.137242192,-1.760655573,0.083920464,0.242291370,1.477437470,-0.625500190,-0.018363736,-1.928672020,0.114935304,0.238944147,1.568000060,-0.546315965,-0.001820646,-0.054355903,-0.437607682,0.858739399,-0.548361329,0.796053975,-0.279439327,-0.459796664,-0.547834069,0.682010528,1.169872524,0.483734671
-2.111716904,-1.612453997,0.557307674,-0.431123923,0.150287180,0.878656368,0.139674314,-1.795172011,0.094180697,0.246283148,1.520636549,-0.641938514,-0.015854417,-1.966379293,0.126136574,0.242249093,1.603523397,-0.551995677,0.002137463,-0.057918729,-0.433841314,0.882713040,-0.535482438,0.792566025,-0.281050320,-0.466551394,-0.544959620,0.680179769,1.176547252,0.486013242
-2.109252719,-1.614176373,0.546650583,-0.434555321,0.152446121,0.876253424,0.141780783,-1.829081265,0.103891216,0.250053379,1.562897558,-0.657620256,-0.013478131,-2.003745458,0.136865239,0.245385251,1.638896396,-0.557435764,0.005974676,-0.062447498,-0.429413788,0.906721280,-0.521534566,0.789100166,-0.283371549,-0.473171807,-0.541628473,0.678127901,1.183240668,0.488633353
-2.106667588,-1.615475200,0.535884836,-0.437134353,0.154886035,0.874483882,0.142133082,-1.861439666,0.110592391,0.252836841,1.602621471,-0.670723387,-0.011798344,-2.040098093,0.144824924,0.247801250,1.675067505,-0.563023538,0.008972029,-0.070764222,-0.422423041,0.932362631,-0.505801161,0.784231050,-0.289109906,-0.478296201,-0.537265978,0.677867618,1.190177932,0.490956545
-2.104018371,-1.616669440,0.524945305,-0.439315530,0.157114136,0.872973586,0.142246730,-1.893489926,0.117130057,0.254855840,1.642655864,-0.683515102,-0.010387206,-2.076051421,0.152542136,0.249435867,1.711669050,-0.568522501,0.011638762,-0.080335589,-0.413947418,0.959112427,-0.489912081,0.778369546,-0.294511055,-0.482516044,-0.532741481,0.678380692,1.197114740,0.492776401
-2.101242137,-1.617656390,0.513661335,-0.440717741,0.158925816,0.871996300,0.141890489,-1.924929454,0.123343651,0.255359679,1.683305628,-0.695689590,-0.009508526,-2.111213326,0.159778770,0.249521791,1.749123716,-0.573845442,0.013650211,-0.092393651,-0.402528783,0.988059151,-0.473714452,0.770541137,-0.299243861,-0.484943075,-0.527895897,0.680426559,1.204050647,0.493598649
-2.098285538,-1.618411405,0.501878912,-0.440561437,0.161931362,0.871990983,0.138980501,-1.954435466,0.124261219,0.257876699,1.722370642,-0.705423088,-0.008874951,-2.145906095,0.162740967,0.252311979,1.790733386,-0.580715142,0.015419036,-0.108140200,-0.387037729,1.017630742,-0.454177306,0.761620903,-0.303853326,-0.484906008,-0.523141834,0.682639828,1.210300726,0.494035572
-2.095240442,-1.619050826,0.489850110,-0.439621685,0.165519538,0.872446832,0.134805717,-1.982980553,0.122564361,0.261380318,1.760653370,-0.713949428,-0.008365348,-2.180359121,0.163591842,0.256429482,1.834392869,-0.588346785,0.017064365,-0.125707144,-0.369518343,1.047511899,-0.432975748,0.752162128,-0.308409294,-0.483639300,-0.518431468,0.684933056,1.216210130,0.494281012
-2.092616783,-1.619356769,0.478103746,-0.438359415,0.166690103,0.873214493,0.132483515,-2.010076943,0.125490022,0.259603315,1.800337838,-0.723561022,-0.009091628,-2.211247027,0.167581240,0.254446994,1.873774040,-0.593835847,0.017105450,-0.139832566,-0.346798519,1.077382279,-0.406966536,0.743874413,-0.316677590,-0.478075574,-0.512917757,0.685772775,1.221688971,0.494246161
-2.090279469,-1.619458035,0.466716445,-0.436293976,0.166921113,0.874371678,0.131373805,-2.034175454,0.130491923,0.255691916,1.840558471,-0.734497931,-0.010456677,-2.238610696,0.173025335,0.249885455,1.911441605,-0.599096319,0.016366855,-0.151267935,-0.321856156,1.105962735,-0.379992042,0.736944283,-0.326640363,-0.470573845,-0.507107900,0.685959363,1.227849240,0.494220450
-2.088509560,-1.619153724,0.456040645,-0.432637231,0.165290415,0.876301107,0.132666786,-2.052333520,0.139607998,0.247551105,1.881841541,-0.748061017,-0.013087476,-2.258990913,0.181351981,0.240213397,1.945713575,-0.603903832,0.014083286,-0.157372829,-0.292509725,1.131987143,-0.351104792,0.732704277,-0.339960829,-0.459231868,-0.500711214,0.684851743,1.235359791,0.494212850
-2.087296671,-1.618598350,0.446149018,-0.426750468,0.162221390,0.879266845,0.135860498,-2.062964148,0.151003037,0.236239386,1.923543141,-0.764234485,-0.016642537,-2.271424646,0.191061476,0.226869171,1.977726419,-0.609302839,0.010751403,-0.159720566,-0.260242490,1.154422936,-0.323800859,0.731709973,-0.354249493,-0.444273806,-0.494158929,0.682536437,1.244734721,0.494735861
-2.086352725,-1.617919988,0.436647809,-0.419726332,0.158431057,0.882685823,0.139982660,-2.069870948,0.163519735,0.223360983,1.965429881,-0.781669057,-0.020654777,-2.279927090,0.201450007,0.211711564,2.008603626,-0.614967929,0.006901235,-0.160209176,-0.226527732,1.175067058,-0.297289396,0.732330610,-0.369021790,-0.427518669,-0.487533966,0.679620070,1.255033244,0.495519986
-2.082089700,-1.617895190,0.428093374,-0.411271104,0.155809729,0.886733785,0.142416998,-2.079053950,0.172612058,0.212377180,1.996760621,-0.783910464,-0.024361614,-2.290757211,0.209011322,0.199207925,2.031573517,-0.607823460,0.003519297,-0.161615723,-0.192458858,1.188996875,-0.274679919,0.736392302,-0.385722069,-0.407955460,-0.483002346,0.675346410,1.265378662,0.495487263
-2.077873696,-1.617927612,0.419380098,-0.402423635,0.153662728,0.890876216,0.144161548,-2.087895886,0.180114759,0.202656222,2.027548445,-0.785400000,-0.027820982,-2.301805706,0.215400545,0.188175735,2.055578806,-0.600842255,0.000436759,-0.163938753,-0.158617902,1.200953491,-0.254140156,0.741517985,-0.402406256,-0.387817644,-0.479613145,0.671942144,1.275153307,0.493458677
-2.073750845,-1.618073396,0.410352139,-0.392836776,0.152469666,0.895285927,0.144552335,-2.096062135,0.184468251,0.195437095,2.057260694,-0.785400000,-0.030790088,-2.313286827,0.219467729,0.180058639,2.081635326,-0.594184491,-0.002052635,-0.168077434,-0.125228474,1.209000987,-0.237700715,0.748751546,-0.419058559,-0.366541470,-0.478487196,0.670260239,1.283797191,0.487476076
-2.070065844,-1.618188000,0.400873911,-0.382912924,0.151814281,0.899783932,0.143940933,-2.104124244,0.186672802,0.189610301,2.087268169,-0.785400000,-0.033635860,-2.325500840,0.221894885,0.173509799,2.110027104,-0.588600966,-0.004435766,-0.173502193,-0.091681433,1.213250216,-0.225709153,0.756981875,-0.431553739,-0.343395033,-0.479282277,0.670252540,1.291655450,0.476667884
-2.066598817,-1.618287358,0.391168963,-0.372789980,0.151417490,0.904269587,0.142817674,-2.112127892,0.187800455,0.184482352,2.117429497,-0.785400000,-0.036418997,-2.338075403,0.223500685,0.167748294,2.139595264,-0.583556282,-0.006764844,-0.179570931,-0.058047417,1.215605386,-0.215938739,0.765702529,-0.441975345,-0.319308890,-0.481028595,0.671046114,1.299127331,0.463473324
-2.063661626,-1.618477314,0.379727642,-0.359275746,0.152085724,0.910226298,0.138848688,-2.116928408,0.183027367,0.183692079,2.151147572,-0.785400000,-0.038478181,-2.349535704,0.220841176,0.166960567,2.178418939,-0.581697877,-0.008429370,-0.188932541,-0.020265776,1.211884941,-0.214747854,0.772888668,-0.445484497,-0.288942423,-0.482726665,0.658897303,1.307846672,0.451850838
-2.061009233,-1.618763956,0.368153530,-0.344978252,0.153522827,0.916203019,0.134137155,-2.119985673,0.176849279,0.185932278,2.184465870,-0.785400000,-0.039776498,-2.360407473,0.217844013,0.169595249,2.218765043,-0.580410131,-0.008944549,-0.199755994,0.019133131,1.206583880,-0.216406345,0.779759058,-0.447045662,-0.258667707,-0.484341952,0.642107095,1.317986910,0.441654121
-2.058920930,-1.619242100,0.356316404,-0.329190020,0.156507514,0.922367023,0.127978137,-2.119590149,0.167888361,0.194174820,2.216992344,-0.785400000,-0.039567791,-2.370113559,0.214178071,0.179008566,2.262126564,-0.580252668,-0.007183259,-0.213474862,0.061735296,1.198152151,-0.223708491,0.786004053,-0.444748524,-0.228574719,-0.485793274,0.616123847,1.330941466,0.434281371
-2.057223051,-1.619415886,0.345089976,-0.314618150,0.158757549,0.927767605,0.122714026,-2.120408372,0.160868975,0.199519605,2.248102759,-0.785400000,-0.040601456,-2.380322329,0.211746954,0.185261548,2.301613362,-0.578486148,-0.006725842,-0.225755370,0.103181026,1.185937275,-0.233251285,0.793419982,-0.439310219,-0.201254686,-0.485638533,0.584339514,1.347905497,0.431676492
-2.055719853,-1.619436056,0.334191255,-0.300619746,0.160627902,0.932700228,0.117884390,-2.121757871,0.154802010,0.203431927,2.278441153,-0.785400000,-0.042256096,-2.390694970,0.209913409,0.189952943,2.339121771,-0.575949104,-0.006925022,-0.237311265,0.144051979,1.171841106,-0.243914161,0.801415742,-0.432318785,-0.175317460,-0.484684344,0.549671065,1.366862351,0.431446052
-2.054842194,-1.618127161,0.334808319,-0.286755475,0.162213237,0.937224578,0.114316460,-2.091451383,0.144711371,0.208367589,2.276556960,-0.785400000,-0.046573527,-2.362437214,0.201807245,0.196069249,2.349382329,-0.585290316,-0.012137770,-0.243204083,0.183917647,1.154014676,-0.259442357,0.809451042,-0.426283021,-0.153870588,-0.481791750,0.509584426,1.389309445,0.437488163
-2.052806542,-1.616950443,0.334967772,-0.273169874,0.163267838,0.941337732,0.112272466,-2.065433519,0.138280824,0.210228786,2.275073342,-0.781865741,-0.051635325,-2.338652315,0.196495113,0.198172272,2.356200000,-0.587405355,-0.018132852,-0.246161170,0.223331299,1.134605498,-0.276297077,0.817073475,-0.420665284,-0.133633393,-0.478140906,0.467891641,1.410706334,0.444267001
-2.048477811,-1.616035463,0.334221058,-0.260210180,0.163312620,0.944874751,0.113275572,-2.047908070,0.139098059,0.206001871,2.274382951,-0.771332875,-0.058171133,-2.323724652,0.196715775,0.192328117,2.356200000,-0.575210992,-0.025677130,-0.243304866,0.261849859,1.112062133,-0.295778602,0.823878343,-0.415875329,-0.115791621,-0.472988563,0.423018337,1.430023586,0.452504720
-2.042606705,-1.614905722,0.331643147,-0.246637423,0.163283036,0.948349571,0.114637354,-2.037156715,0.141942482,0.197720301,2.276120496,-0.755140728,-0.067509981,-2.316651378,0.197940655,0.181210404,2.356200000,-0.554153944,-0.036598820,-0.238441109,0.297504780,1.086719816,-0.316636744,0.831445527,-0.411382567,-0.098630906,-0.466881788,0.377819612,1.447397475,0.461063528
-2.035974678,-1.613665584,0.328158197,-0.232744313,0.163197315,0.951684328,0.116162217,-2.029775936,0.145787211,0.187409927,2.279060774,-0.736152804,-0.078254009,-2.313480587,0.199649923,0.167455441,2.356200000,-0.528718338,-0.049217790,-0.232587961,0.331728845,1.059984117,-0.338177557,0.839395754,-0.407037185,-0.081806315,-0.460300412,0.332465291,1.463804231,0.469780285
-2.030478881,-1.610608235,0.324408803,-0.223424323,0.162679918,0.953899607,0.117014340,-2.030121516,0.148230516,0.167438726,2.282402201,-0.719641708,-0.096849560,-2.316774175,0.195716825,0.141779463,2.356200000,-0.507050681,-0.073146042,-0.228645405,0.360021283,1.029739009,-0.360270596,0.849875893,-0.402811072,-0.064537108,-0.452761148,0.289548302,1.477915862,0.478056162
-2.024371322,-1.607862541,0.320585243,-0.212257537,0.162896483,0.956382795,0.117232344,-2.027807727,0.149115172,0.150705720,2.283938186,-0.700435815,-0.114375628,-2.318037534,0.191216055,0.119803217,2.356200000,-0.483617839,-0.095758232,-0.225767900,0.386066012,0.998567675,-0.382149113,0.861443349,-0.398625832,-0.046901912,-0.444970575,0.248100614,1.491529439,0.486060556
-2.017052611,-1.605733852,0.316614850,-0.197434920,0.164565770,0.959393760,0.116194550,-2.020228985,0.146914055,0.140383616,2.281899797,-0.675894826,-0.129784356,-2.315281490,0.185591423,0.105151612,2.356200000,-0.456690324,-0.115764917,-0.224998956,0.407660782,0.965562622,-0.403602922,0.875163450,-0.394521510,-0.028542138,-0.436682466,0.209561812,1.504156979,0.493527472
-2.008880833,-1.604330296,0.312570927,-0.181462462,0.167298087,0.962564734,0.112035073,-2.013154976,0.138868960,0.137131851,2.274588552,-0.644138753,-0.141881903,-2.312085427,0.176087807,0.099251827,2.356200000,-0.428237286,-0.132471105,-0.229448109,0.424702412,0.931254401,-0.424006964,0.891201317,-0.390641676,-0.009419125,-0.427920957,0.174766545,1.516383412,0.500457625
-2.000285402,-1.603287055,0.308488566,-0.164884419,0.170526569,0.965625700,0.106305337,-2.006333532,0.127926128,0.137392803,2.264661421,-0.608800955,-0.152335770,-2.308678169,0.164663468,0.097699333,2.356200000,-0.399020314,-0.147537497,-0.236490468,0.439475884,0.896298698,-0.443886294,0.908393955,-0.386874480,0.010083375,-0.418923412,0.141838357,1.528411881,0.507120858
-1.991047074,-1.602875391,0.303515572,-0.147498242,0.175053066,0.968405277,0.098954093,-2.000719558,0.114544095,0.143598368,2.251951020,-0.568658856,-0.160611681,-2.308124471,0.152780616,0.103146396,2.356200000,-0.365905927,-0.159816196,-0.248237061,0.447792746,0.860231138,-0.461508833,0.928947070,-0.383777409,0.030354682,-0.409163078,0.115186298,1.540674563,0.513226627
-1.981800871,-1.602484905,0.298588009,-0.130362358,0.179036471,0.970989843,0.090168300,-1.996368074,0.098243832,0.149761795,2.237493887,-0.526644619,-0.168889356,-2.307229431,0.137605805,0.109302104,2.356200000,-0.334223164,-0.172622494,-0.260945636,0.454148244,0.824066421,-0.478216741,0.950529901,-0.381036550,0.050668024,-0.399115687,0.090747247,1.553248119,0.519272535
-1.972539083,-1.602136337,0.293750369,-0.113780635,0.182004536,0.973526207,0.078581423,-1.994515478,0.076167422,0.155841819,2.219579388,-0.480924799,-0.177170522,-2.305658759,0.115915110,0.116860457,2.356200000,-0.305374060,-0.186473085,-0.275558296,0.456621551,0.787709394,-0.493114290,0.974150885,-0.379000751,0.071064567,-0.388500113,0.070688473,1.566436994,0.525199954
-1.964605343,-1.601728122,0.289235593,-0.100496992,0.180809573,0.976117795,0.066349854,-1.999399195,0.050693550,0.153056756,2.203846614,-0.437556857,-0.186884429,-2.304085559,0.086116800,0.115784718,2.356200000,-0.284034403,-0.203851400,-0.289398943,0.455723712,0.751685576,-0.506031762,0.999547204,-0.377935103,0.091017884,-0.377266749,0.055043054,1.580569677,0.531306072
-1.957332910,-1.601290105,0.284881152,-0.088840955,0.177526822,0.978619904,0.053801446,-2.007617370,0.023546342,0.145865961,2.189208674,-0.395374329,-0.197311991,-2.302506826,0.052306736,0.110413276,2.356200000,-0.266423811,-0.222981362,-0.302832931,0.453148169,0.715829493,-0.517962556,1.025827071,-0.377353678,0.110748470,-0.365725552,0.041596213,1.595173226,0.537502310
-1.951854315,-1.600729520,0.280777498,-0.079464021,0.171436861,0.980970136,0.044637025,-2.016463810,-0.000346116,0.130389620,2.181105773,-0.362445847,-0.209767172,-2.299107360,0.018376198,0.094943280,2.356200000,-0.254578886,-0.244751206,-0.305767941,0.446432172,0.681193997,-0.526924621,1.054298255,-0.378564689,0.129019296,-0.353263420,0.034506868,1.611431726,0.544423480
-1.946810784,-1.600271577,0.276890590,-0.070508849,0.165204335,0.983064762,0.036327715,-2.024443237,-0.022995560,0.114906009,2.174122393,-0.332019540,-0.221702789,-2.294928945,-0.013850297,0.079482644,2.356200000,-0.243984680,-0.265201240,-0.305875703,0.438625576,0.647185309,-0.534946965,1.083357639,-0.380471133,0.146569218,-0.340524992,0.029423601,1.628249515,0.551735886
-1.942628196,-1.600016755,0.273432599,-0.062408814,0.158732981,0.984898757,0.029722364,-2.030706940,-0.043185216,0.099408014,2.169354422,-0.306544764,-0.232610246,-2.289209076,-0.042704681,0.064040530,2.356200000,-0.235865508,-0.283039513,-0.300388653,0.428660802,0.614417007,-0.541109705,1.113581002,-0.383753761,0.162692549,-0.327239807,0.028310140,1.646174076,0.559822505
-1.938982856,-1.599832130,0.270543825,-0.055020542,0.151701446,0.986615531,0.023435128,-2.035911783,-0.063693912,0.083463637,2.164932147,-0.283560919,-0.243084377,-2.281259879,-0.070858363,0.048844558,2.356200000,-0.230942493,-0.298820622,-0.292157145,0.417098542,0.583264554,-0.545617859,1.144714599,-0.388546539,0.177080783,-0.313548924,0.030847644,1.665071321,0.568951009
-1.935604149,-1.599681821,0.267937825,-0.047979897,0.144384009,0.988206294,0.017306299,-2.040582282,-0.084357651,0.067299200,2.160682158,-0.261818135,-0.253345168,-2.272199667,-0.098658835,0.033771235,2.356200000,-0.227605348,-0.313581217,-0.282555446,0.404742224,0.552918254,-0.549302645,1.176300957,-0.394091954,0.190604261,-0.299656709,0.035202800,1.684452322,0.578599391
-1.932589875,-1.599360932,0.265832125,-0.040550392,0.137618974,0.989579695,0.012194727,-2.040854607,-0.103865005,0.051446468,2.156966015,-0.243773816,-0.264027177,-2.259708244,-0.123711738,0.019068619,2.356200000,-0.226282975,-0.327132758,-0.267707000,0.390788894,0.525422977,-0.550947821,1.208927963,-0.401975366,0.201436837,-0.285494450,0.044405607,1.704916853,0.590118843
-1.929644511,-1.599049165,0.263739136,-0.033180704,0.130931753,0.990809624,0.007225393,-2.040831311,-0.123242906,0.035685251,2.153388290,-0.226171974,-0.274787463,-2.247123220,-0.148178947,0.004567965,2.356200000,-0.225020032,-0.340261098,-0.251152954,0.376531040,0.498998536,-0.552069659,1.241825755,-0.410638954,0.211419414,-0.271388746,0.055022770,1.725574603,0.602341503
-1.926835481,-1.598755444,0.261671292,-0.025935162,0.124417208,0.991887734,0.002539362,-2.040223145,-0.142364692,0.020105090,2.150084417,-0.209445548,-0.285702614,-2.234353011,-0.171487396,-0.009533115,2.356200000,-0.223874669,-0.352552159,-0.231224470,0.361670703,0.474692688,-0.552156098,1.275259283,-0.420846077,0.219720317,-0.257394931,0.068438163,1.746614629,0.615955423
-1.924108775,-1.598642930,0.259355173,-0.018988648,0.117792579,0.992854458,-0.002089242,-2.040769236,-0.161551428,0.004718078,2.147132549,-0.192260039,-0.296431910,-2.222914513,-0.194103212,-0.022870526,2.356200000,-0.221721180,-0.363549489,-0.209866888,0.346600210,0.452666587,-0.551535795,1.309123630,-0.432519292,0.226561452,-0.243859721,0.084220091,1.767637047,0.631033819
-1.921423229,-1.598620518,0.256915717,-0.012190036,0.111105311,0.993711356,-0.006689822,-2.041889823,-0.180773426,-0.010575795,2.144355531,-0.174845209,-0.307069488,-2.212136398,-0.216376912,-0.035829047,2.356200000,-0.219067954,-0.373901882,-0.187804130,0.331426213,0.431776532,-0.550564558,1.343202365,-0.444922324,0.232676412,-0.230554365,0.101179349,1.788649165,0.646841703
-1.918920052,-1.598795498,0.254251234,-0.005752905,0.103647079,0.994530556,-0.011539552,-2.044500143,-0.201277210,-0.026841825,2.141890197,-0.156500271,-0.317788156,-2.202084132,-0.238825221,-0.048292775,2.356200000,-0.215940551,-0.382167642,-0.166390411,0.316427938,0.414388777,-0.549017302,1.377820803,-0.459264990,0.237061653,-0.218492333,0.120972506,1.809012127,0.664780281
-1.916483079,-1.599111023,0.251437413,0.000646813,0.095978269,0.995249478,-0.016316531,-2.047691479,-0.221711856,-0.043045173,2.139759596,-0.137803860,-0.328111728,-2.192652873,-0.260803161,-0.060143930,2.356200000,-0.212101283,-0.389281402,-0.145996250,0.301619339,0.398177032,-0.547416941,1.412600404,-0.474141748,0.241022441,-0.207038691,0.141479064,1.828961544,0.683362991
-1.914177058,-1.599704549,0.248328200,0.006971506,0.087905243,0.995884098,-0.020950656,-2.052032066,-0.242009747,-0.059124536,2.138291099,-0.118412230,-0.337653798,-2.184449969,-0.281850708,-0.070783413,2.356200000,-0.206853940,-0.394116503,-0.127618778,0.287185925,0.384291437,-0.545711540,1.447698786,-0.490074944,0.244143660,-0.196788446,0.163396730,1.848092969,0.703219798
-1.911998065,-1.600674228,0.244867869,0.012880653,0.079031986,0.996452342,-0.025899097,-2.059017296,-0.263205795,-0.075013137,2.137044406,-0.097214335,-0.346214138,-2.178529478,-0.302586010,-0.079438595,2.356200000,-0.199989869,-0.395738978,-0.114421904,0.273324347,0.372670958,-0.544124931,1.483089217,-0.506775754,0.246710512,-0.188103433,0.186243106,1.866072652,0.724098829
-1.909882311,-1.601831987,0.241231960,0.018582116,0.069751375,0.996909388,-0.031001972,-2.067323514,-0.284852722,-0.090809159,2.135909472,-0.075112703,-0.354285349,-2.173746151,-0.323166402,-0.087105199,2.356200000,-0.192318431,-0.395756702,-0.103805809,0.259748131,0.362178350,-0.542598102,1.518624989,-0.523857713,0.249002106,-0.180199298,0.209550269,1.883477643,0.745485715
-1.907938885,-1.603826455,0.236808002,0.023863907,0.058180475,0.997350050,-0.036584468,-2.080970963,-0.309213883,-0.107300975,2.135609787,-0.048757711,-0.360870177,-2.172416196,-0.343538061,-0.091791556,2.356200000,-0.181454204,-0.389263113,-0.100891140,0.247219156,0.354842828,-0.541488944,1.554536404,-0.541581891,0.250832249,-0.175076674,0.233493586,1.898795640,0.767840756
-1.906149244,-1.605917441,0.232354605,0.028993701,0.046537555,0.997610014,-0.042046168,-2.095350068,-0.332972430,-0.123005244,2.135504871,-0.022171780,-0.366560775,-2.172282349,-0.362593637,-0.094896755,2.356200000,-0.169754899,-0.380919708,-0.099452450,0.235079227,0.348464472,-0.540570880,1.590533770,-0.559346486,0.252600812,-0.171004379,0.257400111,1.913328295,0.790285313
-1.904663719,-1.608199300,0.227842992,0.033827035,0.034764314,0.997703463,-0.047275518,-2.111176072,-0.355539270,-0.137152088,2.135785122,0.004870847,-0.370482977,-2.174513879,-0.379046581,-0.094875119,2.356200000,-0.156404177,-0.368918177,-0.100932602,0.223708658,0.343978969,-0.540030713,1.626701111,-0.577191007,0.254247598,-0.169009171,0.281233877,1.926307889,0.812906896
-1.903687234,-1.610040614,0.223909237,0.038268944,0.026344479,0.997609482,-0.051154452,-2.125929754,-0.369128769,-0.144640168,2.136336801,0.028786955,-0.370201656,-2.181467077,-0.388892857,-0.089799900,2.356200000,-0.140734688,-0.356764248,-0.102673046,0.213133623,0.341136566,-0.539922241,1.662888219,-0.594779523,0.255897471,-0.169246120,0.304514054,1.937635034,0.835158603
-1.902963423,-1.611666380,0.220260100,0.042516615,0.019584032,0.997423374,-0.054363742,-2.140168973,-0.378264910,-0.148817620,2.137023612,0.051175257,-0.367825207,-2.190775798,-0.395450719,-0.082200765,2.356200000,-0.123901598,-0.344510253,-0.104541919,0.202954766,0.339111512,-0.540028876,1.699084280,-0.612239366,0.257549132,-0.170595172,0.327516803,1.948138933,0.857223787
-1.902646494,-1.614165393,0.216205142,0.046532822,0.013371423,0.997211264,-0.056794329,-2.160529912,-0.381299681,-0.145554402,2.138085094,0.080513458,-0.358711709,-2.208490572,-0.393180566,-0.064503404,2.356200000,-0.100265872,-0.322564290,-0.106315378,0.193919699,0.339089785,-0.540804042,1.734959574,-0.628868513,0.259303600,-0.175344347,0.349041674,1.956139575,0.877846962
-1.902551589,-1.616981127,0.211749399,0.050053939,0.007376101,0.996960909,-0.059238013,-2.184745994,-0.382752349,-0.139336284,2.138988639,0.113615483,-0.347843884,-2.230827058,-0.386864348,-0.042033450,2.356200000,-0.073150230,-0.296007185,-0.107543713,0.185232577,0.339588310,-0.541802368,1.770573450,-0.645089793,0.261097350,-0.181222278,0.369881720,1.963300748,0.897676292
-1.902895650,-1.620423055,0.206501256,0.052599419,0.001811445,0.996705425,-0.061711558,-2.216584154,-0.381077012,-0.127275977,2.139579921,0.154159036,-0.333507549,-2.262301218,-0.372548574,-0.010127513,2.356200000,-0.039154382,-0.260333303,-0.107694276,0.177233380,0.341115432,-0.543241906,1.805670470,-0.660504673,0.262968764,-0.189331893,0.389367787,1.968802191,0.915936094
-1.904151204,-1.623595973,0.201083061,0.054500296,-0.002268261,0.996501684,-0.063316395,-2.252589992,-0.371950750,-0.111244066,2.142344016,0.194345884,-0.315491425,-2.298369115,-0.347639380,0.026730788,2.356200000,-0.000813994,-0.217670112,-0.106323864,0.169811665,0.343395491,-0.545111328,1.839900875,-0.674897870,0.264876929,-0.199594010,0.407201693,1.972637137,0.932020723
-1.905860424,-1.626631882,0.195584722,0.056082104,-0.005609364,0.996325628,-0.064487013,-2.290650807,-0.359114805,-0.093255387,2.146193034,0.234331434,-0.295644762,-2.336693641,-0.317463016,0.066026727,2.356200000,0.039666195,-0.171542639,-0.104199620,0.162677022,0.346049723,-0.547194802,1.873698258,-0.688781511,0.266803074,-0.210927741,0.424211945,1.975641879,0.947019841
-1.908794303,-1.628108617,0.191585095,0.057443061,-0.007151138,0.996286187,-0.063741578,-2.326875382,-0.335793384,-0.077604102,2.154298329,0.264706154,-0.271220632,-2.369756089,-0.275109889,0.101508543,2.356200000,0.077317562,-0.121563683,-0.101254717,0.156183795,0.349493857,-0.549891201,1.905680954,-0.700890161,0.268658967,-0.225260635,0.438484890,1.976115386,0.957985572
-1.912039568,-1.628984404,0.188677800,0.058679254,-0.008518546,0.996290387,-0.062367011,-2.360063529,-0.311462988,-0.065462905,2.163354288,0.290706687,-0.247719458,-2.398344719,-0.231459057,0.133528385,2.356200000,0.110569297,-0.072017283,-0.098518510,0.149825862,0.353141816,-0.552785861,1.936890398,-0.712330639,0.270432794,-0.240521426,0.451801293,1.975685669,0.967376953
-1.915900343,-1.628672311,0.187929692,0.059668937,-0.009541297,0.996382778,-0.059748981,-2.387249639,-0.285138174,-0.060260022,2.174289403,0.308060864,-0.226042669,-2.418090058,-0.185243082,0.158705024,2.356200000,0.135124382,-0.023325908,-0.096194827,0.143735362,0.357192672,-0.556072423,1.966571374,-0.722450357,0.272044407,-0.257616369,0.463226920,1.973470573,0.973656353
-1.919684757,-1.627478795,0.189625260,0.061125391,-0.009622375,0.996381297,-0.058270116,-2.403547304,-0.264328269,-0.061212436,2.182926342,0.317714925,-0.213304517,-2.428697092,-0.143822587,0.180696533,2.356200000,0.150232877,0.020632765,-0.095869388,0.137766183,0.361663857,-0.559748041,1.994450826,-0.731117680,0.273354293,-0.276387414,0.472796842,1.969268731,0.976493791
-1.923427196,-1.625849228,0.192530019,0.062811413,-0.009236478,0.996333235,-0.057354144,-2.414449614,-0.246237473,-0.065206480,2.190408632,0.323564393,-0.204981383,-2.434777149,-0.104789672,0.201105992,2.356180341,0.160673201,0.062239068,-0.096535397,0.131856867,0.366344818,-0.563617451,2.021432091,-0.739061192,0.274513314,-0.295992573,0.481443143,1.964076292,0.977616217
-1.925569277,-1.624018658,0.196093535,0.064102098,-0.008216177,0.996311535,-0.056451223,-2.419593046,-0.225937663,-0.069291092,2.190689081,0.329454327,-0.196036993,-2.436463100,-0.072577592,0.218405202,2.348748037,0.170917179,0.098605743,-0.098745586,0.125916699,0.371812717,-0.568073110,2.045383382,-0.744678115,0.275001517,-0.317836272,0.487563881,1.955517603,0.973344309
-1.925445769,-1.622236494,0.198539276,0.065668060,-0.007163603,0.996255710,-0.055775889,-2.424552187,-0.192860634,-0.064169780,2.182609971,0.343056027,-0.171179903,-2.438775526,-0.044760143,0.234156178,2.332561222,0.188626319,0.131506183,-0.101699878,0.119898848,0.377625181,-0.572733514,2.068197026,-0.749461076,0.275190329,-0.340345677,0.492961415,1.945655054,0.967223944
-1.920844923,-1.620549991,0.198776031,0.067778151,-0.006047270,0.996134380,-0.055550430,-2.429147129,-0.134532814,-0.040855401,2.158010409,0.371897993,-0.114875580,-2.442326013,-0.025627517,0.246847478,2.299073436,0.221088374,0.157556528,-0.106124690,0.113727479,0.384118587,-0.577798540,2.088762411,-0.752595931,0.274787475,-0.364170672,0.496929729,1.933215771,0.957450592
-1.920549997,-1.618324140,0.200063808,0.070856597,-0.005813735,0.995881032,-0.056271776,-2.430476930,-0.083921939,-0.022979601,2.149385687,0.385369007,-0.066259846,-2.443500000,-0.022919095,0.252477319,2.278928977,0.230096093,0.170081645,-0.112424527,0.107282588,0.391465188,-0.583293539,2.106800816,-0.753977933,0.273657855,-0.389134763,0.499779079,1.917808383,0.944031645
-1.922379283,-1.615829864,0.201866770,0.074413876,-0.006019108,0.995552266,-0.057463294,-2.430182599,-0.037185588,-0.007831043,2.148639250,0.391265790,-0.021510190,-2.443500000,-0.028381897,0.254584811,2.265356412,0.227507440,0.175860014,-0.119656333,0.100701102,0.399237243,-0.589002767,2.123579492,-0.754486645,0.272165882,-0.414665289,0.502072594,1.900921378,0.928797574
-1.923133731,-1.612599378,0.202182910,0.078405850,-0.007285059,0.995101571,-0.059768838,-2.425758904,-0.013529974,-0.007704935,2.142987757,0.404189095,-0.001899350,-2.443500000,-0.055198373,0.244108663,2.244499250,0.221226674,0.157468377,-0.129001202,0.093573820,0.408481497,-0.595386917,2.136137360,-0.752262071,0.269440928,-0.441573549,0.503230640,1.879083044,0.908306007
-1.923588600,-1.609187286,0.201552283,0.082337399,-0.008712401,0.994604092,-0.062508783,-2.421451552,0.006266449,-0.009047610,2.135275407,0.419035438,0.014345277,-2.443500000,-0.082287648,0.233652209,2.221059210,0.216564078,0.137001312,-0.139029077,0.086235336,0.418254971,-0.602004278,2.147094380,-0.749081426,0.266270597,-0.468813225,0.504184789,1.855437007,0.886134189
-1.923451565,-1.605416381,0.199051044,0.086150861,-0.010458722,0.994031375,-0.066108014,-2.417374067,0.018437908,-0.013292295,2.123491230,0.437681305,0.023938963,-2.443500000,-0.109915916,0.223234662,2.192515942,0.215098650,0.112433632,-0.150406434,0.078479562,0.429074073,-0.609082412,2.154888458,-0.744011786,0.262220295,-0.496707708,0.504736078,1.828219326,0.860642543
-1.923304460,-1.601505909,0.194890028,0.089345539,-0.012115884,0.993447048,-0.070239181,-2.414137097,0.026937589,-0.017790650,2.109214818,0.456128740,0.027912586,-2.443500000,-0.133666843,0.215431954,2.160766610,0.215021471,0.091008366,-0.161797728,0.070299992,0.440912981,-0.616608959,2.159100204,-0.736982301,0.257270868,-0.524923378,0.505202381,1.797275384,0.832041732
-1.923154046,-1.597526674,0.189898146,0.092231271,-0.013726680,0.992841920,-0.074631712,-2.411326524,0.033628676,-0.022412283,2.093697229,0.474490962,0.029088310,-2.443500000,-0.155481431,0.208924932,2.127417124,0.215635842,0.071156320,-0.173183683,0.061909624,0.453259085,-0.624358564,2.161526347,-0.728976694,0.251873837,-0.553297229,0.505627438,1.764476243,0.801893811
-1.923607999,-1.593608017,0.180865157,0.094408775,-0.014562451,0.992292374,-0.078935175,-2.412614041,0.042081676,-0.026304598,2.074438819,0.497500009,0.022189130,-2.443500000,-0.169531209,0.203962315,2.087991769,0.218397967,0.059015427,-0.180128214,0.052978152,0.466886989,-0.632686191,2.158016696,-0.717998517,0.245191314,-0.581508270,0.506316880,1.726281637,0.767554899
-1.925027798,-1.589715110,0.169255173,0.097768122,-0.015373021,0.991785780,-0.081031049,-2.419524882,0.055919918,-0.031170573,2.055560624,0.524328508,0.016619285,-2.442113226,-0.179834331,0.196080210,2.045522229,0.224518021,0.047663481,-0.182964590,0.043931972,0.480796565,-0.641149353,2.152322131,-0.706014872,0.238116883,-0.609404116,0.507194828,1.686467362,0.731987875
-1.928355486,-1.585873067,0.152554716,0.103463332,-0.016134002,0.991378212,-0.078767213,-2.437543764,0.080395904,-0.037959868,2.037433489,0.558701765,0.013675345,-2.437987087,-0.182736490,0.182431092,1.997039357,0.237271163,0.037869986,-0.177685914,0.034659201,0.495262541,-0.649880245,2.142311595,-0.692045072,0.230268295,-0.636677340,0.508445144,1.643453671,0.693994898
-1.931184008,-1.583245806,0.140975652,0.109357769,-0.016691372,0.991108415,-0.073935008,-2.438414341,0.092508671,-0.054784975,2.015964320,0.569189283,-0.006990992,-2.410632719,-0.177975200,0.170439598,1.944336065,0.234853929,0.039747405,-0.166401442,0.025373453,0.509848489,-0.658698021,2.127671935,-0.676103504,0.221767212,-0.662754305,0.510219921,1.597918607,0.654013777
-1.933753855,-1.581217506,0.131948396,0.115349213,-0.017144989,0.990857456,-0.067838854,-2.430713709,0.098451010,-0.076593377,1.992787109,0.567810708,-0.036479119,-2.371735850,-0.169448636,0.159249254,1.889520441,0.224920021,0.047366065,-0.152155886,0.016082481,0.524491813,-0.667558035,2.110726672,-0.659180425,0.212941972,-0.688233377,0.512256396,1.551132030,0.613045022
-1.931969965,-1.578879378,0.131125378,0.122762855,-0.016741064,0.990195044,-0.064519707,-2.385975589,0.080922835,-0.108342992,1.948975698,0.540774665,-0.091269084,-2.306799296,-0.167611411,0.141870145,1.824573350,0.205738427,0.047289586,-0.139491093,0.007213802,0.538470804,-0.676181637,2.086696414,-0.639439026,0.203412972,-0.711139563,0.515267867,1.502018150,0.569958015
-1.930403707,-1.576008472,0.130424532,0.131052262,-0.016890050,0.989286949,-0.062059355,-2.339168707,0.065874553,-0.137551859,1.901767243,0.513890515,-0.140470668,-2.242803112,-0.167048997,0.122501070,1.761717660,0.190041031,0.043523877,-0.128190749,-0.001328881,0.551899266,-0.684578874,2.060319253,-0.618816565,0.193761297,-0.732897182,0.518681701,1.452606422,0.526495478
-1.929267254,-1.572085375,0.129964964,0.141075746,-0.018131668,0.987932924,-0.061297754,-2.288276211,0.055723834,-0.161742978,1.847849937,0.487306342,-0.178635706,-2.180664074,-0.169004222,0.099201991,1.702992296,0.181224607,0.032472271,-0.119585068,-0.009227751,0.564240483,-0.692529056,2.029307169,-0.596454087,0.183867352,-0.752386487,0.522890165,1.402606471,0.482291303
-1.928357159,-1.567835221,0.129492605,0.152348205,-0.017610125,0.986328688,-0.060296166,-2.234779553,0.058567346,-0.173206162,1.789125449,0.464474721,-0.197160528,-2.120768406,-0.167198910,0.077686450,1.648155733,0.178983541,0.019142871,-0.112707347,-0.016074116,0.574820172,-0.699722968,1.993963803,-0.572535632,0.174001582,-0.768993097,0.528088370,1.352606471,0.438104103
-1.927559449,-1.563425098,0.129009998,0.164233373,-0.016208576,0.984511815,-0.059170668,-2.179987190,0.067858841,-0.178338701,1.728030559,0.443514334,-0.205949157,-2.061992094,-0.163515950,0.057082747,1.595261856,0.179992587,0.004704959,-0.106690177,-0.022394801,0.584520339,-0.706539182,1.956466543,-0.547843543,0.164151126,-0.784161909,0.533780369,1.302606448,0.393928842
-1.926986023,-1.559536514,0.127149290,0.179572787,-0.011976702,0.981960595,-0.057996221,-2.121645788,0.088788652,-0.166882544,1.667892367,0.429121248,-0.200531209,-2.007381823,-0.152399140,0.047475355,1.550404221,0.182437137,-0.004141190,-0.103309089,-0.026579227,0.590743341,-0.711829302,1.913467228,-0.521221567,0.154793324,-0.794172085,0.541292954,1.252606425,0.351000856
-1.926751138,-1.555782060,0.124787243,0.195894377,-0.005853120,0.979003790,-0.056059908,-2.060872268,0.110944464,-0.151918877,1.608065368,0.415730881,-0.195608640,-1.953639842,-0.139730754,0.041815360,1.507558098,0.184113031,-0.010695949,-0.101398219,-0.029907971,0.595628213,-0.716519708,1.869082074,-0.494110689,0.145750886,-0.802204043,0.549543774,1.202932188,0.308906565
-1.927184690,-1.552292443,0.121435320,0.214171335,0.004001567,0.975369156,-0.052627330,-1.995296612,0.135520978,-0.130029744,1.548852811,0.404320348,-0.191664182,-1.901612273,-0.123998828,0.043949375,1.468683644,0.184271235,-0.012726434,-0.102390248,-0.031547199,0.597870992,-0.720025998,1.821960628,-0.466034493,0.137331124,-0.806330072,0.559252216,1.153901205,0.268458378
-1.928225884,-1.548998762,0.118818945,0.235303814,0.012115830,0.970357593,-0.053772323,-1.919140934,0.151205766,-0.104407131,1.484396033,0.392823355,-0.190757687,-1.844898542,-0.115182053,0.050593881,1.431582928,0.179917876,-0.011720110,-0.112274635,-0.031445180,0.597569372,-0.722330033,1.773269491,-0.437370471,0.129769058,-0.806255427,0.570628212,1.106980878,0.230428350
-1.929568248,-1.545807327,0.116566057,0.257760495,0.019351138,0.964321915,-0.057169094,-1.837741764,0.162457321,-0.076956709,1.417325242,0.381279854,-0.191348985,-1.785854312,-0.109807029,0.059457929,1.395351789,0.173319449,-0.009209803,-0.126552818,-0.030476895,0.596002563,-0.724036082,1.723802083,-0.408415678,0.122634320,-0.804089663,0.582834663,1.061118462,0.193604940
-1.931346762,-1.544524406,0.114470121,0.281221678,0.021849755,0.957216264,-0.064606342,-1.748868991,0.158311042,-0.054624945,1.341396740,0.368415397,-0.191388603,-1.720735998,-0.114339540,0.066040711,1.357103459,0.160391234,-0.004922491,-0.142536618,-0.027141978,0.591199108,-0.724154351,1.673802060,-0.379237494,0.116881148,-0.795769654,0.597600085,1.020833105,0.161304098
-1.933161941,-1.543860981,0.112376617,0.304076382,0.023383587,0.949842647,-0.069207710,-1.662666564,0.155169165,-0.037453666,1.266940203,0.354033756,-0.189613621,-1.655345009,-0.116298618,0.069604229,1.316933471,0.146473300,-0.000542151,-0.153651750,-0.023159667,0.585545221,-0.723859206,1.624085782,-0.350219979,0.111478537,-0.785640543,0.613123297,0.983083734,0.130737007
-1.935049500,-1.544420456,0.110287912,0.325927516,0.023028120,0.942646323,-0.068255909,-1.581735470,0.154010006,-0.030469320,1.195389363,0.336657156,-0.184256569,-1.589415751,-0.113177673,0.067207640,1.272970078,0.130601636,0.004021830,-0.155156002,-0.017899387,0.578212561,-0.722747974,1.574929626,-0.321519627,0.106767941,-0.771940220,0.630142405,0.950340466,0.103592387
-1.936602244,-1.544730896,0.108673854,0.344851221,0.022253762,0.936226429,-0.063737583,-1.508754220,0.158945402,-0.029593469,1.129375440,0.318846104,-0.176047931,-1.522912301,-0.101822404,0.063458403,1.219918713,0.116351433,0.008477415,-0.151994284,-0.011741696,0.569679974,-0.721105793,1.527574940,-0.293610226,0.102459630,-0.755431798,0.648267568,0.923435045,0.080088297
-1.937987139,-1.544916723,0.107294939,0.362267202,0.021268804,0.930058666,-0.057454249,-1.439716102,0.166887299,-0.031741166,1.066103208,0.300844829,-0.166424800,-1.456137640,-0.086395672,0.059056871,1.162375699,0.102919545,0.012863550,-0.146539528,-0.005139052,0.560551996,-0.719200516,1.481122468,-0.266096474,0.098350590,-0.737529432,0.666941038,0.899436923,0.058396457
-1.938479354,-1.544516867,0.106231890,0.376703372,0.019985936,0.924646770,-0.052187000,-1.377569372,0.174557403,-0.037059887,1.006064035,0.291022681,-0.154294954,-1.393467038,-0.068155760,0.059787699,1.102370876,0.095657087,0.011844441,-0.144248560,0.002185709,0.550307286,-0.716921259,1.439171657,-0.240398250,0.094501148,-0.716812451,0.686472650,0.884467579,0.042076137
-1.938891606,-1.544183779,0.105144662,0.390746062,0.018891842,0.919072898,-0.047598541,-1.316952245,0.180133050,-0.043770712,0.947528405,0.283238327,-0.141745149,-1.332424220,-0.051482817,0.062215633,1.043602755,0.090407102,0.009118957,-0.143212633,0.009567112,0.539878190,-0.714628581,1.399231270,-0.215483741,0.090684610,-0.695618698,0.705997503,0.872404535,0.027455566
-1.939146045,-1.543982465,0.104009711,0.404120211,0.018176241,0.913448515,-0.044365406,-1.259353920,0.181575107,-0.053228975,0.891960143,0.279475735,-0.128366517,-1.274593968,-0.037902420,0.067992948,0.987275372,0.089128902,0.003025798,-0.144653637,0.017060301,0.529085195,-0.712309412,1.363258625,-0.192115960,0.086933012,-0.673483994,0.725509015,0.866077319,0.016189591
-1.939071075,-1.543947822,0.102795858,0.417362411,0.017703790,0.907601957,-0.041879371,-1.201723428,0.179881623,-0.065398871,0.837574124,0.271605454,-0.113477050,-1.216895042,-0.027913092,0.074617261,0.931034095,0.089462740,-0.003379380,-0.146484386,0.024368353,0.518241046,-0.710117435,1.331906432,-0.170534713,0.083255558,-0.651290496,0.744416233,0.864876754,0.007940695
-1.938832718,-1.543995593,0.101542735,0.430494186,0.017349960,0.901550310,-0.039758940,-1.144074971,0.176640505,-0.078903679,0.783777784,0.261687183,-0.097843008,-1.159260937,-0.019706749,0.081655189,0.874834986,0.090592038,-0.009937880,-0.148500898,0.031583290,0.507372592,-0.707989163,1.302855302,-0.149843261,0.079615453,-0.629071258,0.763020187,0.866224200,0.001191638
-1.938301137,-1.544106744,0.100174938,0.443349972,0.017166615,0.895374608,-0.038084395,-1.085728829,0.173140331,-0.091470602,0.732126148,0.244596057,-0.082463863,-1.101638144,-0.015297228,0.087283409,0.818532174,0.091785311,-0.016294348,-0.148349504,0.038205359,0.496813917,-0.706180120,1.281014820,-0.131962860,0.076232090,-0.607938816,0.779910047,0.873858129,-0.001753925
-1.937641016,-1.544224054,0.098770932,0.456027081,0.017051304,0.889050100,-0.036585154,-1.027341406,0.170288219,-0.102673757,0.681288461,0.228301497,-0.069198093,-1.044047901,-0.012176284,0.091245407,0.762293308,0.092403079,-0.022853260,-0.147670728,0.044560874,0.486467206,-0.704495527,1.261535579,-0.115022393,0.073011716,-0.587502068,0.795983987,0.883103932,-0.003673370
-1.936727267,-1.544353518,0.097295479,0.468442299,0.017073801,0.882617876,-0.035439844,-0.968872530,0.168714828,-0.111186003,0.632056810,0.213578678,-0.060102314,-0.986521886,-0.011597885,0.091919708,0.706180613,0.091885291,-0.029811620,-0.145951353,0.050390441,0.476538732,-0.703056489,1.246715407,-0.099936551,0.070112943,-0.568438024,0.810447997,0.895530194,-0.003568136
-1.935461494,-1.544355085,0.095752069,0.480731916,0.016997698,0.876034511,-0.034226301,-0.910542566,0.169452816,-0.116468342,0.582412398,0.206297402,-0.057627923,-0.928174993,-0.011858652,0.090268223,0.649399368,0.090732510,-0.036243018,-0.143927543,0.055625648,0.467209352,-0.701858105,1.236157965,-0.086604431,0.067710955,-0.551265891,0.822904151,0.910157639,-0.001944197
-1.934021041,-1.544292633,0.094174991,0.492910357,0.016871007,0.869291289,-0.032975807,-0.852285495,0.171341185,-0.120141713,0.532553746,0.202704045,-0.058432361,-0.869425570,-0.012529482,0.087469980,0.592291445,0.089271305,-0.042419591,-0.141755515,0.060564966,0.458178839,-0.700779338,1.227719407,-0.074144364,0.065557003,-0.535037108,0.834359554,0.925876583,0.000433380
-1.932234385,-1.543922339,0.092548372,0.504566310,0.016647266,0.862629192,-0.031726708,-0.795463045,0.176624386,-0.118601671,0.479204488,0.204878292,-0.063506461,-0.811442856,-0.011945949,0.084789899,0.536186851,0.089370999,-0.050260334,-0.140216466,0.064607093,0.450256212,-0.700002420,1.224660156,-0.064004929,0.064389434,-0.522156404,0.842395997,0.943506203,0.004312168
-1.930505718,-1.543445289,0.090925207,0.515742653,0.016348648,0.856049196,-0.030364657,-0.740217050,0.183053790,-0.115724807,0.427558107,0.203484475,-0.068174743,-0.755999412,-0.010460716,0.082643097,0.483375730,0.090714417,-0.057977367,-0.138822559,0.068364135,0.442765414,-0.699295422,1.223029553,-0.054525436,0.063625392,-0.510514199,0.849179342,0.961392663,0.008458457
-1.928891443,-1.542757640,0.089308856,0.526072640,0.015905652,0.849803473,-0.028786191,-0.688080931,0.191744314,-0.110210787,0.379270996,0.195051928,-0.072042469,-0.705565189,-0.007196697,0.081548298,0.437061654,0.094511332,-0.065450355,-0.137714974,0.071558790,0.436126488,-0.698726359,1.224217247,-0.046347811,0.063657387,-0.501315186,0.853490696,0.979785792,0.013132444
-1.927386006,-1.541864525,0.087695570,0.536069276,0.015178872,0.843606530,-0.026969535,-0.638638184,0.202325203,-0.101618376,0.334565343,0.187353281,-0.075684059,-0.659567074,-0.002592503,0.081544807,0.395701855,0.098913443,-0.069462533,-0.136349479,0.074255793,0.430434234,-0.698210566,1.227444758,-0.039214669,0.064596707,-0.494673879,0.855193205,0.998089578,0.017914156
-1.925933598,-1.540870152,0.086083648,0.545864007,0.014311306,0.837377396,-0.025035334,-0.590532089,0.213836603,-0.091492055,0.291625519,0.180038982,-0.079209534,-0.615760456,0.002671880,0.082084485,0.356787816,0.103602964,-0.071767435,-0.134855803,0.076705559,0.425213439,-0.697720808,1.231683997,-0.032600136,0.065987905,-0.489305554,0.855597059,1.016346921,0.022747816
-1.924274899,-1.539894818,0.084423589,0.555273345,0.013489171,0.831222563,-0.023634842,-0.545174517,0.224819340,-0.076232171,0.248616038,0.179959937,-0.081250693,-0.573249057,0.007723128,0.084246984,0.318766642,0.104742780,-0.073838501,-0.133038695,0.078561845,0.421489851,-0.697156394,1.237817084,-0.027134624,0.068818848,-0.487725521,0.852065412,1.033834881,0.027203534
-1.922583522,-1.539014373,0.082691784,0.564857254,0.012693661,0.824790155,-0.022278997,-0.500439092,0.235101044,-0.059583551,0.207065157,0.179557863,-0.083151110,-0.530716686,0.012369394,0.085184720,0.281950131,0.105859988,-0.075607960,-0.131441655,0.080279982,0.418287919,-0.696509511,1.244250596,-0.021926385,0.072141367,-0.487375483,0.847226734,1.050927678,0.031384981
-1.920827695,-1.538321072,0.080818475,0.574846981,0.011952226,0.817903727,-0.021013945,-0.456930707,0.244000130,-0.040195978,0.168391019,0.178518694,-0.084773948,-0.488142952,0.016216928,0.083706902,0.247509535,0.106932610,-0.076782569,-0.130278646,0.081725654,0.416114825,-0.695699976,1.251276624,-0.017225559,0.076433400,-0.489451319,0.839810244,1.067241109,0.035025495
-1.919076706,-1.537956224,0.078879125,0.585492491,0.011638058,0.810338720,-0.020353328,-0.416864406,0.250526524,-0.021977880,0.136249051,0.178044346,-0.087240312,-0.446879607,0.018276706,0.076728734,0.214746553,0.110385514,-0.079446490,-0.129485301,0.083040180,0.414986938,-0.694607713,1.258356645,-0.012800200,0.081662943,-0.493814637,0.829912271,1.082631452,0.037898151
-1.917328311,-1.537754105,0.076909393,0.596385173,0.011532490,0.802366634,-0.019987789,-0.378547086,0.255881217,-0.004348785,0.107371283,0.177851552,-0.090123528,-0.406297318,0.019455795,0.067032631,0.182817000,0.115009227,-0.082851358,-0.128860661,0.084290176,0.414379153,-0.693374192,1.265461683,-0.008510958,0.087358620,-0.499315428,0.818780228,1.097562234,0.040387922
-1.915646086,-1.537806461,0.075629613,0.602432492,0.011160023,0.797856874,-0.019363764,-0.356731050,0.260610016,0.009331382,0.092400992,0.178641336,-0.093322916,-0.376824571,0.020846365,0.055343879,0.152907488,0.118789270,-0.088387135,-0.123943774,0.085579201,0.415299571,-0.691546230,1.272059199,-0.004321204,0.094305512,-0.507908721,0.804253525,1.111071615,0.041503189
-1.914035848,-1.537844305,0.074785786,0.606890433,0.010693690,0.794494833,-0.018644241,-0.338275580,0.265616213,0.023812081,0.080874813,0.178747200,-0.096658456,-0.350224625,0.022757596,0.044885988,0.124334909,0.120964384,-0.093678358,-0.116555164,0.086961903,0.416714710,-0.689464264,1.278362046,-0.000074835,0.101596820,-0.517422376,0.788721446,1.124123101,0.042105881
-1.912567556,-1.537853533,0.074801580,0.608269455,0.010043289,0.793468814,-0.017738180,-0.326446545,0.271169389,0.039871289,0.076139804,0.177504493,-0.100262460,-0.329289328,0.025695477,0.036855135,0.098398525,0.119974862,-0.098487365,-0.104292760,0.088529321,0.419105352,-0.686881451,1.284083859,0.004283169,0.109567254,-0.528750816,0.771206947,1.136271698,0.041697869
-1.911236769,-1.538078507,0.076275415,0.613196942,0.012946280,0.789699998,-0.013993468,-0.303485522,0.276672521,0.061179094,0.071071418,0.173596862,-0.105934376,-0.300664302,0.028157379,0.031365923,0.071949152,0.117786264,-0.101179283,-0.087692866,0.090430433,0.422417246,-0.683709062,1.289109186,0.008905287,0.118009040,-0.541636906,0.752042473,1.147601153,0.040223187
-1.909973962,-1.538409691,0.078471237,0.619822792,0.017590111,0.784494592,-0.008861729,-0.275002600,0.282139809,0.085066645,0.065812335,0.168379335,-0.112637495,-0.268223100,0.030372939,0.027118916,0.045257021,0.114992228,-0.102820581,-0.068970681,0.092498167,0.426187210,-0.680243039,1.293787907,0.013659435,0.126684110,-0.555296737,0.732058821,1.158523521,0.038217656
-1.908775540,-1.538701300,0.081709308,0.629306464,0.019328842,0.776876349,-0.007931543,-0.235561762,0.284118298,0.106704461,0.052320226,0.164287316,-0.123073221,-0.227659809,0.028925184,0.019585133,0.021713058,0.107694401,-0.102234562,-0.055114828,0.095236300,0.431204779,-0.675827542,1.297431456,0.018991667,0.135658718,-0.570828885,0.710223955,1.168401731,0.034619437
-1.907623192,-1.539063730,0.084717766,0.637786762,0.020721334,0.769896068,-0.007662662,-0.198014420,0.284843082,0.126961042,0.037433577,0.161332708,-0.133704804,-0.191453358,0.026393304,0.011341228,0.004862389,0.097240376,-0.100424498,-0.042546251,0.098238355,0.436592402,-0.671090158,1.300766405,0.024567831,0.144588154,-0.586831058,0.687985045,1.177992933,0.030500134
-1.906561674,-1.539565773,0.087273570,0.644413244,0.021435025,0.764327440,-0.008699066,-0.164199875,0.283096339,0.144494688,0.019797758,0.160620368,-0.144722499,-0.163835896,0.021724200,0.001697403,0.001206749,0.080564285,-0.096201375,-0.032515384,0.101760698,0.442709545,-0.665718212,1.303492988,0.030624878,0.153428534,-0.603759828,0.664949611,1.187018331,0.025353577
-1.905596412,-1.540055408,0.089396342,0.650204478,0.022073824,0.759367463,-0.010389367,-0.138747371,0.279824185,0.161469851,0.008568634,0.159742633,-0.160687594,-0.141873830,0.015260022,-0.008748765,0.000000000,0.062682577,-0.087938436,-0.026498367,0.105837281,0.449440958,-0.659751761,1.305734434,0.037233455,0.161904552,-0.621279702,0.641553784,1.195603010,0.019235894
-1.904679387,-1.540538655,0.091304454,0.655561666,0.022669780,0.754699253,-0.012410517,-0.117452948,0.275800401,0.178186870,0.000521728,0.158793555,-0.179082715,-0.122719649,0.007905398,-0.019585966,0.000000000,0.044233918,-0.077687216,-0.022494044,0.110189589,0.456477343,-0.653489903,1.307735174,0.044116606,0.170198171,-0.639091967,0.617980628,1.203968945,0.012635435
-1.904009546,-1.540937911,0.092821070,0.658193144,0.021584403,0.752344003,-0.017158113,-0.107677199,0.271792711,0.200146361,0.000208078,0.160966944,-0.195043466,-0.110035486,-0.001256098,-0.029089690,0.000000000,0.034126807,-0.068184585,-0.029174842,0.115344153,0.464212750,-0.646475606,1.309231571,0.051858301,0.177616583,-0.657245553,0.594488355,1.211853000,0.004735107
-1.903453437,-1.541282903,0.094266859,0.660842329,0.021082384,0.749926469,-0.021289443,-0.098692294,0.268167596,0.221682028,0.000000000,0.164853264,-0.209866638,-0.098443735,-0.010287134,-0.037938302,0.000011840,0.027844302,-0.060227815,-0.035818589,0.120742428,0.472100572,-0.639267346,1.310626516,0.059876180,0.184663260,-0.675329249,0.571204647,1.219619399,-0.003540553
-1.903121483,-1.541520943,0.095573049,0.663555504,0.021731090,0.747419481,-0.024206865,-0.091266090,0.265296513,0.242382361,0.000000000,0.172115668,-0.222447710,-0.089005064,-0.019061038,-0.045495724,0.000047017,0.029099867,-0.055317846,-0.042389311,0.126621044,0.480288795,-0.631676798,1.311821506,0.068438402,0.190977269,-0.693275195,0.548332006,1.227153909,-0.012555967
-1.902914981,-1.541650448,0.096316340,0.664856358,0.021631041,0.746179186,-0.026734674,-0.087493725,0.264162922,0.261012569,0.000006366,0.182804431,-0.232743495,-0.083515408,-0.026165729,-0.054427935,0.000042142,0.034742913,-0.051519201,-0.047660533,0.132897406,0.488596394,-0.623838463,1.312922865,0.077459718,0.196477316,-0.710725135,0.526173353,1.234505799,-0.022167101
-1.902770908,-1.541726205,0.096781260,0.665460863,0.021161251,0.745566297,-0.029067840,-0.085527453,0.263891932,0.278618046,0.000015850,0.195187434,-0.241914401,-0.079979492,-0.032441132,-0.064040838,0.000017581,0.042547877,-0.048264894,-0.052287215,0.139371114,0.496962451,-0.615877569,1.313977950,0.086708700,0.201572331,-0.727926686,0.504371141,1.241766860,-0.032073811
-1.902815824,-1.541718555,0.096927961,0.665486462,0.020418056,0.745503991,-0.030572386,-0.085372451,0.265619023,0.294753160,0.000020123,0.209447139,-0.251386243,-0.078927086,-0.036619090,-0.074678455,0.000007011,0.050464643,-0.044051752,-0.055605020,0.146266212,0.505221377,-0.607770349,1.314988900,0.096407454,0.205449815,-0.743909699,0.483987239,1.248767783,-0.042611540
-1.902906035,-1.541709313,0.097178855,0.665717432,0.020115588,0.745264591,-0.031565059,-0.084346678,0.267605589,0.310921407,0.000019132,0.222964660,-0.262429578,-0.077563455,-0.040453340,-0.084861639,0.000000000,0.057347355,-0.038484951,-0.058746155,0.153235582,0.513351866,-0.599694337,1.315989015,0.106150299,0.208940644,-0.759346050,0.464174826,1.255664469,-0.053267345
-1.903085496,-1.541696935,0.097635063,0.666355684,0.020681649,0.744679138,-0.031549204,-0.081605048,0.270103448,0.327154942,0.000007765,0.235019709,-0.276569538,-0.075586558,-0.043610316,-0.094149364,0.000000000,0.062192463,-0.030250765,-0.061539160,0.160351303,0.521229271,-0.591679817,1.316967781,0.115980023,0.211669569,-0.773705203,0.445488530,1.262355754,-0.064155818
-1.903311345,-1.541606352,0.098003534,0.666784059,0.020806900,0.744296906,-0.031435761,-0.079173358,0.273129253,0.340822928,0.000002401,0.246660735,-0.290878712,-0.073956468,-0.045987579,-0.103836872,0.000000000,0.065834235,-0.019231133,-0.063580167,0.167467227,0.528692173,-0.583901145,1.317869632,0.125645421,0.213711481,-0.786776591,0.428070230,1.268778720,-0.075075531
-1.903560038,-1.541477009,0.098328690,0.667108545,0.020716107,0.744015506,-0.031272349,-0.076893364,0.276413964,0.353213053,0.000000000,0.258079083,-0.305266064,-0.072497916,-0.047978974,-0.113719550,0.000000000,0.068881757,-0.006836286,-0.065246222,0.174582520,0.535948247,-0.576240743,1.318732620,0.135227762,0.215412066,-0.799206654,0.411283207,1.275067822,-0.086009733
-1.903807588,-1.541276307,0.098623588,0.667246708,0.020944952,0.743915607,-0.030540308,-0.074325463,0.279360006,0.361371806,0.000000000,0.263908493,-0.318113312,-0.071253497,-0.049428323,-0.123082029,0.000000030,0.071468514,0.006523997,-0.065555368,0.181479505,0.542410146,-0.569206955,1.319303759,0.144178786,0.216236612,-0.809539843,0.396500244,1.280849582,-0.096676323
-1.904056993,-1.541027248,0.099126725,0.667701200,0.021379811,0.743530629,-0.029668418,-0.070496583,0.281969996,0.367618636,0.000000000,0.268038538,-0.329152522,-0.068987325,-0.050867808,-0.131769310,0.000000046,0.074370530,0.020067550,-0.065777639,0.188237206,0.548568727,-0.562480098,1.319689343,0.152797257,0.216816254,-0.819144067,0.382410048,1.286425122,-0.107149044
-1.904310052,-1.540682922,0.100040102,0.668777736,0.022220494,0.742582753,-0.028520962,-0.064183501,0.283917943,0.370098864,0.000000000,0.268820731,-0.336629791,-0.064708238,-0.052287862,-0.139126415,0.000000038,0.077893624,0.033972157,-0.065828763,0.194720510,0.554129753,-0.556357913,1.319709372,0.160760583,0.216913423,-0.827312191,0.369684645,1.291594395,-0.117239829
-1.904510778,-1.540344680,0.101347666,0.670728696,0.023320120,0.740836905,-0.027200530,-0.054890341,0.285252680,0.369973957,0.000000012,0.269668715,-0.342071773,-0.057686061,-0.054044037,-0.146500778,0.000000022,0.081605974,0.049726757,-0.063532530,0.200828758,0.559069877,-0.551024825,1.319160519,0.167872454,0.216622860,-0.834066912,0.358325916,1.296296586,-0.126760808
-1.904685377,-1.540009820,0.102849667,0.673104819,0.024546624,0.738689388,-0.025794438,-0.044125272,0.286284308,0.368560222,0.000000029,0.270552848,-0.346510210,-0.049308290,-0.055966875,-0.153884687,0.000000004,0.085407957,0.066387260,-0.060071099,0.206750136,0.563701244,-0.546085048,1.318327734,0.174560087,0.216139883,-0.840119003,0.347646860,1.300766189,-0.135997565
-1.904755260,-1.539788802,0.104447113,0.675868478,0.025655829,0.736173713,-0.024327849,-0.032068270,0.286981153,0.365397830,0.000000018,0.272538919,-0.350569773,-0.039524601,-0.058225653,-0.161575748,0.000000002,0.088163118,0.081547606,-0.053888344,0.212031467,0.567451582,-0.542533517,1.316381002,0.179794792,0.215222317,-0.844228474,0.338925641,1.304478907,-0.144169372
-1.904791035,-1.539609959,0.105875426,0.678388013,0.026776359,0.733859640,-0.022863918,-0.020934655,0.287584352,0.362388776,0.000000008,0.274686546,-0.354829227,-0.030633660,-0.060575914,-0.169532957,0.000000000,0.090522457,0.095087533,-0.047345207,0.217089310,0.570935275,-0.539492718,1.314004745,0.184511678,0.214202645,-0.847763626,0.330823675,1.307922799,-0.151931159
-1.904759630,-1.539514186,0.106970614,0.680440825,0.027919725,0.731958037,-0.021405738,-0.011619761,0.288003102,0.359681738,0.000000002,0.277152379,-0.359482387,-0.023501093,-0.063106362,-0.178014374,0.000000000,0.092102178,0.105435853,-0.040092256,0.221706967,0.573893782,-0.537457867,1.310782484,0.188208658,0.212981861,-0.850167589,0.323941398,1.310837208,-0.158885365
-1.904713611,-1.539431018,0.107550673,0.681636733,0.028937943,0.730839298,-0.020196030,-0.005856361,0.288392041,0.358060479,0.000000000,0.279493452,-0.364663058,-0.019739102,-0.065722655,-0.187263025,0.000000000,0.093550339,0.114422918,-0.034152171,0.225895010,0.576402951,-0.536436145,1.306715810,0.190893628,0.211638150,-0.851629909,0.318179767,1.313208389,-0.164972380
-1.904660430,-1.539353896,0.107874746,0.682406079,0.029893547,0.730111747,-0.019109037,-0.001859044,0.288768322,0.356977892,0.000000000,0.281771860,-0.370092039,-0.017652425,-0.068379665,-0.196891608,0.000000000,0.094932952,0.122743746,-0.028866630,0.229869485,0.578689045,-0.535917879,1.302229806,0.193075572,0.210233658,-0.852624921,0.312974957,1.315309393,-0.170627992
-1.904616731,-1.539230660,0.107512090,0.681623740,0.030552026,0.730839976,-0.018126762,-0.002948748,0.289729206,0.357085343,0.000000000,0.283690875,-0.372222396,-0.020162046,-0.070589412,-0.207156874,0.000000000,0.096090734,0.132207090,-0.025949496,0.233249102,0.580439151,-0.536749086,1.296702323,0.193873009,0.208753448,-0.852546564,0.309244164,1.316620113,-0.174992883
-1.904596205,-1.539095307,0.107187828,0.680967479,0.031031304,0.731453519,-0.017207556,-0.004034706,0.290922597,0.357515967,0.000000000,0.285156945,-0.373345223,-0.022450791,-0.072480042,-0.217107595,0.000000000,0.097219730,0.141699866,-0.023740086,0.236443036,0.582052066,-0.537929387,1.290958950,0.194265567,0.207281341,-0.852216591,0.305943515,1.317680540,-0.178948394
-1.904621309,-1.538936089,0.106939172,0.680561883,0.031157809,0.731843795,-0.016412613,-0.005113289,0.292573835,0.358582978,0.000000000,0.285731087,-0.372484047,-0.024304592,-0.073742275,-0.226438923,0.000000000,0.098292039,0.151250602,-0.022924310,0.239271329,0.583394829,-0.539797118,1.284790450,0.193860844,0.205825192,-0.851391143,0.303489895,1.318248097,-0.182097758
-1.904708774,-1.538778596,0.106964679,0.680513255,0.031036781,0.731907441,-0.015809056,-0.004838057,0.294292790,0.360320594,0.000000000,0.285055330,-0.372681288,-0.024484976,-0.074496927,-0.234624662,0.000000000,0.099499593,0.159250955,-0.023426609,0.241753432,0.584543871,-0.542049318,1.278564146,0.192799495,0.204449838,-0.850272584,0.301760121,1.318371655,-0.184538903
-1.904827019,-1.538622059,0.107125923,0.680642122,0.030792911,0.731808705,-0.015300878,-0.003892772,0.296044429,0.362389024,0.000000000,0.283761079,-0.373402272,-0.023836662,-0.075000123,-0.242239702,0.000000000,0.100774770,0.166476299,-0.024581519,0.244063413,0.585596889,-0.544490759,1.272311377,0.191412322,0.203115001,-0.849009177,0.300389757,1.318274733,-0.186628536
-1.904970001,-1.538495812,0.107512062,0.681275443,0.030263176,0.731244873,-0.015127698,-0.001897270,0.297611428,0.364665580,0.000000000,0.281533143,-0.374913407,-0.021759098,-0.075043061,-0.247909501,0.000000000,0.102350271,0.170312442,-0.026829174,0.245882192,0.586458423,-0.546931880,1.266625396,0.189277567,0.201993210,-0.847581906,0.299909208,1.317625845,-0.187886988
-1.905107152,-1.538386166,0.107820436,0.681668490,0.029779186,0.730901046,-0.014997692,-0.000450059,0.298981464,0.367022289,0.000000000,0.279386177,-0.376599351,-0.020240239,-0.075054751,-0.252884508,0.000000000,0.104143271,0.173467651,-0.029270628,0.247543128,0.587277300,-0.549158210,1.261367886,0.186962550,0.200973059,-0.846174668,0.299668560,1.316834808,-0.188951881
-1.905232823,-1.538309203,0.107975711,0.681589572,0.029385304,0.730991502,-0.014952711,-0.000082288,0.299963735,0.369536795,0.000000000,0.277398623,-0.378629446,-0.019821322,-0.075004919,-0.256491650,0.000000000,0.106364471,0.175282283,-0.032093620,0.248893312,0.588012197,-0.550961674,1.256953924,0.184292643,0.200153010,-0.844806871,0.299900215,1.315763917,-0.189635707
-1.905335340,-1.538248301,0.108021805,0.681426448,0.029081830,0.731157046,-0.014886820,-0.000279034,0.300857455,0.371361820,0.000000000,0.276087919,-0.380103742,-0.019977583,-0.074891470,-0.259091444,0.000000000,0.108297800,0.177057953,-0.034311602,0.249961144,0.588675836,-0.551908418,1.253863922,0.181389124,0.199588084,-0.843589809,0.300483916,1.314510532,-0.190108171
-1.905426367,-1.538195405,0.108014161,0.681222657,0.028822923,0.731358716,-0.014810754,-0.000752649,0.301706543,0.372844438,0.000000000,0.275112328,-0.381303472,-0.020415797,-0.074746179,-0.261188941,0.000000000,0.110085876,0.178814642,-0.036227575,0.250888899,0.589303878,-0.552427002,1.251434792,0.178369954,0.199150284,-0.842448064,0.301241957,1.313166961,-0.190476258
-1.905490460,-1.538171513,0.108004281,0.681249881,0.028586291,0.731343526,-0.014767237,-0.000963528,0.302258815,0.373452894,0.000000000,0.274707919,-0.382206902,-0.020545504,-0.074450328,-0.261437531,0.000000000,0.110864266,0.180625151,-0.036939999,0.251498678,0.589782532,-0.551100333,1.251632848,0.175156931,0.199156043,-0.841626227,0.302308236,1.311716554,-0.190742434
-1.905541201,-1.538159670,0.107973692,0.681234924,0.028404575,0.731365008,-0.014743928,-0.001229979,0.302665982,0.373695828,0.000000000,0.274579278,-0.382958403,-0.020724977,-0.074168746,-0.261008846,0.000000000,0.111412953,0.182194588,-0.037281240,0.252068042,0.590165896,-0.549007483,1.252913739,0.171921259,0.199326008,-0.840916657,0.303384996,1.310291399,-0.191011547
-1.905565663,-1.538171544,0.107902341,0.681136996,0.028330954,0.731458734,-0.014760395,-0.001605810,0.302787541,0.373219302,0.000000000,0.274993433,-0.383410860,-0.021002409,-0.073915248,-0.259247082,0.000000000,0.111509518,0.183289521,-0.036891880,0.252557854,0.590361699,-0.545406564,1.256325973,0.168641010,0.199819182,-0.840428061,0.304482388,1.308915945,-0.191286440
-1.905574832,-1.538193344,0.107846593,0.681123599,0.028356229,0.731468651,-0.014838440,-0.001853349,0.302621328,0.372244799,0.000000000,0.275703210,-0.383664750,-0.021144238,-0.073768072,-0.256588923,0.000000000,0.111413820,0.184109549,-0.036238201,0.253202308,0.590195651,-0.540166935,1.262192733,0.165391539,0.200645814,-0.840100088,0.305343400,1.307729522,-0.191527326
-1.905576416,-1.538220050,0.107798559,0.681151757,0.028430254,0.731437348,-0.014946908,-0.002037359,0.302312906,0.371024697,0.000000000,0.276558521,-0.383819202,-0.021218827,-0.073673754,-0.253489805,0.000000000,0.111223488,0.184794598,-0.035453473,0.253925735,0.589848092,-0.534113019,1.269281213,0.162157781,0.201638171,-0.839851171,0.306084890,1.306637989,-0.191750165
-1.905561464,-1.538253452,0.107760296,0.681172139,0.028530418,0.731411523,-0.015090251,-0.002107206,0.301830712,0.369639286,0.000000000,0.277438563,-0.383490074,-0.021147939,-0.073731552,-0.250407997,0.000000000,0.111022039,0.185555619,-0.034389953,0.255450246,0.588535012,-0.525827128,1.280280595,0.159082472,0.203091960,-0.839610807,0.305932342,1.306069999,-0.191608248
-1.905542008,-1.538295627,0.107724774,0.681232485,0.028623930,0.731348205,-0.015256972,-0.002046977,0.301301504,0.368453504,0.000000000,0.278181420,-0.383088277,-0.020977316,-0.073876805,-0.247701783,0.000000000,0.110773896,0.186237914,-0.033000728,0.257545296,0.586670590,-0.517035769,1.292604144,0.156103694,0.204669646,-0.839233855,0.305215739,1.305778513,-0.191113211
-1.905513687,-1.538355063,0.107694643,0.681371469,0.028704351,0.731211098,-0.015469700,-0.001730774,0.300679780,0.367660564,0.000000000,0.278654316,-0.382543480,-0.020610426,-0.074194158,-0.245734685,0.000000000,0.110433869,0.186765287,-0.030970560,0.260763085,0.583721204,-0.507249721,1.307533469,0.153314876,0.206491144,-0.838588116,0.303389154,1.306031145,-0.189923282
-1.905488669,-1.538426726,0.107684844,0.681551044,0.029039869,0.731030422,-0.015471985,-0.001117311,0.300008566,0.367662480,0.000000000,0.278743831,-0.382278876,-0.020195569,-0.074677893,-0.244602494,0.000000000,0.110116049,0.187021903,-0.028717979,0.263236190,0.580706734,-0.497519156,1.321999278,0.154021018,0.208294836,-0.838036537,0.301466562,1.306195608,-0.188452655
-1.905465318,-1.538504420,0.107684821,0.681749919,0.029499446,0.730828665,-0.015371817,-0.000360472,0.299313557,0.368054377,0.000000000,0.278644584,-0.382153139,-0.019758221,-0.075243817,-0.243888186,0.000000000,0.109810479,0.187145016,-0.026359757,0.265329721,0.577661606,-0.487816170,1.336217159,0.156483281,0.210089777,-0.837532203,0.299498227,1.306314065,-0.186843038
-1.905453876,-1.538586819,0.107623604,0.681807999,0.029572840,0.730767475,-0.015562668,-0.000380907,0.298768760,0.368173450,0.000000000,0.278495398,-0.382312893,-0.019622790,-0.075904715,-0.245144187,0.000000000,0.109867911,0.187179689,-0.025030334,0.263792604,0.574987274,-0.478192148,1.344984207,0.169065595,0.211886580,-0.837281718,0.297934948,1.305711527,-0.184981878
-1.905444361,-1.538664397,0.107549928,0.681807103,0.029510392,0.730763422,-0.015907001,-0.000622540,0.298254176,0.368163008,0.000000000,0.278341452,-0.382512021,-0.019555576,-0.076586547,-0.246701053,0.000000000,0.110062351,0.187340394,-0.024072350,0.261617330,0.572363331,-0.468959192,1.352491370,0.182083849,0.213582596,-0.837149716,0.296477269,1.305052345,-0.182958461
-1.905438637,-1.538732492,0.107451740,0.681689978,0.029180677,0.730871569,-0.016553292,-0.001299363,0.297799036,0.367897752,0.000000000,0.278178140,-0.382788613,-0.019622570,-0.077309561,-0.248849846,0.000000000,0.110526347,0.187749060,-0.023845143,0.258186536,0.569838525,-0.460495629,1.357519810,0.195959778,0.215080321,-0.837250819,0.295227347,1.304281721,-0.180615815
-1.905441786,-1.538793874,0.107406564,0.681769629,0.029229725,0.730791545,-0.016718655,-0.001297632,0.297407978,0.368335282,0.000000000,0.277766185,-0.383018864,-0.019457801,-0.077961821,-0.250137663,0.000000000,0.111030690,0.188467464,-0.022873036,0.255269436,0.567603199,-0.452038456,1.361567827,0.205203690,0.216831458,-0.837451388,0.293479339,1.303836944,-0.177438822
-1.905449366,-1.538851874,0.107387439,0.681945589,0.029464399,0.730619530,-0.016648252,-0.000962721,0.297048705,0.369117450,0.000000000,0.277232745,-0.383226445,-0.019179540,-0.078578899,-0.251000891,0.000000000,0.111554968,0.189340071,-0.021535760,0.252607713,0.565514114,-0.443591282,1.365132715,0.212159111,0.218705410,-0.837701542,0.291481646,1.303553621,-0.173843847
-1.905475400,-1.538888066,0.107363348,0.681982806,0.029525647,0.730579354,-0.016777810,-0.000766609,0.296762743,0.369636963,0.000000000,0.276912451,-0.383465968,-0.019031711,-0.079091872,-0.251544366,0.000000000,0.112104478,0.190720341,-0.020509475,0.250689664,0.564472083,-0.436994359,1.368432292,0.216258238,0.220091732,-0.838132523,0.288205706,1.303597254,-0.168179180
-1.905503123,-1.538912566,0.107342222,0.682011333,0.029573923,0.730548521,-0.016875523,-0.000603151,0.296556709,0.369899732,0.000000000,0.276766561,-0.383668897,-0.018899547,-0.079502548,-0.252020201,0.000000000,0.112629062,0.192036029,-0.019595445,0.249089234,0.563778211,-0.431350789,1.371424766,0.219696751,0.221081228,-0.838467400,0.284750847,1.303956547,-0.162684633
-1.905534168,-1.538914066,0.107326929,0.682022791,0.029596685,0.730536091,-0.016910598,-0.000503926,0.296507892,0.369657491,0.000000000,0.276963724,-0.383799844,-0.018798192,-0.079712008,-0.252362991,0.000000000,0.113104617,0.193224689,-0.018902217,0.248113552,0.563769163,-0.427582444,1.373813174,0.221835852,0.221290174,-0.838613242,0.280944057,1.304936741,-0.157524708
-1.905553989,-1.538910723,0.107320590,0.682118112,0.029628853,0.730447103,-0.016853531,-0.000261390,0.296562433,0.369017917,0.000000000,0.277450652,-0.383708179,-0.018592995,-0.079764769,-0.252547136,0.000000000,0.113462868,0.193975798,-0.017853793,0.247486587,0.564027609,-0.423262199,1.375202048,0.222901978,0.221362533,-0.838544553,0.275951493,1.306609105,-0.151760905
-1.905568248,-1.538904979,0.107318661,0.682254251,0.029666045,0.730320793,-0.016751150,0.000051289,0.296667441,0.368183916,0.000000000,0.278079675,-0.383507447,-0.018337322,-0.079740489,-0.252652624,0.000000000,0.113762404,0.194511651,-0.016632261,0.247031461,0.564417530,-0.418670469,1.376098426,0.223431543,0.221366096,-0.838370620,0.270378749,1.308621878,-0.145704055
-1.905570252,-1.538894041,0.107318348,0.682287232,0.029809743,0.730286540,-0.016645814,0.000279421,0.296679207,0.367596167,0.000000000,0.278609344,-0.383408312,-0.018235795,-0.079717172,-0.252583136,0.000000000,0.113785073,0.195013051,-0.015817097,0.246680124,0.564796762,-0.414042539,1.376711908,0.221560550,0.220933067,-0.838259040,0.265556358,1.310659876,-0.140674300
-1.905570904,-1.538883052,0.107317704,0.682312649,0.029907504,0.730260442,-0.016573412,0.000453687,0.296691498,0.367140630,0.000000000,0.279025771,-0.383362697,-0.018161931,-0.079690310,-0.252496951,0.000000000,0.113766184,0.195376158,-0.015189543,0.246404676,0.565152703,-0.410109549,1.377280928,0.219649966,0.220529080,-0.838176332,0.261539087,1.312450787,-0.136434568
-1.905568900,-1.538871964,0.107316407,0.682323230,0.029914930,0.730250424,-0.016565777,0.000522026,0.296704820,0.366945095,0.000000000,0.279219500,-0.383422332,-0.018142468,-0.079656478,-0.252377931,0.000000000,0.113665569,0.195467310,-0.014930933,0.246278469,0.565462842,-0.407543185,1.377762511,0.217661526,0.220182203,-0.838150404,0.259105119,1.313755788,-0.133748453
-1.905561767,-1.538862316,0.107315129,0.682325692,0.029943121,0.730247584,-0.016538610,0.000549506,0.296720959,0.366793402,0.000000000,0.279373703,-0.383480216,-0.018153754,-0.079621330,-0.252258240,0.000000000,0.113515046,0.195297098,-0.014809444,0.246401431,0.565711215,-0.404836604,1.377860417,0.215251556,0.219961574,-0.838090212,0.256770655,1.314753780,-0.130857656
-1.905552159,-1.538853412,0.107313838,0.682324118,0.029981352,0.730248314,-0.016502034,0.000556688,0.296738393,0.366663869,0.000000000,0.279507929,-0.383537445,-0.018180200,-0.079585743,-0.252139251,0.000000000,0.113340707,0.194999302,-0.014755655,0.246646641,0.565929532,-0.402068288,1.377769729,0.212639787,0.219804253,-0.838013851,0.254491928,1.315598722,-0.127872499
-1.905554517,-1.538853838,0.107306864,0.682311068,0.029975374,0.730260442,-0.016515716,0.000507658,0.296732278,0.366694125,0.000000000,0.279498559,-0.383648364,-0.018218774,-0.079604509,-0.252291423,0.000000000,0.113354869,0.194935072,-0.014779983,0.246831018,0.566227868,-0.401188425,1.377679746,0.211447506,0.219975763,-0.838114202,0.254005460,1.315881325,-0.126529325
-1.905559480,-1.538856001,0.107302291,0.682303967,0.029967983,0.730266944,-0.016535062,0.000468875,0.296720013,0.366745812,0.000000000,0.279461041,-0.383762810,-0.018237682,-0.079642657,-0.252468392,0.000000000,0.113395913,0.194957129,-0.014820000,0.247027196,0.566471066,-0.400575975,1.377543536,0.210555078,0.220160434,-0.838220438,0.253637840,1.316020807,-0.125394505
-1.905569567,-1.538861581,0.107302438,0.682308558,0.029957815,0.730262380,-0.016565542,0.000450236,0.296695658,0.366839636,0.000000000,0.279368183,-0.383884190,-0.018217927,-0.079718908,-0.252694111,0.000000000,0.113489810,0.195148838,-0.014890865,0.247246577,0.566605856,-0.400489285,1.377316440,0.210252191,0.220370981,-0.838338242,0.253503890,1.315878900,-0.124669331
-1.905584738,-1.538872387,0.107314150,0.682307979,0.029920760,0.730263053,-0.016626556,0.000531375,0.296668426,0.367077071,0.000000000,0.279181398,-0.384038062,-0.018134581,-0.079828322,-0.252874054,0.000000000,0.113650172,0.195656420,-0.014925409,0.247627473,0.566705615,-0.400464317,1.376922643,0.209846794,0.220734382,-0.838514026,0.253144357,1.315562567,-0.123518795
-1.905602401,-1.538885735,0.107331669,0.682305420,0.029871458,0.730265754,-0.016701462,0.000662833,0.296639834,0.367386268,0.000000000,0.278948008,-0.384208323,-0.018019426,-0.079953764,-0.253029716,0.000000000,0.113842781,0.196320146,-0.014941135,0.248087675,0.566788050,-0.400468912,1.376447499,0.209390686,0.221172772,-0.838718035,0.252673630,1.315161498,-0.122160205
-1.905618277,-1.538892245,0.107381545,0.682448991,0.030072476,0.730128192,-0.016487699,0.001127687,0.296625493,0.368003164,0.000000000,0.278598673,-0.384487686,-0.017759426,-0.080009242,-0.252722726,0.000000000,0.113926932,0.197219678,-0.014705956,0.248529689,0.566842910,-0.400274075,1.376121912,0.208848114,0.221577978,-0.838852183,0.252116279,1.315015228,-0.121057413
-1.905631549,-1.538898007,0.107399962,0.682505959,0.030123739,0.730074227,-0.016425567,0.001288949,0.296630055,0.368252211,0.000000000,0.278430147,-0.384660273,-0.017639281,-0.080045535,-0.252592147,0.000000000,0.114030610,0.197919392,-0.014646352,0.248782641,0.566911627,-0.400058640,1.375868196,0.208389655,0.221794567,-0.838927748,0.251471120,1.314979129,-0.120080009
-1.905639704,-1.538902297,0.107356541,0.682392772,0.029880639,0.730184667,-0.016661490,0.000853454,0.296671773,0.367778188,0.000000000,0.278617027,-0.384622972,-0.017794046,-0.080044118,-0.252808335,0.000000000,0.114172675,0.198226329,-0.014931874,0.248663961,0.567007580,-0.399802719,1.375755755,0.208096532,0.221640401,-0.838888158,0.250653360,1.315159587,-0.119349078
-1.905642772,-1.538904430,0.107324064,0.682342222,0.029765271,0.730234122,-0.016770465,0.000526288,0.296704162,0.367402702,0.000000000,0.278772612,-0.384581534,-0.017912847,-0.080035180,-0.252994979,0.000000000,0.114255861,0.198320300,-0.015145578,0.248531234,0.567073388,-0.399635862,1.375740774,0.207946753,0.221470360,-0.838857369,0.250197757,1.315359618,-0.119005069
-1.905643311,-1.538905509,0.107297071,0.682322587,0.029712861,0.730253535,-0.016816889,0.000253434,0.296731838,0.367076518,0.000000000,0.278912469,-0.384538193,-0.018013467,-0.080022565,-0.253166476,0.000000000,0.114309626,0.198308990,-0.015323129,0.248391704,0.567124281,-0.399511229,1.375774036,0.207866926,0.221292786,-0.838830895,0.249919628,1.315569331,-0.118851020
-1.905635805,-1.538907873,0.107297393,0.682331357,0.029711396,0.730245391,-0.016817287,0.000258659,0.296726330,0.366977418,0.000000000,0.278962001,-0.384527947,-0.017983584,-0.080014549,-0.253176579,0.000000000,0.114237469,0.198132973,-0.015278486,0.248277200,0.567148063,-0.398993361,1.375898921,0.207665124,0.221183700,-0.838801998,0.249522693,1.315795707,-0.118659487
-1.905627959,-1.538909270,0.107301828,0.682350738,0.029718076,0.730227111,-0.016812892,0.000307989,0.296716252,0.366885181,0.000000000,0.279011575,-0.384505466,-0.017925629,-0.080011566,-0.253185747,0.000000000,0.114143902,0.197953708,-0.015183453,0.248149350,0.567188164,-0.398306888,1.376090719,0.207397973,0.221081548,-0.838767976,0.249019658,1.316061333,-0.118395355
-1.905619445,-1.538908766,0.107314345,0.682390967,0.029740760,0.730188912,-0.016799076,0.000443995,0.296697190,0.366806431,0.000000000,0.279061232,-0.384458938,-0.017812508,-0.080018473,-0.253193079,0.000000000,0.114008257,0.197768061,-0.014989393,0.247995273,0.567260334,-0.397289068,1.376414014,0.207002397,0.220993026,-0.838723880,0.248308115,1.316404093,-0.117988553
-1.905616447,-1.538907880,0.107324029,0.682414340,0.029762657,0.730166400,-0.016789307,0.000554530,0.296678404,0.366755980,0.000000000,0.279097663,-0.384423933,-0.017725809,-0.080034982,-0.253228602,0.000000000,0.113915654,0.197681559,-0.014827312,0.247862949,0.567328715,-0.396476444,1.376785806,0.206690915,0.220954189,-0.838697267,0.247758861,1.316682668,-0.117693703
-1.905616147,-1.538906826,0.107332311,0.682429445,0.029784151,0.730151585,-0.016781545,0.000652441,0.296659712,0.366719750,0.000000000,0.279127389,-0.384394961,-0.017652172,-0.080056188,-0.253278243,0.000000000,0.113844150,0.197643594,-0.014681168,0.247739799,0.567395854,-0.395763222,1.377178167,0.206420021,0.220939498,-0.838679257,0.247289434,1.316929534,-0.117453489
-1.905612931,-1.538910906,0.107337966,0.682447506,0.029801657,0.730134061,-0.016778428,0.000721913,0.296630637,0.366764508,0.000000000,0.279104644,-0.384459889,-0.017599587,-0.080072464,-0.253395814,0.000000000,0.113761197,0.197564342,-0.014592937,0.247235101,0.567619589,-0.394698070,1.376748725,0.205966929,0.220859085,-0.838664916,0.246847124,1.317130956,-0.117123435
-1.905606916,-1.538916336,0.107343003,0.682459065,0.029815403,0.730122642,-0.016780758,0.000777802,0.296600470,0.366864434,0.000000000,0.279047670,-0.384592043,-0.017557035,-0.080090348,-0.253578276,0.000000000,0.113653789,0.197524216,-0.014551855,0.246311970,0.568075517,-0.393310641,1.375321508,0.205341971,0.220694996,-0.838654652,0.246339112,1.317340289,-0.116666948
-1.905595402,-1.538924418,0.107346825,0.682457852,0.029821762,0.730123217,-0.016793789,0.000807000,0.296568158,0.367072754,0.000000000,0.278923447,-0.384856278,-0.017534195,-0.080111391,-0.253888235,0.000000000,0.113498331,0.197560963,-0.014603411,0.244566711,0.568987655,-0.391290005,1.371933881,0.204379335,0.220366502,-0.838652399,0.245702010,1.317565165,-0.115962047
