-0.031004753,-0.028227204,0.777659595,-0.011480138,-0.012023654,-0.701082199,0.712886659,0.078395598,0.044698324,0.207295224,0.045570165,-0.058204394,-0.187471673,0.090429440,-0.044763420,-0.356689066,0.046308398,-0.103243187,0.184849903,-0.027062353,0.152129829,0.195892081,0.166373745,0.922129989,0.149024844,0.082827553,-0.198625833,-0.013460853,0.998709261,-0.120729558
-0.031004779,-0.028227322,0.777659893,-0.011480138,-0.012023654,-0.701082199,0.712886659,0.078414708,0.044695765,0.207294524,0.045520775,-0.058184575,-0.187471718,0.091437452,-0.044367578,-0.356742322,0.043931808,-0.102315530,0.184839398,-0.027065575,0.153306365,0.196598858,0.168232292,0.920986295,0.149875566,0.084696040,-0.199543953,-0.014653175,0.996727526,-0.120940983
-0.031004798,-0.028227411,0.777660072,-0.011479948,-0.012021373,-0.701080657,0.712888217,0.078426853,0.044694073,0.207294330,0.045488223,-0.058172744,-0.187471747,0.092108667,-0.044103868,-0.356778204,0.042348050,-0.101748720,0.184832990,-0.027067700,0.154450029,0.197299138,0.170033544,0.919881225,0.150687367,0.086480103,-0.200455874,-0.015816076,0.994839430,-0.121142596
-0.031004798,-0.028227445,0.777660072,-0.011479948,-0.012021373,-0.701080657,0.712888217,0.078425065,0.044694126,0.207295090,0.045489345,-0.058176894,-0.187471792,0.092106283,-0.044104431,-0.356779516,0.042349949,-0.101903602,0.184834749,-0.027067624,0.155527949,0.197986320,0.171720162,0.918853521,0.151421338,0.088095322,-0.201355368,-0.016920134,0.993138611,-0.121324599
-0.031004790,-0.028227452,0.777659893,-0.011479151,-0.012020618,-0.701080940,0.712887964,0.078416154,0.044695504,0.207295448,0.045511000,-0.058185529,-0.187471807,0.091668591,-0.044275779,-0.356755972,0.043380935,-0.102304518,0.184839085,-0.027066974,0.156421840,0.198664069,0.173303872,0.918016315,0.152121007,0.089641169,-0.202246368,-0.017975483,0.991512656,-0.121477515
-0.031004781,-0.028227445,0.777659655,-0.011479151,-0.012020618,-0.701080940,0.712887964,0.078403689,0.044697545,0.207295597,0.045542922,-0.058196407,-0.187471852,0.091013245,-0.044532526,-0.356720030,0.044926465,-0.102828465,0.184844717,-0.027066033,0.157223731,0.199337095,0.174836114,0.917274356,0.152803525,0.091152325,-0.203133076,-0.019006476,0.989924133,-0.121615902
-0.031004772,-0.028227445,0.777659535,-0.011479370,-0.012021828,-0.701081769,0.712887125,0.078395970,0.044698305,0.207296506,0.045559183,-0.058205411,-0.187471837,0.090741068,-0.044639092,-0.356706023,0.045563862,-0.103187770,0.184849232,-0.027065072,0.158052772,0.199980080,0.176196069,0.916503191,0.153354347,0.092403032,-0.203985423,-0.019933080,0.988604784,-0.121726066
-0.031004773,-0.028227476,0.777659476,-0.011478575,-0.012021761,-0.701082588,0.712886334,0.078394368,0.044698704,0.207296416,0.045561288,-0.058207098,-0.187471867,0.090818875,-0.044608347,-0.356710166,0.045378849,-0.103124209,0.184848607,-0.027065504,0.158845201,0.200629145,0.177533180,0.915771544,0.153893843,0.093636334,-0.204847381,-0.020849373,0.987304568,-0.121824011
-0.031004796,-0.028227573,0.777659774,-0.011478575,-0.012021761,-0.701082588,0.712886334,0.078405008,0.044698384,0.207294330,0.045535080,-0.058194153,-0.187472001,0.091596663,-0.044302974,-0.356750578,0.043548997,-0.102214925,0.184837669,-0.027068723,0.159564465,0.201290295,0.178824678,0.915119052,0.154410630,0.094834834,-0.205728665,-0.021745037,0.986042500,-0.121897526
-0.031004801,-0.028227612,0.777659774,-0.011479350,-0.012020511,-0.701080879,0.712888023,0.078374445,0.044705458,0.207292378,0.045602087,-0.058213674,-0.187472150,0.091817319,-0.044216223,-0.356762648,0.043028340,-0.102033690,0.184835732,-0.027069567,0.160203636,0.201926947,0.180003434,0.914558470,0.154852808,0.095925912,-0.206580028,-0.022570036,0.984908462,-0.121941939
-0.031004796,-0.028227624,0.777659714,-0.011479350,-0.012020511,-0.701080879,0.712888023,0.078323297,0.044716232,0.207290530,0.045715701,-0.058249429,-0.187472299,0.091759428,-0.044238783,-0.356760591,0.043162275,-0.102216475,0.184838295,-0.027069224,0.160802752,0.202551335,0.181125849,0.914043844,0.155257657,0.096963271,-0.207416460,-0.023359701,0.983838558,-0.121971793
-0.031004790,-0.028227635,0.777659655,-0.011478778,-0.012020166,-0.701081187,0.712887735,0.078372277,0.044705018,0.207293302,0.045605958,-0.058215834,-0.187472075,0.091551512,-0.044320334,-0.356748879,0.043651804,-0.102368563,0.184840024,-0.027068956,0.161350727,0.203171730,0.182150513,0.913572788,0.155611798,0.097912326,-0.208251223,-0.024089113,0.982846856,-0.121965915
-0.031004790,-0.028227663,0.777659655,-0.011478605,-0.012020481,-0.701081516,0.712887408,0.078406297,0.044697527,0.207294971,0.045530051,-0.058191992,-0.187471926,0.091458850,-0.044356663,-0.356743753,0.043871835,-0.102416731,0.184840485,-0.027069334,0.161859214,0.203777745,0.183124706,0.913146019,0.155939266,0.098819286,-0.209067658,-0.024785191,0.981907129,-0.121948868
-0.031004800,-0.028227717,0.777659655,-0.011478605,-0.012020481,-0.701081516,0.712887408,0.078410372,0.044697486,0.207294434,0.045521833,-0.058187675,-0.187471941,0.091596715,-0.044302542,-0.356751680,0.043552876,-0.102257065,0.184838399,-0.027071005,0.162288815,0.204355031,0.183997974,0.912807584,0.156213388,0.099642053,-0.209847480,-0.025414605,0.981071532,-0.121909492
-0.031004792,-0.028227720,0.777659655,-0.011479271,-0.012020511,-0.701080609,0.712888289,0.078409508,0.044697206,0.207294703,0.045522891,-0.058188282,-0.187471911,0.091542073,-0.044324003,-0.356748760,0.043679006,-0.102320358,0.184839264,-0.027070623,0.162664354,0.204944283,0.184834525,0.912515998,0.156470314,0.100431815,-0.210645199,-0.026022727,0.980253816,-0.121845707
-0.031004773,-0.028227700,0.777659595,-0.011479271,-0.012020511,-0.701080609,0.712888289,0.078406170,0.044696815,0.207295343,0.045528587,-0.058191348,-0.187471882,0.091391176,-0.044383261,-0.356740415,0.044027679,-0.102495134,0.184841618,-0.027069217,0.163012877,0.205539510,0.185652718,0.912247837,0.156718642,0.101205088,-0.211451888,-0.026620204,0.979445100,-0.121769726
-0.031000115,-0.028171029,0.777112842,-0.011478273,-0.012020340,-0.701081520,0.712887412,0.076607332,0.044989966,0.207307160,0.048860520,-0.065410510,-0.186228454,0.090149119,-0.044869222,-0.355901718,0.047231376,-0.105295524,0.184400409,-0.026293933,0.163581535,0.206149399,0.186009973,0.906176031,0.167034522,0.102753647,-0.212262928,-0.026952820,0.979200125,-0.127996281
-0.030802857,-0.028171763,0.776576519,-0.011333392,-0.011841725,-0.700745109,0.713223401,0.074795172,0.045194305,0.207418978,0.052670926,-0.069864579,-0.183739901,0.089186020,-0.045460377,-0.353776008,0.050116204,-0.105057932,0.183776915,-0.025837807,0.165435001,0.206880599,0.186906248,0.900230527,0.172997758,0.102831438,-0.213226348,-0.027692005,0.974850535,-0.135730639
-0.030220410,-0.028287305,0.776060939,-0.011333392,-0.011841725,-0.700745109,0.713223401,0.072956383,0.045221049,0.207730830,0.057438258,-0.068788514,-0.178761080,0.088780835,-0.046261929,-0.349076211,0.052363303,-0.098744459,0.182788819,-0.026019985,0.169858068,0.207854345,0.188880563,0.894537508,0.170255750,0.099967681,-0.214494556,-0.029244319,0.962291777,-0.146480575
-0.028924631,-0.028157488,0.775164127,-0.011385999,-0.011450619,-0.700938286,0.713039102,0.068372190,0.044482410,0.207133263,0.066087924,-0.072976999,-0.172911361,0.084247820,-0.049497277,-0.343840837,0.060695432,-0.096260220,0.182317585,-0.025911327,0.170323029,0.208405837,0.187882662,0.890916586,0.168287665,0.106588870,-0.215244830,-0.027411835,0.969708204,-0.146905035
-0.027272183,-0.027904999,0.774076760,-0.011078833,-0.010920284,-0.700777482,0.713210297,0.062415298,0.043361079,0.206081003,0.076678760,-0.079797767,-0.166626170,0.077650882,-0.053949527,-0.338337749,0.072070077,-0.095690601,0.182104811,-0.025657257,0.168808907,0.208746195,0.185398668,0.888331592,0.166706532,0.117952526,-0.215736151,-0.023886953,0.987112164,-0.142166778
-0.025369439,-0.027541455,0.772563696,-0.010493560,-0.009891003,-0.700308422,0.713694730,0.050952118,0.043090582,0.204777241,0.095757887,-0.089694090,-0.160519958,0.071611330,-0.057432696,-0.332579911,0.080277428,-0.087603837,0.180011004,-0.025894377,0.169979066,0.209127009,0.181811988,0.878382802,0.178267449,0.127080694,-0.216403186,-0.020274531,0.975356340,-0.146229759
-0.023301641,-0.026984248,0.770845175,-0.009461205,-0.008428719,-0.700059032,0.713972544,0.035401333,0.043060124,0.203753427,0.120724089,-0.101340294,-0.154323995,0.059636332,-0.062661968,-0.325673044,0.098248407,-0.084191896,0.178379849,-0.025868485,0.171587795,0.209654152,0.176576316,0.865103364,0.188482329,0.138331935,-0.217378542,-0.015350209,0.962533474,-0.148122758
-0.020903731,-0.026039723,0.768715620,-0.007534673,-0.006100416,-0.700246784,0.713835034,0.011675405,0.043509744,0.203289449,0.157464400,-0.116486222,-0.147948593,0.035790525,-0.071383432,-0.316468060,0.135746509,-0.090129510,0.177673921,-0.025316570,0.174073726,0.210474014,0.168042630,0.845162868,0.196005210,0.153829277,-0.218970478,-0.007802094,0.947576821,-0.145675778
-0.018380255,-0.024227887,0.765866458,-0.004587736,-0.002797636,-0.701319077,0.712827243,-0.023954781,0.045587275,0.206230924,0.212902874,-0.143848538,-0.141511530,-0.001785737,-0.082916692,-0.305400014,0.193692893,-0.098603994,0.176883474,-0.024009332,0.172186375,0.210847840,0.156848639,0.826550424,0.192120612,0.174984336,-0.219999954,0.002865158,0.938626409,-0.130393162
-0.015793988,-0.021982390,0.762657583,-0.001130513,0.000992431,-0.702817824,0.711368289,-0.065537162,0.048478771,0.210875154,0.277690530,-0.177319095,-0.135043636,-0.046227299,-0.095855869,-0.293400377,0.261863559,-0.108346932,0.176050782,-0.022324435,0.168112412,0.210998625,0.144324481,0.808602035,0.182532296,0.198968276,-0.220748216,0.015091999,0.932679236,-0.108692706
-0.012844705,-0.018629406,0.757777929,0.003754342,0.006081441,-0.706119095,0.708057021,-0.120779812,0.053832978,0.219143748,0.359534502,-0.208618358,-0.125779748,-0.111089818,-0.111733608,-0.273700356,0.356501311,-0.110121250,0.169231862,-0.019500330,0.161800623,0.212583482,0.143629953,0.783492088,0.171059221,0.172083676,-0.223747194,0.014549501,0.912192702,-0.111355901
-0.009932885,-0.014979566,0.752418816,0.009318117,0.011847849,-0.709701196,0.704341546,-0.177972510,0.060290173,0.229372263,0.441924661,-0.245322287,-0.116653189,-0.183997333,-0.126315594,-0.253185630,0.461928785,-0.115246184,0.160293415,-0.016713817,0.153225183,0.214160547,0.143862814,0.750958323,0.153390869,0.149626017,-0.226729199,0.014985169,0.900194883,-0.109751150
-0.007095985,-0.010736006,0.746100485,0.016239150,0.018968512,-0.713864830,0.699838189,-0.239065409,0.068953380,0.243520677,0.525407255,-0.292835712,-0.107801273,-0.272995114,-0.138306051,-0.231041402,0.588935971,-0.127072424,0.147115901,-0.014002489,0.140122354,0.215722114,0.145950496,0.703576386,0.123331860,0.136022255,-0.229677200,0.017377187,0.905175090,-0.099610463
-0.004657302,-0.006467711,0.739476264,0.022913370,0.026154343,-0.717310309,0.695885658,-0.297230601,0.078641050,0.255745828,0.600721896,-0.332373381,-0.099680647,-0.364539117,-0.147139996,-0.213181317,0.720400214,-0.131405383,0.124218002,-0.011987570,0.124555290,0.217045605,0.147857979,0.656401515,0.095268153,0.129343510,-0.232146353,0.021650732,0.912723660,-0.072375469
-0.002417734,-0.002187061,0.732699037,0.029462501,0.033370878,-0.720358553,0.692171872,-0.353931785,0.088840909,0.267009318,0.671952307,-0.367922962,-0.091925666,-0.457355917,-0.154395655,-0.197463363,0.854092658,-0.131991670,0.096459992,-0.010320862,0.107756138,0.218250051,0.149675354,0.609330237,0.068202198,0.126127303,-0.234376088,0.026865028,0.921556234,-0.036593396
-0.000697221,0.000938810,0.728073955,0.035440762,0.039795187,-0.720997415,0.690885680,-0.396731138,0.095389925,0.271030575,0.717499733,-0.385936916,-0.080763854,-0.535122991,-0.161160424,-0.195577532,0.976764321,-0.137752324,0.069882646,-0.012844304,0.092475623,0.219960243,0.157009974,0.527010143,0.082066804,0.112120703,-0.237137884,0.027333587,0.925966501,-0.011246732
0.000695516,0.003422156,0.724674881,0.040824486,0.045596132,-0.721165863,0.690053731,-0.431853652,0.099691756,0.273247600,0.750580609,-0.399830997,-0.072288811,-0.604463577,-0.168439582,-0.195689857,1.090907812,-0.148847699,0.046147980,-0.016198231,0.077423051,0.221452475,0.162124202,0.444109261,0.092398956,0.110269591,-0.239300072,0.030626025,0.936915159,0.017424747
0.001432716,0.004620481,0.723727405,0.045022662,0.050154335,-0.720469815,0.690203411,-0.451622725,0.099499285,0.271856278,0.758728981,-0.405485630,-0.069187239,-0.656951904,-0.176747531,-0.199798360,1.187995672,-0.170612395,0.028098490,-0.021213094,0.062826306,0.222508714,0.162797630,0.360046864,0.095666036,0.132729232,-0.240263015,0.039566197,0.960940480,0.052745938
0.001845456,0.004483961,0.725755692,0.048039377,0.052503929,-0.720349850,0.689950468,-0.452413738,0.094599649,0.270017684,0.739160895,-0.397535831,-0.066407539,-0.689059258,-0.184667915,-0.201195374,1.253700852,-0.191533834,0.013610063,-0.026433649,0.051676199,0.223566860,0.162749857,0.294993460,0.110132053,0.153007895,-0.240774021,0.049520329,0.974617124,0.068814218
0.002095963,0.003680018,0.729271710,0.050465590,0.053749493,-0.720522807,0.689500617,-0.443715632,0.087346457,0.267955452,0.705734611,-0.382783949,-0.063788809,-0.710975826,-0.192394435,-0.201236650,1.303714037,-0.212033466,0.000902304,-0.031757001,0.042249527,0.224625975,0.162341461,0.239445254,0.130197406,0.172195897,-0.241059035,0.059981342,0.983119369,0.075255893
0.001668592,0.000872705,0.736674309,0.052193498,0.052497400,-0.722352063,0.687551714,-0.407229364,0.073714614,0.268052131,0.632250547,-0.347580820,-0.062760986,-0.705085039,-0.196406692,-0.190458000,1.299642563,-0.229100913,0.003196066,-0.036699973,0.034193657,0.225752011,0.161451921,0.197236240,0.153573781,0.192594841,-0.240810737,0.070906363,1.000053406,0.077612661
0.001201240,-0.002591308,0.744798899,0.053352675,0.050256225,-0.724716892,0.685137381,-0.359538645,0.057158634,0.268550754,0.540613413,-0.303764135,-0.061794989,-0.690009832,-0.199381426,-0.177938610,1.276309609,-0.237665430,0.009811891,-0.041671410,0.028812915,0.226950943,0.160963058,0.169399828,0.178940624,0.207478359,-0.240596935,0.080792978,1.015287042,0.080286905
0.000653927,-0.007368702,0.754367471,0.053373971,0.046036621,-0.728147281,0.681786907,-0.289439410,0.034754485,0.269853264,0.412670970,-0.242720693,-0.060952641,-0.656566083,-0.200281158,-0.161937743,1.214453459,-0.229224235,0.025071751,-0.046699762,0.028782390,0.228295594,0.161275551,0.170308501,0.208288297,0.211331069,-0.240452096,0.088602781,1.027120233,0.083596081
-0.000306020,-0.012982322,0.763599515,0.052754519,0.040799423,-0.732044371,0.677984813,-0.207815692,0.010071896,0.270976603,0.268140703,-0.166281551,-0.060509544,-0.609953701,-0.201700419,-0.152074218,1.127495050,-0.213926226,0.042378467,-0.052010059,0.031533033,0.229240328,0.161826521,0.178208739,0.234024182,0.212837726,-0.240381554,0.093143344,1.042322397,0.084298387
-0.001472280,-0.019014031,0.772663355,0.051812474,0.035051843,-0.736143726,0.673928223,-0.120430127,-0.015749793,0.272010326,0.115317173,-0.082144916,-0.060266070,-0.556757212,-0.203379437,-0.145279422,1.027985692,-0.195199847,0.060708530,-0.057461295,0.035674259,0.229985073,0.162496716,0.189604759,0.257954001,0.213171318,-0.240348175,0.096049242,1.059208989,0.083697252
-0.003557360,-0.025104163,0.779135942,0.050723363,0.029553104,-0.739761068,0.670303899,-0.080578409,-0.026581021,0.272159964,0.070785344,-0.056496486,-0.062928140,-0.493723214,-0.203919947,-0.155588672,0.901869893,-0.164063007,0.079138011,-0.063928157,0.044621050,0.230731279,0.162584960,0.218680531,0.277855128,0.218253434,-0.240259513,0.098898552,1.069952369,0.082223266
-0.006070745,-0.030916587,0.784376502,0.049934559,0.024154116,-0.743271195,0.666686620,-0.045333609,-0.032234360,0.273834050,0.039403871,-0.035454426,-0.070675075,-0.429282010,-0.202449217,-0.168895990,0.769152522,-0.126929238,0.095547922,-0.069562390,0.054563221,0.231490016,0.162656173,0.247162357,0.293927372,0.223073632,-0.240169048,0.101832993,1.070182920,0.080924183
-0.009440734,-0.036173616,0.787153184,0.049749575,0.018956739,-0.746612896,0.663125029,-0.019302137,-0.027532157,0.278556913,0.034322038,-0.023624567,-0.088591605,-0.362026304,-0.196956083,-0.188199311,0.623231530,-0.077801727,0.107918769,-0.073531397,0.066496104,0.232273787,0.162693292,0.274456292,0.302341998,0.227370024,-0.240074933,0.104937717,1.049388289,0.079974890
-0.013411015,-0.040658243,0.787590742,0.049968591,0.014084651,-0.750803675,0.658482045,-0.001805434,-0.026010109,0.287689924,0.038553268,-0.010611195,-0.101532303,-0.294833452,-0.185701311,-0.204906583,0.473691791,-0.026991243,0.110019416,-0.072866127,0.080384567,0.233043045,0.161473691,0.320457906,0.304237992,0.235250115,-0.239907682,0.108753800,1.032246232,0.084727421
-0.017681420,-0.044756640,0.786858737,0.050387531,0.009374795,-0.755387485,0.653270967,0.011423646,-0.026078118,0.299027979,0.047441229,0.002993792,-0.111984991,-0.227672622,-0.171565786,-0.220315635,0.322343767,0.024660142,0.106984898,-0.069883689,0.095250763,0.233804986,0.159625754,0.375813097,0.302874655,0.244921923,-0.239703849,0.112925544,1.016930699,0.092330910
-0.022897335,-0.046891868,0.783450365,0.051834949,0.006550749,-0.760469623,0.647268243,-0.010988018,-0.014360577,0.309254825,0.122761764,-0.002893828,-0.120047450,-0.192382485,-0.160745770,-0.209253967,0.241423130,-0.010184688,0.090587355,-0.060286637,0.118488431,0.235656261,0.158060357,0.425250381,0.294600666,0.231936276,-0.240224138,0.115097001,0.992448747,0.121404231
-0.027748628,-0.047839627,0.780233681,0.054771126,0.005319365,-0.765257133,0.641368341,-0.065487087,0.006659484,0.316257298,0.252852499,-0.022562288,-0.124076605,-0.182588980,-0.153305724,-0.192664951,0.204297513,-0.045930520,0.077377625,-0.051342420,0.137601376,0.237014592,0.155266851,0.484506100,0.260370523,0.234426856,-0.240055725,0.120479338,0.962224841,0.155405879
-0.031870637,-0.046412438,0.777400315,0.060687682,0.007273788,-0.769501182,0.635713794,-0.184160143,0.046284292,0.316810936,0.492481887,-0.069792114,-0.120039195,-0.223788619,-0.152625635,-0.165021390,0.254761934,-0.083477996,0.070543632,-0.043703947,0.148464680,0.237387106,0.150017112,0.563398004,0.174228594,0.267869741,-0.238509893,0.132283375,0.920517087,0.199263811
-0.035868384,-0.043309323,0.772295237,0.067073955,0.011368427,-0.771958461,0.632022134,-0.316117078,0.086199567,0.304696918,0.724993467,-0.083917394,-0.103627786,-0.288963854,-0.151672006,-0.144808322,0.346875429,-0.122691572,0.063164473,-0.038991489,0.154686600,0.238043904,0.151005507,0.643952012,0.096179336,0.246520728,-0.238032609,0.134044573,0.855815649,0.231432050
-0.039803997,-0.039368242,0.766054392,0.073692303,0.016532582,-0.773493372,0.629288584,-0.454715818,0.126260012,0.286249012,0.953945696,-0.081490234,-0.081029348,-0.366126925,-0.150581598,-0.128310516,0.459813476,-0.162738129,0.055512752,-0.035742056,0.158587798,0.238842860,0.155112982,0.725336969,0.022176564,0.197775558,-0.238089606,0.130784333,0.779617488,0.257755369
-0.043567225,-0.035043556,0.754094183,0.079749532,0.022195248,-0.772627896,0.629439049,-0.580765247,0.152399197,0.258331716,1.136888742,-0.099049330,-0.067090161,-0.441401064,-0.150856495,-0.128214419,0.573903084,-0.231823429,0.053288739,-0.035312977,0.179203928,0.239503488,0.156704232,0.779213905,-0.042958524,0.150042027,-0.238085434,0.124317780,0.690620601,0.295613855
-0.047097128,-0.031086821,0.741548121,0.085548437,0.027437539,-0.772023115,0.629212965,-0.698872507,0.176845089,0.237521589,1.308129907,-0.124927461,-0.049814530,-0.513346851,-0.151777387,-0.128716841,0.683605075,-0.298668802,0.051443972,-0.033086322,0.203692526,0.239679158,0.154860646,0.828572989,-0.101637252,0.114443697,-0.237695754,0.120090589,0.595600665,0.347340405
-0.050160408,-0.027865961,0.727830052,0.090837119,0.031840720,-0.772004705,0.628286178,-0.801096439,0.197904587,0.230925664,1.455968618,-0.167443946,-0.025865816,-0.578636467,-0.153990284,-0.130416304,0.784532785,-0.361034900,0.050357670,-0.027264474,0.235926285,0.238884896,0.146147400,0.868897259,-0.147403762,0.103115559,-0.236534983,0.120342091,0.488533735,0.426803738
-0.052135590,-0.025494270,0.716647744,0.095607692,0.035502515,-0.772985952,0.626172068,-0.886754334,0.213204086,0.235699952,1.577946901,-0.204410493,-0.000471184,-0.631974876,-0.155624747,-0.129346490,0.863264978,-0.404121101,0.050888706,-0.017808020,0.262825072,0.238454327,0.139710784,0.894959033,-0.171986490,0.054262225,-0.236089885,0.115043513,0.382022679,0.447299004
-0.053566735,-0.023547150,0.706733167,0.100117435,0.038792921,-0.774453198,0.623453168,-0.964129865,0.225623682,0.246159449,1.686996102,-0.238602310,0.025646616,-0.679338038,-0.156969979,-0.126892015,0.930899858,-0.437567562,0.052228421,-0.006534166,0.287056565,0.238205582,0.134412497,0.913889885,-0.185977399,-0.013354317,-0.236002564,0.106969826,0.275788665,0.438310087
-0.054047190,-0.022894703,0.700813949,0.102474137,0.040325321,-0.775103325,0.622163768,-1.009862423,0.224922597,0.258477271,1.755926490,-0.260527521,0.037166949,-0.704845250,-0.159102187,-0.125463426,0.968527555,-0.454386741,0.053331167,0.002610436,0.319497466,0.237490386,0.123353362,0.933895230,-0.178261474,-0.059049558,-0.235785186,0.105907589,0.170983732,0.427293688
-0.054414317,-0.022611324,0.696392894,0.103813273,0.041277090,-0.775478281,0.621411652,-1.043055654,0.223272890,0.271812290,1.811779976,-0.281497747,0.045201089,-0.722856700,-0.160520792,-0.124002270,0.997824609,-0.466735184,0.054331046,0.011088526,0.354478896,0.236805558,0.110491179,0.947135985,-0.159241676,-0.106249020,-0.235743716,0.105962083,0.068608262,0.400403708
-0.054554775,-0.023066085,0.694968402,0.103118873,0.041068228,-0.775315507,0.621744130,-1.051169634,0.219725907,0.287181467,1.841477871,-0.300557703,0.046262689,-0.725876212,-0.160512179,-0.122475974,1.010459661,-0.470141888,0.055125184,0.018233435,0.394540787,0.236181498,0.094023123,0.946847618,-0.117614508,-0.156456009,-0.236054108,0.108250037,-0.028906368,0.341767073
-0.054612614,-0.024225239,0.696920753,0.101325310,0.040305018,-0.774643711,0.622925203,-1.033370495,0.214436829,0.302857876,1.840549588,-0.320666671,0.037383199,-0.714419365,-0.159282714,-0.122807823,1.002289295,-0.465826094,0.055108350,0.024989210,0.440405071,0.235056370,0.070592232,0.933131516,-0.067523584,-0.181524783,-0.236309230,0.117276743,-0.094919026,0.300022513
-0.054629147,-0.025736591,0.700561583,0.098981326,0.039264299,-0.773711189,0.624525426,-1.002614975,0.208276674,0.318687916,1.824307919,-0.341300189,0.023533113,-0.695724130,-0.157442838,-0.124068730,0.983716369,-0.457648993,0.054686025,0.031550419,0.489170581,0.233680725,0.043679900,0.912701488,-0.013200743,-0.194024324,-0.236536726,0.129672840,-0.145180568,0.266724020
-0.054276779,-0.028605623,0.708258033,0.094319575,0.036914353,-0.771865372,0.627666309,-0.934949696,0.200589135,0.331018537,1.770075560,-0.337116361,0.003618856,-0.653275192,-0.153688028,-0.126777753,0.926298380,-0.438841462,0.053861164,0.035441011,0.538029492,0.231965691,0.009002106,0.875805557,0.040947199,-0.198333487,-0.237199932,0.148591757,-0.179957882,0.188573867
-0.053753976,-0.031668168,0.716992855,0.089266176,0.034477612,-0.769513806,0.631420103,-0.859322190,0.191188902,0.340263486,1.698541641,-0.331130505,-0.019598432,-0.605092704,-0.149738938,-0.131305814,0.860779226,-0.415025175,0.053111598,0.037714720,0.583280385,0.230358183,-0.026503075,0.838888228,0.092799410,-0.198207974,-0.238007084,0.170024157,-0.197797418,0.103659891
-0.052890293,-0.035117812,0.727804363,0.083431244,0.031867971,-0.766163344,0.636409765,-0.767768383,0.178363040,0.343337536,1.592403173,-0.321540892,-0.049422339,-0.545442104,-0.145401195,-0.139472038,0.779056609,-0.381190985,0.052512597,0.036754820,0.621316850,0.228965789,-0.063664034,0.801927209,0.140061855,-0.189213395,-0.239102244,0.196483985,-0.181762695,0.005216382
-0.051331192,-0.039572258,0.739947081,0.075990004,0.028656206,-0.761805160,0.642695293,-0.660117209,0.164510027,0.342078805,1.449667215,-0.293839008,-0.075239003,-0.472514391,-0.140338838,-0.151278123,0.680332780,-0.329257518,0.052265264,0.032888331,0.654240131,0.227400392,-0.104368061,0.759831429,0.174519718,-0.173728451,-0.240324974,0.224776968,-0.137076467,-0.084380031
-0.049424391,-0.044529099,0.752755344,0.067738254,0.025140623,-0.756866424,0.649563464,-0.544417322,0.150143400,0.338653713,1.288632393,-0.257081211,-0.099052183,-0.392948061,-0.134914190,-0.164904132,0.573108315,-0.268274516,0.052193750,0.027568566,0.684607029,0.225748509,-0.146843717,0.715168118,0.202575564,-0.154998392,-0.241611511,0.253986597,-0.078064717,-0.169553295
-0.046499379,-0.049767025,0.764460027,0.058793654,0.021527857,-0.751235860,0.657057487,-0.421374679,0.137135297,0.330337942,1.085180759,-0.189638376,-0.107639588,-0.305061489,-0.126057655,-0.180973530,0.451142907,-0.192624658,0.059835412,0.021320740,0.658257008,0.226492673,-0.162604183,0.787331939,0.199350387,-0.166628659,-0.244032204,0.274993181,0.035483588,-0.270370781
-0.043467663,-0.054891519,0.775300622,0.050066662,0.017924355,-0.745224485,0.664689787,-0.298522532,0.122199863,0.317843407,0.872828245,-0.112244353,-0.117595971,-0.219319254,-0.116681688,-0.196921721,0.332758039,-0.114841163,0.067590483,0.014971249,0.639661908,0.226844132,-0.182539940,0.821255922,0.201912284,-0.165079832,-0.246202186,0.295815289,0.140070170,-0.329211265
-0.040222570,-0.059789095,0.784412980,0.041786907,0.014343872,-0.738584071,0.672712180,-0.176052809,0.103409864,0.296991467,0.642677069,-0.014948825,-0.130290210,-0.137866795,-0.106266946,-0.212627336,0.221535891,-0.032791384,0.075572260,0.008418508,0.636577368,0.226410151,-0.210826099,0.778699398,0.216048360,-0.137172699,-0.247870669,0.316268057,0.226731911,-0.304096401
-0.036834240,-0.063445747,0.791769862,0.034903651,0.012367059,-0.731742214,0.680574848,-0.073459432,0.085157074,0.270178020,0.439951539,0.065195829,-0.143130124,-0.079219073,-0.097428851,-0.225994080,0.145805478,0.038230393,0.082599856,0.002608977,0.615551233,0.226606548,-0.223551482,0.787993729,0.202398747,-0.131131843,-0.249388978,0.326390982,0.332190037,-0.312251925
-0.033374283,-0.066481970,0.798249185,0.028717133,0.011191500,-0.724756058,0.688315867,0.019196356,0.067172818,0.240383819,0.250937819,0.136765510,-0.156042889,-0.031973246,-0.089379050,-0.238191456,0.087820277,0.103738531,0.089150392,-0.002828976,0.585554481,0.227118134,-0.228496686,0.823212743,0.174856603,-0.136023805,-0.250832230,0.331349134,0.447046429,-0.337042272
-0.028851459,-0.066633299,0.801614702,0.025344205,0.013363705,-0.716775816,0.696714799,0.048110504,0.061854739,0.215071410,0.171750337,0.162248448,-0.153752893,-0.023927949,-0.087635636,-0.252261966,0.087913647,0.137589246,0.090494663,-0.005588914,0.547593594,0.227580875,-0.231935948,0.813362241,0.137515664,-0.123400897,-0.252072692,0.336311281,0.540672302,-0.285967886
-0.024125500,-0.065830618,0.803773642,0.022798652,0.016367562,-0.708964155,0.704685853,0.062518388,0.059218254,0.191325411,0.117568165,0.175518274,-0.148274928,-0.029830169,-0.088592492,-0.266912609,0.110714883,0.160860419,0.087125354,-0.007211001,0.490236253,0.228464365,-0.231482953,0.827902019,0.085722148,-0.114025690,-0.254096657,0.340301096,0.636601925,-0.243646279
-0.018993359,-0.063119948,0.803519249,0.021912402,0.021036463,-0.701608672,0.711914732,0.047913458,0.061945006,0.170712739,0.113397688,0.164361626,-0.136421129,-0.063627310,-0.094949871,-0.282723188,0.178931460,0.162972152,0.074328959,-0.006557351,0.394087195,0.230189309,-0.223245442,0.891222358,0.005024450,-0.111146025,-0.257687569,0.342346281,0.737137377,-0.218831167
-0.013851519,-0.059080828,0.800135851,0.022841958,0.026984382,-0.695892717,0.717274992,0.012697730,0.065054104,0.151647910,0.143051744,0.117506415,-0.123163000,-0.131528988,-0.112716958,-0.297233671,0.312736243,0.124067977,0.055707142,-0.004305568,0.304777652,0.231921226,-0.211712897,0.925857604,-0.062729754,-0.101674922,-0.261379600,0.344386160,0.828346252,-0.176200390
-0.008704877,-0.054377511,0.795187950,0.024678619,0.033570526,-0.690974491,0.721677378,-0.032823063,0.068354338,0.133357197,0.189617798,0.052802388,-0.109202839,-0.216482267,-0.136188716,-0.311093926,0.479333878,0.064656235,0.034172796,-0.001254739,0.218888760,0.233656600,-0.198532954,0.946149945,-0.124011569,-0.088908181,-0.265122175,0.346423328,0.914891064,-0.124662183
-0.003711643,-0.048611201,0.785596192,0.027891423,0.040069790,-0.689397714,0.722735963,-0.096689165,0.070281088,0.124309286,0.274615198,-0.044656474,-0.097049385,-0.316953063,-0.168011680,-0.312608123,0.683104575,0.005467257,0.012233958,0.002123607,0.144085020,0.235667944,-0.179491669,0.958869815,-0.163523957,-0.096254326,-0.269406408,0.348710984,1.005239725,-0.083376914
0.001210681,-0.042893518,0.774790466,0.030999962,0.046102311,-0.688763856,0.722854017,-0.161039799,0.072222143,0.119358525,0.364583522,-0.145098612,-0.086480066,-0.415641934,-0.197448581,-0.304805398,0.885987699,-0.048569083,-0.003349501,0.005256038,0.077169925,0.237520307,-0.161359623,0.959249914,-0.189096600,-0.077648349,-0.272719502,0.353313684,1.061151624,-0.027129008
0.005991211,-0.037273049,0.761556804,0.033901759,0.051203815,-0.690062477,0.721139805,-0.226359859,0.074191853,0.122602291,0.464494467,-0.251508057,-0.079079017,-0.510767579,-0.222113431,-0.278368294,1.087097049,-0.092300221,-0.006221980,0.007896643,0.026032083,0.239054635,-0.145045996,0.934949815,-0.186789230,-0.007136694,-0.274090350,0.362546742,1.048188329,0.059045311
0.009961702,-0.032127865,0.748056889,0.036668247,0.055507257,-0.691344847,0.719455827,-0.291113257,0.077810764,0.126564115,0.570937395,-0.345966339,-0.072644465,-0.595719695,-0.239104360,-0.246397331,1.278087854,-0.127825856,-0.007654928,0.009375795,-0.018221669,0.240835652,-0.125883609,0.920248270,-0.187709942,0.011133729,-0.276077390,0.367037863,1.082234979,0.120730758
0.013527186,-0.027220307,0.734423876,0.039366706,0.059411051,-0.692612503,0.717780266,-0.355583519,0.082254291,0.130884975,0.680646658,-0.434449315,-0.066693142,-0.675585270,-0.252258331,-0.211659282,1.464019895,-0.159248829,-0.008368111,0.010274222,-0.059033509,0.242739990,-0.105296791,0.910345972,-0.190244704,0.003283509,-0.278372526,0.369158089,1.139786720,0.170171931
0.015638972,-0.023206508,0.723735332,0.040734019,0.061752673,-0.692407070,0.717704533,-0.407909453,0.086023085,0.128684878,0.773588061,-0.480298609,-0.062142499,-0.727569938,-0.264223754,-0.194505513,1.616980076,-0.183504373,-0.024070274,0.008193026,-0.083622321,0.245128006,-0.082629748,0.914947391,-0.183408588,-0.043060139,-0.281492919,0.366899550,1.207810163,0.213981897
0.017639399,-0.019633176,0.714523971,0.041975833,0.063587539,-0.692396934,0.717482502,-0.451808929,0.088686109,0.127441525,0.851690769,-0.518166363,-0.057567772,-0.771203518,-0.277208179,-0.183013633,1.752808690,-0.209861204,-0.041838437,0.005787542,-0.101862460,0.247503087,-0.060656793,0.919888675,-0.175792873,-0.073655300,-0.284231633,0.365044355,1.256753445,0.257137179
0.019417178,-0.016940659,0.708266735,0.042967161,0.064409696,-0.692785109,0.716975597,-0.478857160,0.089137748,0.128111690,0.900118947,-0.540072799,-0.052944735,-0.798136950,-0.292231023,-0.182844773,1.854378343,-0.240421310,-0.063738763,0.002733473,-0.107406147,0.249852344,-0.040071461,0.925509393,-0.166617900,-0.072754458,-0.286207139,0.363995701,1.267538428,0.298984349
0.020769201,-0.015151129,0.705974936,0.043296569,0.064527454,-0.693926772,0.715840241,-0.488579541,0.088564053,0.131355032,0.915982842,-0.549194157,-0.050990820,-0.808080673,-0.311529845,-0.194077387,1.915135860,-0.264748156,-0.089307338,-0.000208696,-0.103528276,0.251937330,-0.021927951,0.934233665,-0.162317708,-0.034895666,-0.287039489,0.364357352,1.246254086,0.325326949
0.021908334,-0.013813110,0.705665827,0.043294883,0.064292825,-0.695443025,0.714388539,-0.489638954,0.087477699,0.135884941,0.915564299,-0.551922917,-0.050371483,-0.809529603,-0.332966506,-0.211010620,1.955486774,-0.285958141,-0.116709776,-0.003094886,-0.094939671,0.253890157,-0.005005525,0.944509566,-0.160454929,0.021441730,-0.287300259,0.365424156,1.208935499,0.343917012
0.021817479,-0.013736386,0.711957335,0.042373326,0.062756541,-0.698073217,0.712011166,-0.464761704,0.085953355,0.141460285,0.869116306,-0.524727106,-0.048509151,-0.783516765,-0.345978737,-0.233997807,1.915811062,-0.293455362,-0.131742865,-0.004715259,-0.077766955,0.256098181,0.014458626,0.970608473,-0.174559116,-0.016563479,-0.289208680,0.361837476,1.209107161,0.310499698
0.021497542,-0.014136029,0.719914377,0.040915843,0.061143757,-0.700849105,0.709505368,-0.432159483,0.083815008,0.146352932,0.808174968,-0.490269601,-0.047433298,-0.748872161,-0.352419257,-0.256759614,1.850612879,-0.293067575,-0.139626443,-0.006242311,-0.058931611,0.258149981,0.033010837,0.993642807,-0.183704495,-0.028804880,-0.290407360,0.360081166,1.199820757,0.291550696
0.020719454,-0.015488374,0.731202126,0.038386954,0.059378605,-0.703922110,0.706749097,-0.384108841,0.080448762,0.149880037,0.718250155,-0.441290289,-0.047930401,-0.696965933,-0.345716417,-0.279069811,1.734373212,-0.276910126,-0.133210987,-0.007582666,-0.036771752,0.259889305,0.049738489,1.010547161,-0.182932124,0.010480824,-0.290186465,0.361985654,1.171618700,0.301538497
0.019669808,-0.017802469,0.743645906,0.035879432,0.057808093,-0.706968892,0.703964400,-0.324601620,0.075828597,0.152367815,0.607184350,-0.377770275,-0.046977211,-0.632748127,-0.322811842,-0.292873591,1.570487022,-0.246170938,-0.106818028,-0.009216099,-0.014647245,0.261369705,0.065897256,1.022879481,-0.180705220,0.030094784,-0.289970398,0.361254752,1.156485081,0.318045974
0.018484378,-0.020597454,0.756667793,0.033382164,0.056334187,-0.709993746,0.701156880,-0.259365737,0.070581459,0.154335931,0.485547364,-0.306979507,-0.045298889,-0.562374175,-0.291806340,-0.302424192,1.382776618,-0.208140731,-0.070436247,-0.010996076,0.007459747,0.262720644,0.081771649,1.032925844,-0.177750945,0.039873350,-0.289756745,0.359206229,1.147885203,0.337813377
0.016438022,-0.024142504,0.767638683,0.030661396,0.055365993,-0.712318138,0.698997393,-0.184307396,0.065755799,0.152565777,0.343009949,-0.224160254,-0.045231398,-0.479151070,-0.253545493,-0.298177570,1.167997599,-0.160251781,-0.030165663,-0.012514952,0.031768512,0.262965083,0.090888388,1.033355474,-0.154702097,0.085763022,-0.288262248,0.357680023,1.113146305,0.362973660
0.013953988,-0.027311388,0.776986241,0.028157337,0.054558453,-0.713920781,0.697529683,-0.118527681,0.062935919,0.148628384,0.217984825,-0.153593495,-0.047117226,-0.394565076,-0.216766879,-0.288848579,0.956772029,-0.112302877,0.009984177,-0.014366069,0.054144658,0.263246983,0.098044030,1.032097220,-0.122518525,0.112925932,-0.287181497,0.355060697,1.080919981,0.382018387
0.010594608,-0.029727941,0.783086777,0.026087571,0.054073777,-0.714099580,0.697464877,-0.071305022,0.064127550,0.140356570,0.127983838,-0.107531466,-0.052909661,-0.307253301,-0.182952702,-0.269354999,0.752653480,-0.064234041,0.049892530,-0.016881665,0.072655611,0.263603806,0.101277530,1.027462959,-0.072065681,0.102635711,-0.286928236,0.350255072,1.053718567,0.388832092
0.006787152,-0.031635135,0.785956264,0.025095059,0.053668080,-0.713103501,0.698550909,-0.052288782,0.068094417,0.128691733,0.093286872,-0.086341754,-0.063435815,-0.221355692,-0.155466139,-0.249509484,0.565148830,-0.019786730,0.084293231,-0.020536166,0.098005205,0.264701426,0.104987964,1.000896931,0.007695638,0.056682769,-0.287622511,0.341410935,1.035709858,0.357168794
0.002755691,-0.033287629,0.787210286,0.024641110,0.053301704,-0.711517712,0.700210175,-0.047375947,0.073448867,0.115330480,0.086242244,-0.077588394,-0.076328725,-0.136166006,-0.131143659,-0.229488239,0.385952860,0.022849396,0.115939789,-0.024760086,0.126773879,0.266169459,0.108936854,0.963365495,0.102110438,-0.007101095,-0.288790554,0.330547661,1.022297621,0.306267321
-0.001466216,-0.033849273,0.785202384,0.026032960,0.052645065,-0.709229828,0.702526749,-0.046688329,0.076418862,0.102599546,0.079184651,-0.079118118,-0.091649316,-0.055269513,-0.110179290,-0.226982951,0.215360701,0.029959947,0.131611928,-0.027127180,0.158192396,0.266796798,0.104488984,0.924486697,0.176716059,0.003473862,-0.288753152,0.327280462,0.987533808,0.283382475
-0.005777450,-0.034092713,0.782830596,0.027668416,0.052075872,-0.707536726,0.704211860,-0.049872261,0.079597846,0.093053073,0.079654634,-0.085714906,-0.105528548,0.001598453,-0.093874075,-0.226204708,0.090095244,0.012812602,0.139458060,-0.027808966,0.186845690,0.267621875,0.100262761,0.889320195,0.251599073,0.004620251,-0.288977772,0.323595941,0.950540721,0.248197556
-0.010267370,-0.033699743,0.779730856,0.029791568,0.051682553,-0.707046020,0.704646934,-0.060799517,0.083194844,0.089875638,0.095180154,-0.102446139,-0.116525069,0.010408518,-0.086887285,-0.228880584,0.055484742,-0.052851882,0.131651774,-0.025120059,0.209968597,0.268842429,0.096479788,0.861578226,0.327037394,-0.013090970,-0.289726436,0.319076687,0.909088671,0.188411608
-0.013478359,-0.032669201,0.777529240,0.032653656,0.052239143,-0.709507413,0.702000029,-0.071196005,0.085325435,0.096693307,0.106337652,-0.115096614,-0.121556133,0.007277537,-0.084603563,-0.220794976,0.037836943,-0.091986895,0.125524938,-0.018165693,0.220392168,0.270107210,0.094259307,0.840183079,0.362276375,-0.022651831,-0.290407181,0.316614926,0.870088100,0.144817263
-0.016049907,-0.031319868,0.775776803,0.035884061,0.053268847,-0.713419747,0.697787237,-0.081327215,0.086722843,0.108508646,0.115311220,-0.125706822,-0.123604469,-0.001824053,-0.084671386,-0.207328513,0.028670410,-0.117857404,0.120237783,-0.009078509,0.224466100,0.271394134,0.092820041,0.821961105,0.377415806,-0.028137565,-0.291053951,0.315181881,0.832312942,0.109318383
-0.017249070,-0.029440533,0.776619852,0.039024472,0.054821298,-0.718150255,0.692626831,-0.095043764,0.087433726,0.116357893,0.131243467,-0.115489550,-0.115493804,-0.016384393,-0.086075991,-0.198248267,0.029224206,-0.109456673,0.122386999,-0.000000209,0.207499325,0.273092270,0.100964606,0.842112005,0.296485603,-0.062221527,-0.292517573,0.311815619,0.845977902,0.047032643
-0.018456239,-0.027577735,0.777636170,0.041426710,0.056532503,-0.721176768,0.689196615,-0.113977343,0.090266466,0.117333300,0.158311620,-0.110647283,-0.106004328,-0.026714658,-0.084985226,-0.194847703,0.025453426,-0.099340402,0.124656729,0.007034387,0.185164124,0.274750859,0.111393720,0.857493699,0.196298465,-0.090050928,-0.293877691,0.309152782,0.869552374,0.007053961
-0.019679438,-0.025747990,0.778998852,0.042356462,0.058566648,-0.720866334,0.689295007,-0.143345073,0.097342916,0.104561247,0.207651600,-0.116554812,-0.093757138,-0.028585032,-0.078903817,-0.202806234,0.013033578,-0.085792989,0.127167523,0.009981724,0.152091905,0.276330441,0.126391977,0.863337278,0.057596818,-0.105371743,-0.295030743,0.307896674,0.912945688,0.011688171
-0.020603791,-0.023657281,0.779224336,0.041690387,0.059920296,-0.719612060,0.690528748,-0.170130014,0.102434397,0.087948844,0.261807919,-0.124721348,-0.099740624,-0.033143826,-0.073439039,-0.212274402,0.017210076,-0.080439642,0.129748389,0.013721162,0.114996873,0.277770817,0.144066304,0.856936276,-0.072378829,-0.104446970,-0.295812845,0.308117092,0.954817891,0.035848785
-0.021378726,-0.021436073,0.778881192,0.040226132,0.060933329,-0.717881618,0.692325769,-0.195623711,0.106533416,0.069416128,0.318372816,-0.134017453,-0.114839628,-0.039046887,-0.068282537,-0.222497448,0.029684907,-0.079183370,0.132364318,0.017856680,0.075890169,0.279141605,0.163078770,0.844412804,-0.197992221,-0.095399253,-0.296409428,0.309075743,0.995929897,0.069772907
-0.021365218,-0.019972760,0.777198970,0.037885258,0.061745063,-0.715661374,0.694680540,-0.205575481,0.105510779,0.052266181,0.353225857,-0.155937105,-0.136095196,-0.036934279,-0.062942788,-0.229452282,0.032735277,-0.083761469,0.138981849,0.019313036,0.043300096,0.280326784,0.183158413,0.791445732,-0.268894464,-0.094716780,-0.297234952,0.309230715,1.033640623,0.088896319
-0.021023756,-0.018693160,0.775129557,0.035675172,0.062528728,-0.713899366,0.696537964,-0.213521644,0.105311051,0.043670978,0.382353395,-0.174723089,-0.142354190,-0.036765426,-0.058991067,-0.233450055,0.038180556,-0.087477766,0.145613179,0.019897081,0.015619816,0.281385899,0.201698512,0.729285002,-0.319195718,-0.093778804,-0.298058033,0.309640050,1.072883129,0.105764121
-0.020026382,-0.017780989,0.772285581,0.033727590,0.063257710,-0.713070638,0.697417505,-0.217456520,0.106757171,0.052185606,0.400029719,-0.187241599,-0.118619405,-0.040484153,-0.057815447,-0.231533527,0.048415735,-0.089470446,0.152272120,0.018736476,-0.002240685,0.282192826,0.217159465,0.648736358,-0.328294218,-0.092329793,-0.298876256,0.310558200,1.115189195,0.118120633
-0.018185414,-0.016959695,0.769806743,0.032651058,0.063899626,-0.712424727,0.698070021,-0.224919781,0.107236430,0.056536600,0.417222798,-0.206799775,-0.102131084,-0.044983801,-0.059294112,-0.229770780,0.058607128,-0.086052045,0.156310245,0.015579860,-0.010016494,0.282623351,0.227034613,0.571359754,-0.358573318,-0.088156819,-0.299597204,0.312218964,1.159634471,0.118450552
-0.015922679,-0.016183855,0.767510355,0.032010108,0.064498058,-0.711870839,0.698609521,-0.234147117,0.107232228,0.058805659,0.434173852,-0.229877487,-0.089266375,-0.049873833,-0.062099911,-0.228084922,0.068776429,-0.079928108,0.159037843,0.011425280,-0.012749713,0.282865733,0.234116614,0.495570660,-0.399442345,-0.082621917,-0.300269544,0.314251035,1.205148339,0.112767048
-0.012731981,-0.015322678,0.765235424,0.032879437,0.065029572,-0.712370550,0.698010241,-0.244235381,0.103154920,0.064456716,0.449392229,-0.250939250,-0.081966147,-0.084349915,-0.075862564,-0.223010778,0.140289769,-0.093134791,0.161221310,0.005621872,-0.004691061,0.282484591,0.232071966,0.438717604,-0.451511025,-0.052693348,-0.300840497,0.321264654,1.228891253,0.100498646
-0.009146137,-0.014077918,0.762361109,0.034546244,0.065597265,-0.713499057,0.696722794,-0.256712437,0.097907454,0.072513655,0.467420042,-0.274382234,-0.074065849,-0.136441067,-0.094350085,-0.212966353,0.243882746,-0.115058735,0.163278967,-0.000877487,0.006890639,0.281929553,0.226295471,0.374607623,-0.501652300,-0.029005032,-0.301416278,0.328122288,1.245590448,0.086466521
-0.004769934,-0.012065956,0.758287728,0.037807613,0.066236465,-0.715876030,0.694049584,-0.273967445,0.090319552,0.085382611,0.491067171,-0.302588046,-0.064965293,-0.223764122,-0.122287847,-0.192980900,0.411638409,-0.154418036,0.165085062,-0.008768876,0.025518805,0.281026840,0.213054940,0.295982510,-0.547939241,-0.017797330,-0.302001774,0.334668070,1.248201966,0.068906657
-0.000464869,-0.008987847,0.752547383,0.042805796,0.067526293,-0.719634258,0.689735020,-0.304131448,0.082802609,0.102241278,0.534923136,-0.337738633,-0.056032583,-0.331594586,-0.148357511,-0.158049881,0.601478398,-0.183119535,0.169956520,-0.017469689,0.053073604,0.279852271,0.191693306,0.181325659,-0.604364097,0.032467727,-0.301819235,0.347666204,1.228434324,0.037131004
0.003804657,-0.005376660,0.745973468,0.048669683,0.069137266,-0.724038813,0.684557593,-0.340749949,0.075321101,0.121094853,0.588883460,-0.376361787,-0.047183745,-0.449679106,-0.173493311,-0.115646094,0.802361429,-0.206492454,0.176360667,-0.026575256,0.085091747,0.278541774,0.166271105,0.048652820,-0.665858090,0.102261156,-0.301252693,0.363890499,1.197477221,-0.001752518
0.006580650,-0.001859424,0.737727165,0.053905301,0.069676856,-0.727819328,0.680087039,-0.382591605,0.073741153,0.139232457,0.657334685,-0.416101813,-0.043041512,-0.565761805,-0.189661130,-0.075051315,1.002260566,-0.216409177,0.174194202,-0.036853172,0.110253841,0.277966648,0.141603246,-0.096528471,-0.677725673,0.100686565,-0.301711202,0.374857128,1.174459100,-0.005328636
0.009043839,0.001240656,0.729878545,0.058784595,0.069819475,-0.730287517,0.677015328,-0.421055704,0.071569122,0.154880390,0.721132934,-0.451314449,-0.038973752,-0.675430298,-0.208664119,-0.043836121,1.204267859,-0.238387465,0.160835087,-0.048415374,0.125770837,0.277523130,0.119337127,-0.246171504,-0.689222932,0.103049234,-0.302127033,0.385512322,1.157445669,-0.004894965
0.010881409,0.003506411,0.722825289,0.062956007,0.069174493,-0.730197390,0.676803666,-0.452764601,0.068212911,0.165548816,0.775624812,-0.477472067,-0.035054930,-0.772270083,-0.233337626,-0.031380452,1.410491824,-0.284489334,0.125090167,-0.062546201,0.121997245,0.277342916,0.101874575,-0.404738188,-0.699979484,0.113286614,-0.302457631,0.395544648,1.152441978,0.003558435
0.012677184,0.003625252,0.719449282,0.065480044,0.066886393,-0.728477710,0.678644826,-0.462564230,0.060651921,0.173325583,0.794914663,-0.488585413,-0.032793157,-0.840798259,-0.265206099,-0.033463236,1.585575342,-0.326061457,0.075560018,-0.077831596,0.091816776,0.277158201,0.090200931,-0.537385464,-0.690090775,0.116610996,-0.302726030,0.401601970,1.152589679,0.026752608
0.014452062,0.002670595,0.717912018,0.067179230,0.063775611,-0.725931076,0.681501061,-0.461408883,0.050988458,0.179656491,0.796602845,-0.492176354,-0.031359937,-0.895170212,-0.300672174,-0.042815521,1.745087981,-0.365368605,0.019136986,-0.093694292,0.048432358,0.276971251,0.081421852,-0.657072663,-0.669879079,0.116478756,-0.302963376,0.405671746,1.155313134,0.057317451
0.015744135,-0.000753425,0.721875072,0.066406004,0.057472542,-0.725773931,0.682304442,-0.425723493,0.036843814,0.190796390,0.754503489,-0.473379552,-0.032602295,-0.905170321,-0.333502650,-0.063955903,1.825461626,-0.400461644,-0.026789621,-0.106970735,-0.013455113,0.276527047,0.077374212,-0.694498420,-0.636435926,0.127077088,-0.302712142,0.405188739,1.162222862,0.078127146
0.016719598,-0.004831068,0.727407336,0.065304972,0.050500393,-0.727085227,0.681565876,-0.379259169,0.022106625,0.204846814,0.695347726,-0.446032345,-0.034690950,-0.904642880,-0.359173864,-0.083299249,1.877572775,-0.427004457,-0.061857961,-0.118839994,-0.073071159,0.276129395,0.073393121,-0.712775826,-0.598450601,0.149340346,-0.302219540,0.404677212,1.168163300,0.091397755
0.017061861,-0.010215799,0.736077845,0.063548415,0.042190846,-0.731332175,0.677742415,-0.311239094,0.006184672,0.224717766,0.602081776,-0.401585847,-0.038472053,-0.883062482,-0.370526880,-0.099048108,1.873161912,-0.436447203,-0.075210273,-0.127894863,-0.128143281,0.275824845,0.069545045,-0.692759454,-0.551382184,0.194932148,-0.301244348,0.404108763,1.172164917,0.089590751
0.016971488,-0.016848739,0.746299863,0.061156809,0.033343300,-0.737477187,0.671770398,-0.222677335,-0.016415894,0.247062892,0.467898339,-0.332844675,-0.040587418,-0.847850680,-0.368308812,-0.108532399,1.820934534,-0.428471267,-0.069351472,-0.136235595,-0.168617994,0.276342630,0.063914858,-0.671140611,-0.475656658,0.200174108,-0.300782174,0.397408545,1.188396096,0.097656205
0.016664799,-0.024105771,0.757297635,0.058440264,0.024223169,-0.744479600,0.664641330,-0.123844936,-0.042355705,0.270645082,0.313256532,-0.251956403,-0.041869931,-0.805823326,-0.359305382,-0.114884458,1.744799376,-0.411786139,-0.053887289,-0.144219264,-0.201794177,0.277271509,0.057393640,-0.648720562,-0.385602891,0.185241520,-0.300576568,0.387642533,1.210741878,0.110657789
0.015334859,-0.031382065,0.767579079,0.056617313,0.016455885,-0.751843468,0.656700148,-0.035796337,-0.070170075,0.295261115,0.177986220,-0.167817324,-0.043469932,-0.755479693,-0.340599537,-0.112706348,1.614425659,-0.378479064,-0.018996589,-0.152002245,-0.202242374,0.278396726,0.051686738,-0.637545109,-0.298196137,0.174057901,-0.300587922,0.381128877,1.233446598,0.112193309
0.013908667,-0.038325816,0.776666045,0.055239834,0.009412272,-0.758419099,0.649353864,0.033338852,-0.093203217,0.318302333,0.079731867,-0.097026795,-0.045862332,-0.703980088,-0.322311521,-0.106944352,1.471440554,-0.339448452,0.020266425,-0.159180135,-0.200499088,0.279741943,0.044838749,-0.626323581,-0.206098109,0.162083343,-0.300652713,0.374174476,1.253830910,0.116482288
0.012289937,-0.044604700,0.783364654,0.054766925,0.003820452,-0.763597227,0.643354695,0.064650916,-0.106674999,0.338194698,0.055503152,-0.052930228,-0.049839519,-0.650167465,-0.304858774,-0.094014853,1.303230405,-0.288970232,0.068274617,-0.165148079,-0.194373071,0.281527221,0.035708532,-0.615009606,-0.104615837,0.148526683,-0.300824404,0.366338521,1.269575477,0.126277998
0.010256518,-0.050285280,0.786989212,0.055028236,-0.001293516,-0.767140857,0.639112764,0.087833993,-0.117645234,0.353665531,0.043478861,-0.028148223,-0.056685619,-0.589775562,-0.295766532,-0.081576385,1.123202443,-0.231144994,0.107293531,-0.169513255,-0.183788121,0.283844948,0.023964614,-0.601061583,0.029400967,0.132828683,-0.301100671,0.357601017,1.276826143,0.148362070
0.008015756,-0.055666719,0.789076805,0.055656410,-0.006168338,-0.769863791,0.635746852,0.106952660,-0.127364710,0.366925597,0.037556659,-0.013023308,-0.064966157,-0.526094079,-0.290854484,-0.069383413,0.937265694,-0.169646338,0.141817898,-0.173077077,-0.170973718,0.286428869,0.010913871,-0.585796475,0.179684713,0.116060041,-0.301429152,0.348412782,1.279829860,0.176590219
0.004333714,-0.060299709,0.786173105,0.055225489,-0.011166545,-0.770128702,0.635395338,0.125500113,-0.132205129,0.373684347,0.032285847,-0.019554602,-0.070353635,-0.442773104,-0.293550521,-0.054962907,0.736535370,-0.097370170,0.143654168,-0.171175256,-0.162724882,0.289536119,-0.005230854,-0.568127334,0.306371212,0.115591638,-0.301615834,0.340254456,1.283137321,0.181213215
-0.000087514,-0.065162197,0.781684756,0.053851412,-0.015896527,-0.769118200,0.636635312,0.144522354,-0.133163467,0.374916553,0.027615542,-0.043594446,-0.078188576,-0.353391260,-0.294695765,-0.047692847,0.547177672,-0.054031979,0.146159083,-0.169740945,-0.154507622,0.292843938,-0.022750765,-0.542958677,0.429173738,0.108086355,-0.301957786,0.330915540,1.287417650,0.205858529
-0.005987141,-0.070483670,0.774026990,0.050591177,-0.020089812,-0.765558341,0.641059559,0.164494157,-0.126357511,0.365095496,0.024146272,-0.102652058,-0.090918556,-0.251887441,-0.292739362,-0.054723933,0.380565673,-0.068570845,0.150001332,-0.169241607,-0.146353513,0.296552867,-0.043021098,-0.502790689,0.544208288,0.086507052,-0.302610219,0.319215477,1.293644071,0.270549238
-0.011327014,-0.075275928,0.773459911,0.049569546,-0.023570050,-0.763737311,0.643189422,0.175938368,-0.121934593,0.357025802,0.030060505,-0.118254699,-0.099478491,-0.195897162,-0.289941102,-0.056119949,0.297151327,-0.067137390,0.149688691,-0.164762706,-0.138102502,0.300359040,-0.065798923,-0.437593758,0.634497285,0.052563902,-0.303485572,0.305911571,1.314098835,0.343432724
-0.016386904,-0.079803474,0.776438117,0.049667826,-0.026693842,-0.762793755,0.644178728,0.183118477,-0.118703283,0.349831969,0.040666468,-0.112129137,-0.105953217,-0.162665159,-0.286721975,-0.054698337,0.255338162,-0.057717651,0.147298560,-0.158294067,-0.129803240,0.304213732,-0.089830086,-0.359883338,0.712411642,0.012439356,-0.304472387,0.291806042,1.341667533,0.420411289
-0.020809172,-0.082831368,0.783070207,0.051708230,-0.029426479,-0.763812977,0.642689720,0.195401475,-0.122277163,0.327484399,0.028390486,-0.052443489,-0.098055929,-0.168448448,-0.286674291,-0.039463516,0.281379163,-0.015362753,0.167844400,-0.155532524,-0.118859820,0.306978106,-0.112953410,-0.261110306,0.644203782,0.003237978,-0.304882914,0.281736165,1.401607990,0.452030301
-0.025175106,-0.085102819,0.789086282,0.053343828,-0.031555528,-0.765548097,0.640386442,0.202838957,-0.123450175,0.307170272,0.022690330,0.013916587,-0.087567218,-0.180597365,-0.284374297,-0.018762831,0.316527873,0.025250211,0.191086262,-0.150712356,-0.106903650,0.309488147,-0.134904057,-0.143285289,0.587338924,-0.012520121,-0.305280268,0.270593017,1.442530155,0.498908490
-0.029428490,-0.085861526,0.793870389,0.054170217,-0.032477662,-0.768720094,0.636459116,0.200586110,-0.119821757,0.290922284,0.030141018,0.093626536,-0.071895659,-0.205477223,-0.277569860,0.012869561,0.369891912,0.062380515,0.219720483,-0.141775012,-0.092921764,0.311489582,-0.154510036,0.012644839,0.553157449,-0.041391399,-0.305651277,0.257303178,1.445419073,0.576304674
-0.034653567,-0.085114658,0.795697212,0.055586863,-0.032459425,-0.772560485,0.631669837,0.167093635,-0.107460983,0.290186673,0.095182307,0.147047132,-0.041043554,-0.234869629,-0.269914508,0.037235897,0.432762325,0.065233044,0.230977863,-0.128225967,-0.088951424,0.313862115,-0.175042003,0.183849677,0.464363754,-0.077615567,-0.305852652,0.236293495,1.433154583,0.601852775
-0.040364478,-0.083615012,0.796045542,0.057296896,-0.031970012,-0.776711141,0.626430193,0.117981665,-0.090734109,0.297207087,0.189018339,0.187323332,-0.002601315,-0.266518235,-0.261833668,0.057969280,0.500385880,0.050946999,0.233547002,-0.112371124,-0.089986764,0.316420168,-0.196036935,0.362691730,0.348264426,-0.117516115,-0.305969298,0.211423978,1.413313508,0.601477265
-0.047986031,-0.081375405,0.791152120,0.059108185,-0.028683272,-0.777892201,0.624953771,-0.008246060,-0.038852565,0.326661527,0.449336201,0.108167380,0.042735267,-0.286417484,-0.252508044,0.047020324,0.543399632,0.005831398,0.199982047,-0.099277616,-0.090357006,0.317525119,-0.200800762,0.509939969,0.156988069,-0.074743912,-0.303885818,0.201716304,1.292773366,0.569354832
-0.055875473,-0.079113156,0.784524262,0.060433733,-0.024495180,-0.777970337,0.624907917,-0.130175471,0.011907306,0.341990620,0.694630921,0.037056927,0.067981124,-0.301735163,-0.241223752,0.029178003,0.574959278,-0.050600052,0.170242891,-0.086376823,-0.093191288,0.318450153,-0.200776830,0.647068739,-0.026141135,-0.043309458,-0.301931918,0.191480637,1.155410647,0.550393879
-0.064300723,-0.076805621,0.774427533,0.060787570,-0.018504444,-0.775840387,0.627721395,-0.243508056,0.060423791,0.329068482,0.909878790,-0.017962251,0.053044770,-0.307889551,-0.226022109,-0.002451302,0.583610237,-0.129663631,0.148155406,-0.073861435,-0.100953780,0.319015354,-0.191177219,0.763958335,-0.192975700,-0.034550913,-0.300237268,0.180189043,0.984402478,0.557756364
-0.071859658,-0.074005835,0.761358738,0.061241833,-0.011930717,-0.773693657,0.630480151,-0.356844455,0.099246934,0.304705679,1.110587358,-0.068675369,0.018431569,-0.334225148,-0.210605323,-0.027752094,0.624558091,-0.224887967,0.127940252,-0.059129313,-0.121283822,0.320045143,-0.173714966,0.864118695,-0.310744464,-0.094461203,-0.299794018,0.160118014,0.812418342,0.536732554
-0.078985266,-0.070959985,0.746804178,0.061744250,-0.005065383,-0.771512634,0.633190528,-0.470180631,0.133222565,0.274622887,1.304022312,-0.117234454,-0.026019583,-0.370651007,-0.195081264,-0.049888082,0.681653976,-0.328191012,0.108661667,-0.043289077,-0.147897378,0.321307182,-0.152321652,0.955912411,-0.403977603,-0.188705429,-0.299976468,0.135657594,0.639949560,0.501515687
-0.084522784,-0.066936463,0.732653975,0.065435618,0.000762614,-0.772242368,0.631948830,-0.581377566,0.154546365,0.264872581,1.469205618,-0.156229988,-0.047087938,-0.438896179,-0.187415361,-0.054362431,0.791413546,-0.391545653,0.099096946,-0.021241948,-0.126851097,0.321068168,-0.131775886,1.021714687,-0.511101127,-0.185830653,-0.298205614,0.133631825,0.520010233,0.584417045
-0.089414693,-0.063370898,0.720333517,0.068678418,0.005578470,-0.773005831,0.630645812,-0.681015790,0.171949178,0.259427518,1.615357161,-0.191871494,-0.060874768,-0.497445732,-0.181178257,-0.058788504,0.885363460,-0.443688750,0.090924457,0.000985118,-0.094609842,0.320382625,-0.113428161,1.083149433,-0.594514370,-0.186745673,-0.296249807,0.132817835,0.386857420,0.678890944
-0.093015417,-0.060721226,0.711672246,0.071028789,0.008369992,-0.773892499,0.629265647,-0.757537067,0.181509972,0.262593210,1.723446012,-0.220805138,-0.060098268,-0.536604226,-0.177798748,-0.063118085,0.947694361,-0.473408759,0.085536405,0.023572346,-0.039977513,0.318804204,-0.099476397,1.135849714,-0.630506754,-0.195240453,-0.293924093,0.134427488,0.227275074,0.796511769
-0.095710829,-0.059035629,0.706844330,0.071097778,0.010211861,-0.772312661,0.631168739,-0.810064554,0.184271634,0.262531579,1.793430805,-0.238793135,-0.060669847,-0.552938223,-0.175935626,-0.073310532,0.979324460,-0.491274297,0.080875024,0.042099491,0.020113083,0.317034423,-0.092434317,1.165729284,-0.607979774,-0.233564764,-0.292599618,0.135342538,0.087544195,0.821391881
-0.097953603,-0.057832036,0.703932941,0.070025099,0.011578772,-0.769488675,0.634704337,-0.850595832,0.183633849,0.260856420,1.844364524,-0.251308590,-0.061915454,-0.557860494,-0.174830630,-0.086434379,0.995604813,-0.503212929,0.076576933,0.058596771,0.082933113,0.315169036,-0.088846892,1.184199095,-0.556194007,-0.286803633,-0.291775703,0.135910302,-0.042262174,0.799903333
-0.099383503,-0.058084771,0.706841230,0.068371001,0.014207919,-0.764372144,0.640982657,-0.860935032,0.185880899,0.261969537,1.842530370,-0.269218862,-0.060956992,-0.542791188,-0.171081901,-0.103101507,0.973777413,-0.494630396,0.070158623,0.069708169,0.154271767,0.313089281,-0.094712391,1.186051488,-0.489975810,-0.335885823,-0.291685849,0.141039401,-0.136531681,0.785334766
-0.100755036,-0.058606174,0.711299777,0.066604226,0.017192848,-0.758808664,0.647670977,-0.861499906,0.190933123,0.265284359,1.825054169,-0.288246095,-0.058637820,-0.521964431,-0.165648386,-0.120842524,0.940694511,-0.480830580,0.062857881,0.079380848,0.235622913,0.310377538,-0.105358884,1.171966076,-0.420523137,-0.383485436,-0.291654319,0.145928681,-0.225595325,0.771244347
-0.102009885,-0.059664927,0.718859136,0.064615624,0.020889721,-0.752388981,0.655209327,-0.842516065,0.201595783,0.273002744,1.776292801,-0.309507191,-0.053597167,-0.489622682,-0.156845242,-0.140731364,0.885100007,-0.456596047,0.053792235,0.086176030,0.336999416,0.306401849,-0.125567526,1.126004338,-0.344601393,-0.428119779,-0.291739523,0.150338292,-0.304246962,0.758110285
-0.102779612,-0.061756231,0.728066623,0.060687845,0.023807191,-0.745442130,0.663374882,-0.804880381,0.212629318,0.278490365,1.702655315,-0.316742718,-0.051586539,-0.441333890,-0.144384503,-0.162150592,0.802390456,-0.422611207,0.046762954,0.089727342,0.403688788,0.303340852,-0.144445419,1.103175044,-0.262688279,-0.461245537,-0.293061972,0.165458277,-0.362870127,0.682330132
-0.103306770,-0.064363860,0.738098383,0.055785176,0.026332661,-0.738165045,0.671793846,-0.757917821,0.223848462,0.282862663,1.616578221,-0.316965193,-0.051090978,-0.385070533,-0.130094767,-0.184335321,0.706121504,-0.383750528,0.040751819,0.091656670,0.453034520,0.300737202,-0.162658140,1.091912270,-0.177778289,-0.488617152,-0.295003116,0.185933933,-0.411479324,0.575224340
-0.102734186,-0.068231583,0.749518991,0.049512968,0.027528001,-0.729473645,0.681658915,-0.691917777,0.228622556,0.278048635,1.504578590,-0.298482180,-0.066058025,-0.314057887,-0.113225266,-0.208773106,0.593211532,-0.321561694,0.035969775,0.089648895,0.495743990,0.298271120,-0.183473855,1.073724985,-0.102499381,-0.506876767,-0.298476756,0.219329715,-0.413860261,0.447274685
-0.101829112,-0.072281614,0.760528922,0.042953126,0.028079823,-0.720922880,0.691112693,-0.621018589,0.231415033,0.271101356,1.383520603,-0.273472935,-0.084185824,-0.241411448,-0.095836870,-0.232060447,0.479017586,-0.252411664,0.033251271,0.087367840,0.527883410,0.296134323,-0.201367259,1.070742965,-0.045690499,-0.525938869,-0.302488327,0.258241504,-0.393097043,0.290575832
-0.100259028,-0.076696254,0.770717084,0.035830564,0.027350745,-0.712820513,0.699896438,-0.540320814,0.230244249,0.259887457,1.244344950,-0.235411018,-0.108635277,-0.165497258,-0.077410661,-0.253046930,0.362255722,-0.169339016,0.034659933,0.084540226,0.538882375,0.294655979,-0.213416010,1.098172307,-0.025822379,-0.546605825,-0.307575762,0.308185488,-0.326044559,0.076377705
-0.097843811,-0.080727294,0.779362559,0.029481253,0.026005968,-0.705368772,0.707749560,-0.454168022,0.226397887,0.248240799,1.092876792,-0.190883279,-0.130380929,-0.101270124,-0.062912993,-0.270975262,0.270004213,-0.096603364,0.036560670,0.082021222,0.557413876,0.293082178,-0.226289064,1.097411633,-0.008739619,-0.566228390,-0.312950194,0.366853595,-0.241394714,-0.133037716
-0.095005997,-0.084566519,0.787236512,0.023517559,0.024352019,-0.698204255,0.715097701,-0.365287572,0.221213683,0.236377805,0.935262322,-0.143122509,-0.150774613,-0.042886745,-0.050379682,-0.287374467,0.190008402,-0.029036403,0.038707454,0.079656526,0.579711735,0.291460633,-0.239574283,1.082555294,0.006950407,-0.585328817,-0.318468064,0.429883927,-0.147945851,-0.340061694
-0.091693684,-0.087810598,0.791436553,0.017578357,0.021744629,-0.691867849,0.721482537,-0.268856138,0.212053567,0.217502713,0.754353881,-0.072864734,-0.167146251,-0.006947828,-0.044912193,-0.299753815,0.158398464,0.015242667,0.035643339,0.076960966,0.599362791,0.289586544,-0.253300130,1.065763831,-0.001296393,-0.606252789,-0.323997557,0.502751708,-0.041060172,-0.544033468
-0.088159829,-0.090977877,0.794414461,0.011858260,0.019332184,-0.685317834,0.727890867,-0.171138018,0.202711254,0.196251273,0.568614900,-0.003956405,-0.184566453,0.022519536,-0.041646391,-0.313759655,0.140837699,0.043437272,0.033128351,0.074753039,0.614572287,0.287940502,-0.265336663,1.052926421,-0.012113687,-0.620950818,-0.328773260,0.568178177,0.061679788,-0.740950406
-0.084182747,-0.093991771,0.794948816,0.006578920,0.017312478,-0.678426606,0.734434705,-0.070841938,0.193004176,0.170246586,0.373206675,0.062256142,-0.204084635,0.039046682,-0.042783331,-0.331019074,0.151371360,0.039467014,0.031711537,0.073520221,0.620900035,0.286750495,-0.273995370,1.047996044,-0.028071582,-0.623198569,-0.332041830,0.618726015,0.156133696,-0.923768282
-0.080227800,-0.096505597,0.793101430,0.001751027,0.016355533,-0.670747100,0.741503715,0.012138771,0.186629683,0.150915951,0.209372133,0.083954722,-0.211325943,0.067993194,-0.036129877,-0.348185688,0.125383005,0.035391826,0.032358337,0.071988568,0.622124314,0.285750747,-0.281879961,1.038936019,-0.040929578,-0.618318677,-0.334771156,0.663631558,0.233627468,-1.063570261
-0.076283932,-0.098769389,0.790063322,-0.002850977,0.015928774,-0.662622960,0.748778311,0.086461969,0.181921467,0.134922311,0.061324120,0.083396740,-0.212428913,0.103149258,-0.025581302,-0.365305901,0.081134006,0.031264175,0.034036919,0.070307508,0.620796978,0.284846157,-0.289377481,1.027811050,-0.052237652,-0.609875023,-0.337230921,0.705715835,0.302641332,-1.181864619
-0.072698489,-0.100550398,0.785051465,-0.006961388,0.017389188,-0.652847031,0.757258152,0.076994553,0.188731611,0.112189367,0.071017168,-0.000998896,-0.203830540,0.118352756,-0.016834918,-0.389289886,0.072536066,-0.015179051,0.042151384,0.069800586,0.601200223,0.284359515,-0.292257607,1.055175424,-0.098557442,-0.607639968,-0.339604795,0.744821429,0.383433908,-1.247003913
-0.069292359,-0.101861954,0.780111074,-0.010540612,0.019947319,-0.642196142,0.766208271,0.066845886,0.196424544,0.086858094,0.074446112,-0.072222009,-0.196936175,0.130023435,-0.006972592,-0.414833903,0.064701401,-0.064548418,0.049557995,0.069537356,0.577464342,0.283962041,-0.294845283,1.070966601,-0.133747235,-0.599707425,-0.341863275,0.782164097,0.452489465,-1.276471615
-0.066244997,-0.102234557,0.775313616,-0.013057295,0.024702163,-0.629879436,0.776190187,0.055335145,0.205882758,0.056331187,0.065346956,-0.117097847,-0.193450004,0.134628132,0.005121206,-0.443497062,0.058393534,-0.119768061,0.055548642,0.069761492,0.545451283,0.283742875,-0.296847880,1.063611507,-0.146676093,-0.580380380,-0.343890935,0.815979660,0.498068929,-1.234596133
-0.063456103,-0.101901703,0.773616195,-0.015435621,0.030718894,-0.617795633,0.785586817,0.030497728,0.216449708,0.019323025,0.079298839,-0.133643508,-0.191720128,0.137268722,0.020272061,-0.467375815,0.048056599,-0.143534303,0.059005551,0.072788626,0.497306705,0.283883274,-0.295755625,1.078562140,-0.185354412,-0.573872864,-0.345848888,0.841498971,0.568702579,-1.143491745
-0.060796440,-0.101216123,0.773468912,-0.017742329,0.037361545,-0.605745878,0.794582441,-0.001002906,0.227571040,-0.020925699,0.104776025,-0.136024371,-0.190868393,0.138927281,0.036951419,-0.488862395,0.035705168,-0.151574135,0.061195616,0.077217214,0.441096485,0.284203440,-0.293115944,1.104665279,-0.236907214,-0.573774993,-0.347771972,0.862870157,0.651863158,-1.027773261
-0.057285689,-0.099517457,0.775503457,-0.018927068,0.042237875,-0.600419114,0.798344923,-0.025747545,0.229916826,-0.049077477,0.129370317,-0.130225480,-0.183982968,0.138377786,0.046117038,-0.489725262,0.023729004,-0.125115529,0.065856814,0.085591838,0.372738421,0.284675896,-0.286708772,1.109777808,-0.328773081,-0.562994123,-0.349154174,0.870623231,0.745967150,-0.821947753
-0.053579085,-0.097568065,0.777465165,-0.019755745,0.046705577,-0.596837211,0.800758167,-0.047149330,0.230478019,-0.071102679,0.150234878,-0.123035096,-0.175958768,0.134950668,0.051188052,-0.487751424,0.016219925,-0.094971716,0.073464029,0.092854016,0.301091552,0.285191268,-0.278002888,1.115956426,-0.425856799,-0.556766689,-0.350528717,0.874942780,0.853103638,-0.615434647
-0.049480662,-0.095117129,0.779281199,-0.019874232,0.050360377,-0.596807543,0.800555810,-0.061865643,0.227469936,-0.080874741,0.163640186,-0.113061383,-0.165656745,0.125767931,0.048069634,-0.480103791,0.017645217,-0.057456404,0.086963713,0.097891375,0.222865015,0.285792559,-0.264699131,1.124267101,-0.533379138,-0.559646666,-0.351888001,0.872395158,0.986308873,-0.407540888
-0.045138590,-0.092652418,0.780470729,-0.019736228,0.054495672,-0.597744430,0.799588832,-0.077106297,0.224377126,-0.085682355,0.177613705,-0.115039498,-0.156906828,0.112921581,0.043253232,-0.468867362,0.026321113,-0.017905008,0.104613170,0.099907830,0.147768632,0.286277562,-0.248753846,1.099758148,-0.607443690,-0.548622191,-0.352863908,0.866552353,1.102736831,-0.203148574
-0.040674653,-0.090180770,0.781347096,-0.019469664,0.058870413,-0.599155732,0.798227797,-0.092609525,0.221241862,-0.088008016,0.191871867,-0.122993164,-0.148932770,0.098243065,0.037587646,-0.455836445,0.038622774,0.022664545,0.124337479,0.100413948,0.074236043,0.286704391,-0.231487498,1.058840275,-0.664781570,-0.530645549,-0.353648245,0.859061718,1.210778117,-0.000504367
-0.036056928,-0.086353734,0.779280603,-0.017075724,0.064449807,-0.602223791,0.795538275,-0.127599344,0.215209216,-0.086230338,0.236865640,-0.149116963,-0.139718905,0.051391121,0.015148718,-0.435428619,0.107390597,0.040882803,0.141847759,0.096417904,-0.013743699,0.286651015,-0.198324338,0.992808521,-0.681135654,-0.468168259,-0.353880942,0.834504962,1.278287172,0.185486585
-0.031346593,-0.082421482,0.776193917,-0.013739629,0.069927595,-0.605889320,0.792350608,-0.168774530,0.207239509,-0.082546435,0.294152319,-0.181875587,-0.131034881,-0.017005131,-0.017035786,-0.410937220,0.219549149,0.035104066,0.158044577,0.090998292,-0.086072311,0.286368042,-0.166841671,0.904325843,-0.698248863,-0.422533423,-0.354149699,0.808104277,1.356363654,0.349184990
-0.026451029,-0.078278795,0.771066964,-0.008520030,0.075203287,-0.610764700,0.788186752,-0.222320005,0.195395842,-0.075050265,0.376023829,-0.227903336,-0.123410515,-0.128488347,-0.068710692,-0.378279090,0.418485880,-0.018666836,0.171614587,0.082731709,-0.127099857,0.285625815,-0.138719887,0.770942926,-0.716880441,-0.410582066,-0.354490727,0.778015733,1.455574036,0.468299925
-0.021047654,-0.073455267,0.763571262,-0.002039800,0.079530177,-0.617248752,0.782735439,-0.282954216,0.180514485,-0.063815460,0.474804103,-0.278328896,-0.117525876,-0.248494923,-0.121925548,-0.339200974,0.629764676,-0.069380656,0.171855032,0.071967065,-0.156743854,0.284407824,-0.115867227,0.622129321,-0.762406349,-0.362249583,-0.354160905,0.745785952,1.499756813,0.584058762
-0.015390301,-0.068291269,0.754890859,0.005070678,0.083374698,-0.624476650,0.776564139,-0.347133398,0.164114103,-0.050711103,0.582039893,-0.330953985,-0.112511016,-0.372764677,-0.175911024,-0.296912313,0.847217262,-0.118566640,0.165430412,0.059953216,-0.180696473,0.282951921,-0.095648885,0.465598345,-0.821379542,-0.295727432,-0.353495687,0.712485313,1.516427517,0.698140025
-0.009459153,-0.062868565,0.743145347,0.012386610,0.083804121,-0.632972520,0.769525328,-0.404510915,0.146853492,-0.030060526,0.686259270,-0.382664502,-0.105796576,-0.496090710,-0.228681594,-0.245101720,1.075125933,-0.170938700,0.130594343,0.044261001,-0.202037796,0.281666368,-0.078489691,0.301707745,-0.854642630,-0.343527585,-0.354435265,0.678736210,1.587501645,0.742499292
-0.003829471,-0.058003511,0.731296539,0.019061264,0.083323527,-0.640936114,0.762820265,-0.455728889,0.130926266,-0.009166569,0.783105016,-0.433226228,-0.097844876,-0.612318575,-0.279420704,-0.193587646,1.299714088,-0.226855561,0.089464337,0.027690647,-0.223731533,0.280516058,-0.062976316,0.142882228,-0.869697690,-0.383810729,-0.355482429,0.646519780,1.642318249,0.771202683
0.001197304,-0.054253705,0.719241261,0.024455201,0.081040904,-0.647969244,0.756947933,-0.494628280,0.117665738,0.012214135,0.865204036,-0.481490374,-0.087418765,-0.714350760,-0.326097101,-0.142666593,1.517661810,-0.289861798,0.035746910,0.009364086,-0.246130079,0.279636204,-0.050754435,-0.005813401,-0.848338127,-0.409060478,-0.356744826,0.617368519,1.664620638,0.768595457
0.005372696,-0.052011702,0.709643662,0.028698851,0.078673366,-0.653443955,0.752328303,-0.519917130,0.107547306,0.031000376,0.926276684,-0.521600127,-0.075976834,-0.796985626,-0.362638503,-0.097494595,1.710096955,-0.347721756,-0.016621824,-0.010096133,-0.272953153,0.278540671,-0.041073225,-0.134525657,-0.833113313,-0.316603810,-0.356302857,0.592106819,1.617857933,0.750505090
0.009122405,-0.050523590,0.701274931,0.032366894,0.076262831,-0.658133739,0.748329036,-0.538400769,0.098999903,0.048489407,0.976836145,-0.557632625,-0.064027019,-0.869922101,-0.394112557,-0.055197056,1.889776111,-0.403008640,-0.068316229,-0.030123169,-0.301988453,0.277337313,-0.032662317,-0.253246397,-0.820955694,-0.165295020,-0.355008721,0.568789899,1.536563277,0.724673331
0.011115224,-0.050946355,0.698234320,0.033357580,0.072702021,-0.662760987,0.744546548,-0.535568535,0.093550071,0.061537743,0.990868449,-0.571084082,-0.056105420,-0.909371138,-0.412123621,-0.029831987,2.012687922,-0.432501018,-0.112569660,-0.048474915,-0.354929656,0.276757181,-0.021904949,-0.322000802,-0.703297377,-0.134470701,-0.354828298,0.544380903,1.478846788,0.678262472
0.012775339,-0.051821616,0.696819425,0.033996712,0.068797976,-0.667951225,0.740237950,-0.526146352,0.089044273,0.075447597,0.995292366,-0.579352558,-0.049654633,-0.938882232,-0.425125659,-0.010980814,2.112809658,-0.454197854,-0.149271876,-0.064721927,-0.408814996,0.276477575,-0.011639602,-0.369140685,-0.582438827,-0.108572811,-0.354709685,0.520712018,1.428647518,0.624665380
0.013770045,-0.053601895,0.698656380,0.033933435,0.064209350,-0.674282392,0.734893827,-0.503543794,0.086426534,0.091080703,0.980499268,-0.577254891,-0.046145488,-0.948516846,-0.428109646,-0.005157609,2.167350531,-0.460303247,-0.170871615,-0.076759532,-0.464589238,0.276798844,-0.002358200,-0.373050600,-0.455178082,-0.092527814,-0.354714870,0.498522848,1.393482208,0.556694567
0.014299536,-0.056359999,0.703690708,0.033996795,0.059572274,-0.681117612,0.728954155,-0.469362110,0.083455868,0.108782917,0.942733645,-0.563209295,-0.044574641,-0.944823861,-0.421788037,-0.006339303,2.177863598,-0.456057042,-0.171695173,-0.085412778,-0.505820572,0.277457207,0.001924774,-0.349210382,-0.338277578,-0.024958527,-0.353895098,0.482455045,1.340509176,0.476770103
0.014596431,-0.059607010,0.710323632,0.034121359,0.054907453,-0.688161996,0.722671414,-0.429390818,0.080308728,0.127519771,0.893481791,-0.543189943,-0.043972906,-0.934467256,-0.410813719,-0.011023343,2.166363239,-0.446635127,-0.162130967,-0.092373945,-0.539780915,0.278284073,0.003708642,-0.311495364,-0.226556301,0.068372510,-0.352662891,0.469447762,1.278632283,0.390868515
0.013850503,-0.064201534,0.721285224,0.033661501,0.049341057,-0.695406212,0.716130270,-0.366564989,0.072404981,0.147888303,0.797688842,-0.502133727,-0.045363639,-0.900780082,-0.388737381,-0.017966023,2.091366053,-0.421862125,-0.131345361,-0.097012892,-0.540946424,0.279914916,-0.006164690,-0.269084394,-0.073539361,0.137016565,-0.351348847,0.458887160,1.221403599,0.321720004
0.013019855,-0.069233395,0.732985020,0.032897432,0.043669857,-0.702327658,0.709751058,-0.296401054,0.062032573,0.166646168,0.686219871,-0.449901044,-0.046784233,-0.859541535,-0.366486579,-0.026759429,1.996973753,-0.397258162,-0.096416801,-0.101855487,-0.534088969,0.281634927,-0.019821171,-0.226495177,0.066228434,0.200640723,-0.349987656,0.448823452,1.171090364,0.259582341
0.012019768,-0.075139977,0.746161103,0.031529582,0.037796407,-0.708697058,0.703793860,-0.211560756,0.046722721,0.182182670,0.543398261,-0.375315219,-0.048264548,-0.803200006,-0.343886852,-0.039254360,1.863790631,-0.372992188,-0.053202171,-0.107105426,-0.511185229,0.283533275,-0.041044097,-0.183549404,0.179497406,0.254224896,-0.348532110,0.439753413,1.134608269,0.211466730
0.010698295,-0.081385240,0.759158194,0.029772334,0.032485031,-0.714318518,0.698432091,-0.113281876,0.027889801,0.195285007,0.369741201,-0.276941955,-0.051934049,-0.736322045,-0.320391238,-0.054118603,1.697787404,-0.343162060,-0.009064067,-0.113595203,-0.486961156,0.286282480,-0.066443101,-0.128601328,0.318186104,0.255714655,-0.347474366,0.425029516,1.124411821,0.198970288
0.009216125,-0.087799847,0.772065759,0.027819546,0.027453991,-0.719543408,0.693346692,-0.008283461,0.007295280,0.207170218,0.180665821,-0.166674450,-0.056698181,-0.664175689,-0.296447635,-0.070167542,1.515373588,-0.310549766,0.035535790,-0.120704927,-0.462076902,0.289457113,-0.093930207,-0.067651883,0.469585150,0.231156230,-0.346615493,0.407478541,1.127358437,0.204284117
0.006160515,-0.092888802,0.782667875,0.026294105,0.024760043,-0.722695719,0.690222035,0.036642313,0.002129688,0.206990257,0.113571629,-0.093746670,-0.066710860,-0.586252332,-0.269373029,-0.086417623,1.299487829,-0.266754925,0.084286049,-0.128564402,-0.442745984,0.291204929,-0.110827446,0.006369516,0.562675238,0.237546384,-0.345864534,0.400167078,1.138960838,0.208968669
0.002640624,-0.097692385,0.792093396,0.024854080,0.022191199,-0.725210935,0.687720092,0.073935449,-0.000321048,0.204370767,0.061239049,-0.025301676,-0.076699317,-0.505149901,-0.241185695,-0.100704499,1.075490594,-0.212557629,0.129845157,-0.136364043,-0.423809230,0.292873114,-0.127983809,0.082226574,0.633155167,0.250211358,-0.344973326,0.393250644,1.147854209,0.216461569
-0.001807888,-0.101925388,0.799166083,0.023585982,0.019873525,-0.726482347,0.686492640,0.095965713,0.002657509,0.196872413,0.038425408,0.034180388,-0.086639456,-0.417687416,-0.210772336,-0.111065313,0.835265100,-0.137554199,0.169023007,-0.144044265,-0.405660063,0.294382036,-0.145659074,0.161756575,0.658417642,0.275425613,-0.343801588,0.387123704,1.151329279,0.229571372
-0.006569536,-0.105325803,0.803021431,0.022333910,0.017774640,-0.727042448,0.685998934,0.110785626,0.008865921,0.187754333,0.027536511,0.075501829,-0.096445709,-0.328050762,-0.180756733,-0.115960330,0.606213808,-0.054458011,0.190944344,-0.150923997,-0.391339272,0.296146840,-0.163524121,0.237513646,0.704632819,0.279894650,-0.342774063,0.377888203,1.146675229,0.274751365
-0.011487664,-0.108309858,0.805268049,0.021089855,0.015785185,-0.727245941,0.685871261,0.122000016,0.016689174,0.177826539,0.022610305,0.107741989,-0.106184840,-0.237328693,-0.150940597,-0.118122295,0.382753998,0.032683048,0.204236850,-0.157403350,-0.378932953,0.298039556,-0.181483731,0.311382771,0.761323690,0.273990840,-0.341818660,0.367098451,1.137956619,0.335965872
-0.017033104,-0.111224845,0.802817106,0.018591820,0.012360590,-0.727973321,0.685241858,0.135967910,0.022027101,0.170773849,0.026782287,0.100676611,-0.111237429,-0.161480248,-0.124890171,-0.123248398,0.242089272,0.089546598,0.174304217,-0.160799026,-0.373111039,0.300003380,-0.198399663,0.391214609,0.748903930,0.260310769,-0.340914667,0.354371667,1.140994668,0.380536139
-0.022797383,-0.113949142,0.799228430,0.015890599,0.008953748,-0.729488117,0.683750251,0.146797314,0.028539684,0.164699391,0.039309554,0.079958126,-0.116700262,-0.096741535,-0.099568315,-0.128757894,0.136185423,0.108651586,0.135235652,-0.162642837,-0.364767313,0.301820010,-0.215259612,0.464487404,0.718219995,0.258101523,-0.339828700,0.343102306,1.138051033,0.413498223
-0.028999468,-0.116292156,0.793364406,0.012783128,0.005582507,-0.732580809,0.680537131,0.151350260,0.037401613,0.160581157,0.068546854,0.031934287,-0.122983664,-0.054219589,-0.075702898,-0.135034293,0.099797145,0.052243795,0.077895105,-0.161383182,-0.351379931,0.303342253,-0.232007995,0.524644613,0.651008904,0.278832674,-0.338378727,0.334747463,1.123144746,0.423245996
-0.034800474,-0.117948174,0.786679626,0.010184095,0.003242998,-0.736832858,0.675990463,0.149219349,0.047423981,0.163185239,0.106327236,-0.012408111,-0.123028390,-0.021995492,-0.052436113,-0.129256815,0.078266166,0.005168729,0.032997958,-0.157972038,-0.339580745,0.304956853,-0.247179776,0.598166347,0.609261930,0.281222135,-0.337109327,0.325360060,1.099954367,0.433837950
-0.040400945,-0.119260699,0.779584587,0.007838968,0.001419283,-0.741638181,0.670752820,0.143746555,0.058026560,0.169150412,0.148379073,-0.054909829,-0.119953834,0.005079772,-0.029468637,-0.117452532,0.064163685,-0.037240062,-0.005677614,-0.153485164,-0.328575611,0.306617647,-0.261563271,0.678370178,0.580246747,0.274440914,-0.335930169,0.315456390,1.072622299,0.444851995
-0.044892091,-0.118301883,0.772577643,0.007815420,0.001681449,-0.747333672,0.664400839,0.068689823,0.077160269,0.168020979,0.322431058,-0.135791048,-0.099928916,-0.059860781,-0.027095195,-0.097493336,0.199475840,-0.112218536,-0.016540553,-0.143749699,-0.321352214,0.309905797,-0.282004714,0.753077507,0.534026921,0.249720931,-0.333905250,0.298224688,1.060466051,0.420398235
-0.049155593,-0.116912760,0.765372813,0.007882446,0.002345155,-0.752432281,0.658618274,-0.013724767,0.097517282,0.165678471,0.507459879,-0.204499722,-0.070177823,-0.121961683,-0.023083068,-0.080184028,0.326293558,-0.179810062,-0.024214804,-0.133438021,-0.316782296,0.313140988,-0.299283326,0.823919952,0.481098592,0.220942587,-0.332114935,0.281970173,1.045228362,0.388794899
-0.052963801,-0.114662975,0.757772267,0.008131366,0.003812085,-0.756408103,0.654038325,-0.110855356,0.120320946,0.160909742,0.714442968,-0.248862833,-0.020974012,-0.178383172,-0.015793517,-0.068174601,0.436122000,-0.232627451,-0.025511555,-0.121973909,-0.317519486,0.316270292,-0.310236216,0.887032270,0.414752960,0.184047386,-0.330793917,0.267670006,1.023827672,0.342892140
-0.056740098,-0.112406582,0.749254942,0.007502809,0.005629534,-0.758289162,0.651850874,-0.204491183,0.141810551,0.148608312,0.904267907,-0.263566583,0.027249195,-0.226758182,-0.007035222,-0.064424925,0.533200324,-0.279774576,-0.024002939,-0.112335011,-0.313148379,0.319510162,-0.317623287,0.936366439,0.357148826,0.138014272,-0.330410421,0.254378378,1.003314376,0.284196734
-0.060500368,-0.110146932,0.740279436,0.006435579,0.007622226,-0.759128306,0.650864579,-0.296377808,0.162642702,0.132540703,1.085510015,-0.263440102,0.074981168,-0.271108925,0.002457293,-0.064805292,0.623901546,-0.324085653,-0.021091638,-0.103608921,-0.306223154,0.322805256,-0.323227286,0.978810549,0.303916603,0.087413020,-0.330495745,0.241591305,0.983245254,0.219106063
-0.064008817,-0.108697645,0.731670558,0.005166237,0.009395906,-0.758793227,0.651243322,-0.373070270,0.174125135,0.101102397,1.230179548,-0.260154039,0.075767800,-0.302709997,0.010526285,-0.072746277,0.691502273,-0.371365041,-0.016535832,-0.093487605,-0.246598721,0.323913097,-0.329119295,0.945444465,0.212636322,0.153507844,-0.328496248,0.247845069,0.906413674,0.188949078
-0.066942461,-0.107728958,0.724848270,0.003778063,0.010714850,-0.758704252,0.651336147,-0.436739922,0.181789175,0.072385356,1.351081371,-0.258034974,0.071129546,-0.326106966,0.017671704,-0.078931153,0.743458152,-0.408134311,-0.012770963,-0.082638547,-0.199202135,0.325207442,-0.332638443,0.934708953,0.145927832,0.186457217,-0.327205658,0.250857711,0.848090887,0.151262030
-0.068726495,-0.107721500,0.721599102,0.002152255,0.011124364,-0.759112157,0.650861236,-0.474363506,0.181816310,0.049110919,1.424446106,-0.258249879,0.055641323,-0.333095402,0.022969941,-0.081603736,0.764123857,-0.423882872,-0.010588000,-0.070333943,-0.176261783,0.326874793,-0.331411779,0.969235778,0.128363818,0.153114378,-0.327332884,0.247388020,0.826786399,0.098514616
-0.069726013,-0.108604915,0.722004950,0.000085494,0.010795403,-0.758509271,0.651572818,-0.488957226,0.181052640,0.037579123,1.457814455,-0.268003345,0.047826432,-0.323692918,0.026269991,-0.084961526,0.755264521,-0.425136983,-0.008826913,-0.059305683,-0.156800121,0.328323781,-0.326326251,1.021013618,0.095521860,0.116741359,-0.327885687,0.243165463,0.830679834,0.067512251
-0.070333265,-0.109933801,0.724238396,-0.002201778,0.010097120,-0.757396340,0.652873635,-0.492035627,0.179893568,0.031918801,1.471183896,-0.282526493,0.043848295,-0.306094438,0.028570937,-0.088661976,0.731641710,-0.419143528,-0.007276753,-0.048915472,-0.139077634,0.329663575,-0.319311202,1.081418157,0.055040117,0.078852721,-0.328651309,0.238566414,0.847172976,0.047382567
-0.070476532,-0.111872412,0.730393767,-0.004283385,0.009175328,-0.754528457,0.656189206,-0.467348278,0.176908672,0.039459206,1.417743444,-0.296045333,0.038178019,-0.270610750,0.030603394,-0.092508629,0.672994137,-0.393814713,-0.006612797,-0.041687340,-0.135249004,0.331002325,-0.306294620,1.160184979,0.012243355,0.034790125,-0.330124319,0.231159866,0.874078512,0.050012268
-0.070385218,-0.114077449,0.737237453,-0.006245138,0.007890481,-0.751425378,0.659741343,-0.433285922,0.172356531,0.049523517,1.340163112,-0.302731693,0.027574318,-0.229756728,0.032269072,-0.095831186,0.603647232,-0.363242537,-0.005930415,-0.035038374,-0.123886339,0.331905603,-0.292483389,1.225706577,-0.031798158,0.010635844,-0.331215262,0.225913137,0.893783689,0.063522764
-0.069824703,-0.116815262,0.745457590,-0.007967079,0.005879737,-0.747864812,0.663777205,-0.380474091,0.164669946,0.064635456,1.214304447,-0.295751959,0.007103681,-0.178163439,0.033201065,-0.098105289,0.512904048,-0.322184622,-0.005211211,-0.029548168,-0.097455263,0.331937969,-0.277083486,1.264732838,-0.078327075,0.026301948,-0.331541985,0.224986583,0.899086237,0.098795548
-0.069033906,-0.120106623,0.753308773,-0.009768072,0.003316391,-0.744559534,0.667476356,-0.313450694,0.156837523,0.084952310,1.058260083,-0.281047285,-0.017825056,-0.118951380,0.033702668,-0.098143727,0.408585548,-0.271707058,-0.003753318,-0.023977388,-0.096652783,0.332983911,-0.257769167,1.323043466,-0.109919518,0.002425777,-0.333325267,0.218380570,0.918820977,0.096805066
-0.068127997,-0.123674668,0.760975182,-0.011608349,0.000476819,-0.741369802,0.670996152,-0.239323720,0.148932412,0.107870921,0.887127876,-0.262480766,-0.044982065,-0.055931669,0.033989076,-0.097064391,0.297482550,-0.216521293,-0.001926142,-0.018366462,-0.108663812,0.334536582,-0.236498237,1.390994191,-0.134043396,-0.041219670,-0.335836709,0.208935216,0.945770860,0.076184183
-0.066670865,-0.126969755,0.766305804,-0.012924262,-0.003159780,-0.738978467,0.673597658,-0.149348557,0.140914947,0.135469928,0.685737193,-0.218555644,-0.073433697,-0.001906902,0.031096952,-0.096408948,0.206058830,-0.169867411,0.001042611,-0.012727879,-0.109619133,0.336527020,-0.215091795,1.421144009,-0.144966319,-0.055889878,-0.338751793,0.202863932,0.961046159,0.062802315
-0.065033466,-0.130062923,0.770724416,-0.013933737,-0.006437563,-0.736616804,0.676136149,-0.057085723,0.131654143,0.161453873,0.478773952,-0.164216384,-0.101123087,0.043175571,0.027499512,-0.096161112,0.131631523,-0.134405911,0.004562533,-0.007864866,-0.105641641,0.337951422,-0.197433129,1.438742876,-0.157526106,-0.059449837,-0.340965122,0.198833331,0.968102038,0.058879744
-0.063035376,-0.132752433,0.773319483,-0.014330832,-0.008998008,-0.734339381,0.678571541,0.039759524,0.119905986,0.184209734,0.260649711,-0.089044712,-0.127290100,0.070376888,0.022491161,-0.096728504,0.091191396,-0.121326476,0.009185057,-0.004552624,-0.091798231,0.338243961,-0.187268659,1.431240916,-0.173360601,-0.040789571,-0.341775119,0.198883742,0.958719373,0.073875479
-0.060670361,-0.134254649,0.774773359,-0.013999437,-0.010043798,-0.731591901,0.681525075,0.089562051,0.113625720,0.199783713,0.140498057,-0.058900684,-0.146958619,0.081383884,0.017379975,-0.099712692,0.075587906,-0.114812322,0.013039947,-0.004142932,-0.078013569,0.338285089,-0.177264228,1.406723261,-0.179186612,-0.017878309,-0.342318386,0.200035915,0.943819582,0.080164894
-0.058121789,-0.135163277,0.775656700,-0.013303638,-0.010332188,-0.728601584,0.684730597,0.115845121,0.110079169,0.211767375,0.069328107,-0.051269326,-0.163378611,0.084294133,0.012217180,-0.103905387,0.072402142,-0.111580551,0.016511168,-0.005184499,-0.064257748,0.338200539,-0.167339429,1.373696804,-0.180008560,0.007159326,-0.342728287,0.201739028,0.926160455,0.082101405
-0.056190245,-0.135025114,0.775454283,-0.011101916,-0.008866647,-0.724214928,0.689427928,0.106357187,0.107374832,0.211014003,0.066142559,-0.079242438,-0.167360753,0.078470498,0.008741926,-0.114323676,0.076426744,-0.118798368,0.016276570,-0.007372050,-0.060445208,0.338852942,-0.157608956,1.343968630,-0.145139128,0.009215536,-0.343833089,0.201199472,0.940522134,0.044816524
-0.054344278,-0.134447753,0.775618911,-0.008976382,-0.006496194,-0.718750503,0.695179788,0.094039902,0.106271446,0.203191027,0.063555241,-0.095046356,-0.169859439,0.072679602,0.007151533,-0.127909869,0.077218480,-0.123290882,0.015270344,-0.009081731,-0.056925386,0.339614987,-0.148395970,1.312595606,-0.102137104,0.003969841,-0.345186979,0.199634433,0.965143561,0.016734833
-0.052669339,-0.132991925,0.776517630,-0.007003176,-0.002315939,-0.711120748,0.703031204,0.076062955,0.108369842,0.181228280,0.062164161,-0.086513095,-0.169391468,0.066953748,0.009330735,-0.147832885,0.071544528,-0.122333102,0.012720784,-0.009835803,-0.053990737,0.340596378,-0.140217304,1.277930737,-0.042866610,-0.015880059,-0.347039044,0.196018338,1.010286450,0.007057387
-0.050681695,-0.131849021,0.777325153,-0.005708611,0.001025465,-0.702408572,0.711750348,0.060084082,0.109849706,0.155073389,0.061648384,-0.079870731,-0.166597098,0.065251231,0.011378438,-0.168195993,0.064889774,-0.119400948,0.012340536,-0.011169152,-0.050333619,0.341492414,-0.133606166,1.232404232,0.011611876,-0.022549080,-0.348587513,0.193882138,1.066743255,0.037145600
-0.048537619,-0.130862504,0.778087139,-0.004752833,0.003947216,-0.693083895,0.720830455,0.045103651,0.111020364,0.126821443,0.061570242,-0.074173555,-0.162639439,0.065560304,0.013360472,-0.188779891,0.057744358,-0.115481488,0.013044931,-0.012792192,-0.046315126,0.342345804,-0.127778530,1.181445241,0.063696444,-0.022627914,-0.349984258,0.192485794,1.128858924,0.087117784
-0.046296075,-0.129925430,0.778563261,-0.004550057,0.004995316,-0.687243957,0.726395269,0.037546605,0.109000795,0.111113593,0.060176730,-0.066182286,-0.158990920,0.068441086,0.012671603,-0.199726105,0.049371876,-0.106968760,0.014491860,-0.011714435,-0.046602108,0.343441010,-0.122158870,1.165141702,0.094272316,-0.029938640,-0.351614565,0.190577656,1.171401501,0.117163941
-0.044075996,-0.129055336,0.779016256,-0.004218152,0.005982203,-0.682467252,0.730879518,0.030984765,0.106578737,0.099127784,0.059025984,-0.059947290,-0.155696973,0.069242425,0.011077332,-0.208474457,0.044790532,-0.102519237,0.017013118,-0.010356970,-0.045793779,0.344408959,-0.117163077,1.141710877,0.120429978,-0.031767935,-0.353027701,0.189390615,1.201781988,0.143697143
-0.041899022,-0.128319308,0.779423118,-0.003628475,0.006847067,-0.679887216,0.733275750,0.026413908,0.103351876,0.094587281,0.058360878,-0.057225436,-0.153112441,0.065884650,0.007672315,-0.212826282,0.047792114,-0.106196761,0.021682922,-0.008440172,-0.042794794,0.345122308,-0.113415428,1.104026437,0.137748912,-0.022633797,-0.354006290,0.189645886,1.207835078,0.163202211
-0.039704196,-0.127664894,0.779600501,-0.003012234,0.007383532,-0.678695626,0.734376373,0.023144141,0.099672489,0.093972012,0.058369622,-0.060055755,-0.151285216,0.064747356,0.004294885,-0.214983270,0.045864183,-0.105384819,0.026363391,-0.006637893,-0.037139356,0.345647037,-0.111029305,1.064906955,0.154076219,-0.002734031,-0.354497850,0.191019312,1.200441122,0.188557595
-0.037500467,-0.127051324,0.779662967,-0.002382732,0.007755799,-0.678200874,0.734831780,0.020525025,0.095766857,0.095319569,0.058715321,-0.065662406,-0.149836719,0.064720422,0.000931294,-0.216042683,0.041471265,-0.102327928,0.031049136,-0.004892901,-0.030155633,0.346077442,-0.109324053,1.025070310,0.169907466,0.022548843,-0.354745835,0.192951873,1.186323166,0.216838092
-0.035307910,-0.126562446,0.779487193,-0.002205031,0.007460191,-0.679055091,0.734046093,0.019884603,0.091444001,0.099061877,0.060335353,-0.065236218,-0.145601720,0.062109143,-0.003786093,-0.214478970,0.045224838,-0.099369250,0.034268565,-0.003916314,-0.027223503,0.346717358,-0.107116416,1.013193130,0.174729228,0.028261721,-0.355450064,0.193106323,1.161086440,0.214476675
-0.033212520,-0.125916973,0.779307961,-0.001930294,0.007249532,-0.680007796,0.733166499,0.018950397,0.087311573,0.102769718,0.061956771,-0.067082211,-0.141872853,0.059765168,-0.008222146,-0.213026598,0.047463723,-0.098885342,0.037489124,-0.003570904,-0.023587964,0.347293913,-0.105472788,0.995670915,0.179428011,0.039717797,-0.355936617,0.193923339,1.137565851,0.217582226
-0.031311616,-0.124958314,0.779121757,-0.001461498,0.007208797,-0.681157799,0.732099686,0.017428670,0.083560340,0.106408328,0.063580848,-0.073472589,-0.139156520,0.057956032,-0.012095173,-0.211796984,0.046672966,-0.103351228,0.040711712,-0.004487922,-0.018545832,0.347743690,-0.104957350,0.966859460,0.183880493,0.062659837,-0.355987668,0.196065515,1.117479324,0.231621951
-0.029552899,-0.124066517,0.779002666,-0.001466864,0.006933267,-0.682338760,0.731001775,0.017185919,0.080240220,0.109293923,0.064765260,-0.077248424,-0.136395484,0.056056507,-0.015823219,-0.210854620,0.048396263,-0.105813451,0.043620706,-0.006263634,-0.018817920,0.348486125,-0.102999762,0.961639941,0.185605705,0.066976309,-0.356456757,0.196270540,1.095811844,0.232068419
-0.027865347,-0.123208180,0.778917134,-0.001709326,0.006540332,-0.683534169,0.729887212,0.017582715,0.077135786,0.111802883,0.065729782,-0.079716764,-0.133612186,0.054111846,-0.019478625,-0.210055947,0.051376615,-0.107273683,0.046372782,-0.008468658,-0.021747310,0.349374890,-0.100321122,0.968217373,0.185967177,0.061979111,-0.357134819,0.195506960,1.073354602,0.225717723
-0.026328124,-0.122694440,0.778944373,-0.002263602,0.005637598,-0.685166374,0.728361265,0.020008337,0.074118748,0.114978209,0.066037931,-0.075387515,-0.130537182,0.055231947,-0.022502068,-0.208772361,0.050404955,-0.098712876,0.048135236,-0.011163957,-0.023620030,0.350465536,-0.097433522,0.976280808,0.191537321,0.054348927,-0.357890010,0.194206625,1.061988711,0.231942952
-0.024812432,-0.122194916,0.778979897,-0.002775534,0.004710859,-0.686899345,0.726731996,0.022752400,0.070989423,0.118472643,0.066063575,-0.073875681,-0.128227577,0.055786513,-0.025774984,-0.207527995,0.050784908,-0.094373330,0.050540525,-0.013811542,-0.022291794,0.351395547,-0.095496640,0.978522480,0.195015892,0.055156492,-0.358362734,0.193910941,1.049444437,0.245019406
-0.023339834,-0.121723808,0.779031992,-0.003202753,0.003736191,-0.688837041,0.724899520,0.026133180,0.067635581,0.122605167,0.065524250,-0.077999130,-0.127448902,0.055209816,-0.029546803,-0.206362203,0.053868316,-0.098477036,0.054231476,-0.016363600,-0.014561653,0.352004141,-0.095461227,0.969120443,0.194310859,0.072839878,-0.358270466,0.195624635,1.034542918,0.271797478
-0.021948449,-0.121332474,0.779080927,-0.003789199,0.002588413,-0.690723944,0.723103986,0.029767189,0.064240091,0.126578391,0.065046698,-0.076597758,-0.125575095,0.056395739,-0.033018764,-0.204712361,0.053853132,-0.095806420,0.057367001,-0.018735722,-0.008313982,0.352718115,-0.095121451,0.971006751,0.198372424,0.078830779,-0.358399183,0.195917159,1.015228033,0.284887075
-0.020597737,-0.120981045,0.779128432,-0.004455200,0.001354132,-0.692582238,0.721323895,0.033527624,0.060823929,0.130471751,0.064600021,-0.072434060,-0.123153783,0.058462936,-0.036340617,-0.202820584,0.052288551,-0.089748755,0.060224678,-0.021017713,-0.002807847,0.353484720,-0.094629526,0.978536963,0.204817280,0.078974903,-0.358638376,0.195499048,0.993707359,0.291131258
-0.019108055,-0.120606564,0.779255390,-0.004582175,0.000381328,-0.694501803,0.719476270,0.036797188,0.056947634,0.134547248,0.063485861,-0.075895630,-0.121058390,0.059470512,-0.040060468,-0.200597525,0.050650150,-0.091443248,0.065027602,-0.022102918,0.005153535,0.354179621,-0.095101610,0.966988981,0.213190526,0.085085660,-0.358695030,0.195981383,0.979418576,0.296223700
-0.017647635,-0.120309591,0.779320002,-0.004817281,-0.000678027,-0.696351832,0.717684095,0.039936118,0.053165853,0.138403744,0.063151419,-0.076959811,-0.118634425,0.060886182,-0.043712601,-0.198428512,0.048897158,-0.090590827,0.069502696,-0.022985814,0.011991815,0.354974538,-0.095175155,0.963280022,0.221446425,0.083680749,-0.358947933,0.195478722,0.969287395,0.293780684
-0.016245853,-0.120167650,0.779259920,-0.005268652,-0.001910377,-0.698068485,0.716009065,0.042813558,0.049573384,0.141822010,0.064376317,-0.073229477,-0.115553565,0.063117854,-0.047229044,-0.196367830,0.046915140,-0.084645018,0.073321842,-0.023464050,0.016583540,0.355969429,-0.094451666,0.975248277,0.229467034,0.067245752,-0.359593421,0.193006232,0.967471719,0.276268125
-0.015098229,-0.120062128,0.779052258,-0.005350627,-0.002712556,-0.699489832,0.714617372,0.044429328,0.046575584,0.145447269,0.066117004,-0.079249278,-0.113886446,0.063113071,-0.050480306,-0.194924682,0.048215009,-0.086744919,0.077750370,-0.023599528,0.021871913,0.356931865,-0.094103307,0.972255230,0.236549914,0.056065768,-0.360166907,0.191152185,0.967193365,0.262513161
-0.014077725,-0.119974822,0.778770804,-0.005247907,-0.003299622,-0.700763172,0.713367051,0.045414228,0.043875221,0.149175897,0.068115503,-0.090143740,-0.112926230,0.061990108,-0.053598858,-0.193790361,0.051155716,-0.092867434,0.082483411,-0.023563629,0.027508397,0.357878029,-0.093942538,0.961781979,0.243163705,0.047513619,-0.360704303,0.189607412,0.967683733,0.250637501
-0.013212437,-0.119623795,0.778345466,-0.005522649,-0.004085255,-0.701627943,0.712510379,0.046830527,0.041655093,0.151740849,0.068558127,-0.082371116,-0.110275254,0.061098717,-0.056177128,-0.193866402,0.054269440,-0.091472402,0.084737957,-0.023680020,0.039732344,0.358460844,-0.095864579,0.948211312,0.244609356,0.054145999,-0.360796928,0.189919502,0.967134476,0.250743687
-0.012367224,-0.119323835,0.777889669,-0.005821972,-0.004775306,-0.702356349,0.711785684,0.047467157,0.039764073,0.153971761,0.070422426,-0.077450380,-0.108079314,0.060133919,-0.058574654,-0.194318980,0.057618570,-0.090264596,0.087212175,-0.023705585,0.050828591,0.359037519,-0.097655937,0.937498331,0.247453168,0.059179060,-0.360906780,0.190012380,0.966930389,0.247582987
-0.011562180,-0.119126029,0.777373314,-0.006170463,-0.005274206,-0.702814246,0.711327101,0.046544585,0.038531255,0.155534685,0.075129770,-0.078233004,-0.106793419,0.059022333,-0.060610682,-0.195524514,0.061438374,-0.089431234,0.090125635,-0.023549521,0.059669398,0.359601855,-0.099185929,0.932500482,0.253092915,0.061013687,-0.361051083,0.189666852,0.967416763,0.237889230
-0.010960948,-0.118781552,0.777005672,-0.006286626,-0.005440506,-0.702966745,0.711174124,0.045194313,0.037768077,0.157077968,0.078539506,-0.083380491,-0.107265286,0.057267785,-0.061985351,-0.198358655,0.065277554,-0.092859238,0.092963502,-0.023248032,0.069012180,0.360048920,-0.101271652,0.917649031,0.255048603,0.070489004,-0.360981852,0.190274358,0.961745858,0.232847601
-0.010461639,-0.118363760,0.776712537,-0.006210368,-0.005355053,-0.703121164,0.711022773,0.043630246,0.037239745,0.158611387,0.081300333,-0.090710118,-0.108615987,0.055191841,-0.063029297,-0.202006981,0.069126271,-0.098417714,0.095763467,-0.022873843,0.078605585,0.360437334,-0.103635147,0.897871614,0.255162299,0.083784148,-0.360805839,0.191358298,0.952996612,0.230132133
-0.010054469,-0.118498966,0.776798010,-0.006210368,-0.005355053,-0.703121164,0.711022773,0.045534819,0.036767431,0.159540311,0.079958364,-0.088184789,-0.109594345,0.057613768,-0.063120887,-0.205931425,0.067105606,-0.094867848,0.097420342,-0.021985579,0.084803581,0.360705107,-0.105278358,0.890355587,0.244090796,0.092754215,-0.360600710,0.191917181,0.947186708,0.224133968
-0.009843276,-0.118558533,0.776950598,-0.006927955,-0.005724135,-0.702976476,0.711156320,0.047362883,0.036560390,0.160332829,0.078133062,-0.083944365,-0.110956430,0.060005460,-0.062836327,-0.210146040,0.064567640,-0.091142945,0.098868705,-0.021099109,0.089179419,0.360915095,-0.106395230,0.884854674,0.232266068,0.099142402,-0.360460669,0.192231700,0.942694843,0.215979785
-0.010024022,-0.118466824,0.777237058,-0.006927955,-0.005724135,-0.702976476,0.711156320,0.049038045,0.036883879,0.160852611,0.075340956,-0.076273419,-0.113086097,0.062336847,-0.061799470,-0.214941263,0.060994893,-0.087067679,0.099900141,-0.020216160,0.089911252,0.361009538,-0.106459491,0.883383512,0.218934134,0.100367315,-0.360450745,0.192057610,0.940838695,0.203512982
-0.010088198,-0.118490264,0.777498543,-0.007645671,-0.005933214,-0.702803049,0.711318645,0.050667342,0.036953900,0.161058038,0.072395995,-0.074770793,-0.115967840,0.064858481,-0.061267722,-0.220244050,0.057825789,-0.087512046,0.102239206,-0.019459538,0.089643963,0.361082077,-0.106265329,0.880597353,0.202412769,0.102188416,-0.360424429,0.191929892,0.943200767,0.197331995
-0.010094091,-0.118571296,0.777747393,-0.007764871,-0.005863003,-0.702343404,0.711771786,0.052273661,0.036897190,0.161106303,0.069374695,-0.076352172,-0.119225547,0.067475170,-0.060988527,-0.225800470,0.054858577,-0.090216070,0.105231971,-0.018766096,0.088877149,0.361143678,-0.105941981,0.877153814,0.184297264,0.104307547,-0.360389918,0.191825375,0.947671711,0.194293857
-0.010406192,-0.118777126,0.777962923,-0.007764871,-0.005863003,-0.702343404,0.711771786,0.053672899,0.037442241,0.161448240,0.067557111,-0.075571552,-0.121821105,0.068595499,-0.059914745,-0.231051803,0.053887464,-0.088298723,0.106457137,-0.018021746,0.082427956,0.361276776,-0.103556409,0.886742353,0.163025588,0.106086984,-0.360225379,0.190939337,0.943695128,0.190066576
-0.010751583,-0.118979260,0.778126895,-0.008194622,-0.005913171,-0.701765600,0.712336245,0.054893550,0.038009755,0.161980718,0.065927044,-0.075019047,-0.124511749,0.069770910,-0.058761835,-0.236531913,0.052624866,-0.089283332,0.108508229,-0.017468825,0.075380303,0.361426175,-0.100748643,0.898863435,0.145420998,0.105517045,-0.360114634,0.189603567,0.941205204,0.185064062
-0.011163578,-0.119174063,0.778188109,-0.008194622,-0.005913171,-0.701765600,0.712336245,0.055757113,0.038622238,0.162894368,0.064671904,-0.074922696,-0.127392769,0.071056560,-0.057450581,-0.242470026,0.050779209,-0.096071944,0.112211324,-0.017298723,0.067135230,0.361608207,-0.097096264,0.916050434,0.135149270,0.100248292,-0.360111386,0.187368214,0.941688299,0.178510666
-0.011569194,-0.119282767,0.778213143,-0.008263703,-0.006137212,-0.701186268,0.712903825,0.056163698,0.039252050,0.163690418,0.064016856,-0.072220840,-0.129141048,0.072076239,-0.056168590,-0.248189420,0.049255811,-0.095348105,0.114631169,-0.017449845,0.059669528,0.361794293,-0.093101390,0.934034646,0.128445357,0.093969867,-0.360152662,0.184762850,0.946672618,0.170381933
-0.011971637,-0.119348437,0.778220177,-0.008466370,-0.006177068,-0.700585914,0.713491094,0.056341808,0.039890546,0.164427698,0.063661836,-0.068216115,-0.130323008,0.072962977,-0.054901179,-0.253799647,0.047893476,-0.090868004,0.116409481,-0.017761586,0.052593242,0.361982435,-0.088935107,0.952418208,0.123525105,0.087186359,-0.360216200,0.181972384,0.953907788,0.161465243
-0.012572710,-0.119375616,0.778144062,-0.008495321,-0.006043123,-0.700181195,0.713889070,0.056236897,0.041088663,0.165587097,0.063712060,-0.068101212,-0.132957608,0.073230222,-0.053678706,-0.259574950,0.048181400,-0.092285283,0.119355261,-0.018476572,0.052306548,0.361819834,-0.086350620,0.953575015,0.118983641,0.099375382,-0.359740645,0.181457967,0.958388925,0.162512973
-0.013147015,-0.119452640,0.778083265,-0.008514621,-0.005953820,-0.699911218,0.714154283,0.056600083,0.042189062,0.166842312,0.063431472,-0.069494806,-0.136102811,0.073973328,-0.052571613,-0.265495688,0.048594475,-0.094882831,0.123020813,-0.019180639,0.052229837,0.361658543,-0.083688691,0.956427038,0.114944495,0.108506754,-0.359322637,0.180610701,0.958659828,0.158603936
-0.013667750,-0.119629346,0.778053105,-0.008514621,-0.005953820,-0.699911218,0.714154283,0.057899505,0.043093950,0.168289065,0.062489204,-0.073905513,-0.140269071,0.075668171,-0.051695354,-0.271706998,0.049257867,-0.099840924,0.128125846,-0.019862827,0.052573100,0.361499757,-0.080872029,0.962669611,0.111910254,0.111521974,-0.359019727,0.179097742,0.950509548,0.144780993
-0.014313451,-0.119864881,0.778014421,-0.008772856,-0.006250569,-0.699665451,0.714389406,0.059600808,0.044222049,0.169462159,0.061644703,-0.074873924,-0.143979877,0.078152247,-0.050158247,-0.277959824,0.047834389,-0.099725291,0.131678820,-0.020653352,0.051006719,0.361486018,-0.077223212,0.972488880,0.107457727,0.104937531,-0.358973444,0.176059783,0.949844956,0.129863411
-0.015021615,-0.120129809,0.777971566,-0.009562399,-0.006781267,-0.699656230,0.714383465,0.061502997,0.045461729,0.170498401,0.060849104,-0.074121267,-0.147462875,0.081030838,-0.048290782,-0.284233183,0.045367584,-0.097072951,0.134455740,-0.021498021,0.048485614,0.361544728,-0.073158443,0.984096110,0.102296211,0.093553737,-0.359055519,0.172259450,0.952923000,0.114398964
-0.015738755,-0.120228902,0.777966201,-0.010018065,-0.007114988,-0.699494742,0.714532099,0.063355140,0.046689831,0.171300679,0.059682708,-0.071127281,-0.151545987,0.080313101,-0.047436841,-0.290622264,0.049126782,-0.098638907,0.138809949,-0.022357551,0.045002960,0.361767232,-0.068291798,0.989397168,0.097343594,0.076566711,-0.359346122,0.167202801,0.957008004,0.100339487
-0.016433403,-0.120306745,0.777915955,-0.010518106,-0.007522610,-0.699323598,0.714688244,0.065243982,0.047830246,0.172170341,0.058773149,-0.069330864,-0.155629143,0.081233770,-0.046275098,-0.297059238,0.050321087,-0.099848308,0.143015057,-0.023308139,0.042071603,0.361990273,-0.063391961,0.996197522,0.091508992,0.060630254,-0.359634906,0.162126467,0.964523911,0.087942064
-0.017083056,-0.120342098,0.777776003,-0.011106876,-0.008078011,-0.699133142,0.714859590,0.067206144,0.048795268,0.173174769,0.058377221,-0.069929369,-0.159712270,0.085430905,-0.044497840,-0.303591847,0.046386115,-0.100344650,0.146921873,-0.024440797,0.040242825,0.362214297,-0.058425866,1.005996108,0.083910771,0.046795141,-0.359919965,0.157010958,0.978900909,0.078868777
-0.017610736,-0.120294690,0.777698636,-0.011598340,-0.008593918,-0.698986682,0.714988980,0.069119290,0.049488187,0.175029963,0.057634618,-0.069715053,-0.163352728,0.088526942,-0.043159820,-0.310141921,0.044257440,-0.100595057,0.150740281,-0.025221262,0.039258555,0.362364590,-0.053668730,1.011328816,0.075749300,0.036383409,-0.360133946,0.152211398,0.990607381,0.070703208
-0.018077413,-0.120205894,0.777652621,-0.012041137,-0.009090061,-0.698862143,0.715097257,0.071007855,0.050045032,0.177310422,0.056718715,-0.069094360,-0.166771680,0.091072336,-0.042041462,-0.316700459,0.043031964,-0.100722492,0.154514328,-0.025825607,0.038696568,0.362477988,-0.049016263,1.014428377,0.067306526,0.027683690,-0.360312283,0.147569984,1.000978231,0.062991783
-0.018446397,-0.119997486,0.777590513,-0.012041137,-0.009090061,-0.698862143,0.715097257,0.072247982,0.050020471,0.179515988,0.055726826,-0.070055626,-0.170152932,0.092470981,-0.041473787,-0.322680503,0.042782359,-0.106233194,0.159494460,-0.026020588,0.039027929,0.362375438,-0.044510704,1.016974449,0.050358713,0.028192829,-0.360211700,0.143718272,1.012446642,0.064379781
-0.018787185,-0.119798325,0.777496696,-0.012346010,-0.009966724,-0.698846916,0.715095259,0.073464088,0.049941391,0.182207078,0.054881528,-0.071197793,-0.173286527,0.093503624,-0.041165940,-0.328203559,0.042961866,-0.109694183,0.164073363,-0.026086045,0.038695052,0.362289459,-0.039811019,1.021169662,0.034989201,0.027239880,-0.360141397,0.139678270,1.020985842,0.063503198
-0.019071609,-0.119617626,0.777339578,-0.012463118,-0.010427397,-0.699138557,0.714801524,0.074632257,0.049753264,0.185869470,0.054329328,-0.072701834,-0.175925016,0.093804345,-0.041377723,-0.332812935,0.043999612,-0.109055988,0.167850181,-0.025892451,0.037033677,0.362236708,-0.034722731,1.028663635,0.022775112,0.023362679,-0.360131711,0.135261357,1.023667693,0.058097363
-0.019288497,-0.119333617,0.777178705,-0.012507356,-0.010913120,-0.699433955,0.714504452,0.075357497,0.049183447,0.189822599,0.054061510,-0.071966052,-0.177378267,0.092855200,-0.042173371,-0.337542534,0.047311693,-0.109055161,0.170491487,-0.025838187,0.035662752,0.362112373,-0.029570583,1.037169099,0.010130224,0.023982767,-0.359987915,0.131294489,1.032745957,0.056889832
-0.019471625,-0.118997924,0.777015984,-0.012515156,-0.011411383,-0.699730969,0.714205658,0.075861290,0.048422765,0.193921253,0.053935871,-0.070110336,-0.178238973,0.091281071,-0.043260984,-0.342332304,0.051761072,-0.109373018,0.172565117,-0.025853585,0.034437004,0.361952245,-0.024386315,1.046180606,-0.002730545,0.026851520,-0.359777033,0.127552480,1.045022845,0.057781398
-0.019576436,-0.118809499,0.776861548,-0.012150253,-0.011497476,-0.700064921,0.713883244,0.076074347,0.048038367,0.196934193,0.053550988,-0.070722282,-0.180559859,0.090302423,-0.043997400,-0.346640944,0.051767312,-0.111560673,0.176545203,-0.026058007,0.034742523,0.361410499,-0.020158660,1.046826124,-0.014948208,0.038404055,-0.359175920,0.125111967,1.046484828,0.062633105
-0.019724837,-0.118531726,0.776736975,-0.011825322,-0.011660025,-0.700419828,0.713537855,0.076204233,0.047353543,0.200107947,0.053008918,-0.070022725,-0.183019191,0.089422442,-0.044711065,-0.350781441,0.051960196,-0.113684602,0.180014864,-0.026255881,0.033628378,0.360986143,-0.015298884,1.051325083,-0.024952728,0.044389952,-0.358734280,0.121905558,1.045254588,0.064400323
-0.019960426,-0.118075252,0.776672304,-0.011580316,-0.011975504,-0.700816841,0.713146716,0.076167792,0.046067815,0.203603610,0.052152429,-0.066700101,-0.185755670,0.088739753,-0.045379288,-0.354585767,0.052526388,-0.115681253,0.182463869,-0.026440682,0.029674806,0.360796332,-0.009174496,1.063530684,-0.030531729,0.039243016,-0.358611703,0.117167115,1.038639665,0.059998702
-0.019939382,-0.118002668,0.777053893,-0.011498648,-0.012080660,-0.700949114,0.713016254,0.077075005,0.045254827,0.205778569,0.049344964,-0.062637284,-0.186988175,0.089332834,-0.045262113,-0.356190622,0.050078634,-0.111079887,0.183909848,-0.026711648,0.027143124,0.360469937,-0.003488831,1.069546223,-0.035131522,0.037987262,-0.358359635,0.113131806,1.038161278,0.057429321
-0.019790020,-0.118122011,0.777658761,-0.011492720,-0.012047761,-0.701081410,0.712886825,0.078454085,0.044678178,0.207293272,0.045561910,-0.058204230,-0.187468767,0.090563811,-0.044752222,-0.356695712,0.046123814,-0.103179313,0.184854344,-0.027025709,0.025322290,0.360075295,0.001977689,1.072466969,-0.039241888,0.038677052,-0.358042866,0.109447904,1.040751219,0.055775966
-0.019790037,-0.118121997,0.777658701,-0.011492720,-0.012047761,-0.701081410,0.712886825,0.078451097,0.044678785,0.207293332,0.045564219,-0.058204785,-0.187468782,0.090546772,-0.044757701,-0.356694728,0.046159282,-0.103194728,0.184854150,-0.027027205,0.024978330,0.359672189,0.006978110,1.072958589,-0.034441192,0.039829180,-0.357721567,0.106040761,1.039716244,0.052938484
-0.019790052,-0.118121989,0.777658701,-0.011491873,-0.012046542,-0.701081458,0.712886813,0.078448832,0.044679217,0.207293391,0.045565046,-0.058204897,-0.187468797,0.090540119,-0.044759192,-0.356694311,0.046170436,-0.103199556,0.184853971,-0.027028671,0.024958780,0.359266549,0.011848218,1.073114276,-0.029865576,0.041082896,-0.357399166,0.102713570,1.038575768,0.050200798
-0.019790063,-0.118122011,0.777658701,-0.011491873,-0.012046542,-0.701081458,0.712886813,0.078448005,0.044679310,0.207293481,0.045562908,-0.058204096,-0.187468812,0.090554252,-0.044752702,-0.356694996,0.046132952,-0.103183217,0.184853882,-0.027030068,0.025588093,0.358855844,0.016457435,1.072598100,-0.025740379,0.042539727,-0.357074678,0.099546462,1.037224650,0.047662865
-0.019790072,-0.118122019,0.777658701,-0.011491084,-0.012045447,-0.701081443,0.712886858,0.078445330,0.044679217,0.207294315,0.045563780,-0.058207124,-0.187468782,0.090537429,-0.044758469,-0.356694758,0.046166323,-0.103325143,0.184855491,-0.027030710,0.026628707,0.358440697,0.020839520,1.071650267,-0.021940315,0.044103555,-0.356748700,0.096521676,1.035756111,0.045269467
-0.019790079,-0.118122019,0.777658582,-0.011489444,-0.012044174,-0.701082009,0.712886350,0.078441739,0.044679031,0.207295552,0.045566153,-0.058212064,-0.187468752,0.090505138,-0.044770364,-0.356694013,0.046235114,-0.103546202,0.184857965,-0.027030976,0.027875010,0.358023316,0.025108203,1.070486665,-0.018302672,0.045720927,-0.356422007,0.093567953,1.034228921,0.042948246
-0.019790091,-0.118122056,0.777658582,-0.011489444,-0.012044174,-0.701082009,0.712886350,0.078440309,0.044679359,0.207295626,0.045566425,-0.058212109,-0.187468827,0.090489149,-0.044775788,-0.356693208,0.046269618,-0.103562288,0.184858084,-0.027032020,0.029536510,0.357599884,0.029078776,1.068891406,-0.015084745,0.047462270,-0.356093764,0.090802811,1.032573819,0.040836468
-0.019790109,-0.118122131,0.777658701,-0.011488860,-0.012043299,-0.701082021,0.712886362,0.078446075,0.044678930,0.207295015,0.045549717,-0.058203887,-0.187468931,0.090817519,-0.044646144,-0.356710434,0.045494113,-0.103193745,0.184853747,-0.027034227,0.031320449,0.357173949,0.032963783,1.067168236,-0.011986638,0.049276352,-0.355764896,0.088090651,1.030842900,0.038792107
-0.019790145,-0.118122272,0.777659059,-0.011488860,-0.012043299,-0.701082021,0.712886362,0.078466244,0.044676986,0.207293004,0.045499045,-0.058179148,-0.187469050,0.091834597,-0.044246349,-0.356763601,0.043098588,-0.102055945,0.184840500,-0.027038766,0.033349141,0.356742948,0.036677361,1.065189242,-0.009128413,0.051235780,-0.355434805,0.085484661,1.028960705,0.036882754
-0.019790150,-0.118122309,0.777658939,-0.011489348,-0.012041029,-0.701080022,0.712888358,0.078462042,0.044677831,0.207292870,0.045507073,-0.058181636,-0.187469080,0.091715850,-0.044292238,-0.356757045,0.043376341,-0.102130301,0.184841275,-0.027039506,0.035344400,0.356310278,0.040222876,1.063243151,-0.006421398,0.053037427,-0.355105072,0.082989484,1.027237892,0.035035953
-0.019790143,-0.118122302,0.777658761,-0.011488587,-0.012041510,-0.701081287,0.712887118,0.078445658,0.044680078,0.207293689,0.045544457,-0.058197737,-0.187469065,0.091029145,-0.044560991,-0.356720567,0.044990875,-0.102810808,0.184849098,-0.027038347,0.037322912,0.355876803,0.043684311,1.061313510,-0.003790030,0.054760154,-0.354775488,0.080549747,1.025594831,0.033220448
-0.019790143,-0.118122324,0.777658641,-0.011488587,-0.012041510,-0.701081287,0.712887118,0.078439377,0.044680603,0.207294732,0.045555901,-0.058205299,-0.187469065,0.090790465,-0.044654034,-0.356708646,0.045548439,-0.103162065,0.184853122,-0.027037995,0.039282259,0.355440736,0.046915743,1.059383392,-0.001338414,0.056362089,-0.354446232,0.078264229,1.024058938,0.031492092
-0.019790145,-0.118122354,0.777658582,-0.011487513,-0.012040982,-0.701081961,0.712886482,0.078444116,0.044678912,0.207295984,0.045542825,-0.058200538,-0.187469020,0.090605900,-0.044725876,-0.356699347,0.045979280,-0.103423059,0.184856147,-0.027037892,0.041258596,0.355003238,0.050079606,1.057435989,0.001040333,0.057977416,-0.354116976,0.076023057,1.022509456,0.029810816
-0.019790148,-0.118122391,0.777658582,-0.011487513,-0.012040982,-0.701081961,0.712886482,0.078470871,0.044672795,0.207297683,0.045480710,-0.058171123,-0.187468827,0.090529531,-0.044755317,-0.356695414,0.046156704,-0.103503563,0.184857190,-0.027038291,0.043269064,0.354562819,0.053108569,1.055453420,0.003273520,0.059619647,-0.353787750,0.073870398,1.020932794,0.028223574
-0.019790161,-0.118122451,0.777658582,-0.011486992,-0.012040498,-0.701082210,0.712886254,0.078475028,0.044672564,0.207297057,0.045469843,-0.058168344,-0.187468946,0.090678014,-0.044696447,-0.356702805,0.045806624,-0.103268713,0.184854358,-0.027039815,0.045220625,0.354121566,0.056007713,1.053529501,0.005405568,0.061175928,-0.353459060,0.071805462,1.019442201,0.026693076
